# Diagnostic log started at 2026-05-21T16:13:22.8190381+02:00
# Format: [timestamp_ms] Ball=ID X=x Y=y Vx=vx Vy=vy
[0,093] Ball=B002 X=201,9457 Y=298,6272 Vx=-11,0906 Vy=94,5081
[0,838] Ball=B001 X=30,3533 Y=175,5049 Vx=7,6464 Vy=-216,5830
[0,029] Ball=B003 X=168,7365 Y=15,2171 Vx=48,9741 Vy=153,0235
[17,080] Ball=B001 X=30,4794 Y=171,9346 Vx=7,6464 Vy=-216,5830
[17,319] Ball=B002 X=201,7552 Y=300,2509 Vx=-11,0906 Vy=94,5081
[16,819] Ball=B003 X=169,5587 Y=17,7863 Vx=48,9741 Vy=153,0235
[31,807] Ball=B001 X=30,5920 Y=168,7447 Vx=7,6464 Vy=-216,5830
[32,285] Ball=B002 X=201,5887 Y=301,6696 Vx=-11,0906 Vy=94,5081
[31,872] Ball=B003 X=170,2959 Y=20,0897 Vx=48,9741 Vy=153,0235
[47,832] Ball=B001 X=30,7145 Y=165,2741 Vx=7,6464 Vy=-216,5830
[46,861] Ball=B003 X=171,0300 Y=22,3833 Vx=48,9741 Vy=153,0235
[47,338] Ball=B002 X=201,4217 Y=303,0923 Vx=-11,0906 Vy=94,5081
[63,826] Ball=B001 X=30,8368 Y=161,8100 Vx=7,6464 Vy=-216,5830
[63,231] Ball=B002 X=201,2455 Y=304,5942 Vx=-11,0906 Vy=94,5081
[62,895] Ball=B003 X=171,8153 Y=24,8371 Vx=48,9741 Vy=153,0235
[79,804] Ball=B001 X=30,9590 Y=158,3496 Vx=7,6464 Vy=-216,5830
[79,340] Ball=B002 X=201,0668 Y=306,1166 Vx=-11,0906 Vy=94,5081
[78,969] Ball=B003 X=172,6024 Y=27,2966 Vx=48,9741 Vy=153,0235
[94,758] Ball=B001 X=31,0733 Y=155,1107 Vx=7,6464 Vy=-216,5830
[94,352] Ball=B002 X=200,9003 Y=307,5354 Vx=-11,0906 Vy=94,5081
[93,914] Ball=B003 X=173,3343 Y=29,5835 Vx=48,9741 Vy=153,0235
[110,767] Ball=B001 X=31,1958 Y=151,6435 Vx=7,6464 Vy=-216,5830
[108,841] Ball=B003 X=174,0654 Y=31,8678 Vx=48,9741 Vy=153,0235
[109,300] Ball=B002 X=200,7345 Y=308,9482 Vx=-11,0906 Vy=94,5081
[125,730] Ball=B001 X=31,3102 Y=148,4027 Vx=7,6464 Vy=-216,5830
[124,927] Ball=B003 X=174,8532 Y=34,3293 Vx=48,9741 Vy=153,0235
[125,375] Ball=B002 X=200,5562 Y=310,4673 Vx=-11,0906 Vy=94,5081
[140,759] Ball=B001 X=31,4251 Y=145,1477 Vx=7,6464 Vy=-216,5830
[140,367] Ball=B002 X=200,3900 Y=311,8842 Vx=-11,0906 Vy=94,5081
[139,943] Ball=B003 X=175,5886 Y=36,6271 Vx=48,9741 Vy=153,0235
[155,734] Ball=B001 X=31,5396 Y=141,9044 Vx=7,6464 Vy=-216,5830
[156,321] Ball=B002 X=200,2130 Y=313,3920 Vx=-11,0906 Vy=94,5081
[155,912] Ball=B003 X=176,3706 Y=39,0707 Vx=48,9741 Vy=153,0235
[171,868] Ball=B001 X=31,6630 Y=138,4100 Vx=7,6464 Vy=-216,5830
[171,365] Ball=B002 X=200,0462 Y=314,8138 Vx=-11,0906 Vy=94,5081
[170,932] Ball=B003 X=177,1062 Y=41,3691 Vx=48,9741 Vy=153,0235
[187,802] Ball=B001 X=31,7848 Y=134,9590 Vx=7,6464 Vy=-216,5830
[186,232] Ball=B002 X=199,8813 Y=316,2188 Vx=-11,0906 Vy=94,5081
[185,802] Ball=B003 X=177,8345 Y=43,6446 Vx=48,9741 Vy=153,0235
[200,771] Ball=B003 X=178,5675 Y=45,9351 Vx=48,9741 Vy=153,0235
[201,230] Ball=B002 X=199,7150 Y=317,6363 Vx=-11,0906 Vy=94,5081
[203,731] Ball=B001 X=31,9066 Y=131,5089 Vx=7,6464 Vy=-216,5830
[215,812] Ball=B003 X=179,3041 Y=48,2367 Vx=48,9741 Vy=153,0235
[218,749] Ball=B001 X=32,0214 Y=128,2565 Vx=7,6464 Vy=-216,5830
[216,360] Ball=B002 X=199,5472 Y=319,0662 Vx=-11,0906 Vy=94,5081
[232,297] Ball=B002 X=199,3704 Y=320,5722 Vx=-11,0906 Vy=94,5081
[234,799] Ball=B001 X=32,1442 Y=124,7801 Vx=7,6464 Vy=-216,5830
[231,870] Ball=B003 X=180,0906 Y=50,6941 Vx=48,9741 Vy=153,0235
[250,711] Ball=B001 X=32,2658 Y=121,3341 Vx=7,6464 Vy=-216,5830
[247,775] Ball=B003 X=180,8696 Y=53,1279 Vx=48,9741 Vy=153,0235
[248,220] Ball=B002 X=199,1938 Y=322,0771 Vx=-11,0906 Vy=94,5081
[263,845] Ball=B003 X=181,6566 Y=55,5870 Vx=48,9741 Vy=153,0235
[264,291] Ball=B002 X=199,0156 Y=323,5960 Vx=-11,0906 Vy=94,5081
[266,802] Ball=B001 X=32,3889 Y=117,8488 Vx=7,6464 Vy=-216,5830
[281,784] Ball=B001 X=32,5034 Y=114,6040 Vx=7,6464 Vy=-216,5830
[278,847] Ball=B003 X=182,3913 Y=57,8827 Vx=48,9741 Vy=153,0235
[279,346] Ball=B002 X=198,8486 Y=325,0189 Vx=-11,0906 Vy=94,5081
[295,400] Ball=B002 X=198,6706 Y=326,5361 Vx=-11,0906 Vy=94,5081
[297,891] Ball=B001 X=32,6266 Y=111,1156 Vx=7,6464 Vy=-216,5830
[294,966] Ball=B003 X=183,1807 Y=60,3492 Vx=48,9741 Vy=153,0235
[309,812] Ball=B003 X=183,9077 Y=62,6210 Vx=48,9741 Vy=153,0235
[312,779] Ball=B001 X=32,7404 Y=107,8909 Vx=7,6464 Vy=-216,5830
[310,295] Ball=B002 X=198,5054 Y=327,9433 Vx=-11,0906 Vy=94,5081
[326,327] Ball=B002 X=198,3276 Y=329,4588 Vx=-11,0906 Vy=94,5081
[325,881] Ball=B003 X=184,6947 Y=65,0798 Vx=48,9741 Vy=153,0235
[328,823] Ball=B001 X=32,8631 Y=104,4161 Vx=7,6464 Vy=-216,5830
[344,694] Ball=B001 X=32,9845 Y=100,9788 Vx=7,6464 Vy=-216,5830
[342,214] Ball=B002 X=198,1514 Y=330,9604 Vx=-11,0906 Vy=94,5081
[341,783] Ball=B003 X=185,4735 Y=67,5134 Vx=48,9741 Vy=153,0235
[358,440] Ball=B002 X=197,9714 Y=332,4939 Vx=-11,0906 Vy=94,5081
[358,097] Ball=B003 X=186,2725 Y=70,0098 Vx=48,9741 Vy=153,0235
[361,100] Ball=B001 X=33,1099 Y=97,4255 Vx=7,6464 Vy=-216,5830
[376,356] Ball=B001 X=33,2266 Y=94,1217 Vx=7,6464 Vy=-216,5830
[373,877] Ball=B002 X=197,8002 Y=333,9528 Vx=-11,0906 Vy=94,5081
[373,428] Ball=B003 X=187,0233 Y=72,3558 Vx=48,9741 Vy=153,0235
[389,382] Ball=B002 X=197,6282 Y=335,4181 Vx=-11,0906 Vy=94,5081
[388,933] Ball=B003 X=187,7826 Y=74,7283 Vx=48,9741 Vy=153,0235
[391,889] Ball=B001 X=33,3453 Y=90,7571 Vx=7,6464 Vy=-216,5830
[404,944] Ball=B003 X=188,5667 Y=77,1783 Vx=48,9741 Vy=153,0235
[407,880] Ball=B001 X=33,4676 Y=87,2937 Vx=7,6464 Vy=-216,5830
[405,393] Ball=B002 X=197,4507 Y=336,9314 Vx=-11,0906 Vy=94,5081
[421,258] Ball=B002 X=197,2747 Y=338,4306 Vx=-11,0906 Vy=94,5081
[423,748] Ball=B001 X=33,5889 Y=83,8571 Vx=7,6464 Vy=-216,5830
[420,855] Ball=B003 X=189,3460 Y=79,6131 Vx=48,9741 Vy=153,0235
[437,218] Ball=B002 X=197,0977 Y=339,9390 Vx=-11,0906 Vy=94,5081
[439,709] Ball=B001 X=33,7110 Y=80,4003 Vx=7,6464 Vy=-216,5830
[436,785] Ball=B003 X=190,1262 Y=82,0509 Vx=48,9741 Vy=153,0235
[454,791] Ball=B001 X=33,8263 Y=77,1336 Vx=7,6464 Vy=-216,5830
[451,871] Ball=B003 X=190,8650 Y=84,3594 Vx=48,9741 Vy=153,0235
[452,323] Ball=B002 X=196,9302 Y=341,3666 Vx=-11,0906 Vy=94,5081
[468,293] Ball=B002 X=196,7531 Y=342,8758 Vx=-11,0906 Vy=94,5081
[467,852] Ball=B003 X=191,6476 Y=86,8049 Vx=48,9741 Vy=153,0235
[470,803] Ball=B001 X=33,9488 Y=73,6657 Vx=7,6464 Vy=-216,5830
[484,302] Ball=B002 X=196,5755 Y=344,3888 Vx=-11,0906 Vy=94,5081
[486,805] Ball=B001 X=34,0711 Y=70,1998 Vx=7,6464 Vy=-216,5830
[483,875] Ball=B003 X=192,4323 Y=89,2567 Vx=48,9741 Vy=153,0235
[500,270] Ball=B002 X=196,3984 Y=345,8979 Vx=-11,0906 Vy=94,5081
[502,766] Ball=B001 X=34,1932 Y=66,7430 Vx=7,6464 Vy=-216,5830
[499,825] Ball=B003 X=193,2134 Y=91,6974 Vx=48,9741 Vy=153,0235
[517,883] Ball=B001 X=34,3087 Y=63,4691 Vx=7,6464 Vy=-216,5830
[514,948] Ball=B003 X=193,9541 Y=94,0117 Vx=48,9741 Vy=153,0235
[515,397] Ball=B002 X=196,2307 Y=347,3276 Vx=-11,0906 Vy=94,5081
[529,907] Ball=B003 X=194,6867 Y=96,3007 Vx=48,9741 Vy=153,0235
[532,837] Ball=B001 X=34,4231 Y=60,2305 Vx=7,6464 Vy=-216,5830
[530,350] Ball=B002 X=196,0648 Y=348,7407 Vx=-11,0906 Vy=94,5081
[544,943] Ball=B003 X=195,4231 Y=98,6016 Vx=48,9741 Vy=153,0235
[547,880] Ball=B001 X=34,5381 Y=56,9720 Vx=7,6464 Vy=-216,5830
[545,390] Ball=B002 X=195,8980 Y=350,1622 Vx=-11,0906 Vy=94,5081
[561,248] Ball=B002 X=195,7222 Y=351,6609 Vx=-11,0906 Vy=94,5081
[560,803] Ball=B003 X=196,1998 Y=101,0286 Vx=48,9741 Vy=153,0235
[563,750] Ball=B001 X=34,6595 Y=53,5348 Vx=7,6464 Vy=-216,5830
[579,850] Ball=B001 X=34,7826 Y=50,0479 Vx=7,6464 Vy=-216,5830
[577,384] Ball=B002 X=195,5432 Y=353,1858 Vx=-11,0906 Vy=94,5081
[576,956] Ball=B003 X=196,9909 Y=103,5003 Vx=48,9741 Vy=153,0235
[591,834] Ball=B003 X=197,7195 Y=105,7770 Vx=48,9741 Vy=153,0235
[594,774] Ball=B001 X=34,8967 Y=46,8156 Vx=7,6464 Vy=-216,5830
[592,295] Ball=B002 X=195,3778 Y=354,5951 Vx=-11,0906 Vy=94,5081
[607,881] Ball=B003 X=198,5054 Y=108,2327 Vx=48,9741 Vy=153,0235
[608,325] Ball=B002 X=195,2000 Y=356,1100 Vx=-11,0906 Vy=94,5081
[610,848] Ball=B001 X=35,0196 Y=43,3344 Vx=7,6464 Vy=-216,5830
[623,299] Ball=B002 X=195,0340 Y=357,5252 Vx=-11,0906 Vy=94,5081
[622,871] Ball=B003 X=199,2395 Y=110,5264 Vx=48,9741 Vy=153,0235
[625,790] Ball=B001 X=35,1338 Y=40,0982 Vx=7,6464 Vy=-216,5830
[638,773] Ball=B003 X=200,0183 Y=112,9598 Vx=48,9741 Vy=153,0235
[639,219] Ball=B002 X=194,8574 Y=359,0298 Vx=-11,0906 Vy=94,5081
[641,768] Ball=B001 X=35,2560 Y=36,6375 Vx=7,6464 Vy=-216,5830
[653,872] Ball=B003 X=200,7578 Y=115,2703 Vx=48,9741 Vy=153,0235
[656,817] Ball=B001 X=35,3711 Y=33,3782 Vx=7,6464 Vy=-216,5830
[654,346] Ball=B002 X=194,6896 Y=360,4594 Vx=-11,0906 Vy=94,5081
[670,287] Ball=B002 X=194,5128 Y=361,9659 Vx=-11,0906 Vy=94,5081
[672,778] Ball=B001 X=35,4931 Y=29,9215 Vx=7,6464 Vy=-216,5830
[669,848] Ball=B003 X=201,5402 Y=117,7150 Vx=48,9741 Vy=153,0235
[685,873] Ball=B003 X=202,3250 Y=120,1671 Vx=48,9741 Vy=153,0235
[688,884] Ball=B001 X=35,6163 Y=26,4329 Vx=7,6464 Vy=-216,5830
[686,385] Ball=B002 X=194,3343 Y=363,4873 Vx=-11,0906 Vy=94,5081
[704,851] Ball=B001 X=35,7384 Y=22,9747 Vx=7,6464 Vy=-216,5830
[702,358] Ball=B002 X=194,1572 Y=364,9969 Vx=-11,0906 Vy=94,5081
[701,923] Ball=B003 X=203,1110 Y=122,6232 Vx=48,9741 Vy=153,0235
[720,793] Ball=B001 X=35,8603 Y=19,5223 Vx=7,6464 Vy=-216,5830
[717,861] Ball=B003 X=203,8915 Y=125,0620 Vx=48,9741 Vy=153,0235
[718,327] Ball=B002 X=193,9800 Y=366,5061 Vx=-11,0906 Vy=94,5081
[736,817] Ball=B001 X=35,9828 Y=16,0517 Vx=7,6464 Vy=-216,5830
[733,886] Ball=B003 X=204,6764 Y=127,5143 Vx=48,9741 Vy=153,0235
[734,326] Ball=B002 X=193,8026 Y=368,0182 Vx=-11,0906 Vy=94,5081
[750,258] Ball=B002 X=193,6259 Y=369,5239 Vx=-11,0906 Vy=94,5081
[749,812] Ball=B003 X=205,4563 Y=129,9514 Vx=48,9741 Vy=153,0235
[752,760] Ball=B001 X=36,1047 Y=12,5986 Vx=7,6464 Vy=-216,5830
[767,759] Ball=B001 X=36,2194 Y=9,3502 Vx=7,6464 Vy=-216,5830
[764,851] Ball=B003 X=206,1929 Y=132,2527 Vx=48,9741 Vy=153,0235
[765,308] Ball=B002 X=193,4590 Y=370,9462 Vx=-11,0906 Vy=94,5081
[779,842] Ball=B003 X=206,9270 Y=134,5467 Vx=48,9741 Vy=153,0235
[780,286] Ball=B002 X=193,2929 Y=372,3618 Vx=-11,0906 Vy=94,5081
[782,789] Ball=B001 X=36,3343 Y=6,0947 Vx=7,6464 Vy=-216,5830
[798,778] Ball=B001 X=36,4566 Y=2,6319 Vx=7,6464 Vy=-216,5830
[795,851] Ball=B003 X=207,7110 Y=136,9964 Vx=48,9741 Vy=153,0235
[796,302] Ball=B002 X=193,1153 Y=370,4864 Vx=-11,0906 Vy=-94,5081
[811,237] Ball=B002 X=192,9496 Y=369,0749 Vx=-11,0906 Vy=-94,5081
[810,794] Ball=B003 X=208,4429 Y=139,2831 Vx=48,9741 Vy=153,0235
[813,768] Ball=B001 X=36,5712 Y=-0,6148 Vx=7,6464 Vy=-216,5830
[829,873] Ball=B001 X=36,6944 Y=3,4878 Vx=7,6464 Vy=216,5830
[826,947] Ball=B003 X=209,2340 Y=141,7548 Vx=48,9741 Vy=153,0235
[827,393] Ball=B002 X=192,7704 Y=367,5480 Vx=-11,0906 Vy=-94,5081
[845,780] Ball=B001 X=36,8160 Y=6,9332 Vx=7,6464 Vy=216,5830
[842,844] Ball=B003 X=210,0125 Y=144,1873 Vx=48,9741 Vy=153,0235
[843,300] Ball=B002 X=192,5940 Y=366,0446 Vx=-11,0906 Vy=-94,5081
[861,702] Ball=B001 X=36,9377 Y=10,3815 Vx=7,6464 Vy=216,5830
[858,777] Ball=B003 X=210,7928 Y=146,6255 Vx=48,9741 Vy=153,0235
[859,211] Ball=B002 X=192,4176 Y=364,5410 Vx=-11,0906 Vy=-94,5081
[874,321] Ball=B002 X=192,2500 Y=363,1130 Vx=-11,0906 Vy=-94,5081
[873,875] Ball=B003 X=211,5322 Y=148,9358 Vx=48,9741 Vy=153,0235
[876,826] Ball=B001 X=37,0534 Y=13,6571 Vx=7,6464 Vy=216,5830
[891,738] Ball=B001 X=37,1674 Y=16,8868 Vx=7,6464 Vy=216,5830
[888,803] Ball=B003 X=212,2633 Y=151,2204 Vx=48,9741 Vy=153,0235
[889,263] Ball=B002 X=192,0843 Y=361,7007 Vx=-11,0906 Vy=-94,5081
[906,775] Ball=B001 X=37,2824 Y=20,1435 Vx=7,6464 Vy=216,5830
[903,852] Ball=B003 X=213,0003 Y=153,5231 Vx=48,9741 Vy=153,0235
[904,303] Ball=B002 X=191,9175 Y=360,2794 Vx=-11,0906 Vy=-94,5081
[919,854] Ball=B003 X=213,7839 Y=155,9717 Vx=48,9741 Vy=153,0235
[920,300] Ball=B002 X=191,7400 Y=358,7676 Vx=-11,0906 Vy=-94,5081
[922,929] Ball=B001 X=37,4059 Y=23,6423 Vx=7,6464 Vy=216,5830
[936,281] Ball=B002 X=191,5628 Y=357,2572 Vx=-11,0906 Vy=-94,5081
[935,835] Ball=B003 X=214,5666 Y=158,4172 Vx=48,9741 Vy=153,0235
[938,789] Ball=B001 X=37,5272 Y=27,0773 Vx=7,6464 Vy=216,5830
[950,856] Ball=B003 X=215,3023 Y=160,7159 Vx=48,9741 Vy=153,0235
[953,787] Ball=B001 X=37,6419 Y=30,3255 Vx=7,6464 Vy=216,5830
[951,297] Ball=B002 X=191,3963 Y=355,8380 Vx=-11,0906 Vy=-94,5081
[966,850] Ball=B003 X=216,0855 Y=163,1631 Vx=48,9741 Vy=153,0235
[967,301] Ball=B002 X=191,2188 Y=354,3256 Vx=-11,0906 Vy=-94,5081
[969,803] Ball=B001 X=37,7643 Y=33,7945 Vx=7,6464 Vy=216,5830
[982,862] Ball=B003 X=216,8697 Y=165,6133 Vx=48,9741 Vy=153,0235
[983,317] Ball=B002 X=191,0412 Y=352,8120 Vx=-11,0906 Vy=-94,5081
[985,813] Ball=B001 X=37,8867 Y=37,2619 Vx=7,6464 Vy=216,5830
[998,278] Ball=B002 X=190,8752 Y=351,3980 Vx=-11,0906 Vy=-94,5081
[997,841] Ball=B003 X=217,6034 Y=167,9057 Vx=48,9741 Vy=153,0235
[1000,768] Ball=B001 X=38,0011 Y=40,5008 Vx=7,6464 Vy=216,5830
[1012,840] Ball=B003 X=218,3379 Y=170,2007 Vx=48,9741 Vy=153,0235
[1015,777] Ball=B001 X=38,1159 Y=43,7514 Vx=7,6464 Vy=216,5830
[1013,293] Ball=B002 X=190,7087 Y=349,9790 Vx=-11,0906 Vy=-94,5081
[1030,849] Ball=B001 X=38,2311 Y=47,0156 Vx=7,6464 Vy=216,5830
[1027,911] Ball=B003 X=219,0760 Y=172,5070 Vx=48,9741 Vy=153,0235
[1028,371] Ball=B002 X=190,5415 Y=348,5539 Vx=-11,0906 Vy=-94,5081
[1043,312] Ball=B002 X=190,3758 Y=347,1420 Vx=-11,0906 Vy=-94,5081
[1045,802] Ball=B001 X=38,3455 Y=50,2546 Vx=7,6464 Vy=216,5830
[1042,882] Ball=B003 X=219,8092 Y=174,7981 Vx=48,9741 Vy=153,0235
[1061,743] Ball=B001 X=38,4673 Y=53,7067 Vx=7,6464 Vy=216,5830
[1058,815] Ball=B003 X=220,5895 Y=177,2361 Vx=48,9741 Vy=153,0235
[1059,266] Ball=B002 X=190,1988 Y=345,6341 Vx=-11,0906 Vy=-94,5081
[1074,361] Ball=B002 X=190,0314 Y=344,2076 Vx=-11,0906 Vy=-94,5081
[1073,918] Ball=B003 X=221,3291 Y=179,5472 Vx=48,9741 Vy=153,0235
[1076,887] Ball=B001 X=38,5831 Y=56,9872 Vx=7,6464 Vy=216,5830
[1092,870] Ball=B001 X=38,7053 Y=60,4485 Vx=7,6464 Vy=216,5830
[1090,383] Ball=B002 X=189,8537 Y=342,6933 Vx=-11,0906 Vy=-94,5081
[1089,941] Ball=B003 X=222,1139 Y=181,9991 Vx=48,9741 Vy=153,0235
[1105,947] Ball=B003 X=222,8977 Y=184,4485 Vx=48,9741 Vy=153,0235
[1108,879] Ball=B001 X=38,8278 Y=63,9159 Vx=7,6464 Vy=216,5830
[1106,408] Ball=B002 X=189,6760 Y=341,1788 Vx=-11,0906 Vy=-94,5081
[1122,280] Ball=B002 X=189,5000 Y=339,6788 Vx=-11,0906 Vy=-94,5081
[1124,845] Ball=B001 X=38,9498 Y=67,3738 Vx=7,6464 Vy=216,5830
[1121,910] Ball=B003 X=223,6795 Y=186,8911 Vx=48,9741 Vy=153,0235
[1139,742] Ball=B001 X=39,0638 Y=70,6003 Vx=7,6464 Vy=216,5830
[1137,248] Ball=B002 X=189,3340 Y=338,2642 Vx=-11,0906 Vy=-94,5081
[1136,945] Ball=B003 X=224,4158 Y=189,1919 Vx=48,9741 Vy=153,0235
[1153,246] Ball=B002 X=189,1565 Y=336,7523 Vx=-11,0906 Vy=-94,5081
[1152,806] Ball=B003 X=225,1926 Y=191,6190 Vx=48,9741 Vy=153,0235
[1155,749] Ball=B001 X=39,1862 Y=74,0671 Vx=7,6464 Vy=216,5830
[1169,266] Ball=B002 X=188,9789 Y=335,2383 Vx=-11,0906 Vy=-94,5081
[1171,757] Ball=B001 X=39,3086 Y=77,5341 Vx=7,6464 Vy=216,5830
[1168,825] Ball=B003 X=225,9771 Y=194,0702 Vx=48,9741 Vy=153,0235
[1186,884] Ball=B001 X=39,4242 Y=80,8104 Vx=7,6464 Vy=216,5830
[1184,392] Ball=B002 X=188,8111 Y=333,8087 Vx=-11,0906 Vy=-94,5081
[1183,955] Ball=B003 X=226,7181 Y=196,3855 Vx=48,9741 Vy=153,0235
[1200,297] Ball=B002 X=188,6347 Y=332,3055 Vx=-11,0906 Vy=-94,5081
[1202,936] Ball=B001 X=39,5470 Y=84,2870 Vx=7,6464 Vy=216,5830
[1200,010] Ball=B003 X=227,5043 Y=198,8422 Vx=48,9741 Vy=153,0235
[1215,838] Ball=B003 X=228,2795 Y=201,2642 Vx=48,9741 Vy=153,0235
[1218,780] Ball=B001 X=39,6681 Y=87,7186 Vx=7,6464 Vy=216,5830
[1216,441] Ball=B002 X=188,4557 Y=330,7798 Vx=-11,0906 Vy=-94,5081
[1232,321] Ball=B002 X=188,2795 Y=329,2790 Vx=-11,0906 Vy=-94,5081
[1234,853] Ball=B001 X=39,7910 Y=91,1998 Vx=7,6464 Vy=216,5830
[1231,920] Ball=B003 X=229,0671 Y=203,7253 Vx=48,9741 Vy=153,0235
[1247,263] Ball=B002 X=188,1138 Y=327,8670 Vx=-11,0906 Vy=-94,5081
[1249,754] Ball=B001 X=39,9049 Y=94,4268 Vx=7,6464 Vy=216,5830
[1246,830] Ball=B003 X=229,7973 Y=206,0068 Vx=48,9741 Vy=153,0235
[1264,742] Ball=B001 X=40,0196 Y=97,6729 Vx=7,6464 Vy=216,5830
[1261,812] Ball=B003 X=230,5311 Y=208,2994 Vx=48,9741 Vy=153,0235
[1262,270] Ball=B002 X=187,9474 Y=326,4486 Vx=-11,0906 Vy=-94,5081
[1280,782] Ball=B001 X=40,1422 Y=101,1470 Vx=7,6464 Vy=216,5830
[1278,299] Ball=B002 X=187,7696 Y=324,9338 Vx=-11,0906 Vy=-94,5081
[1277,857] Ball=B003 X=231,3169 Y=210,7547 Vx=48,9741 Vy=153,0235
[1293,819] Ball=B003 X=232,0985 Y=213,1971 Vx=48,9741 Vy=153,0235
[1294,265] Ball=B002 X=187,5926 Y=323,4249 Vx=-11,0906 Vy=-94,5081
[1296,788] Ball=B001 X=40,2646 Y=104,6137 Vx=7,6464 Vy=216,5830
[1311,748] Ball=B001 X=40,3790 Y=107,8538 Vx=7,6464 Vy=216,5830
[1309,286] Ball=B002 X=187,4260 Y=322,0052 Vx=-11,0906 Vy=-94,5081
[1308,851] Ball=B003 X=232,8348 Y=215,4976 Vx=48,9741 Vy=153,0235
[1323,841] Ball=B003 X=233,5689 Y=217,7913 Vx=48,9741 Vy=153,0235
[1324,284] Ball=B002 X=187,2596 Y=320,5878 Vx=-11,0906 Vy=-94,5081
[1326,842] Ball=B001 X=40,4944 Y=111,1229 Vx=7,6464 Vy=216,5830
[1341,816] Ball=B001 X=40,6089 Y=114,3662 Vx=7,6464 Vy=216,5830
[1339,325] Ball=B002 X=187,0928 Y=319,1663 Vx=-11,0906 Vy=-94,5081
[1338,898] Ball=B003 X=234,3063 Y=220,0953 Vx=48,9741 Vy=153,0235
[1354,927] Ball=B003 X=235,0913 Y=222,5482 Vx=48,9741 Vy=153,0235
[1357,864] Ball=B001 X=40,7316 Y=117,8419 Vx=7,6464 Vy=216,5830
[1355,378] Ball=B002 X=186,9148 Y=317,6491 Vx=-11,0906 Vy=-94,5081
[1371,229] Ball=B002 X=186,7390 Y=316,1512 Vx=-11,0906 Vy=-94,5081
[1370,783] Ball=B003 X=235,8678 Y=224,9744 Vx=48,9741 Vy=153,0235
[1373,727] Ball=B001 X=40,8529 Y=121,2771 Vx=7,6464 Vy=216,5830
[1388,757] Ball=B001 X=40,9678 Y=124,5326 Vx=7,6464 Vy=216,5830
[1386,294] Ball=B002 X=186,5719 Y=314,7273 Vx=-11,0906 Vy=-94,5081
[1385,855] Ball=B003 X=236,6060 Y=227,2810 Vx=48,9741 Vy=153,0235
[1400,922] Ball=B003 X=237,3438 Y=229,5865 Vx=48,9741 Vy=153,0235
[1401,365] Ball=B002 X=186,4047 Y=313,3030 Vx=-11,0906 Vy=-94,5081
[1404,035] Ball=B001 X=41,0847 Y=127,8419 Vx=7,6464 Vy=216,5830
[1417,246] Ball=B002 X=186,2286 Y=311,8021 Vx=-11,0906 Vy=-94,5081
[1416,828] Ball=B003 X=238,1228 Y=232,0204 Vx=48,9741 Vy=153,0235
[1419,782] Ball=B001 X=41,2051 Y=131,2523 Vx=7,6464 Vy=216,5830
[1435,104] Ball=B001 X=41,3222 Y=134,5706 Vx=7,6464 Vy=216,5830
[1432,345] Ball=B003 X=238,8827 Y=234,3949 Vx=48,9741 Vy=153,0235
[1432,873] Ball=B002 X=186,0553 Y=310,3252 Vx=-11,0906 Vy=-94,5081
[1447,250] Ball=B002 X=185,8959 Y=308,9665 Vx=-11,0906 Vy=-94,5081
[1446,845] Ball=B003 X=239,5929 Y=236,6138 Vx=48,9741 Vy=153,0235
[1449,783] Ball=B001 X=41,4345 Y=137,7500 Vx=7,6464 Vy=216,5830
[1465,744] Ball=B001 X=41,5565 Y=141,2066 Vx=7,6464 Vy=216,5830
[1462,818] Ball=B003 X=240,3751 Y=239,0580 Vx=48,9741 Vy=153,0235
[1463,269] Ball=B002 X=185,7182 Y=307,4525 Vx=-11,0906 Vy=-94,5081
[1477,798] Ball=B003 X=241,1087 Y=241,3501 Vx=48,9741 Vy=153,0235
[1478,256] Ball=B002 X=185,5520 Y=306,0362 Vx=-11,0906 Vy=-94,5081
[1480,762] Ball=B001 X=41,6714 Y=144,4595 Vx=7,6464 Vy=216,5830
[1496,819] Ball=B001 X=41,7941 Y=147,9370 Vx=7,6464 Vy=216,5830
[1494,330] Ball=B002 X=185,3737 Y=304,5170 Vx=-11,0906 Vy=-94,5081
[1493,909] Ball=B003 X=241,8978 Y=243,8156 Vx=48,9741 Vy=153,0235
[1509,937] Ball=B003 X=242,6827 Y=246,2682 Vx=48,9741 Vy=153,0235
[1510,384] Ball=B002 X=185,1956 Y=302,9998 Vx=-11,0906 Vy=-94,5081
[1512,873] Ball=B001 X=41,9169 Y=151,4142 Vx=7,6464 Vy=216,5830
[1526,374] Ball=B002 X=185,0183 Y=301,4886 Vx=-11,0906 Vy=-94,5081
[1528,870] Ball=B001 X=42,0392 Y=154,8788 Vx=7,6464 Vy=216,5830
[1525,951] Ball=B003 X=243,4670 Y=248,7190 Vx=48,9741 Vy=153,0235
[1540,926] Ball=B003 X=244,2004 Y=251,0103 Vx=48,9741 Vy=153,0235
[1543,871] Ball=B001 X=42,1539 Y=158,1278 Vx=7,6464 Vy=216,5830
[1541,399] Ball=B002 X=184,8517 Y=300,0687 Vx=-11,0906 Vy=-94,5081
[1557,364] Ball=B002 X=184,6746 Y=298,5598 Vx=-11,0906 Vy=-94,5081
[1559,874] Ball=B001 X=42,2763 Y=161,5938 Vx=7,6464 Vy=216,5830
[1556,941] Ball=B003 X=244,9847 Y=253,4611 Vx=48,9741 Vy=153,0235
[1572,791] Ball=B003 X=245,7609 Y=255,8864 Vx=48,9741 Vy=153,0235
[1575,731] Ball=B001 X=42,3975 Y=165,0280 Vx=7,6464 Vy=216,5830
[1573,368] Ball=B002 X=184,4971 Y=297,0473 Vx=-11,0906 Vy=-94,5081
[1591,861] Ball=B001 X=42,5209 Y=168,5215 Vx=7,6464 Vy=216,5830
[1588,931] Ball=B003 X=246,5514 Y=258,3563 Vx=48,9741 Vy=153,0235
[1589,370] Ball=B002 X=184,3196 Y=295,5350 Vx=-11,0906 Vy=-94,5081
[1606,736] Ball=B001 X=42,6346 Y=171,7432 Vx=7,6464 Vy=216,5830
[1604,246] Ball=B002 X=184,1547 Y=294,1292 Vx=-11,0906 Vy=-94,5081
[1603,998] Ball=B003 X=247,2893 Y=260,6619 Vx=48,9741 Vy=153,0235
[1622,778] Ball=B001 X=42,7573 Y=175,2176 Vx=7,6464 Vy=216,5830
[1620,366] Ball=B003 X=248,0909 Y=263,1665 Vx=48,9741 Vy=153,0235
[1621,118] Ball=B002 X=183,9675 Y=292,5345 Vx=-11,0906 Vy=-94,5081
[1636,451] Ball=B002 X=183,7975 Y=291,0854 Vx=-11,0906 Vy=-94,5081
[1638,951] Ball=B001 X=42,8809 Y=178,7205 Vx=7,6464 Vy=216,5830
[1636,022] Ball=B003 X=248,8576 Y=265,5623 Vx=48,9741 Vy=153,0235
[1650,935] Ball=B003 X=249,5880 Y=267,8443 Vx=48,9741 Vy=153,0235
[1653,881] Ball=B001 X=42,9951 Y=181,9542 Vx=7,6464 Vy=216,5830
[1651,400] Ball=B002 X=183,6317 Y=289,6726 Vx=-11,0906 Vy=-94,5081
[1667,290] Ball=B002 X=183,4555 Y=288,1710 Vx=-11,0906 Vy=-94,5081
[1666,849] Ball=B003 X=250,3674 Y=270,2796 Vx=48,9741 Vy=153,0235
[1669,788] Ball=B001 X=43,1167 Y=185,3994 Vx=7,6464 Vy=216,5830
[1684,758] Ball=B001 X=43,2312 Y=188,6415 Vx=7,6464 Vy=216,5830
[1682,258] Ball=B002 X=183,2895 Y=286,7563 Vx=-11,0906 Vy=-94,5081
[1681,809] Ball=B003 X=251,1000 Y=272,5687 Vx=48,9741 Vy=153,0235
[1696,880] Ball=B003 X=251,8381 Y=274,8751 Vx=48,9741 Vy=153,0235
[1699,810] Ball=B001 X=43,3463 Y=191,9012 Vx=7,6464 Vy=216,5830
[1697,319] Ball=B002 X=183,1224 Y=285,3330 Vx=-11,0906 Vy=-94,5081
[1711,823] Ball=B003 X=252,5699 Y=277,1617 Vx=48,9741 Vy=153,0235
[1714,762] Ball=B001 X=43,4606 Y=195,1399 Vx=7,6464 Vy=216,5830
[1712,285] Ball=B002 X=182,9564 Y=283,9185 Vx=-11,0906 Vy=-94,5081
[1730,749] Ball=B001 X=43,5829 Y=198,6024 Vx=7,6464 Vy=216,5830
[1728,248] Ball=B002 X=182,7794 Y=282,4100 Vx=-11,0906 Vy=-94,5081
[1727,802] Ball=B003 X=253,3524 Y=279,6066 Vx=48,9741 Vy=153,0235
[1742,815] Ball=B003 X=254,0876 Y=281,9039 Vx=48,9741 Vy=153,0235
[1743,261] Ball=B002 X=182,6129 Y=280,9912 Vx=-11,0906 Vy=-94,5081
[1745,796] Ball=B001 X=43,6979 Y=201,8612 Vx=7,6464 Vy=216,5830
[1761,777] Ball=B001 X=43,8201 Y=205,3226 Vx=7,6464 Vy=216,5830
[1759,286] Ball=B002 X=182,4352 Y=279,4766 Vx=-11,0906 Vy=-94,5081
[1758,857] Ball=B003 X=254,8734 Y=284,3590 Vx=48,9741 Vy=153,0235
[1774,282] Ball=B002 X=182,2689 Y=278,0593 Vx=-11,0906 Vy=-94,5081
[1776,783] Ball=B001 X=43,9349 Y=208,5727 Vx=7,6464 Vy=216,5830
[1773,861] Ball=B003 X=255,6082 Y=286,6550 Vx=48,9741 Vy=153,0235
[1791,753] Ball=B001 X=44,0493 Y=211,8146 Vx=7,6464 Vy=216,5830
[1789,285] Ball=B002 X=182,1025 Y=276,6414 Vx=-11,0906 Vy=-94,5081
[1788,830] Ball=B003 X=256,3413 Y=288,9455 Vx=48,9741 Vy=153,0235
[1803,901] Ball=B003 X=257,0794 Y=291,2517 Vx=48,9741 Vy=153,0235
[1806,849] Ball=B001 X=44,1648 Y=215,0843 Vx=7,6464 Vy=216,5830
[1804,372] Ball=B002 X=181,9351 Y=275,2156 Vx=-11,0906 Vy=-94,5081
[1818,927] Ball=B003 X=257,8152 Y=293,5510 Vx=48,9741 Vy=153,0235
[1821,865] Ball=B001 X=44,2796 Y=218,3365 Vx=7,6464 Vy=216,5830
[1819,391] Ball=B002 X=181,7686 Y=273,7961 Vx=-11,0906 Vy=-94,5081
[1837,868] Ball=B001 X=44,4019 Y=221,8024 Vx=7,6464 Vy=216,5830
[1835,385] Ball=B002 X=181,5912 Y=272,2846 Vx=-11,0906 Vy=-94,5081
[1834,959] Ball=B003 X=258,6004 Y=296,0044 Vx=48,9741 Vy=153,0235
[1851,387] Ball=B002 X=181,4137 Y=270,7723 Vx=-11,0906 Vy=-94,5081
[1853,883] Ball=B001 X=44,5244 Y=225,2711 Vx=7,6464 Vy=216,5830
[1850,956] Ball=B003 X=259,3838 Y=298,4523 Vx=48,9741 Vy=153,0235
[1869,822] Ball=B001 X=44,6463 Y=228,7231 Vx=7,6464 Vy=216,5830
[1866,861] Ball=B003 X=260,1627 Y=300,8860 Vx=48,9741 Vy=153,0235
[1867,483] Ball=B002 X=181,2352 Y=269,2510 Vx=-11,0906 Vy=-94,5081
[1885,763] Ball=B001 X=44,7682 Y=232,1756 Vx=7,6464 Vy=216,5830
[1883,294] Ball=B002 X=181,0599 Y=267,7568 Vx=-11,0906 Vy=-94,5081
[1882,888] Ball=B003 X=260,9477 Y=303,3386 Vx=48,9741 Vy=153,0235
[1897,834] Ball=B003 X=261,6794 Y=305,6249 Vx=48,9741 Vy=153,0235
[1898,626] Ball=B002 X=180,8898 Y=266,3078 Vx=-11,0906 Vy=-94,5081
[1901,326] Ball=B001 X=44,8872 Y=235,5462 Vx=7,6464 Vy=216,5830
[1916,768] Ball=B001 X=45,0052 Y=238,8910 Vx=7,6464 Vy=216,5830
[1914,282] Ball=B002 X=180,7162 Y=264,8281 Vx=-11,0906 Vy=-94,5081
[1913,863] Ball=B003 X=262,4646 Y=308,0785 Vx=48,9741 Vy=153,0235
[1929,928] Ball=B003 X=263,2514 Y=310,5368 Vx=48,9741 Vy=153,0235
[1932,876] Ball=B001 X=45,1284 Y=242,3795 Vx=7,6464 Vy=216,5830
[1930,389] Ball=B002 X=180,5375 Y=263,3058 Vx=-11,0906 Vy=-94,5081
[1948,869] Ball=B001 X=45,2507 Y=245,8433 Vx=7,6464 Vy=216,5830
[1945,944] Ball=B003 X=264,0358 Y=312,9876 Vx=48,9741 Vy=153,0235
[1946,392] Ball=B002 X=180,3601 Y=261,7935 Vx=-11,0906 Vy=-94,5081
[1962,309] Ball=B002 X=180,1835 Y=260,2892 Vx=-11,0906 Vy=-94,5081
[1961,893] Ball=B003 X=264,8168 Y=315,4282 Vx=48,9741 Vy=153,0235
[1964,835] Ball=B001 X=45,3728 Y=249,3015 Vx=7,6464 Vy=216,5830
[1980,788] Ball=B001 X=45,4948 Y=252,7564 Vx=7,6464 Vy=216,5830
[1978,011] Ball=B003 X=265,6062 Y=317,8946 Vx=48,9741 Vy=153,0235
[1978,460] Ball=B002 X=180,0044 Y=258,7628 Vx=-11,0906 Vy=-94,5081
[1993,828] Ball=B003 X=266,3808 Y=320,3149 Vx=48,9741 Vy=153,0235
[1996,773] Ball=B001 X=45,6170 Y=256,2186 Vx=7,6464 Vy=216,5830
[1994,274] Ball=B002 X=179,8290 Y=257,2683 Vx=-11,0906 Vy=-94,5081
[2011,861] Ball=B001 X=45,7324 Y=259,4865 Vx=7,6464 Vy=216,5830
[2009,384] Ball=B002 X=179,6614 Y=255,8402 Vx=-11,0906 Vy=-94,5081
[2008,947] Ball=B003 X=267,1213 Y=322,6286 Vx=48,9741 Vy=153,0235
[2024,385] Ball=B002 X=179,4951 Y=254,4225 Vx=-11,0906 Vy=-94,5081
[2023,944] Ball=B003 X=267,8557 Y=324,9234 Vx=48,9741 Vy=153,0235
[2026,900] Ball=B001 X=45,8474 Y=262,7437 Vx=7,6464 Vy=216,5830
[2041,868] Ball=B001 X=45,9618 Y=265,9853 Vx=7,6464 Vy=216,5830
[2039,382] Ball=B002 X=179,3287 Y=253,0051 Vx=-11,0906 Vy=-94,5081
[2038,948] Ball=B003 X=268,5906 Y=327,2195 Vx=48,9741 Vy=153,0235
[2057,863] Ball=B001 X=46,0841 Y=269,4496 Vx=7,6464 Vy=216,5830
[2055,384] Ball=B002 X=179,1513 Y=251,4929 Vx=-11,0906 Vy=-94,5081
[2054,959] Ball=B003 X=269,3747 Y=329,6695 Vx=48,9741 Vy=153,0235
[2070,343] Ball=B002 X=178,9854 Y=250,0791 Vx=-11,0906 Vy=-94,5081
[2072,863] Ball=B001 X=46,1988 Y=272,6985 Vx=7,6464 Vy=216,5830
[2069,933] Ball=B003 X=270,1079 Y=331,9606 Vx=48,9741 Vy=153,0235
[2085,934] Ball=B003 X=270,8916 Y=334,4094 Vx=48,9741 Vy=153,0235
[2088,882] Ball=B001 X=46,3213 Y=276,1679 Vx=7,6464 Vy=216,5830
[2086,399] Ball=B002 X=178,8073 Y=248,5617 Vx=-11,0906 Vy=-94,5081
[2104,735] Ball=B001 X=46,4425 Y=279,6012 Vx=7,6464 Vy=216,5830
[2101,800] Ball=B003 X=271,6687 Y=336,8373 Vx=48,9741 Vy=153,0235
[2102,258] Ball=B002 X=178,6314 Y=247,0628 Vx=-11,0906 Vy=-94,5081
[2119,906] Ball=B001 X=46,5585 Y=282,8873 Vx=7,6464 Vy=216,5830
[2116,965] Ball=B003 X=272,4113 Y=339,1578 Vx=48,9741 Vy=153,0235
[2117,433] Ball=B002 X=178,4631 Y=245,6287 Vx=-11,0906 Vy=-94,5081
[2132,254] Ball=B002 X=178,2987 Y=244,2280 Vx=-11,0906 Vy=-94,5081
[2134,874] Ball=B001 X=46,6730 Y=286,1288 Vx=7,6464 Vy=216,5830
[2131,941] Ball=B003 X=273,1448 Y=341,4496 Vx=48,9741 Vy=153,0235
[2150,851] Ball=B001 X=46,7951 Y=289,5892 Vx=7,6464 Vy=216,5830
[2148,377] Ball=B002 X=178,1199 Y=242,7043 Vx=-11,0906 Vy=-94,5081
[2147,936] Ball=B003 X=273,9281 Y=343,8972 Vx=48,9741 Vy=153,0235
[2164,377] Ball=B002 X=177,9425 Y=241,1922 Vx=-11,0906 Vy=-94,5081
[2163,931] Ball=B003 X=274,7114 Y=346,3447 Vx=48,9741 Vy=153,0235
[2166,876] Ball=B001 X=46,9177 Y=293,0601 Vx=7,6464 Vy=216,5830
[2178,933] Ball=B003 X=275,4462 Y=348,6405 Vx=48,9741 Vy=153,0235
[2181,869] Ball=B001 X=47,0323 Y=296,3072 Vx=7,6464 Vy=216,5830
[2179,392] Ball=B002 X=177,7759 Y=239,7731 Vx=-11,0906 Vy=-94,5081
[2196,789] Ball=B001 X=47,1464 Y=299,5385 Vx=7,6464 Vy=216,5830
[2194,309] Ball=B002 X=177,6105 Y=238,3633 Vx=-11,0906 Vy=-94,5081
[2193,866] Ball=B003 X=276,1775 Y=350,9256 Vx=48,9741 Vy=153,0235
[2209,846] Ball=B003 X=276,9601 Y=353,3709 Vx=48,9741 Vy=153,0235
[2210,267] Ball=B002 X=177,4335 Y=236,8552 Vx=-11,0906 Vy=-94,5081
[2212,999] Ball=B001 X=47,2704 Y=303,0496 Vx=7,6464 Vy=216,5830
[2228,785] Ball=B001 X=47,3911 Y=306,4683 Vx=7,6464 Vy=216,5830
[2225,847] Ball=B003 X=277,7437 Y=355,8194 Vx=48,9741 Vy=153,0235
[2226,302] Ball=B002 X=177,2557 Y=235,3398 Vx=-11,0906 Vy=-94,5081
[2242,231] Ball=B002 X=177,0790 Y=233,8343 Vx=-11,0906 Vy=-94,5081
[2241,796] Ball=B003 X=278,5248 Y=358,2599 Vx=48,9741 Vy=153,0235
[2244,737] Ball=B001 X=47,5130 Y=309,9235 Vx=7,6464 Vy=216,5830
[2259,777] Ball=B001 X=47,6280 Y=313,1806 Vx=7,6464 Vy=216,5830
[2256,840] Ball=B003 X=279,2615 Y=360,5618 Vx=48,9741 Vy=153,0235
[2257,297] Ball=B002 X=176,9119 Y=232,4104 Vx=-11,0906 Vy=-94,5081
[2272,804] Ball=B003 X=280,0434 Y=363,0048 Vx=48,9741 Vy=153,0235
[2275,741] Ball=B001 X=47,7501 Y=316,6383 Vx=7,6464 Vy=216,5830
[2273,260] Ball=B002 X=176,7349 Y=230,9018 Vx=-11,0906 Vy=-94,5081
[2291,727] Ball=B001 X=47,8723 Y=320,1005 Vx=7,6464 Vy=216,5830
[2289,249] Ball=B002 X=176,5576 Y=229,3907 Vx=-11,0906 Vy=-94,5081
[2288,922] Ball=B003 X=280,8328 Y=365,4713 Vx=48,9741 Vy=153,0235
[2304,839] Ball=B003 X=281,6123 Y=367,9068 Vx=48,9741 Vy=153,0235
[2305,285] Ball=B002 X=176,3797 Y=227,8753 Vx=-11,0906 Vy=-94,5081
[2307,791] Ball=B001 X=47,9952 Y=323,5797 Vx=7,6464 Vy=216,5830
[2322,830] Ball=B001 X=48,1102 Y=326,8369 Vx=7,6464 Vy=216,5830
[2320,339] Ball=B002 X=176,2128 Y=226,4525 Vx=-11,0906 Vy=-94,5081
[2319,900] Ball=B003 X=282,3499 Y=370,2116 Vx=48,9741 Vy=153,0235
[2335,936] Ball=B003 X=283,1352 Y=367,5462 Vx=48,9741 Vy=-153,0235
[2336,393] Ball=B002 X=176,0347 Y=224,9352 Vx=-11,0906 Vy=-94,5081
[2338,890] Ball=B001 X=48,2330 Y=330,3153 Vx=7,6464 Vy=216,5830
[2353,784] Ball=B001 X=48,3469 Y=333,5412 Vx=7,6464 Vy=216,5830
[2351,294] Ball=B002 X=175,8695 Y=223,5270 Vx=-11,0906 Vy=-94,5081
[2350,854] Ball=B003 X=283,8659 Y=365,2633 Vx=48,9741 Vy=-153,0235
[2368,867] Ball=B001 X=48,4622 Y=336,8079 Vx=7,6464 Vy=216,5830
[2365,932] Ball=B003 X=284,6043 Y=362,9559 Vx=48,9741 Vy=-153,0235
[2366,385] Ball=B002 X=175,7021 Y=222,1008 Vx=-11,0906 Vy=-94,5081
[2382,319] Ball=B002 X=175,5254 Y=220,5949 Vx=-11,0906 Vy=-94,5081
[2381,876] Ball=B003 X=285,3851 Y=360,5162 Vx=48,9741 Vy=-153,0235
[2384,824] Ball=B001 X=48,5842 Y=340,2639 Vx=7,6464 Vy=216,5830
[2397,844] Ball=B003 X=286,1671 Y=358,0727 Vx=48,9741 Vy=-153,0235
[2398,290] Ball=B002 X=175,3482 Y=219,0855 Vx=-11,0906 Vy=-94,5081
[2400,788] Ball=B001 X=48,7063 Y=343,7216 Vx=7,6464 Vy=216,5830
[2412,775] Ball=B003 X=286,8984 Y=355,7880 Vx=48,9741 Vy=-153,0235
[2415,725] Ball=B001 X=48,8205 Y=346,9566 Vx=7,6464 Vy=216,5830
[2413,238] Ball=B002 X=175,1824 Y=217,6727 Vx=-11,0906 Vy=-94,5081
[2431,729] Ball=B001 X=48,9429 Y=350,4227 Vx=7,6464 Vy=216,5830
[2429,236] Ball=B002 X=175,0050 Y=216,1609 Vx=-11,0906 Vy=-94,5081
[2428,802] Ball=B003 X=287,6833 Y=353,3353 Vx=48,9741 Vy=-153,0235
[2444,295] Ball=B002 X=174,8380 Y=214,7377 Vx=-11,0906 Vy=-94,5081
[2447,160] Ball=B001 X=49,0609 Y=353,7648 Vx=7,6464 Vy=216,5830
[2444,370] Ball=B003 X=288,4438 Y=350,9592 Vx=48,9741 Vy=-153,0235
[2462,722] Ball=B001 X=49,1798 Y=357,1352 Vx=7,6464 Vy=216,5830
[2459,785] Ball=B003 X=289,2006 Y=348,5943 Vx=48,9741 Vy=-153,0235
[2460,244] Ball=B002 X=174,6611 Y=213,2303 Vx=-11,0906 Vy=-94,5081
[2476,276] Ball=B002 X=174,4833 Y=211,7151 Vx=-11,0906 Vy=-94,5081
[2475,842] Ball=B003 X=289,9870 Y=346,1371 Vx=48,9741 Vy=-153,0235
[2478,789] Ball=B001 X=49,3027 Y=360,6151 Vx=7,6464 Vy=216,5830
[2490,838] Ball=B003 X=290,7215 Y=343,8423 Vx=48,9741 Vy=-153,0235
[2491,285] Ball=B002 X=174,3169 Y=210,2967 Vx=-11,0906 Vy=-94,5081
[2493,787] Ball=B001 X=49,4174 Y=363,8635 Vx=7,6464 Vy=216,5830
[2508,740] Ball=B001 X=49,5317 Y=367,1019 Vx=7,6464 Vy=216,5830
[2506,288] Ball=B002 X=174,1505 Y=208,8788 Vx=-11,0906 Vy=-94,5081
[2505,973] Ball=B003 X=291,4626 Y=341,5264 Vx=48,9741 Vy=-153,0235
[2520,797] Ball=B003 X=292,1886 Y=339,2581 Vx=48,9741 Vy=-153,0235
[2521,250] Ball=B002 X=173,9845 Y=207,4647 Vx=-11,0906 Vy=-94,5081
[2523,852] Ball=B001 X=49,6473 Y=362,7270 Vx=7,6464 Vy=-216,5830
[2538,864] Ball=B001 X=49,7621 Y=359,4758 Vx=7,6464 Vy=-216,5830
[2535,937] Ball=B003 X=292,9301 Y=336,9412 Vx=48,9741 Vy=-153,0235
[2536,391] Ball=B002 X=173,8166 Y=206,0338 Vx=-11,0906 Vy=-94,5081
[2552,254] Ball=B002 X=173,6407 Y=204,5346 Vx=-11,0906 Vy=-94,5081
[2551,807] Ball=B003 X=293,7073 Y=334,5128 Vx=48,9741 Vy=-153,0235
[2554,757] Ball=B001 X=49,8836 Y=356,0333 Vx=7,6464 Vy=-216,5830
[2569,865] Ball=B001 X=49,9991 Y=352,7615 Vx=7,6464 Vy=-216,5830
[2567,378] Ball=B002 X=173,4729 Y=203,1052 Vx=-11,0906 Vy=-94,5081
[2566,937] Ball=B003 X=294,4483 Y=332,1975 Vx=48,9741 Vy=-153,0235
[2582,315] Ball=B002 X=173,3073 Y=201,6936 Vx=-11,0906 Vy=-94,5081
[2584,815] Ball=B001 X=50,1134 Y=349,5233 Vx=7,6464 Vy=-216,5830
[2581,887] Ball=B003 X=295,1805 Y=329,9097 Vx=48,9741 Vy=-153,0235
[2598,296] Ball=B002 X=173,1301 Y=200,1833 Vx=-11,0906 Vy=-94,5081
[2597,859] Ball=B003 X=295,9627 Y=327,4657 Vx=48,9741 Vy=-153,0235
[2600,802] Ball=B001 X=50,2357 Y=346,0608 Vx=7,6464 Vy=-216,5830
[2613,231] Ball=B002 X=172,9644 Y=198,7718 Vx=-11,0906 Vy=-94,5081
[2612,807] Ball=B003 X=296,6947 Y=325,1784 Vx=48,9741 Vy=-153,0235
[2615,744] Ball=B001 X=50,3499 Y=342,8263 Vx=7,6464 Vy=-216,5830
[2631,732] Ball=B001 X=50,4722 Y=339,3621 Vx=7,6464 Vy=-216,5830
[2628,803] Ball=B003 X=297,4781 Y=322,7306 Vx=48,9741 Vy=-153,0235
[2629,283] Ball=B002 X=172,7864 Y=197,2547 Vx=-11,0906 Vy=-94,5081
[2645,377] Ball=B002 X=172,6079 Y=195,7338 Vx=-11,0906 Vy=-94,5081
[2644,938] Ball=B003 X=298,2684 Y=320,2614 Vx=48,9741 Vy=-153,0235
[2647,877] Ball=B001 X=50,5956 Y=335,8651 Vx=7,6464 Vy=-216,5830
[2661,333] Ball=B002 X=172,4309 Y=194,2259 Vx=-11,0906 Vy=-94,5081
[2660,896] Ball=B003 X=299,0498 Y=317,8197 Vx=48,9741 Vy=-153,0235
[2663,839] Ball=B001 X=50,7177 Y=332,4080 Vx=7,6464 Vy=-216,5830
[2675,928] Ball=B003 X=299,7860 Y=315,5193 Vx=48,9741 Vy=-153,0235
[2678,869] Ball=B001 X=50,8326 Y=329,1529 Vx=7,6464 Vy=-216,5830
[2676,393] Ball=B002 X=172,2639 Y=192,8024 Vx=-11,0906 Vy=-94,5081
[2694,769] Ball=B001 X=50,9542 Y=325,7093 Vx=7,6464 Vy=-216,5830
[2691,840] Ball=B003 X=300,5653 Y=313,0844 Vx=48,9741 Vy=-153,0235
[2692,278] Ball=B002 X=172,0877 Y=191,3012 Vx=-11,0906 Vy=-94,5081
[2707,929] Ball=B003 X=301,3533 Y=310,6223 Vx=48,9741 Vy=-153,0235
[2710,866] Ball=B001 X=51,0773 Y=322,2228 Vx=7,6464 Vy=-216,5830
[2708,380] Ball=B002 X=171,9091 Y=189,7794 Vx=-11,0906 Vy=-94,5081
[2723,799] Ball=B003 X=302,1304 Y=308,1940 Vx=48,9741 Vy=-153,0235
[2724,245] Ball=B002 X=171,7332 Y=188,2802 Vx=-11,0906 Vy=-94,5081
[2726,750] Ball=B001 X=51,1987 Y=318,7827 Vx=7,6464 Vy=-216,5830
[2742,802] Ball=B001 X=51,3215 Y=315,3063 Vx=7,6464 Vy=-216,5830
[2739,865] Ball=B003 X=302,9172 Y=305,7356 Vx=48,9741 Vy=-153,0235
[2740,322] Ball=B002 X=171,5549 Y=186,7606 Vx=-11,0906 Vy=-94,5081
[2755,373] Ball=B002 X=171,3880 Y=185,3382 Vx=-11,0906 Vy=-94,5081
[2754,933] Ball=B003 X=303,6553 Y=303,4296 Vx=48,9741 Vy=-153,0235
[2757,873] Ball=B001 X=51,4367 Y=312,0419 Vx=7,6464 Vy=-216,5830
[2772,722] Ball=B001 X=51,5502 Y=308,8260 Vx=7,6464 Vy=-216,5830
[2769,793] Ball=B003 X=304,3830 Y=301,1558 Vx=48,9741 Vy=-153,0235
[2770,250] Ball=B002 X=171,2230 Y=183,9322 Vx=-11,0906 Vy=-94,5081
[2785,862] Ball=B003 X=305,1699 Y=298,6968 Vx=48,9741 Vy=-153,0235
[2786,319] Ball=B002 X=171,0448 Y=182,4135 Vx=-11,0906 Vy=-94,5081
[2788,819] Ball=B001 X=51,6733 Y=305,3396 Vx=7,6464 Vy=-216,5830
[2800,776] Ball=B003 X=305,9003 Y=296,4147 Vx=48,9741 Vy=-153,0235
[2803,721] Ball=B001 X=51,7873 Y=302,1121 Vx=7,6464 Vy=-216,5830
[2801,360] Ball=B002 X=170,8779 Y=180,9920 Vx=-11,0906 Vy=-94,5081
[2817,203] Ball=B002 X=170,7022 Y=179,4948 Vx=-11,0906 Vy=-94,5081
[2816,951] Ball=B003 X=306,6925 Y=293,9394 Vx=48,9741 Vy=-153,0235
[2819,887] Ball=B001 X=51,9109 Y=298,6109 Vx=7,6464 Vy=-216,5830
[2834,784] Ball=B001 X=52,0248 Y=295,3844 Vx=7,6464 Vy=-216,5830
[2831,858] Ball=B003 X=307,4226 Y=291,6584 Vx=48,9741 Vy=-153,0235
[2832,313] Ball=B002 X=170,5347 Y=178,0667 Vx=-11,0906 Vy=-94,5081
[2847,794] Ball=B003 X=308,2030 Y=289,2199 Vx=48,9741 Vy=-153,0235
[2848,247] Ball=B002 X=170,3579 Y=176,5608 Vx=-11,0906 Vy=-94,5081
[2850,777] Ball=B001 X=52,1471 Y=291,9205 Vx=7,6464 Vy=-216,5830
[2865,759] Ball=B001 X=52,2616 Y=288,6758 Vx=7,6464 Vy=-216,5830
[2863,271] Ball=B002 X=170,1913 Y=175,1409 Vx=-11,0906 Vy=-94,5081
[2862,836] Ball=B003 X=308,9397 Y=286,9179 Vx=48,9741 Vy=-153,0235
[2878,836] Ball=B003 X=309,7232 Y=284,4697 Vx=48,9741 Vy=-153,0235
[2881,782] Ball=B001 X=52,3842 Y=285,2053 Vx=7,6464 Vy=-216,5830
[2879,291] Ball=B002 X=170,0136 Y=173,6269 Vx=-11,0906 Vy=-94,5081
[2894,376] Ball=B002 X=169,8463 Y=172,2013 Vx=-11,0906 Vy=-94,5081
[2893,931] Ball=B003 X=310,4625 Y=282,1597 Vx=48,9741 Vy=-153,0235
[2896,875] Ball=B001 X=52,4996 Y=281,9363 Vx=7,6464 Vy=-216,5830
[2909,917] Ball=B003 X=311,2454 Y=279,7135 Vx=48,9741 Vy=-153,0235
[2910,371] Ball=B002 X=169,6689 Y=170,6896 Vx=-11,0906 Vy=-94,5081
[2912,862] Ball=B001 X=52,6218 Y=278,4740 Vx=7,6464 Vy=-216,5830
[2927,869] Ball=B001 X=52,7366 Y=275,2237 Vx=7,6464 Vy=-216,5830
[2925,389] Ball=B002 X=169,5024 Y=169,2703 Vx=-11,0906 Vy=-94,5081
[2924,948] Ball=B003 X=311,9816 Y=277,4134 Vx=48,9741 Vy=-153,0235
[2942,774] Ball=B001 X=52,8505 Y=271,9957 Vx=7,6464 Vy=-216,5830
[2939,837] Ball=B003 X=312,7107 Y=275,1351 Vx=48,9741 Vy=-153,0235
[2940,289] Ball=B002 X=169,3371 Y=167,8621 Vx=-11,0906 Vy=-94,5081
[2955,831] Ball=B003 X=313,4940 Y=272,6876 Vx=48,9741 Vy=-153,0235
[2958,772] Ball=B001 X=52,9729 Y=268,5306 Vx=7,6464 Vy=-216,5830
[2956,290] Ball=B002 X=169,1597 Y=166,3499 Vx=-11,0906 Vy=-94,5081
[2971,278] Ball=B002 X=168,9935 Y=164,9335 Vx=-11,0906 Vy=-94,5081
[2970,832] Ball=B003 X=314,2287 Y=270,3920 Vx=48,9741 Vy=-153,0235
[2973,782] Ball=B001 X=53,0876 Y=265,2798 Vx=7,6464 Vy=-216,5830
[2989,708] Ball=B001 X=53,2094 Y=261,8307 Vx=7,6464 Vy=-216,5830
[2987,217] Ball=B002 X=168,8167 Y=163,4271 Vx=-11,0906 Vy=-94,5081
[2986,787] Ball=B003 X=315,0101 Y=267,9506 Vx=48,9741 Vy=-153,0235
[3002,761] Ball=B003 X=315,7923 Y=265,5063 Vx=48,9741 Vy=-153,0235
[3004,324] Ball=B002 X=168,6270 Y=161,8103 Vx=-11,0906 Vy=-94,5081
[3007,852] Ball=B001 X=53,3482 Y=257,9007 Vx=7,6464 Vy=-216,5830
[3017,816] Ball=B003 X=316,5297 Y=263,2025 Vx=48,9741 Vy=-153,0235
[3022,733] Ball=B001 X=53,4619 Y=254,6778 Vx=7,6464 Vy=-216,5830
[3020,250] Ball=B002 X=168,4503 Y=160,3052 Vx=-11,0906 Vy=-94,5081
[3033,844] Ball=B003 X=317,3146 Y=260,7499 Vx=48,9741 Vy=-153,0235
[3036,287] Ball=B002 X=168,2725 Y=158,7895 Vx=-11,0906 Vy=-94,5081
[3038,787] Ball=B001 X=53,5847 Y=251,2006 Vx=7,6464 Vy=-216,5830
[3048,833] Ball=B003 X=318,0487 Y=258,4562 Vx=48,9741 Vy=-153,0235
[3054,725] Ball=B001 X=53,7066 Y=247,7488 Vx=7,6464 Vy=-216,5830
[3052,244] Ball=B002 X=168,0955 Y=157,2815 Vx=-11,0906 Vy=-94,5081
[3063,805] Ball=B003 X=318,7819 Y=256,1651 Vx=48,9741 Vy=-153,0235
[3070,748] Ball=B001 X=53,8291 Y=244,2786 Vx=7,6464 Vy=-216,5830
[3068,260] Ball=B002 X=167,9179 Y=155,7679 Vx=-11,0906 Vy=-94,5081
[3078,810] Ball=B003 X=319,5168 Y=253,8690 Vx=48,9741 Vy=-153,0235
[3086,775] Ball=B001 X=53,9516 Y=240,8074 Vx=7,6464 Vy=-216,5830
[3084,289] Ball=B002 X=167,7401 Y=154,2530 Vx=-11,0906 Vy=-94,5081
[3094,809] Ball=B003 X=320,3003 Y=251,4208 Vx=48,9741 Vy=-153,0235
[3102,772] Ball=B001 X=54,0739 Y=237,3428 Vx=7,6464 Vy=-216,5830
[3100,289] Ball=B002 X=167,5626 Y=152,7408 Vx=-11,0906 Vy=-94,5081
[3110,827] Ball=B003 X=321,0848 Y=248,9696 Vx=48,9741 Vy=-153,0235
[3118,761] Ball=B001 X=54,1962 Y=233,8799 Vx=7,6464 Vy=-216,5830
[3116,290] Ball=B002 X=167,3852 Y=151,2286 Vx=-11,0906 Vy=-94,5081
[3125,818] Ball=B003 X=321,8190 Y=246,6756 Vx=48,9741 Vy=-153,0235
[3132,188] Ball=B002 X=167,2089 Y=149,7262 Vx=-11,0906 Vy=-94,5081
[3134,686] Ball=B001 X=54,3180 Y=230,4307 Vx=7,6464 Vy=-216,5830
[3140,894] Ball=B003 X=322,5573 Y=244,3686 Vx=48,9741 Vy=-153,0235
[3147,359] Ball=B002 X=167,0406 Y=148,2923 Vx=-11,0906 Vy=-94,5081
[3149,854] Ball=B001 X=54,4340 Y=227,1454 Vx=7,6464 Vy=-216,5830
[3156,869] Ball=B003 X=323,3397 Y=241,9241 Vx=48,9741 Vy=-153,0235
[3163,270] Ball=B002 X=166,8641 Y=146,7886 Vx=-11,0906 Vy=-94,5081
[3165,765] Ball=B001 X=54,5556 Y=223,6995 Vx=7,6464 Vy=-216,5830
[3171,839] Ball=B003 X=324,0728 Y=239,6332 Vx=48,9741 Vy=-153,0235
[3180,853] Ball=B001 X=54,6710 Y=220,4317 Vx=7,6464 Vy=-216,5830
[3178,443] Ball=B002 X=166,6959 Y=145,3547 Vx=-11,0906 Vy=-94,5081
[3187,789] Ball=B003 X=324,8539 Y=237,1926 Vx=48,9741 Vy=-153,0235
[3196,787] Ball=B001 X=54,7928 Y=216,9807 Vx=7,6464 Vy=-216,5830
[3194,309] Ball=B002 X=166,5199 Y=143,8552 Vx=-11,0906 Vy=-94,5081
[3203,843] Ball=B003 X=325,6402 Y=234,7358 Vx=48,9741 Vy=-153,0235
[3209,234] Ball=B002 X=166,3544 Y=142,4447 Vx=-11,0906 Vy=-94,5081
[3211,730] Ball=B001 X=54,9071 Y=213,7443 Vx=7,6464 Vy=-216,5830
[3218,943] Ball=B003 X=326,3797 Y=232,4253 Vx=48,9741 Vy=-153,0235
[3227,881] Ball=B001 X=55,0306 Y=210,2461 Vx=7,6464 Vy=-216,5830
[3225,397] Ball=B002 X=166,1751 Y=140,9171 Vx=-11,0906 Vy=-94,5081
[3234,848] Ball=B003 X=327,1586 Y=229,9914 Vx=48,9741 Vy=-153,0235
[3242,875] Ball=B001 X=55,1452 Y=206,9986 Vx=7,6464 Vy=-216,5830
[3240,387] Ball=B002 X=166,0089 Y=139,5004 Vx=-11,0906 Vy=-94,5081
[3249,916] Ball=B003 X=327,8966 Y=227,6857 Vx=48,9741 Vy=-153,0235
[3256,358] Ball=B002 X=165,8317 Y=137,9910 Vx=-11,0906 Vy=-94,5081
[3258,860] Ball=B001 X=55,2675 Y=203,5365 Vx=7,6464 Vy=-216,5830
[3264,920] Ball=B003 X=328,6314 Y=225,3897 Vx=48,9741 Vy=-153,0235
[3274,826] Ball=B001 X=55,3896 Y=200,0786 Vx=7,6464 Vy=-216,5830
[3272,350] Ball=B002 X=165,6544 Y=136,4796 Vx=-11,0906 Vy=-94,5081
[3280,798] Ball=B003 X=329,4090 Y=222,9600 Vx=48,9741 Vy=-153,0235
[3289,720] Ball=B001 X=55,5034 Y=196,8530 Vx=7,6464 Vy=-216,5830
[3287,235] Ball=B002 X=165,4893 Y=135,0729 Vx=-11,0906 Vy=-94,5081
[3296,931] Ball=B003 X=330,1991 Y=220,4913 Vx=48,9741 Vy=-153,0235
[3303,241] Ball=B002 X=165,3118 Y=133,5602 Vx=-11,0906 Vy=-94,5081
[3305,733] Ball=B001 X=55,6259 Y=193,3848 Vx=7,6464 Vy=-216,5830
[3312,794] Ball=B003 X=330,9759 Y=218,0640 Vx=48,9741 Vy=-153,0235
[3321,810] Ball=B001 X=55,7488 Y=189,9027 Vx=7,6464 Vy=-216,5830
[3319,467] Ball=B002 X=165,1330 Y=132,0365 Vx=-11,0906 Vy=-94,5081
[3328,918] Ball=B003 X=331,7656 Y=215,5965 Vx=48,9741 Vy=-153,0235
[3334,358] Ball=B002 X=164,9667 Y=130,6194 Vx=-11,0906 Vy=-94,5081
[3336,854] Ball=B001 X=55,8638 Y=186,6445 Vx=7,6464 Vy=-216,5830
[3343,922] Ball=B003 X=332,5004 Y=213,3006 Vx=48,9741 Vy=-153,0235
[3352,767] Ball=B001 X=55,9855 Y=183,1979 Vx=7,6464 Vy=-216,5830
[3350,282] Ball=B002 X=164,7901 Y=129,1144 Vx=-11,0906 Vy=-94,5081
[3358,909] Ball=B003 X=333,2344 Y=211,0071 Vx=48,9741 Vy=-153,0235
[3368,677] Ball=B001 X=56,1072 Y=179,7522 Vx=7,6464 Vy=-216,5830
[3366,199] Ball=B002 X=164,6135 Y=127,6102 Vx=-11,0906 Vy=-94,5081
[3373,914] Ball=B003 X=333,9692 Y=208,7111 Vx=48,9741 Vy=-153,0235
[3384,807] Ball=B001 X=56,2305 Y=176,2587 Vx=7,6464 Vy=-216,5830
[3382,316] Ball=B002 X=164,4348 Y=126,0870 Vx=-11,0906 Vy=-94,5081
[3389,923] Ball=B003 X=334,7533 Y=206,2613 Vx=48,9741 Vy=-153,0235
[3398,278] Ball=B002 X=164,2578 Y=124,5785 Vx=-11,0906 Vy=-94,5081
[3400,811] Ball=B001 X=56,3529 Y=172,7924 Vx=7,6464 Vy=-216,5830
[3405,843] Ball=B003 X=335,5329 Y=203,8252 Vx=48,9741 Vy=-153,0235
[3413,235] Ball=B002 X=164,0919 Y=123,1650 Vx=-11,0906 Vy=-94,5081
[3415,734] Ball=B001 X=56,4670 Y=169,5603 Vx=7,6464 Vy=-216,5830
[3421,873] Ball=B003 X=336,3180 Y=201,3722 Vx=48,9741 Vy=-153,0235
[3431,716] Ball=B001 X=56,5892 Y=166,0989 Vx=7,6464 Vy=-216,5830
[3429,238] Ball=B002 X=163,9144 Y=121,6525 Vx=-11,0906 Vy=-94,5081
[3436,789] Ball=B003 X=337,0485 Y=199,0898 Vx=48,9741 Vy=-153,0235
[3447,717] Ball=B001 X=56,7116 Y=162,6334 Vx=7,6464 Vy=-216,5830
[3445,228] Ball=B002 X=163,7371 Y=120,1413 Vx=-11,0906 Vy=-94,5081
[3451,820] Ball=B003 X=337,7846 Y=196,7896 Vx=48,9741 Vy=-153,0235
[3463,866] Ball=B001 X=56,8350 Y=159,1359 Vx=7,6464 Vy=-216,5830
[3461,386] Ball=B002 X=163,5578 Y=118,6142 Vx=-11,0906 Vy=-94,5081
[3466,930] Ball=B003 X=338,5246 Y=194,4774 Vx=48,9741 Vy=-153,0235
[3478,855] Ball=B001 X=56,9496 Y=155,8895 Vx=7,6464 Vy=-216,5830
[3476,377] Ball=B002 X=163,3916 Y=117,1974 Vx=-11,0906 Vy=-94,5081
[3481,825] Ball=B003 X=339,2541 Y=192,1980 Vx=48,9741 Vy=-153,0235
[3492,268] Ball=B002 X=163,2154 Y=115,6956 Vx=-11,0906 Vy=-94,5081
[3494,771] Ball=B001 X=57,0713 Y=152,4423 Vx=7,6464 Vy=-216,5830
[3497,909] Ball=B003 X=340,0418 Y=189,7369 Vx=48,9741 Vy=-153,0235
[3509,757] Ball=B001 X=57,1859 Y=149,1967 Vx=7,6464 Vy=-216,5830
[3507,269] Ball=B002 X=163,0490 Y=114,2778 Vx=-11,0906 Vy=-94,5081
[3513,742] Ball=B003 X=340,8172 Y=187,3141 Vx=48,9741 Vy=-153,0235
[3522,240] Ball=B002 X=162,8829 Y=112,8630 Vx=-11,0906 Vy=-94,5081
[3524,734] Ball=B001 X=57,3005 Y=145,9529 Vx=7,6464 Vy=-216,5830
[3528,934] Ball=B003 X=341,5612 Y=184,9893 Vx=48,9741 Vy=-153,0235
[3540,737] Ball=B001 X=57,4228 Y=142,4870 Vx=7,6464 Vy=-216,5830
[3538,255] Ball=B002 X=162,7053 Y=111,3494 Vx=-11,0906 Vy=-94,5081
[3544,927] Ball=B003 X=342,3445 Y=182,5420 Vx=48,9741 Vy=-153,0235
[3553,222] Ball=B002 X=162,5393 Y=109,9349 Vx=-11,0906 Vy=-94,5081
[3555,721] Ball=B001 X=57,5374 Y=139,2417 Vx=7,6464 Vy=-216,5830
[3560,909] Ball=B003 X=343,1272 Y=180,0964 Vx=48,9741 Vy=-153,0235
[3568,358] Ball=B002 X=162,3715 Y=108,5045 Vx=-11,0906 Vy=-94,5081
[3570,853] Ball=B001 X=57,6531 Y=135,9643 Vx=7,6464 Vy=-216,5830
[3576,921] Ball=B003 X=343,9113 Y=177,6462 Vx=48,9741 Vy=-153,0235
[3583,224] Ball=B002 X=162,2066 Y=107,0995 Vx=-11,0906 Vy=-94,5081
[3585,729] Ball=B001 X=57,7669 Y=132,7423 Vx=7,6464 Vy=-216,5830
[3592,743] Ball=B003 X=344,6862 Y=175,2251 Vx=48,9741 Vy=-153,0235
[3600,717] Ball=B001 X=57,8815 Y=129,4962 Vx=7,6464 Vy=-216,5830
[3598,234] Ball=B002 X=162,0401 Y=105,6809 Vx=-11,0906 Vy=-94,5081
[3608,928] Ball=B003 X=345,4788 Y=172,7484 Vx=48,9741 Vy=-153,0235
[3613,226] Ball=B002 X=161,8739 Y=104,2641 Vx=-11,0906 Vy=-94,5081
[3615,715] Ball=B001 X=57,9961 Y=126,2480 Vx=7,6464 Vy=-216,5830
[3624,962] Ball=B003 X=346,2640 Y=170,2950 Vx=48,9741 Vy=-153,0235
[3630,868] Ball=B001 X=58,1120 Y=122,9660 Vx=7,6464 Vy=-216,5830
[3628,386] Ball=B002 X=161,7057 Y=102,8313 Vx=-11,0906 Vy=-94,5081
[3640,934] Ball=B003 X=347,0463 Y=167,8507 Vx=48,9741 Vy=-153,0235
[3645,771] Ball=B001 X=58,2260 Y=119,7382 Vx=7,6464 Vy=-216,5830
[3643,288] Ball=B002 X=161,5404 Y=101,4230 Vx=-11,0906 Vy=-94,5081
[3655,860] Ball=B003 X=347,7773 Y=165,5666 Vx=48,9741 Vy=-153,0235
[3658,374] Ball=B002 X=161,3732 Y=99,9977 Vx=-11,0906 Vy=-94,5081
[3660,869] Ball=B001 X=58,3414 Y=116,4682 Vx=7,6464 Vy=-216,5830
[3671,820] Ball=B003 X=348,5589 Y=163,1245 Vx=48,9741 Vy=-153,0235
[3675,717] Ball=B001 X=58,4549 Y=113,2526 Vx=7,6464 Vy=-216,5830
[3673,238] Ball=B002 X=161,2083 Y=98,5924 Vx=-11,0906 Vy=-94,5081
[3690,677] Ball=B001 X=58,5693 Y=110,0125 Vx=7,6464 Vy=-216,5830
[3688,197] Ball=B002 X=161,0424 Y=97,1787 Vx=-11,0906 Vy=-94,5081
[3687,761] Ball=B003 X=349,3396 Y=160,6851 Vx=48,9741 Vy=-153,0235
[3702,781] Ball=B003 X=350,0752 Y=158,3867 Vx=48,9741 Vy=-153,0235
[3703,237] Ball=B002 X=160,8756 Y=95,7573 Vx=-11,0906 Vy=-94,5081
[3705,733] Ball=B001 X=58,6845 Y=106,7516 Vx=7,6464 Vy=-216,5830
[3719,233] Ball=B002 X=160,6982 Y=94,2456 Vx=-11,0906 Vy=-94,5081
[3718,796] Ball=B003 X=350,8595 Y=155,9360 Vx=48,9741 Vy=-153,0235
[3721,902] Ball=B001 X=58,8081 Y=103,2497 Vx=7,6464 Vy=-216,5830
[3734,829] Ball=B003 X=351,6447 Y=153,4827 Vx=48,9741 Vy=-153,0235
[3737,775] Ball=B001 X=58,9295 Y=99,8117 Vx=7,6464 Vy=-216,5830
[3735,287] Ball=B002 X=160,5201 Y=92,7283 Vx=-11,0906 Vy=-94,5081
[3753,866] Ball=B001 X=59,0525 Y=96,3267 Vx=7,6464 Vy=-216,5830
[3750,928] Ball=B003 X=352,4331 Y=151,0191 Vx=48,9741 Vy=-153,0235
[3751,380] Ball=B002 X=160,3416 Y=91,2074 Vx=-11,0906 Vy=-94,5081
[3767,318] Ball=B002 X=160,1649 Y=89,7011 Vx=-11,0906 Vy=-94,5081
[3766,870] Ball=B003 X=353,2139 Y=148,5797 Vx=48,9741 Vy=-153,0235
[3769,826] Ball=B001 X=59,1745 Y=92,8701 Vx=7,6464 Vy=-216,5830
[3781,820] Ball=B003 X=353,9460 Y=146,2919 Vx=48,9741 Vy=-153,0235
[3784,775] Ball=B001 X=59,2888 Y=89,6324 Vx=7,6464 Vy=-216,5830
[3782,289] Ball=B002 X=159,9988 Y=88,2862 Vx=-11,0906 Vy=-94,5081
[3800,678] Ball=B001 X=59,4104 Y=86,1882 Vx=7,6464 Vy=-216,5830
[3797,767] Ball=B003 X=354,7271 Y=143,8516 Vx=48,9741 Vy=-153,0235
[3798,239] Ball=B002 X=159,8219 Y=86,7788 Vx=-11,0906 Vy=-94,5081
[3813,101] Ball=B003 X=355,4780 Y=141,5052 Vx=48,9741 Vy=-153,0235
[3816,048] Ball=B001 X=59,5280 Y=82,8591 Vx=7,6464 Vy=-216,5830
[3813,562] Ball=B002 X=159,6520 Y=85,3307 Vx=-11,0906 Vy=-94,5081
[3831,036] Ball=B001 X=59,6426 Y=79,6133 Vx=7,6464 Vy=-216,5830
[3828,545] Ball=B002 X=159,4858 Y=83,9148 Vx=-11,0906 Vy=-94,5081
[3828,109] Ball=B003 X=356,2130 Y=139,2085 Vx=48,9741 Vy=-153,0235
[3847,164] Ball=B001 X=59,7659 Y=76,1200 Vx=7,6464 Vy=-216,5830
[3844,234] Ball=B003 X=357,0027 Y=136,7410 Vx=48,9741 Vy=-153,0235
[3844,686] Ball=B002 X=159,3068 Y=82,3893 Vx=-11,0906 Vy=-94,5081
[3862,178] Ball=B001 X=59,8807 Y=72,8681 Vx=7,6464 Vy=-216,5830
[3859,685] Ball=B002 X=159,1405 Y=80,9718 Vx=-11,0906 Vy=-94,5081
[3859,245] Ball=B003 X=357,7379 Y=134,4440 Vx=48,9741 Vy=-153,0235
[3875,567] Ball=B002 X=158,9643 Y=79,4707 Vx=-11,0906 Vy=-94,5081
[3878,061] Ball=B001 X=60,0022 Y=69,4283 Vx=7,6464 Vy=-216,5830
[3875,132] Ball=B003 X=358,5159 Y=132,0129 Vx=48,9741 Vy=-153,0235
[3893,082] Ball=B001 X=60,1170 Y=66,1750 Vx=7,6464 Vy=-216,5830
[3890,591] Ball=B002 X=158,7977 Y=78,0509 Vx=-11,0906 Vy=-94,5081
[3890,154] Ball=B003 X=359,2516 Y=129,7142 Vx=48,9741 Vy=-153,0235
[3905,683] Ball=B002 X=158,6303 Y=76,6246 Vx=-11,0906 Vy=-94,5081
[3905,237] Ball=B003 X=359,9903 Y=127,4063 Vx=48,9741 Vy=-153,0235
[3908,189] Ball=B001 X=60,2325 Y=62,9031 Vx=7,6464 Vy=-216,5830
[3920,084] Ball=B003 X=360,7174 Y=125,1343 Vx=48,9741 Vy=-153,0235
[3920,543] Ball=B002 X=158,4655 Y=75,2201 Vx=-11,0906 Vy=-94,5081
[3923,437] Ball=B001 X=60,3491 Y=59,6005 Vx=7,6464 Vy=-216,5830
[3936,241] Ball=B003 X=361,5087 Y=122,6618 Vx=48,9741 Vy=-153,0235
[3939,177] Ball=B001 X=60,4695 Y=56,1918 Vx=7,6464 Vy=-216,5830
[3936,691] Ball=B002 X=158,2864 Y=73,6940 Vx=-11,0906 Vy=-94,5081
[3952,051] Ball=B003 X=362,2829 Y=120,2426 Vx=48,9741 Vy=-153,0235
[3954,991] Ball=B001 X=60,5904 Y=52,7664 Vx=7,6464 Vy=-216,5830
[3952,513] Ball=B002 X=158,1110 Y=72,1987 Vx=-11,0906 Vy=-94,5081
[3967,242] Ball=B003 X=363,0269 Y=117,9180 Vx=48,9741 Vy=-153,0235
[3970,182] Ball=B001 X=60,7066 Y=49,4763 Vx=7,6464 Vy=-216,5830
[3967,702] Ball=B002 X=157,9425 Y=70,7632 Vx=-11,0906 Vy=-94,5081
[3983,146] Ball=B003 X=363,8058 Y=115,4843 Vx=48,9741 Vy=-153,0235
[3986,083] Ball=B001 X=60,8281 Y=46,0326 Vx=7,6464 Vy=-216,5830
[3983,603] Ball=B002 X=157,7661 Y=69,2604 Vx=-11,0906 Vy=-94,5081
[3998,228] Ball=B003 X=364,5444 Y=113,1765 Vx=48,9741 Vy=-153,0235
[3998,684] Ball=B002 X=157,5989 Y=67,8352 Vx=-11,0906 Vy=-94,5081
[4001,184] Ball=B001 X=60,9436 Y=42,7618 Vx=7,6464 Vy=-216,5830
[4017,168] Ball=B001 X=61,0658 Y=39,3001 Vx=7,6464 Vy=-216,5830
[4014,678] Ball=B002 X=157,4215 Y=66,3236 Vx=-11,0906 Vy=-94,5081
[4014,247] Ball=B003 X=365,3289 Y=110,7251 Vx=48,9741 Vy=-153,0235
[4030,536] Ball=B002 X=157,2456 Y=64,8250 Vx=-11,0906 Vy=-94,5081
[4033,029] Ball=B001 X=61,1871 Y=35,8648 Vx=7,6464 Vy=-216,5830
[4030,097] Ball=B003 X=366,1052 Y=108,2996 Vx=48,9741 Vy=-153,0235
[4046,153] Ball=B003 X=366,8915 Y=105,8428 Vx=48,9741 Vy=-153,0235
[4049,095] Ball=B001 X=61,3100 Y=32,3851 Vx=7,6464 Vy=-216,5830
[4046,605] Ball=B002 X=157,0674 Y=63,3063 Vx=-11,0906 Vy=-94,5081
[4064,984] Ball=B001 X=61,4314 Y=28,9441 Vx=7,6464 Vy=-216,5830
[4062,051] Ball=B003 X=367,6701 Y=103,4099 Vx=48,9741 Vy=-153,0235
[4062,506] Ball=B002 X=156,8911 Y=61,8035 Vx=-11,0906 Vy=-94,5081
[4077,675] Ball=B002 X=156,7228 Y=60,3698 Vx=-11,0906 Vy=-94,5081
[4080,171] Ball=B001 X=61,5476 Y=25,6546 Vx=7,6464 Vy=-216,5830
[4077,238] Ball=B003 X=368,4139 Y=101,0859 Vx=48,9741 Vy=-153,0235
[4095,974] Ball=B001 X=61,6684 Y=22,2321 Vx=7,6464 Vy=-216,5830
[4093,499] Ball=B002 X=156,5473 Y=58,8744 Vx=-11,0906 Vy=-94,5081
[4093,055] Ball=B003 X=369,1885 Y=98,6657 Vx=48,9741 Vy=-153,0235
[4108,656] Ball=B002 X=156,3792 Y=57,4419 Vx=-11,0906 Vy=-94,5081
[4108,223] Ball=B003 X=369,9313 Y=96,3445 Vx=48,9741 Vy=-153,0235
[4111,165] Ball=B001 X=61,7846 Y=18,9419 Vx=7,6464 Vy=-216,5830
[4123,646] Ball=B002 X=156,2130 Y=56,0253 Vx=-11,0906 Vy=-94,5081
[4126,137] Ball=B001 X=61,8990 Y=15,6995 Vx=7,6464 Vy=-216,5830
[4123,207] Ball=B003 X=370,6652 Y=94,0516 Vx=48,9741 Vy=-153,0235
[4141,069] Ball=B001 X=62,0132 Y=12,4653 Vx=7,6464 Vy=-216,5830
[4138,584] Ball=B002 X=156,0473 Y=54,6135 Vx=-11,0906 Vy=-94,5081
[4138,149] Ball=B003 X=369,2682 Y=91,7652 Vx=-48,9741 Vy=-153,0235
[4154,541] Ball=B002 X=155,8703 Y=53,1055 Vx=-11,0906 Vy=-94,5081
[4154,095] Ball=B003 X=368,4873 Y=89,3251 Vx=-48,9741 Vy=-153,0235
[4157,041] Ball=B001 X=62,1354 Y=9,0059 Vx=7,6464 Vy=-216,5830
[4169,202] Ball=B003 X=367,7474 Y=87,0133 Vx=-48,9741 Vy=-153,0235
[4169,674] Ball=B002 X=155,7025 Y=51,6752 Vx=-11,0906 Vy=-94,5081
[4172,830] Ball=B001 X=62,2561 Y=5,5863 Vx=7,6464 Vy=-216,5830
[4184,264] Ball=B003 X=367,0098 Y=84,7086 Vx=-48,9741 Vy=-153,0235
[4187,210] Ball=B001 X=62,3660 Y=2,4719 Vx=7,6464 Vy=-216,5830
[4184,726] Ball=B002 X=155,5356 Y=50,2527 Vx=-11,0906 Vy=-94,5081
[4203,172] Ball=B001 X=62,4881 Y=-0,9852 Vx=7,6464 Vy=-216,5830
[4200,692] Ball=B002 X=155,3585 Y=48,7438 Vx=-11,0906 Vy=-94,5081
[4200,255] Ball=B003 X=366,2266 Y=82,2614 Vx=-48,9741 Vy=-153,0235
[4218,181] Ball=B001 X=62,6029 Y=3,2508 Vx=7,6464 Vy=216,5830
[4215,690] Ball=B002 X=155,1922 Y=47,3263 Vx=-11,0906 Vy=-94,5081
[4215,252] Ball=B003 X=365,4922 Y=79,9666 Vx=-48,9741 Vy=-153,0235
[4230,540] Ball=B002 X=155,0275 Y=45,9230 Vx=-11,0906 Vy=-94,5081
[4230,102] Ball=B003 X=364,7649 Y=77,6941 Vx=-48,9741 Vy=-153,0235
[4233,038] Ball=B001 X=62,7165 Y=6,4685 Vx=7,6464 Vy=216,5830
[4249,100] Ball=B001 X=62,8393 Y=9,9470 Vx=7,6464 Vy=216,5830
[4246,163] Ball=B003 X=363,9784 Y=75,2365 Vx=-48,9741 Vy=-153,0235
[4246,636] Ball=B002 X=154,8489 Y=44,4016 Vx=-11,0906 Vy=-94,5081
[4262,032] Ball=B003 X=363,2012 Y=72,8081 Vx=-48,9741 Vy=-153,0235
[4264,982] Ball=B001 X=62,9607 Y=13,3871 Vx=7,6464 Vy=216,5830
[4262,498] Ball=B002 X=154,6730 Y=42,9026 Vx=-11,0906 Vy=-94,5081
[4280,161] Ball=B001 X=63,0768 Y=16,6746 Vx=7,6464 Vy=216,5830
[4277,233] Ball=B003 X=362,4567 Y=70,4821 Vx=-48,9741 Vy=-153,0235
[4277,688] Ball=B002 X=154,5046 Y=41,4670 Vx=-11,0906 Vy=-94,5081
[4296,054] Ball=B001 X=63,1983 Y=20,1167 Vx=7,6464 Vy=216,5830
[4293,124] Ball=B003 X=361,6785 Y=68,0503 Vx=-48,9741 Vy=-153,0235
[4293,576] Ball=B002 X=154,3284 Y=39,9655 Vx=-11,0906 Vy=-94,5081
[4308,676] Ball=B002 X=154,1609 Y=38,5384 Vx=-11,0906 Vy=-94,5081
[4308,238] Ball=B003 X=360,9383 Y=65,7376 Vx=-48,9741 Vy=-153,0235
[4311,183] Ball=B001 X=63,3140 Y=23,3936 Vx=7,6464 Vy=216,5830
[4327,178] Ball=B001 X=63,4363 Y=26,8577 Vx=7,6464 Vy=216,5830
[4324,241] Ball=B003 X=360,1545 Y=63,2887 Vx=-48,9741 Vy=-153,0235
[4324,696] Ball=B002 X=153,9832 Y=37,0243 Vx=-11,0906 Vy=-94,5081
[4343,178] Ball=B001 X=63,5586 Y=30,3230 Vx=7,6464 Vy=216,5830
[4340,687] Ball=B002 X=153,8059 Y=35,5132 Vx=-11,0906 Vy=-94,5081
[4340,252] Ball=B003 X=359,3704 Y=60,8387 Vx=-48,9741 Vy=-153,0235
[4355,227] Ball=B003 X=358,6371 Y=58,5473 Vx=-48,9741 Vy=-153,0235
[4355,691] Ball=B002 X=153,6395 Y=34,0951 Vx=-11,0906 Vy=-94,5081
[4358,188] Ball=B001 X=63,6734 Y=33,5740 Vx=7,6464 Vy=216,5830
[4371,123] Ball=B003 X=357,8586 Y=56,1148 Vx=-48,9741 Vy=-153,0235
[4371,582] Ball=B002 X=153,4632 Y=32,5933 Vx=-11,0906 Vy=-94,5081
[4374,078] Ball=B001 X=63,7949 Y=37,0156 Vx=7,6464 Vy=216,5830
[4386,229] Ball=B003 X=357,1187 Y=53,8031 Vx=-48,9741 Vy=-153,0235
[4386,691] Ball=B002 X=153,2957 Y=31,1653 Vx=-11,0906 Vy=-94,5081
[4389,172] Ball=B001 X=63,9103 Y=40,2845 Vx=7,6464 Vy=216,5830
[4404,172] Ball=B001 X=64,0250 Y=43,5324 Vx=7,6464 Vy=216,5830
[4401,246] Ball=B003 X=356,3833 Y=51,5052 Vx=-48,9741 Vy=-153,0235
[4401,698] Ball=B002 X=153,1292 Y=29,7471 Vx=-11,0906 Vy=-94,5081
[4416,616] Ball=B002 X=152,9638 Y=28,3372 Vx=-11,0906 Vy=-94,5081
[4416,174] Ball=B003 X=355,6522 Y=49,2208 Vx=-48,9741 Vy=-153,0235
[4419,120] Ball=B001 X=64,1393 Y=46,7708 Vx=7,6464 Vy=216,5830
[4431,088] Ball=B003 X=354,9218 Y=46,9386 Vx=-48,9741 Vy=-153,0235
[4431,532] Ball=B002 X=152,7984 Y=26,9276 Vx=-11,0906 Vy=-94,5081
[4434,034] Ball=B001 X=64,2534 Y=50,0010 Vx=7,6464 Vy=216,5830
[4450,033] Ball=B001 X=64,3757 Y=53,4659 Vx=7,6464 Vy=216,5830
[4447,096] Ball=B003 X=354,1379 Y=44,4891 Vx=-48,9741 Vy=-153,0235
[4447,555] Ball=B002 X=152,6206 Y=25,4132 Vx=-11,0906 Vy=-94,5081
[4463,537] Ball=B002 X=152,4434 Y=23,9029 Vx=-11,0906 Vy=-94,5081
[4463,091] Ball=B003 X=353,3546 Y=42,0416 Vx=-48,9741 Vy=-153,0235
[4466,036] Ball=B001 X=64,4981 Y=56,9321 Vx=7,6464 Vy=216,5830
[4478,671] Ball=B002 X=152,2755 Y=22,4725 Vx=-11,0906 Vy=-94,5081
[4481,161] Ball=B001 X=64,6137 Y=60,2076 Vx=7,6464 Vy=216,5830
[4478,236] Ball=B003 X=352,6128 Y=39,7239 Vx=-48,9741 Vy=-153,0235
[4494,230] Ball=B003 X=351,8295 Y=37,2765 Vx=-48,9741 Vy=-153,0235
[4497,172] Ball=B001 X=64,7361 Y=63,6754 Vx=7,6464 Vy=216,5830
[4494,688] Ball=B002 X=152,0979 Y=20,9587 Vx=-11,0906 Vy=-94,5081
[4509,657] Ball=B002 X=151,9319 Y=19,5440 Vx=-11,0906 Vy=-94,5081
[4509,214] Ball=B003 X=351,0957 Y=34,9836 Vx=-48,9741 Vy=-153,0235
[4512,161] Ball=B001 X=64,8508 Y=66,9218 Vx=7,6464 Vy=216,5830
[4528,088] Ball=B001 X=64,9725 Y=70,3713 Vx=7,6464 Vy=216,5830
[4525,187] Ball=B003 X=350,3134 Y=32,5392 Vx=-48,9741 Vy=-153,0235
[4525,725] Ball=B002 X=151,7537 Y=18,0255 Vx=-11,0906 Vy=-94,5081
[4541,212] Ball=B003 X=349,5286 Y=30,0871 Vx=-48,9741 Vy=-153,0235
[4544,153] Ball=B001 X=65,0954 Y=73,8506 Vx=7,6464 Vy=216,5830
[4541,692] Ball=B002 X=151,5766 Y=16,5167 Vx=-11,0906 Vy=-94,5081
[4557,666] Ball=B002 X=151,3994 Y=15,0068 Vx=-11,0906 Vy=-94,5081
[4560,176] Ball=B001 X=65,2179 Y=77,3210 Vx=7,6464 Vy=216,5830
[4557,248] Ball=B003 X=348,7432 Y=27,6331 Vx=-48,9741 Vy=-153,0235
[4575,984] Ball=B001 X=65,3387 Y=80,7438 Vx=7,6464 Vy=216,5830
[4573,053] Ball=B003 X=347,9692 Y=25,2147 Vx=-48,9741 Vy=-153,0235
[4573,501] Ball=B002 X=151,2238 Y=13,5103 Vx=-11,0906 Vy=-94,5081
[4588,664] Ball=B002 X=151,0557 Y=12,0773 Vx=-11,0906 Vy=-94,5081
[4588,223] Ball=B003 X=347,2263 Y=22,8933 Vx=-48,9741 Vy=-153,0235
[4591,170] Ball=B001 X=65,4549 Y=84,0338 Vx=7,6464 Vy=216,5830
[4606,043] Ball=B001 X=65,5686 Y=87,2551 Vx=7,6464 Vy=216,5830
[4603,142] Ball=B003 X=346,4956 Y=20,6103 Vx=-48,9741 Vy=-153,0235
[4603,600] Ball=B002 X=150,8900 Y=10,6657 Vx=-11,0906 Vy=-94,5081
[4619,637] Ball=B002 X=150,7121 Y=9,1500 Vx=-11,0906 Vy=-94,5081
[4622,148] Ball=B001 X=65,6918 Y=90,7431 Vx=7,6464 Vy=216,5830
[4619,490] Ball=B003 X=345,6952 Y=18,1094 Vx=-48,9741 Vy=-153,0235
[4638,043] Ball=B001 X=65,8133 Y=94,1856 Vx=7,6464 Vy=216,5830
[4635,552] Ball=B002 X=150,5356 Y=7,6459 Vx=-11,0906 Vy=-94,5081
[4635,151] Ball=B003 X=344,9280 Y=15,7122 Vx=-48,9741 Vy=-153,0235
[4651,689] Ball=B002 X=150,3567 Y=6,1209 Vx=-11,0906 Vy=-94,5081
[4651,243] Ball=B003 X=344,1400 Y=13,2498 Vx=-48,9741 Vy=-153,0235
[4654,185] Ball=B001 X=65,9367 Y=97,6819 Vx=7,6464 Vy=216,5830
[4667,234] Ball=B003 X=343,3568 Y=10,8028 Vx=-48,9741 Vy=-153,0235
[4670,171] Ball=B001 X=66,0590 Y=101,1440 Vx=7,6464 Vy=216,5830
[4667,691] Ball=B002 X=150,1792 Y=4,6085 Vx=-11,0906 Vy=-94,5081
[4683,549] Ball=B002 X=150,0033 Y=3,1098 Vx=-11,0906 Vy=-94,5081
[4686,045] Ball=B001 X=66,1804 Y=104,5822 Vx=7,6464 Vy=216,5830
[4683,117] Ball=B003 X=342,5789 Y=8,3723 Vx=-48,9741 Vy=-153,0235
[4701,130] Ball=B001 X=66,2957 Y=107,8492 Vx=7,6464 Vy=216,5830
[4698,642] Ball=B002 X=149,8359 Y=1,6834 Vx=-11,0906 Vy=-94,5081
[4698,204] Ball=B003 X=341,8401 Y=6,0636 Vx=-48,9741 Vy=-153,0235
[4717,073] Ball=B001 X=66,4176 Y=111,3023 Vx=7,6464 Vy=216,5830
[4714,168] Ball=B003 X=341,0583 Y=3,6208 Vx=-48,9741 Vy=-153,0235
[4714,624] Ball=B002 X=149,6587 Y=0,1730 Vx=-11,0906 Vy=-94,5081
[4730,663] Ball=B002 X=149,4808 Y=-1,3427 Vx=-11,0906 Vy=-94,5081
[4733,163] Ball=B001 X=66,5406 Y=114,7871 Vx=7,6464 Vy=216,5830
[4730,231] Ball=B003 X=340,2716 Y=1,1627 Vx=-48,9741 Vy=-153,0235
[4748,184] Ball=B001 X=66,6555 Y=118,0403 Vx=7,6464 Vy=216,5830
[4745,253] Ball=B003 X=339,5359 Y=-1,1360 Vx=-48,9741 Vy=-153,0235
[4745,806] Ball=B002 X=149,3129 Y=1,4313 Vx=-11,0906 Vy=94,5081
[4761,668] Ball=B002 X=149,1369 Y=2,9302 Vx=-11,0906 Vy=94,5081
[4761,225] Ball=B003 X=338,7537 Y=2,4442 Vx=-48,9741 Vy=153,0235
[4764,166] Ball=B001 X=66,7777 Y=121,5018 Vx=7,6464 Vy=216,5830
[4780,173] Ball=B001 X=66,9001 Y=124,9686 Vx=7,6464 Vy=216,5830
[4777,236] Ball=B003 X=337,9696 Y=4,8941 Vx=-48,9741 Vy=153,0235
[4777,688] Ball=B002 X=148,9593 Y=4,4444 Vx=-11,0906 Vy=94,5081
[4793,536] Ball=B002 X=148,7835 Y=5,9420 Vx=-11,0906 Vy=94,5081
[4793,100] Ball=B003 X=337,1927 Y=7,3217 Vx=-48,9741 Vy=153,0235
[4796,043] Ball=B001 X=67,0214 Y=128,4058 Vx=7,6464 Vy=216,5830
[4811,157] Ball=B001 X=67,1370 Y=131,6792 Vx=7,6464 Vy=216,5830
[4808,226] Ball=B003 X=336,4519 Y=9,6363 Vx=-48,9741 Vy=153,0235
[4808,682] Ball=B002 X=148,6155 Y=7,3735 Vx=-11,0906 Vy=94,5081
[4823,104] Ball=B003 X=335,7232 Y=11,9130 Vx=-48,9741 Vy=153,0235
[4823,550] Ball=B002 X=148,4506 Y=8,7787 Vx=-11,0906 Vy=94,5081
[4826,049] Ball=B001 X=67,2509 Y=134,9047 Vx=7,6464 Vy=216,5830
[4838,537] Ball=B002 X=148,2844 Y=10,1951 Vx=-11,0906 Vy=94,5081
[4841,026] Ball=B001 X=67,3654 Y=138,1482 Vx=7,6464 Vy=216,5830
[4838,102] Ball=B003 X=334,9887 Y=14,2081 Vx=-48,9741 Vy=153,0235
[4854,546] Ball=B002 X=148,1069 Y=11,7080 Vx=-11,0906 Vy=94,5081
[4857,053] Ball=B001 X=67,4880 Y=141,6196 Vx=7,6464 Vy=216,5830
[4854,122] Ball=B003 X=334,2041 Y=16,6596 Vx=-48,9741 Vy=153,0235
[4869,222] Ball=B003 X=333,4646 Y=18,9703 Vx=-48,9741 Vy=153,0235
[4872,165] Ball=B001 X=67,6035 Y=144,8926 Vx=7,6464 Vy=216,5830
[4869,807] Ball=B002 X=147,9376 Y=13,1503 Vx=-11,0906 Vy=94,5081
[4888,157] Ball=B001 X=67,7258 Y=148,3561 Vx=7,6464 Vy=216,5830
[4885,672] Ball=B002 X=147,7617 Y=14,6497 Vx=-11,0906 Vy=94,5081
[4885,243] Ball=B003 X=332,6800 Y=21,4218 Vx=-48,9741 Vy=153,0235
[4901,221] Ball=B003 X=331,8975 Y=23,8667 Vx=-48,9741 Vy=153,0235
[4901,673] Ball=B002 X=147,5842 Y=16,1619 Vx=-11,0906 Vy=94,5081
[4904,170] Ball=B001 X=67,8482 Y=151,8244 Vx=7,6464 Vy=216,5830
[4916,220] Ball=B003 X=331,1629 Y=26,1620 Vx=-48,9741 Vy=153,0235
[4919,157] Ball=B001 X=67,9628 Y=155,0702 Vx=7,6464 Vy=216,5830
[4916,696] Ball=B002 X=147,4176 Y=17,5817 Vx=-11,0906 Vy=94,5081
[4932,085] Ball=B003 X=330,3860 Y=28,5895 Vx=-48,9741 Vy=153,0235
[4932,533] Ball=B002 X=147,2419 Y=19,0785 Vx=-11,0906 Vy=94,5081
[4935,032] Ball=B001 X=68,0842 Y=158,5085 Vx=7,6464 Vy=216,5830
[4950,161] Ball=B001 X=68,1999 Y=161,7852 Vx=7,6464 Vy=216,5830
[4947,681] Ball=B002 X=147,0739 Y=20,5101 Vx=-11,0906 Vy=94,5081
[4947,241] Ball=B003 X=329,6437 Y=30,9089 Vx=-48,9741 Vy=153,0235
[4962,092] Ball=B003 X=328,9165 Y=33,1813 Vx=-48,9741 Vy=153,0235
[4962,547] Ball=B002 X=146,9091 Y=21,9150 Vx=-11,0906 Vy=94,5081
[4965,051] Ball=B001 X=68,3138 Y=165,0102 Vx=7,6464 Vy=216,5830
[4981,089] Ball=B001 X=68,4364 Y=168,4836 Vx=7,6464 Vy=216,5830
[4978,161] Ball=B003 X=328,1295 Y=35,6404 Vx=-48,9741 Vy=153,0235
[4978,612] Ball=B002 X=146,7309 Y=23,4333 Vx=-11,0906 Vy=94,5081
[4994,685] Ball=B002 X=146,5526 Y=24,9523 Vx=-11,0906 Vy=94,5081
[4994,248] Ball=B003 X=327,3416 Y=38,1021 Vx=-48,9741 Vy=153,0235
[4997,193] Ball=B001 X=68,5595 Y=171,9715 Vx=7,6464 Vy=216,5830
[5012,161] Ball=B001 X=68,6740 Y=175,2134 Vx=7,6464 Vy=216,5830
[5009,232] Ball=B003 X=326,6078 Y=40,3951 Vx=-48,9741 Vy=153,0235
[5009,688] Ball=B002 X=146,3862 Y=26,3702 Vx=-11,0906 Vy=94,5081
[5025,155] Ball=B003 X=325,8280 Y=42,8316 Vx=-48,9741 Vy=153,0235
[5025,601] Ball=B002 X=146,2098 Y=27,8741 Vx=-11,0906 Vy=94,5081
[5028,104] Ball=B001 X=68,7959 Y=178,6664 Vx=7,6464 Vy=216,5830
[5044,076] Ball=B001 X=68,9180 Y=182,1255 Vx=7,6464 Vy=216,5830
[5041,593] Ball=B002 X=146,0324 Y=29,3854 Vx=-11,0906 Vy=94,5081
[5041,151] Ball=B003 X=325,0445 Y=45,2795 Vx=-48,9741 Vy=153,0235
[5057,124] Ball=B003 X=324,2623 Y=47,7235 Vx=-48,9741 Vy=153,0235
[5057,570] Ball=B002 X=145,8552 Y=30,8955 Vx=-11,0906 Vy=94,5081
[5060,104] Ball=B001 X=69,0406 Y=185,5971 Vx=7,6464 Vy=216,5830
[5073,081] Ball=B003 X=323,4808 Y=50,1653 Vx=-48,9741 Vy=153,0235
[5076,018] Ball=B001 X=69,1623 Y=189,0436 Vx=7,6464 Vy=216,5830
[5073,537] Ball=B002 X=145,6781 Y=32,4045 Vx=-11,0906 Vy=94,5081
[5089,085] Ball=B003 X=322,6971 Y=52,6143 Vx=-48,9741 Vy=153,0235
[5089,531] Ball=B002 X=145,5007 Y=33,9159 Vx=-11,0906 Vy=94,5081
[5092,030] Ball=B001 X=69,2847 Y=192,5117 Vx=7,6464 Vy=216,5830
[5105,528] Ball=B002 X=145,3233 Y=35,4279 Vx=-11,0906 Vy=94,5081
[5108,028] Ball=B001 X=69,4070 Y=195,9764 Vx=7,6464 Vy=216,5830
[5105,186] Ball=B003 X=321,9085 Y=55,0783 Vx=-48,9741 Vy=153,0235
[5121,684] Ball=B002 X=145,1441 Y=36,9547 Vx=-11,0906 Vy=94,5081
[5124,178] Ball=B001 X=69,5305 Y=199,4744 Vx=7,6464 Vy=216,5830
[5121,249] Ball=B003 X=321,1218 Y=57,5362 Vx=-48,9741 Vy=153,0235
[5140,074] Ball=B001 X=69,6521 Y=202,9170 Vx=7,6464 Vy=216,5830
[5137,594] Ball=B002 X=144,9677 Y=38,4584 Vx=-11,0906 Vy=94,5081
[5137,154] Ball=B003 X=320,3429 Y=59,9701 Vx=-48,9741 Vy=153,0235
[5153,134] Ball=B003 X=319,5603 Y=62,4154 Vx=-48,9741 Vy=153,0235
[5156,070] Ball=B001 X=69,7744 Y=206,3816 Vx=7,6464 Vy=216,5830
[5153,590] Ball=B002 X=144,7903 Y=39,9701 Vx=-11,0906 Vy=94,5081
[5171,178] Ball=B001 X=69,8899 Y=209,6536 Vx=7,6464 Vy=216,5830
[5168,721] Ball=B002 X=144,6225 Y=41,4001 Vx=-11,0906 Vy=94,5081
[5168,400] Ball=B003 X=318,8126 Y=64,7516 Vx=-48,9741 Vy=153,0235
[5183,597] Ball=B002 X=144,4575 Y=42,8060 Vx=-11,0906 Vy=94,5081
[5183,159] Ball=B003 X=318,0899 Y=67,0099 Vx=-48,9741 Vy=153,0235
[5186,102] Ball=B001 X=70,0040 Y=212,8860 Vx=7,6464 Vy=216,5830
[5202,171] Ball=B001 X=70,1269 Y=216,3662 Vx=7,6464 Vy=216,5830
[5199,238] Ball=B003 X=317,3024 Y=69,4704 Vx=-48,9741 Vy=153,0235
[5199,982] Ball=B002 X=144,2758 Y=44,3545 Vx=-11,0906 Vy=94,5081
[5215,658] Ball=B002 X=144,1019 Y=45,8360 Vx=-11,0906 Vy=94,5081
[5218,147] Ball=B001 X=70,2490 Y=219,8263 Vx=7,6464 Vy=216,5830
[5215,222] Ball=B003 X=316,5196 Y=71,9163 Vx=-48,9741 Vy=153,0235
[5234,146] Ball=B001 X=70,3714 Y=223,2915 Vx=7,6464 Vy=216,5830
[5231,670] Ball=B002 X=143,9243 Y=47,3493 Vx=-11,0906 Vy=94,5081
[5231,230] Ball=B003 X=315,7356 Y=74,3660 Vx=-48,9741 Vy=153,0235
[5247,572] Ball=B002 X=143,7480 Y=48,8521 Vx=-11,0906 Vy=94,5081
[5247,126] Ball=B003 X=314,9571 Y=76,7985 Vx=-48,9741 Vy=153,0235
[5250,068] Ball=B001 X=70,4931 Y=226,7400 Vx=7,6464 Vy=216,5830
[5263,093] Ball=B003 X=314,1752 Y=79,2417 Vx=-48,9741 Vy=153,0235
[5266,024] Ball=B001 X=70,6151 Y=230,1956 Vx=7,6464 Vy=216,5830
[5263,548] Ball=B002 X=143,5708 Y=50,3621 Vx=-11,0906 Vy=94,5081
[5278,687] Ball=B002 X=143,4029 Y=51,7927 Vx=-11,0906 Vy=94,5081
[5281,177] Ball=B001 X=70,7310 Y=233,4776 Vx=7,6464 Vy=216,5830
[5278,253] Ball=B003 X=313,4327 Y=81,5616 Vx=-48,9741 Vy=153,0235
[5294,685] Ball=B002 X=143,2255 Y=53,3047 Vx=-11,0906 Vy=94,5081
[5297,184] Ball=B001 X=70,8534 Y=236,9446 Vx=7,6464 Vy=216,5830
[5294,254] Ball=B003 X=312,6491 Y=84,0101 Vx=-48,9741 Vy=153,0235
[5309,215] Ball=B003 X=311,9164 Y=86,2994 Vx=-48,9741 Vy=153,0235
[5312,158] Ball=B001 X=70,9679 Y=240,1876 Vx=7,6464 Vy=216,5830
[5309,975] Ball=B002 X=143,0559 Y=54,7498 Vx=-11,0906 Vy=94,5081
[5328,030] Ball=B001 X=71,0893 Y=243,6252 Vx=7,6464 Vy=216,5830
[5325,096] Ball=B003 X=311,1386 Y=88,7297 Vx=-48,9741 Vy=153,0235
[5325,539] Ball=B002 X=142,8833 Y=56,2206 Vx=-11,0906 Vy=94,5081
[5343,176] Ball=B001 X=71,2051 Y=246,9057 Vx=7,6464 Vy=216,5830
[5340,686] Ball=B002 X=142,7153 Y=57,6522 Vx=-11,0906 Vy=94,5081
[5340,251] Ball=B003 X=310,3964 Y=91,0487 Vx=-48,9741 Vy=153,0235
[5356,233] Ball=B003 X=309,6137 Y=93,4943 Vx=-48,9741 Vy=153,0235
[5356,690] Ball=B002 X=142,5378 Y=59,1647 Vx=-11,0906 Vy=94,5081
[5359,190] Ball=B001 X=71,3275 Y=250,3741 Vx=7,6464 Vy=216,5830
[5372,103] Ball=B003 X=308,8365 Y=95,9228 Vx=-48,9741 Vy=153,0235
[5372,551] Ball=B002 X=142,3619 Y=60,6637 Vx=-11,0906 Vy=94,5081
[5375,049] Ball=B001 X=71,4488 Y=253,8088 Vx=7,6464 Vy=216,5830
[5387,154] Ball=B003 X=308,0994 Y=98,2258 Vx=-48,9741 Vy=153,0235
[5390,095] Ball=B001 X=71,5638 Y=257,0674 Vx=7,6464 Vy=216,5830
[5387,604] Ball=B002 X=142,1949 Y=62,0864 Vx=-11,0906 Vy=94,5081
[5403,161] Ball=B002 X=142,0224 Y=63,5566 Vx=-11,0906 Vy=94,5081
[5405,652] Ball=B001 X=71,6828 Y=260,4366 Vx=7,6464 Vy=216,5830
[5402,729] Ball=B003 X=307,3366 Y=100,6093 Vx=-48,9741 Vy=153,0235
[5418,237] Ball=B002 X=141,8552 Y=64,9814 Vx=-11,0906 Vy=94,5081
[5420,727] Ball=B001 X=71,7981 Y=263,7017 Vx=7,6464 Vy=216,5830
[5417,801] Ball=B003 X=306,5985 Y=102,9157 Vx=-48,9741 Vy=153,0235
[5434,293] Ball=B002 X=141,6771 Y=66,4988 Vx=-11,0906 Vy=94,5081
[5436,793] Ball=B001 X=71,9209 Y=267,1813 Vx=7,6464 Vy=216,5830
[5433,864] Ball=B003 X=305,8118 Y=105,3738 Vx=-48,9741 Vy=153,0235
[5450,312] Ball=B002 X=141,4995 Y=68,0128 Vx=-11,0906 Vy=94,5081
[5452,800] Ball=B001 X=72,0433 Y=270,6481 Vx=7,6464 Vy=216,5830
[5449,868] Ball=B003 X=305,0283 Y=107,8218 Vx=-48,9741 Vy=153,0235
[5467,740] Ball=B001 X=72,1575 Y=273,8840 Vx=7,6464 Vy=216,5830
[5465,246] Ball=B002 X=141,3338 Y=69,4241 Vx=-11,0906 Vy=94,5081
[5464,813] Ball=B003 X=304,2961 Y=110,1096 Vx=-48,9741 Vy=153,0235
[5480,236] Ball=B002 X=141,1676 Y=70,8408 Vx=-11,0906 Vy=94,5081
[5482,750] Ball=B001 X=72,2723 Y=277,1349 Vx=7,6464 Vy=216,5830
[5479,842] Ball=B003 X=303,5601 Y=112,4094 Vx=-48,9741 Vy=153,0235
[5497,827] Ball=B001 X=72,3876 Y=280,4001 Vx=7,6464 Vy=216,5830
[5494,903] Ball=B003 X=302,8225 Y=114,7140 Vx=-48,9741 Vy=153,0235
[5495,350] Ball=B002 X=141,0000 Y=72,2692 Vx=-11,0906 Vy=94,5081
[5510,342] Ball=B002 X=140,8337 Y=73,6861 Vx=-11,0906 Vy=94,5081
[5512,833] Ball=B001 X=72,5023 Y=283,6503 Vx=7,6464 Vy=216,5830
[5509,901] Ball=B003 X=302,0880 Y=117,0092 Vx=-48,9741 Vy=153,0235
[5525,827] Ball=B003 X=301,3081 Y=119,4460 Vx=-48,9741 Vy=153,0235
[5528,770] Ball=B001 X=72,6242 Y=287,1021 Vx=7,6464 Vy=216,5830
[5526,289] Ball=B002 X=140,6568 Y=75,1932 Vx=-11,0906 Vy=94,5081
[5541,847] Ball=B003 X=300,5235 Y=121,8976 Vx=-48,9741 Vy=153,0235
[5542,293] Ball=B002 X=140,4793 Y=76,7057 Vx=-11,0906 Vy=94,5081
[5544,795] Ball=B001 X=72,7467 Y=290,5728 Vx=7,6464 Vy=216,5830
[5557,384] Ball=B002 X=140,3120 Y=78,1319 Vx=-11,0906 Vy=94,5081
[5556,950] Ball=B003 X=299,7838 Y=124,2086 Vx=-48,9741 Vy=153,0235
[5559,901] Ball=B001 X=72,8622 Y=293,8445 Vx=7,6464 Vy=216,5830
[5574,856] Ball=B001 X=72,9766 Y=297,0835 Vx=7,6464 Vy=216,5830
[5572,370] Ball=B002 X=140,1458 Y=79,5482 Vx=-11,0906 Vy=94,5081
[5571,932] Ball=B003 X=299,0500 Y=126,5014 Vx=-48,9741 Vy=153,0235
[5587,777] Ball=B003 X=298,2743 Y=128,9253 Vx=-48,9741 Vy=153,0235
[5590,723] Ball=B001 X=73,0979 Y=300,5200 Vx=7,6464 Vy=216,5830
[5588,236] Ball=B002 X=139,9698 Y=81,0477 Vx=-11,0906 Vy=94,5081
[5603,256] Ball=B002 X=139,8032 Y=82,4671 Vx=-11,0906 Vy=94,5081
[5605,754] Ball=B001 X=73,2129 Y=303,7755 Vx=7,6464 Vy=216,5830
[5602,830] Ball=B003 X=297,5368 Y=131,2295 Vx=-48,9741 Vy=153,0235
[5621,886] Ball=B001 X=73,3362 Y=307,2694 Vx=7,6464 Vy=216,5830
[5618,953] Ball=B003 X=296,7472 Y=133,6967 Vx=-48,9741 Vy=153,0235
[5619,403] Ball=B002 X=139,6241 Y=83,9932 Vx=-11,0906 Vy=94,5081
[5636,893] Ball=B001 X=73,4510 Y=310,5196 Vx=7,6464 Vy=216,5830
[5634,414] Ball=B002 X=139,4577 Y=85,4119 Vx=-11,0906 Vy=94,5081
[5633,978] Ball=B003 X=296,0114 Y=135,9958 Vx=-48,9741 Vy=153,0235
[5649,901] Ball=B003 X=295,2316 Y=138,4323 Vx=-48,9741 Vy=153,0235
[5650,350] Ball=B002 X=139,2809 Y=86,9180 Vx=-11,0906 Vy=94,5081
[5652,852] Ball=B001 X=73,5730 Y=313,9761 Vx=7,6464 Vy=216,5830
[5667,939] Ball=B001 X=73,6883 Y=317,2436 Vx=7,6464 Vy=216,5830
[5665,452] Ball=B002 X=139,1134 Y=88,3453 Vx=-11,0906 Vy=94,5081
[5665,010] Ball=B003 X=294,4917 Y=140,7445 Vx=-48,9741 Vy=153,0235
[5682,797] Ball=B001 X=73,8020 Y=320,4614 Vx=7,6464 Vy=216,5830
[5679,867] Ball=B003 X=293,7640 Y=143,0180 Vx=-48,9741 Vy=153,0235
[5680,343] Ball=B002 X=138,9483 Y=89,7526 Vx=-11,0906 Vy=94,5081
[5695,888] Ball=B003 X=292,9795 Y=145,4694 Vx=-48,9741 Vy=153,0235
[5696,339] Ball=B002 X=138,7709 Y=91,2643 Vx=-11,0906 Vy=94,5081
[5698,835] Ball=B001 X=73,9246 Y=323,9353 Vx=7,6464 Vy=216,5830
[5711,850] Ball=B003 X=292,1977 Y=147,9121 Vx=-48,9741 Vy=153,0235
[5714,791] Ball=B001 X=74,0466 Y=327,3912 Vx=7,6464 Vy=216,5830
[5712,336] Ball=B002 X=138,5934 Y=92,7762 Vx=-11,0906 Vy=94,5081
[5727,904] Ball=B003 X=291,4115 Y=150,3687 Vx=-48,9741 Vy=153,0235
[5730,860] Ball=B001 X=74,1695 Y=330,8713 Vx=7,6464 Vy=216,5830
[5728,378] Ball=B002 X=138,4155 Y=94,2923 Vx=-11,0906 Vy=94,5081
[5743,318] Ball=B002 X=138,2498 Y=95,7042 Vx=-11,0906 Vy=94,5081
[5745,812] Ball=B001 X=74,2838 Y=334,1097 Vx=7,6464 Vy=216,5830
[5742,884] Ball=B003 X=290,6778 Y=152,6610 Vx=-48,9741 Vy=153,0235
[5758,032] Ball=B003 X=289,9360 Y=154,9790 Vx=-48,9741 Vy=153,0235
[5758,482] Ball=B002 X=138,0817 Y=97,1373 Vx=-11,0906 Vy=94,5081
[5760,985] Ball=B001 X=74,3998 Y=337,3959 Vx=7,6464 Vy=216,5830
[5772,885] Ball=B003 X=289,2086 Y=157,2518 Vx=-48,9741 Vy=153,0235
[5773,330] Ball=B002 X=137,9170 Y=98,5406 Vx=-11,0906 Vy=94,5081
[5775,834] Ball=B001 X=74,5134 Y=340,6120 Vx=7,6464 Vy=216,5830
[5791,956] Ball=B001 X=74,6366 Y=344,1037 Vx=7,6464 Vy=216,5830
[5789,031] Ball=B003 X=288,4179 Y=159,7225 Vx=-48,9741 Vy=153,0235
[5789,483] Ball=B002 X=137,7378 Y=100,0672 Vx=-11,0906 Vy=94,5081
[5803,894] Ball=B003 X=287,6900 Y=161,9969 Vx=-48,9741 Vy=153,0235
[5806,831] Ball=B001 X=74,7504 Y=347,3252 Vx=7,6464 Vy=216,5830
[5804,347] Ball=B002 X=137,5730 Y=101,4720 Vx=-11,0906 Vy=94,5081
[5822,959] Ball=B001 X=74,8737 Y=350,8185 Vx=7,6464 Vy=216,5830
[5820,024] Ball=B003 X=286,9000 Y=164,4652 Vx=-48,9741 Vy=153,0235
[5820,479] Ball=B002 X=137,3941 Y=102,9966 Vx=-11,0906 Vy=94,5081
[5835,464] Ball=B002 X=137,2279 Y=104,4126 Vx=-11,0906 Vy=94,5081
[5837,968] Ball=B001 X=74,9885 Y=354,0690 Vx=7,6464 Vy=216,5830
[5835,038] Ball=B003 X=286,1647 Y=166,7627 Vx=-48,9741 Vy=153,0235
[5853,944] Ball=B001 X=75,1106 Y=357,5292 Vx=7,6464 Vy=216,5830
[5851,020] Ball=B003 X=285,3820 Y=169,2083 Vx=-48,9741 Vy=153,0235
[5851,473] Ball=B002 X=137,0503 Y=105,9258 Vx=-11,0906 Vy=94,5081
[5868,918] Ball=B001 X=75,2251 Y=360,7722 Vx=7,6464 Vy=216,5830
[5866,427] Ball=B002 X=136,8845 Y=107,3390 Vx=-11,0906 Vy=94,5081
[5865,987] Ball=B003 X=284,6490 Y=171,4986 Vx=-48,9741 Vy=153,0235
[5883,879] Ball=B001 X=75,3395 Y=364,0126 Vx=7,6464 Vy=216,5830
[5881,386] Ball=B002 X=136,7186 Y=108,7527 Vx=-11,0906 Vy=94,5081
[5880,948] Ball=B003 X=283,9163 Y=173,7880 Vx=-48,9741 Vy=153,0235
[5896,540] Ball=B002 X=136,5505 Y=110,1848 Vx=-11,0906 Vy=94,5081
[5899,037] Ball=B001 X=75,4554 Y=367,2957 Vx=7,6464 Vy=216,5830
[5896,123] Ball=B003 X=283,1732 Y=176,1101 Vx=-48,9741 Vy=153,0235
[5911,079] Ball=B003 X=282,4406 Y=178,3989 Vx=-48,9741 Vy=153,0235
[5911,532] Ball=B002 X=136,3842 Y=111,6018 Vx=-11,0906 Vy=94,5081
[5914,032] Ball=B001 X=75,5701 Y=362,7523 Vx=7,6464 Vy=-216,5830
[5926,501] Ball=B002 X=136,2182 Y=113,0165 Vx=-11,0906 Vy=94,5081
[5929,004] Ball=B001 X=75,6846 Y=359,5097 Vx=7,6464 Vy=-216,5830
[5926,072] Ball=B003 X=281,7064 Y=180,6930 Vx=-48,9741 Vy=153,0235
[5941,920] Ball=B003 X=280,9302 Y=183,1182 Vx=-48,9741 Vy=153,0235
[5944,863] Ball=B001 X=75,8058 Y=356,0750 Vx=7,6464 Vy=-216,5830
[5942,379] Ball=B002 X=136,0421 Y=114,5171 Vx=-11,0906 Vy=94,5081
[5957,564] Ball=B002 X=135,8737 Y=115,9522 Vx=-11,0906 Vy=94,5081
[5960,065] Ball=B001 X=75,9221 Y=352,7825 Vx=7,6464 Vy=-216,5830
[5957,134] Ball=B003 X=280,1852 Y=185,4463 Vx=-48,9741 Vy=153,0235
[5971,960] Ball=B003 X=279,4591 Y=187,7150 Vx=-48,9741 Vy=153,0235
[5974,903] Ball=B001 X=76,0355 Y=349,5687 Vx=7,6464 Vy=-216,5830
[5972,423] Ball=B002 X=135,7089 Y=117,3565 Vx=-11,0906 Vy=94,5081
[5989,936] Ball=B001 X=76,1505 Y=346,3131 Vx=7,6464 Vy=-216,5830
[5986,999] Ball=B003 X=278,7226 Y=190,0162 Vx=-48,9741 Vy=153,0235
[5987,623] Ball=B002 X=135,5403 Y=118,7931 Vx=-11,0906 Vy=94,5081
[6004,909] Ball=B001 X=76,2650 Y=343,0701 Vx=7,6464 Vy=-216,5830
[6002,426] Ball=B002 X=135,3762 Y=120,1921 Vx=-11,0906 Vy=94,5081
[6001,985] Ball=B003 X=277,9886 Y=192,3096 Vx=-48,9741 Vy=153,0235
[6017,139] Ball=B003 X=277,2465 Y=194,6283 Vx=-48,9741 Vy=153,0235
[6017,586] Ball=B002 X=135,2080 Y=121,6248 Vx=-11,0906 Vy=94,5081
[6020,081] Ball=B001 X=76,3810 Y=339,7840 Vx=7,6464 Vy=-216,5830
[6032,976] Ball=B003 X=276,4709 Y=197,0519 Vx=-48,9741 Vy=153,0235
[6035,913] Ball=B001 X=76,5020 Y=336,3552 Vx=7,6464 Vy=-216,5830
[6033,434] Ball=B002 X=135,0323 Y=123,1225 Vx=-11,0906 Vy=94,5081
[6048,607] Ball=B002 X=134,8640 Y=124,5565 Vx=-11,0906 Vy=94,5081
[6051,099] Ball=B001 X=76,6182 Y=333,0660 Vx=7,6464 Vy=-216,5830
[6048,178] Ball=B003 X=275,7264 Y=199,3781 Vx=-48,9741 Vy=153,0235
[6063,110] Ball=B003 X=274,9951 Y=201,6631 Vx=-48,9741 Vy=153,0235
[6063,556] Ball=B002 X=134,6982 Y=125,9694 Vx=-11,0906 Vy=94,5081
[6066,056] Ball=B001 X=76,7325 Y=329,8267 Vx=7,6464 Vy=-216,5830
[6078,187] Ball=B003 X=274,2567 Y=203,9702 Vx=-48,9741 Vy=153,0235
[6081,126] Ball=B001 X=76,8478 Y=326,5627 Vx=7,6464 Vy=-216,5830
[6078,639] Ball=B002 X=134,5309 Y=127,3948 Vx=-11,0906 Vy=94,5081
[6094,468] Ball=B002 X=134,3554 Y=128,8907 Vx=-11,0906 Vy=94,5081
[6094,034] Ball=B003 X=273,4806 Y=206,3952 Vx=-48,9741 Vy=153,0235
[6096,959] Ball=B001 X=76,9688 Y=323,1336 Vx=7,6464 Vy=-216,5830
[6109,096] Ball=B003 X=272,7430 Y=208,7001 Vx=-48,9741 Vy=153,0235
[6112,033] Ball=B001 X=77,0841 Y=319,8690 Vx=7,6464 Vy=-216,5830
[6109,553] Ball=B002 X=134,1881 Y=130,3164 Vx=-11,0906 Vy=94,5081
[6124,123] Ball=B003 X=272,0071 Y=210,9994 Vx=-48,9741 Vy=153,0235
[6127,060] Ball=B001 X=77,1990 Y=316,6144 Vx=7,6464 Vy=-216,5830
[6124,577] Ball=B002 X=134,0215 Y=131,7363 Vx=-11,0906 Vy=94,5081
[6142,142] Ball=B001 X=77,3143 Y=313,3477 Vx=7,6464 Vy=-216,5830
[6139,660] Ball=B002 X=133,8542 Y=133,1617 Vx=-11,0906 Vy=94,5081
[6139,224] Ball=B003 X=271,2675 Y=213,3103 Vx=-48,9741 Vy=153,0235
[6157,089] Ball=B001 X=77,4286 Y=310,1105 Vx=7,6464 Vy=-216,5830
[6154,157] Ball=B003 X=270,5362 Y=215,5953 Vx=-48,9741 Vy=153,0235
[6154,608] Ball=B002 X=133,6884 Y=134,5745 Vx=-11,0906 Vy=94,5081
[6169,659] Ball=B002 X=133,5215 Y=135,9969 Vx=-11,0906 Vy=94,5081
[6172,162] Ball=B001 X=77,5439 Y=306,8458 Vx=7,6464 Vy=-216,5830
[6169,214] Ball=B003 X=269,7987 Y=217,8995 Vx=-48,9741 Vy=153,0235
[6185,252] Ball=B003 X=269,0133 Y=220,3537 Vx=-48,9741 Vy=153,0235
[6185,704] Ball=B002 X=133,3435 Y=137,5133 Vx=-11,0906 Vy=94,5081
[6188,200] Ball=B001 X=77,6665 Y=303,3722 Vx=7,6464 Vy=-216,5830
[6200,131] Ball=B003 X=268,2846 Y=222,6304 Vx=-48,9741 Vy=153,0235
[6203,338] Ball=B001 X=77,7823 Y=300,0936 Vx=7,6464 Vy=-216,5830
[6200,868] Ball=B002 X=133,1753 Y=138,9464 Vx=-11,0906 Vy=94,5081
[6216,243] Ball=B003 X=267,4956 Y=225,0959 Vx=-48,9741 Vy=153,0235
[6216,695] Ball=B002 X=132,9998 Y=140,4422 Vx=-11,0906 Vy=94,5081
[6219,204] Ball=B001 X=77,9036 Y=296,6574 Vx=7,6464 Vy=-216,5830
[6231,250] Ball=B003 X=266,7606 Y=227,3924 Vx=-48,9741 Vy=153,0235
[6234,187] Ball=B001 X=78,0181 Y=293,4123 Vx=7,6464 Vy=-216,5830
[6231,703] Ball=B002 X=132,8334 Y=141,8606 Vx=-11,0906 Vy=94,5081
[6250,159] Ball=B001 X=78,1403 Y=289,9531 Vx=7,6464 Vy=-216,5830
[6247,679] Ball=B002 X=132,6562 Y=143,3704 Vx=-11,0906 Vy=94,5081
[6247,244] Ball=B003 X=265,9773 Y=229,8399 Vx=-48,9741 Vy=153,0235
[6262,134] Ball=B003 X=265,2481 Y=232,1183 Vx=-48,9741 Vy=153,0235
[6265,077] Ball=B001 X=78,2543 Y=286,7222 Vx=7,6464 Vy=-216,5830
[6262,592] Ball=B002 X=132,4908 Y=144,7799 Vx=-11,0906 Vy=94,5081
[6277,272] Ball=B003 X=264,5067 Y=234,4350 Vx=-48,9741 Vy=153,0235
[6280,212] Ball=B001 X=78,3701 Y=283,4440 Vx=7,6464 Vy=-216,5830
[6277,727] Ball=B002 X=132,3229 Y=146,2103 Vx=-11,0906 Vy=94,5081
[6293,669] Ball=B002 X=132,1461 Y=147,7168 Vx=-11,0906 Vy=94,5081
[6296,160] Ball=B001 X=78,4920 Y=279,9900 Vx=7,6464 Vy=-216,5830
[6293,234] Ball=B003 X=263,7250 Y=236,8775 Vx=-48,9741 Vy=153,0235
[6308,309] Ball=B003 X=262,9867 Y=239,1842 Vx=-48,9741 Vy=153,0235
[6311,247] Ball=B001 X=78,6074 Y=276,7223 Vx=7,6464 Vy=-216,5830
[6308,794] Ball=B002 X=131,9784 Y=149,1463 Vx=-11,0906 Vy=94,5081
[6324,736] Ball=B002 X=131,8016 Y=150,6530 Vx=-11,0906 Vy=94,5081
[6327,236] Ball=B001 X=78,7296 Y=273,2595 Vx=7,6464 Vy=-216,5830
[6324,307] Ball=B003 X=262,2032 Y=241,6323 Vx=-48,9741 Vy=153,0235
[6343,227] Ball=B001 X=78,8519 Y=269,7961 Vx=7,6464 Vy=-216,5830
[6340,289] Ball=B003 X=261,4205 Y=244,0780 Vx=-48,9741 Vy=153,0235
[6340,748] Ball=B002 X=131,6240 Y=152,1662 Vx=-11,0906 Vy=94,5081
[6356,773] Ball=B002 X=131,4463 Y=153,6807 Vx=-11,0906 Vy=94,5081
[6356,333] Ball=B003 X=260,6348 Y=246,5331 Vx=-48,9741 Vy=153,0235
[6359,279] Ball=B001 X=78,9746 Y=266,3194 Vx=7,6464 Vy=-216,5830
[6372,546] Ball=B002 X=131,2713 Y=155,1713 Vx=-11,0906 Vy=94,5081
[6372,101] Ball=B003 X=259,8625 Y=248,9460 Vx=-48,9741 Vy=153,0235
[6375,044] Ball=B001 X=79,0952 Y=262,9050 Vx=7,6464 Vy=-216,5830
[6387,148] Ball=B003 X=259,1257 Y=251,2484 Vx=-48,9741 Vy=153,0235
[6390,092] Ball=B001 X=79,2103 Y=259,6459 Vx=7,6464 Vy=-216,5830
[6387,607] Ball=B002 X=131,1043 Y=156,5948 Vx=-11,0906 Vy=94,5081
[6403,760] Ball=B002 X=130,9251 Y=158,1213 Vx=-11,0906 Vy=94,5081
[6403,340] Ball=B003 X=258,3326 Y=253,7263 Vx=-48,9741 Vy=153,0235
[6406,368] Ball=B001 X=79,3347 Y=256,1209 Vx=7,6464 Vy=-216,5830
[6418,266] Ball=B003 X=257,6017 Y=256,0102 Vx=-48,9741 Vy=153,0235
[6418,725] Ball=B002 X=130,7592 Y=159,5357 Vx=-11,0906 Vy=94,5081
[6421,225] Ball=B001 X=79,4483 Y=252,9030 Vx=7,6464 Vy=-216,5830
[6434,159] Ball=B003 X=256,8233 Y=258,4423 Vx=-48,9741 Vy=153,0235
[6437,095] Ball=B001 X=79,5696 Y=249,4661 Vx=7,6464 Vy=-216,5830
[6434,613] Ball=B002 X=130,5830 Y=161,0373 Vx=-11,0906 Vy=94,5081
[6453,234] Ball=B001 X=79,6931 Y=245,9707 Vx=7,6464 Vy=-216,5830
[6450,743] Ball=B002 X=130,4041 Y=162,5616 Vx=-11,0906 Vy=94,5081
[6450,305] Ball=B003 X=256,0326 Y=260,9130 Vx=-48,9741 Vy=153,0235
[6469,102] Ball=B001 X=79,8144 Y=242,5337 Vx=7,6464 Vy=-216,5830
[6466,164] Ball=B003 X=255,2560 Y=263,3397 Vx=-48,9741 Vy=153,0235
[6466,620] Ball=B002 X=130,2280 Y=164,0622 Vx=-11,0906 Vy=94,5081
[6484,950] Ball=B001 X=79,9356 Y=239,1013 Vx=7,6464 Vy=-216,5830
[6482,468] Ball=B002 X=130,0522 Y=165,5599 Vx=-11,0906 Vy=94,5081
[6482,065] Ball=B003 X=254,4771 Y=265,7731 Vx=-48,9741 Vy=153,0235
[6497,049] Ball=B003 X=253,7434 Y=268,0658 Vx=-48,9741 Vy=153,0235
[6497,496] Ball=B002 X=129,8855 Y=166,9802 Vx=-11,0906 Vy=94,5081
[6499,996] Ball=B001 X=80,0506 Y=235,8426 Vx=7,6464 Vy=-216,5830
[6512,993] Ball=B003 X=252,9626 Y=270,5055 Vx=-48,9741 Vy=153,0235
[6515,930] Ball=B001 X=80,1725 Y=232,3918 Vx=7,6464 Vy=-216,5830
[6513,449] Ball=B002 X=129,7086 Y=168,4878 Vx=-11,0906 Vy=94,5081
[6528,615] Ball=B002 X=129,5404 Y=169,9212 Vx=-11,0906 Vy=94,5081
[6531,117] Ball=B001 X=80,2886 Y=229,1024 Vx=7,6464 Vy=-216,5830
[6528,188] Ball=B003 X=252,2184 Y=272,8309 Vx=-48,9741 Vy=153,0235
[6544,163] Ball=B003 X=251,4360 Y=275,2754 Vx=-48,9741 Vy=153,0235
[6547,108] Ball=B001 X=80,4109 Y=225,6389 Vx=7,6464 Vy=-216,5830
[6544,628] Ball=B002 X=129,3628 Y=171,4346 Vx=-11,0906 Vy=94,5081
[6559,211] Ball=B003 X=250,6991 Y=277,5781 Vx=-48,9741 Vy=153,0235
[6559,657] Ball=B002 X=129,1962 Y=172,8549 Vx=-11,0906 Vy=94,5081
[6562,158] Ball=B001 X=80,5259 Y=222,3793 Vx=7,6464 Vy=-216,5830
[6575,548] Ball=B002 X=129,0199 Y=174,3567 Vx=-11,0906 Vy=94,5081
[6578,041] Ball=B001 X=80,6474 Y=218,9393 Vx=7,6464 Vy=-216,5830
[6575,112] Ball=B003 X=249,9203 Y=280,0115 Vx=-48,9741 Vy=153,0235
[6593,002] Ball=B001 X=80,7618 Y=215,6992 Vx=7,6464 Vy=-216,5830
[6590,552] Ball=B002 X=128,8535 Y=175,7748 Vx=-11,0906 Vy=94,5081
[6590,119] Ball=B003 X=249,1853 Y=282,3079 Vx=-48,9741 Vy=153,0235
[6606,069] Ball=B003 X=248,4042 Y=284,7484 Vx=-48,9741 Vy=153,0235
[6606,525] Ball=B002 X=128,6763 Y=177,2843 Vx=-11,0906 Vy=94,5081
[6609,031] Ball=B001 X=80,8844 Y=212,2275 Vx=7,6464 Vy=-216,5830
[6621,130] Ball=B003 X=247,6667 Y=287,0531 Vx=-48,9741 Vy=153,0235
[6624,067] Ball=B001 X=80,9993 Y=208,9712 Vx=7,6464 Vy=-216,5830
[6621,580] Ball=B002 X=128,5094 Y=178,7071 Vx=-11,0906 Vy=94,5081
[6639,052] Ball=B001 X=81,1139 Y=205,7255 Vx=7,6464 Vy=-216,5830
[6636,561] Ball=B002 X=128,3432 Y=180,1230 Vx=-11,0906 Vy=94,5081
[6636,130] Ball=B003 X=246,9322 Y=289,3478 Vx=-48,9741 Vy=153,0235
[6652,470] Ball=B002 X=128,1668 Y=181,6265 Vx=-11,0906 Vy=94,5081
[6652,024] Ball=B003 X=246,1536 Y=291,7806 Vx=-48,9741 Vy=153,0235
[6654,978] Ball=B001 X=81,2357 Y=202,2762 Vx=7,6464 Vy=-216,5830
[6670,038] Ball=B001 X=81,3508 Y=199,0145 Vx=7,6464 Vy=-216,5830
[6667,550] Ball=B002 X=127,9996 Y=183,0516 Vx=-11,0906 Vy=94,5081
[6667,118] Ball=B003 X=245,4144 Y=294,0905 Vx=-48,9741 Vy=153,0235
[6683,491] Ball=B002 X=127,8228 Y=184,5582 Vx=-11,0906 Vy=94,5081
[6683,045] Ball=B003 X=244,6344 Y=296,5276 Vx=-48,9741 Vy=153,0235
[6685,991] Ball=B001 X=81,4728 Y=195,5592 Vx=7,6464 Vy=-216,5830
[6701,116] Ball=B001 X=81,5885 Y=192,2837 Vx=7,6464 Vy=-216,5830
[6698,207] Ball=B003 X=243,8918 Y=298,8479 Vx=-48,9741 Vy=153,0235
[6698,663] Ball=B002 X=127,6545 Y=185,9921 Vx=-11,0906 Vy=94,5081
[6713,506] Ball=B002 X=127,4899 Y=187,3948 Vx=-11,0906 Vy=94,5081
[6713,092] Ball=B003 X=243,1629 Y=301,1256 Vx=-48,9741 Vy=153,0235
[6716,036] Ball=B001 X=81,7026 Y=189,0519 Vx=7,6464 Vy=-216,5830
[6729,200] Ball=B003 X=242,3740 Y=303,5905 Vx=-48,9741 Vy=153,0235
[6729,648] Ball=B002 X=127,3108 Y=188,9204 Vx=-11,0906 Vy=94,5081
[6732,139] Ball=B001 X=81,8257 Y=185,5644 Vx=7,6464 Vy=-216,5830
[6745,144] Ball=B003 X=241,5932 Y=306,0302 Vx=-48,9741 Vy=153,0235
[6745,631] Ball=B002 X=127,1336 Y=190,4310 Vx=-11,0906 Vy=94,5081
[6748,133] Ball=B001 X=81,9480 Y=182,1003 Vx=7,6464 Vy=-216,5830
[6760,799] Ball=B002 X=126,9654 Y=191,8644 Vx=-11,0906 Vy=94,5081
[6763,287] Ball=B001 X=82,0639 Y=178,8184 Vx=7,6464 Vy=-216,5830
[6760,358] Ball=B003 X=240,8480 Y=308,3585 Vx=-48,9741 Vy=153,0235
[6778,307] Ball=B001 X=82,1787 Y=175,5651 Vx=7,6464 Vy=-216,5830
[6775,370] Ball=B003 X=240,1129 Y=310,6554 Vx=-48,9741 Vy=153,0235
[6775,822] Ball=B002 X=126,7987 Y=193,2842 Vx=-11,0906 Vy=94,5081
[6791,321] Ball=B003 X=239,3317 Y=313,0964 Vx=-48,9741 Vy=153,0235
[6791,770] Ball=B002 X=126,6219 Y=194,7915 Vx=-11,0906 Vy=94,5081
[6794,328] Ball=B001 X=82,3012 Y=172,0953 Vx=7,6464 Vy=-216,5830
[6806,831] Ball=B002 X=126,4548 Y=196,2148 Vx=-11,0906 Vy=94,5081
[6806,389] Ball=B003 X=238,5937 Y=315,4022 Vx=-48,9741 Vy=153,0235
[6809,317] Ball=B001 X=82,4158 Y=168,8491 Vx=7,6464 Vy=-216,5830
[6825,136] Ball=B001 X=82,5368 Y=165,4229 Vx=7,6464 Vy=-216,5830
[6822,641] Ball=B002 X=126,2795 Y=197,7089 Vx=-11,0906 Vy=94,5081
[6822,201] Ball=B003 X=237,8193 Y=317,8218 Vx=-48,9741 Vy=153,0235
[6838,810] Ball=B002 X=126,1002 Y=199,2371 Vx=-11,0906 Vy=94,5081
[6838,367] Ball=B003 X=237,0276 Y=320,2956 Vx=-48,9741 Vy=153,0235
[6841,309] Ball=B001 X=82,6605 Y=161,9199 Vx=7,6464 Vy=-216,5830
[6854,110] Ball=B003 X=236,2567 Y=322,7045 Vx=-48,9741 Vy=153,0235
[6854,562] Ball=B002 X=125,9255 Y=200,7258 Vx=-11,0906 Vy=94,5081
[6857,067] Ball=B001 X=82,7809 Y=158,5071 Vx=7,6464 Vy=-216,5830
[6869,734] Ball=B002 X=125,7572 Y=202,1597 Vx=-11,0906 Vy=94,5081
[6872,253] Ball=B001 X=82,8971 Y=155,2182 Vx=7,6464 Vy=-216,5830
[6870,861] Ball=B003 X=235,4362 Y=325,2680 Vx=-48,9741 Vy=153,0235
[6887,208] Ball=B001 X=83,0114 Y=151,9793 Vx=7,6464 Vy=-216,5830
[6884,729] Ball=B002 X=125,5909 Y=203,5769 Vx=-11,0906 Vy=94,5081
[6886,141] Ball=B003 X=234,6879 Y=327,6061 Vx=-48,9741 Vy=153,0235
[6900,630] Ball=B002 X=125,4146 Y=205,0796 Vx=-11,0906 Vy=94,5081
[6903,113] Ball=B001 X=83,1330 Y=148,5344 Vx=7,6464 Vy=-216,5830
[6901,269] Ball=B003 X=233,9471 Y=329,9211 Vx=-48,9741 Vy=153,0235
[6916,142] Ball=B003 X=233,2187 Y=332,1968 Vx=-48,9741 Vy=153,0235
[6919,085] Ball=B001 X=83,2552 Y=145,0750 Vx=7,6464 Vy=-216,5830
[6916,601] Ball=B002 X=125,2374 Y=206,5891 Vx=-11,0906 Vy=94,5081
[6932,587] Ball=B002 X=125,0601 Y=208,0998 Vx=-11,0906 Vy=94,5081
[6935,088] Ball=B001 X=83,3775 Y=141,6091 Vx=7,6464 Vy=-216,5830
[6932,165] Ball=B003 X=232,4339 Y=334,6489 Vx=-48,9741 Vy=153,0235
[6951,120] Ball=B001 X=83,5001 Y=138,1369 Vx=7,6464 Vy=-216,5830
[6948,192] Ball=B003 X=231,6491 Y=337,1014 Vx=-48,9741 Vy=153,0235
[6948,645] Ball=B002 X=124,8820 Y=209,6174 Vx=-11,0906 Vy=94,5081
[6963,661] Ball=B002 X=124,7155 Y=211,0365 Vx=-11,0906 Vy=94,5081
[6963,215] Ball=B003 X=230,9133 Y=339,4002 Vx=-48,9741 Vy=153,0235
[6966,163] Ball=B001 X=83,6151 Y=134,8788 Vx=7,6464 Vy=-216,5830
[6978,324] Ball=B003 X=230,1734 Y=341,7123 Vx=-48,9741 Vy=153,0235
[6978,770] Ball=B002 X=124,5479 Y=212,4644 Vx=-11,0906 Vy=94,5081
[6981,269] Ball=B001 X=83,7307 Y=131,6070 Vx=7,6464 Vy=-216,5830
[6997,268] Ball=B001 X=83,8530 Y=128,1419 Vx=7,6464 Vy=-216,5830
[6994,784] Ball=B002 X=124,3703 Y=213,9780 Vx=-11,0906 Vy=94,5081
[6994,350] Ball=B003 X=229,3885 Y=344,1647 Vx=-48,9741 Vy=153,0235
[7010,312] Ball=B003 X=228,6068 Y=346,6072 Vx=-48,9741 Vy=153,0235
[7010,759] Ball=B002 X=124,1931 Y=215,4877 Vx=-11,0906 Vy=94,5081
[7013,258] Ball=B001 X=83,9753 Y=124,6787 Vx=7,6464 Vy=-216,5830
[7026,195] Ball=B003 X=227,8290 Y=349,0375 Vx=-48,9741 Vy=153,0235
[7026,641] Ball=B002 X=124,0170 Y=216,9886 Vx=-11,0906 Vy=94,5081
[7029,142] Ball=B001 X=84,0967 Y=121,2386 Vx=7,6464 Vy=-216,5830
[7042,626] Ball=B002 X=123,8397 Y=218,4993 Vx=-11,0906 Vy=94,5081
[7045,117] Ball=B001 X=84,2189 Y=117,7789 Vx=7,6464 Vy=-216,5830
[7042,223] Ball=B003 X=227,0439 Y=351,4904 Vx=-48,9741 Vy=153,0235
[7060,414] Ball=B001 X=84,3358 Y=114,4656 Vx=7,6464 Vy=-216,5830
[7057,920] Ball=B002 X=123,6701 Y=219,9448 Vx=-11,0906 Vy=94,5081
[7057,493] Ball=B003 X=226,2961 Y=353,8270 Vx=-48,9741 Vy=153,0235
[7073,471] Ball=B003 X=225,5137 Y=356,2719 Vx=-48,9741 Vy=153,0235
[7076,418] Ball=B001 X=84,4582 Y=110,9995 Vx=7,6464 Vy=-216,5830
[7073,933] Ball=B002 X=123,4925 Y=221,4582 Vx=-11,0906 Vy=94,5081
[7089,764] Ball=B002 X=123,3169 Y=222,9543 Vx=-11,0906 Vy=94,5081
[7092,266] Ball=B001 X=84,5794 Y=107,5670 Vx=7,6464 Vy=-216,5830
[7089,594] Ball=B003 X=224,7272 Y=358,7293 Vx=-48,9741 Vy=153,0235
[7105,481] Ball=B003 X=223,9460 Y=361,1702 Vx=-48,9741 Vy=153,0235
[7105,938] Ball=B002 X=123,1376 Y=224,4829 Vx=-11,0906 Vy=94,5081
[7108,432] Ball=B001 X=84,7030 Y=104,0658 Vx=7,6464 Vy=-216,5830
[7120,329] Ball=B003 X=223,2189 Y=363,4422 Vx=-48,9741 Vy=153,0235
[7120,785] Ball=B002 X=122,9729 Y=225,8860 Vx=-11,0906 Vy=94,5081
[7123,281] Ball=B001 X=84,8165 Y=100,8496 Vx=7,6464 Vy=-216,5830
[7138,493] Ball=B003 X=222,3293 Y=366,2219 Vx=-48,9741 Vy=153,0235
[7141,430] Ball=B001 X=84,9553 Y=96,9191 Vx=7,6464 Vy=-216,5830
[7138,945] Ball=B002 X=122,7715 Y=227,6024 Vx=-11,0906 Vy=94,5081
[7154,107] Ball=B002 X=122,6034 Y=229,0346 Vx=-11,0906 Vy=94,5081
[7153,665] Ball=B003 X=221,5862 Y=368,5436 Vx=-48,9741 Vy=153,0235
[7156,752] Ball=B001 X=85,0725 Y=93,6004 Vx=7,6464 Vy=-216,5830
[7170,125] Ball=B002 X=122,4257 Y=230,5490 Vx=-11,0906 Vy=94,5081
[7169,690] Ball=B003 X=220,8014 Y=370,9958 Vx=-48,9741 Vy=153,0235
[7172,633] Ball=B001 X=85,1939 Y=90,1608 Vx=7,6464 Vy=-216,5830
[7184,796] Ball=B003 X=220,0616 Y=367,6885 Vx=-48,9741 Vy=-153,0235
[7188,113] Ball=B001 X=85,3123 Y=86,8081 Vx=7,6464 Vy=-216,5830
[7185,632] Ball=B002 X=122,2537 Y=232,0147 Vx=-11,0906 Vy=94,5081
[7200,252] Ball=B002 X=122,0916 Y=233,3964 Vx=-11,0906 Vy=94,5081
[7199,806] Ball=B003 X=219,3265 Y=365,3915 Vx=-48,9741 Vy=-153,0235
[7202,751] Ball=B001 X=85,4242 Y=83,6377 Vx=7,6464 Vy=-216,5830
[7214,809] Ball=B003 X=218,5918 Y=363,0960 Vx=-48,9741 Vy=-153,0235
[7217,748] Ball=B001 X=85,5389 Y=80,3897 Vx=7,6464 Vy=-216,5830
[7215,275] Ball=B002 X=121,9249 Y=234,8162 Vx=-11,0906 Vy=94,5081
[7231,256] Ball=B002 X=121,7477 Y=236,3264 Vx=-11,0906 Vy=94,5081
[7230,810] Ball=B003 X=217,8081 Y=360,6473 Vx=-48,9741 Vy=-153,0235
[7233,752] Ball=B001 X=85,6612 Y=76,9236 Vx=7,6464 Vy=-216,5830
[7246,813] Ball=B003 X=217,0244 Y=358,1984 Vx=-48,9741 Vy=-153,0235
[7249,747] Ball=B001 X=85,7836 Y=73,4593 Vx=7,6464 Vy=-216,5830
[7247,280] Ball=B002 X=121,5700 Y=237,8409 Vx=-11,0906 Vy=94,5081
[7264,666] Ball=B001 X=85,8976 Y=70,2281 Vx=7,6464 Vy=-216,5830
[7261,742] Ball=B003 X=216,2932 Y=355,9139 Vx=-48,9741 Vy=-153,0235
[7262,196] Ball=B002 X=121,4046 Y=239,2506 Vx=-11,0906 Vy=94,5081
[7280,734] Ball=B001 X=86,0205 Y=66,7479 Vx=7,6464 Vy=-216,5830
[7278,241] Ball=B002 X=121,2266 Y=240,7669 Vx=-11,0906 Vy=94,5081
[7277,806] Ball=B003 X=215,5065 Y=353,4557 Vx=-48,9741 Vy=-153,0235
[7292,695] Ball=B003 X=214,7774 Y=351,1776 Vx=-48,9741 Vy=-153,0235
[7293,147] Ball=B002 X=121,0613 Y=242,1757 Vx=-11,0906 Vy=94,5081
[7295,921] Ball=B001 X=86,1366 Y=63,4588 Vx=7,6464 Vy=-216,5830
[7308,823] Ball=B003 X=213,9875 Y=348,7095 Vx=-48,9741 Vy=-153,0235
[7309,269] Ball=B002 X=120,8825 Y=243,6993 Vx=-11,0906 Vy=94,5081
[7311,770] Ball=B001 X=86,2578 Y=60,0262 Vx=7,6464 Vy=-216,5830
[7323,685] Ball=B003 X=213,2597 Y=346,4353 Vx=-48,9741 Vy=-153,0235
[7324,131] Ball=B002 X=120,7177 Y=245,1039 Vx=-11,0906 Vy=94,5081
[7326,633] Ball=B001 X=86,3715 Y=56,8069 Vx=7,6464 Vy=-216,5830
[7339,269] Ball=B002 X=120,5498 Y=246,5346 Vx=-11,0906 Vy=94,5081
[7338,823] Ball=B003 X=212,5183 Y=344,1189 Vx=-48,9741 Vy=-153,0235
[7341,770] Ball=B001 X=86,4872 Y=53,5285 Vx=7,6464 Vy=-216,5830
[7354,115] Ball=B002 X=120,3851 Y=247,9376 Vx=-11,0906 Vy=94,5081
[7356,612] Ball=B001 X=86,6007 Y=50,3142 Vx=7,6464 Vy=-216,5830
[7353,678] Ball=B003 X=211,7908 Y=341,8456 Vx=-48,9741 Vy=-153,0235
[7370,120] Ball=B002 X=120,2076 Y=249,4502 Vx=-11,0906 Vy=94,5081
[7369,690] Ball=B003 X=211,0066 Y=339,3954 Vx=-48,9741 Vy=-153,0235
[7372,644] Ball=B001 X=86,7233 Y=46,8419 Vx=7,6464 Vy=-216,5830
[7385,670] Ball=B003 X=210,2240 Y=336,9501 Vx=-48,9741 Vy=-153,0235
[7388,622] Ball=B001 X=86,8455 Y=43,3812 Vx=7,6464 Vy=-216,5830
[7386,143] Ball=B002 X=120,0299 Y=250,9646 Vx=-11,0906 Vy=94,5081
[7404,752] Ball=B001 X=86,9688 Y=39,8878 Vx=7,6464 Vy=-216,5830
[7402,274] Ball=B002 X=119,8510 Y=252,4891 Vx=-11,0906 Vy=94,5081
[7401,831] Ball=B003 X=209,4325 Y=334,4771 Vx=-48,9741 Vy=-153,0235
[7417,822] Ball=B003 X=208,6494 Y=332,0302 Vx=-48,9741 Vy=-153,0235
[7418,272] Ball=B002 X=119,6736 Y=254,0010 Vx=-11,0906 Vy=94,5081
[7420,774] Ball=B001 X=87,0913 Y=36,4177 Vx=7,6464 Vy=-216,5830
[7436,668] Ball=B001 X=87,2128 Y=32,9753 Vx=7,6464 Vy=-216,5830
[7433,771] Ball=B003 X=207,8706 Y=329,5966 Vx=-48,9741 Vy=-153,0235
[7434,224] Ball=B002 X=119,4967 Y=255,5086 Vx=-11,0906 Vy=94,5081
[7449,819] Ball=B003 X=207,0824 Y=327,1339 Vx=-48,9741 Vy=-153,0235
[7452,765] Ball=B001 X=87,3359 Y=29,4891 Vx=7,6464 Vy=-216,5830
[7450,272] Ball=B002 X=119,3187 Y=257,0253 Vx=-11,0906 Vy=94,5081
[7468,756] Ball=B001 X=87,4582 Y=26,0258 Vx=7,6464 Vy=-216,5830
[7466,265] Ball=B002 X=119,1413 Y=258,5367 Vx=-11,0906 Vy=94,5081
[7465,826] Ball=B003 X=206,2984 Y=324,6842 Vx=-48,9741 Vy=-153,0235
[7483,732] Ball=B001 X=87,5727 Y=22,7821 Vx=7,6464 Vy=-216,5830
[7480,804] Ball=B003 X=205,5649 Y=322,3923 Vx=-48,9741 Vy=-153,0235
[7481,254] Ball=B002 X=118,9751 Y=259,9534 Vx=-11,0906 Vy=94,5081
[7500,063] Ball=B001 X=87,6976 Y=19,2450 Vx=7,6464 Vy=-216,5830
[7497,582] Ball=B002 X=118,7940 Y=261,4965 Vx=-11,0906 Vy=94,5081
[7497,116] Ball=B003 X=204,7661 Y=319,8964 Vx=-48,9741 Vy=-153,0235
[7513,125] Ball=B002 X=118,6216 Y=262,9653 Vx=-11,0906 Vy=94,5081
[7515,619] Ball=B001 X=87,8165 Y=15,8759 Vx=7,6464 Vy=-216,5830
[7512,694] Ball=B003 X=204,0031 Y=317,5124 Vx=-48,9741 Vy=-153,0235
[7531,768] Ball=B001 X=87,9400 Y=12,3787 Vx=7,6464 Vy=-216,5830
[7528,832] Ball=B003 X=203,2128 Y=315,0429 Vx=-48,9741 Vy=-153,0235
[7529,277] Ball=B002 X=118,4425 Y=264,4919 Vx=-11,0906 Vy=94,5081
[7545,258] Ball=B002 X=118,2652 Y=266,0022 Vx=-11,0906 Vy=94,5081
[7544,818] Ball=B003 X=202,4298 Y=312,5966 Vx=-48,9741 Vy=-153,0235
[7547,756] Ball=B001 X=88,0623 Y=8,9156 Vx=7,6464 Vy=-216,5830
[7562,749] Ball=B001 X=88,1769 Y=5,6684 Vx=7,6464 Vy=-216,5830
[7560,258] Ball=B002 X=118,0989 Y=267,4198 Vx=-11,0906 Vy=94,5081
[7559,819] Ball=B003 X=201,6952 Y=310,3012 Vx=-48,9741 Vy=-153,0235
[7576,249] Ball=B002 X=117,9215 Y=268,9311 Vx=-11,0906 Vy=94,5081
[7575,816] Ball=B003 X=200,9118 Y=307,8533 Vx=-48,9741 Vy=-153,0235
[7578,762] Ball=B001 X=88,2993 Y=2,2002 Vx=7,6464 Vy=-216,5830
[7594,680] Ball=B001 X=88,4211 Y=-1,2472 Vx=7,6464 Vy=-216,5830
[7592,199] Ball=B002 X=117,7446 Y=270,4386 Vx=-11,0906 Vy=94,5081
[7591,743] Ball=B003 X=200,1318 Y=305,4161 Vx=-48,9741 Vy=-153,0235
[7610,712] Ball=B001 X=88,5436 Y=3,4721 Vx=7,6464 Vy=216,5830
[7608,264] Ball=B002 X=117,5665 Y=271,9568 Vx=-11,0906 Vy=94,5081
[7607,824] Ball=B003 X=199,3442 Y=302,9552 Vx=-48,9741 Vy=-153,0235
[7624,250] Ball=B002 X=117,3892 Y=273,4676 Vx=-11,0906 Vy=94,5081
[7623,811] Ball=B003 X=198,5613 Y=300,5090 Vx=-48,9741 Vy=-153,0235
[7626,753] Ball=B001 X=88,6663 Y=6,9467 Vx=7,6464 Vy=216,5830
[7640,138] Ball=B002 X=117,2130 Y=274,9691 Vx=-11,0906 Vy=94,5081
[7642,632] Ball=B001 X=88,7877 Y=10,3856 Vx=7,6464 Vy=216,5830
[7639,707] Ball=B003 X=197,7828 Y=298,0765 Vx=-48,9741 Vy=-153,0235
[7657,741] Ball=B001 X=88,9033 Y=13,6579 Vx=7,6464 Vy=216,5830
[7654,813] Ball=B003 X=197,0430 Y=295,7649 Vx=-48,9741 Vy=-153,0235
[7655,267] Ball=B002 X=117,0452 Y=276,3990 Vx=-11,0906 Vy=94,5081
[7671,120] Ball=B002 X=116,8693 Y=277,8972 Vx=-11,0906 Vy=94,5081
[7673,620] Ball=B001 X=89,0247 Y=17,0972 Vx=7,6464 Vy=216,5830
[7670,676] Ball=B003 X=196,2661 Y=293,3376 Vx=-48,9741 Vy=-153,0235
[7686,111] Ball=B002 X=116,7031 Y=279,3140 Vx=-11,0906 Vy=94,5081
[7686,164] Ball=B003 X=195,5075 Y=290,9674 Vx=-48,9741 Vy=-153,0235
[7689,186] Ball=B001 X=89,1437 Y=20,4685 Vx=7,6464 Vy=216,5830
[7703,610] Ball=B001 X=89,2540 Y=23,5924 Vx=7,6464 Vy=216,5830
[7700,674] Ball=B003 X=194,7970 Y=288,7470 Vx=-48,9741 Vy=-153,0235
[7701,132] Ball=B002 X=116,5365 Y=280,7336 Vx=-11,0906 Vy=94,5081
[7718,748] Ball=B001 X=89,3697 Y=26,8711 Vx=7,6464 Vy=216,5830
[7715,811] Ball=B003 X=194,0556 Y=286,4307 Vx=-48,9741 Vy=-153,0235
[7716,263] Ball=B002 X=116,3687 Y=282,1636 Vx=-11,0906 Vy=94,5081
[7733,651] Ball=B001 X=89,4837 Y=30,0988 Vx=7,6464 Vy=216,5830
[7731,160] Ball=B003 X=193,3039 Y=284,0820 Vx=-48,9741 Vy=-153,0235
[7731,654] Ball=B002 X=116,1980 Y=283,6182 Vx=-11,0906 Vy=94,5081
[7745,849] Ball=B003 X=192,5846 Y=281,8344 Vx=-48,9741 Vy=-153,0235
[7748,785] Ball=B001 X=89,5994 Y=33,3767 Vx=7,6464 Vy=216,5830
[7746,294] Ball=B002 X=116,0356 Y=285,0015 Vx=-11,0906 Vy=94,5081
[7761,813] Ball=B003 X=191,8027 Y=279,3913 Vx=-48,9741 Vy=-153,0235
[7764,748] Ball=B001 X=89,7215 Y=36,8339 Vx=7,6464 Vy=216,5830
[7762,276] Ball=B002 X=115,8584 Y=286,5121 Vx=-11,0906 Vy=94,5081
[7777,265] Ball=B002 X=115,6921 Y=287,9287 Vx=-11,0906 Vy=94,5081
[7776,827] Ball=B003 X=191,0675 Y=277,0939 Vx=-48,9741 Vy=-153,0235
[7779,771] Ball=B001 X=89,8364 Y=40,0877 Vx=7,6464 Vy=216,5830
[7794,757] Ball=B001 X=89,9509 Y=43,3334 Vx=7,6464 Vy=216,5830
[7791,828] Ball=B003 X=190,3328 Y=274,7983 Vx=-48,9741 Vy=-153,0235
[7792,285] Ball=B002 X=115,5256 Y=289,3483 Vx=-11,0906 Vy=94,5081
[7808,246] Ball=B002 X=115,3485 Y=290,8567 Vx=-11,0906 Vy=94,5081
[7807,809] Ball=B003 X=189,5501 Y=272,3529 Vx=-48,9741 Vy=-153,0235
[7810,753] Ball=B001 X=90,0733 Y=46,7980 Vx=7,6464 Vy=216,5830
[7825,754] Ball=B001 X=90,1880 Y=50,0468 Vx=7,6464 Vy=216,5830
[7822,826] Ball=B003 X=188,8147 Y=270,0550 Vx=-48,9741 Vy=-153,0235
[7823,283] Ball=B002 X=115,1818 Y=292,2779 Vx=-11,0906 Vy=94,5081
[7839,273] Ball=B002 X=115,0044 Y=293,7890 Vx=-11,0906 Vy=94,5081
[7841,774] Ball=B001 X=90,3105 Y=53,5166 Vx=7,6464 Vy=216,5830
[7838,827] Ball=B003 X=188,0310 Y=267,6064 Vx=-48,9741 Vy=-153,0235
[7853,684] Ball=B003 X=187,3035 Y=265,3330 Vx=-48,9741 Vy=-153,0235
[7854,136] Ball=B002 X=114,8396 Y=295,1937 Vx=-11,0906 Vy=94,5081
[7856,635] Ball=B001 X=90,4241 Y=56,7351 Vx=7,6464 Vy=216,5830
[7869,289] Ball=B002 X=114,6715 Y=296,6258 Vx=-11,0906 Vy=94,5081
[7868,861] Ball=B003 X=186,5601 Y=263,0104 Vx=-48,9741 Vy=-153,0235
[7871,807] Ball=B001 X=90,5401 Y=60,0211 Vx=7,6464 Vy=216,5830
[7883,812] Ball=B003 X=185,8280 Y=260,7227 Vx=-48,9741 Vy=-153,0235
[7886,761] Ball=B001 X=90,6544 Y=63,2600 Vx=7,6464 Vy=216,5830
[7884,273] Ball=B002 X=114,5053 Y=298,0420 Vx=-11,0906 Vy=94,5081
[7899,857] Ball=B003 X=185,0422 Y=258,2674 Vx=-48,9741 Vy=-153,0235
[7900,306] Ball=B002 X=114,3275 Y=299,5572 Vx=-11,0906 Vy=94,5081
[7902,981] Ball=B001 X=90,7785 Y=66,7730 Vx=7,6464 Vy=216,5830
[7914,861] Ball=B003 X=184,3073 Y=255,9714 Vx=-48,9741 Vy=-153,0235
[7917,810] Ball=B001 X=90,8919 Y=69,9846 Vx=7,6464 Vy=216,5830
[7915,327] Ball=B002 X=114,1609 Y=300,9767 Vx=-11,0906 Vy=94,5081
[7932,661] Ball=B001 X=91,0054 Y=73,2010 Vx=7,6464 Vy=216,5830
[7929,725] Ball=B003 X=183,5794 Y=253,6970 Vx=-48,9741 Vy=-153,0235
[7930,178] Ball=B002 X=113,9962 Y=302,3803 Vx=-11,0906 Vy=94,5081
[7946,248] Ball=B002 X=113,8180 Y=303,8990 Vx=-11,0906 Vy=94,5081
[7945,802] Ball=B003 X=182,7921 Y=251,2368 Vx=-48,9741 Vy=-153,0235
[7948,751] Ball=B001 X=91,1284 Y=76,6858 Vx=7,6464 Vy=216,5830
[7963,822] Ball=B001 X=91,2437 Y=79,9501 Vx=7,6464 Vy=216,5830
[7960,896] Ball=B003 X=182,0528 Y=248,9270 Vx=-48,9741 Vy=-153,0235
[7961,351] Ball=B002 X=113,6505 Y=305,3265 Vx=-11,0906 Vy=94,5081
[7976,739] Ball=B003 X=181,2770 Y=246,5028 Vx=-48,9741 Vy=-153,0235
[7977,185] Ball=B002 X=113,4749 Y=306,8228 Vx=-11,0906 Vy=94,5081
[7979,687] Ball=B001 X=91,3650 Y=83,3861 Vx=7,6464 Vy=216,5830
[7992,164] Ball=B002 X=113,3088 Y=308,2385 Vx=-11,0906 Vy=94,5081
[7994,652] Ball=B001 X=91,4794 Y=86,6273 Vx=7,6464 Vy=216,5830
[7991,731] Ball=B003 X=180,5427 Y=244,2085 Vx=-48,9741 Vy=-153,0235
[8009,805] Ball=B001 X=91,5953 Y=89,9092 Vx=7,6464 Vy=216,5830
[8007,307] Ball=B002 X=113,1409 Y=309,6687 Vx=-11,0906 Vy=94,5081
[8006,873] Ball=B003 X=179,8012 Y=241,8915 Vx=-48,9741 Vy=-153,0235
[8022,798] Ball=B003 X=179,0212 Y=239,4545 Vx=-48,9741 Vy=-153,0235
[8023,244] Ball=B002 X=112,9641 Y=311,1758 Vx=-11,0906 Vy=94,5081
[8025,751] Ball=B001 X=91,7172 Y=93,3627 Vx=7,6464 Vy=216,5830
[8041,812] Ball=B001 X=91,8400 Y=96,8412 Vx=7,6464 Vy=216,5830
[8038,886] Ball=B003 X=178,2334 Y=236,9928 Vx=-48,9741 Vy=-153,0235
[8039,341] Ball=B002 X=112,7856 Y=312,6971 Vx=-11,0906 Vy=94,5081
[8056,642] Ball=B001 X=91,9534 Y=100,0532 Vx=7,6464 Vy=216,5830
[8053,715] Ball=B003 X=177,5071 Y=234,7235 Vx=-48,9741 Vy=-153,0235
[8054,167] Ball=B002 X=112,6211 Y=314,0983 Vx=-11,0906 Vy=94,5081
[8069,762] Ball=B003 X=176,7212 Y=232,2680 Vx=-48,9741 Vy=-153,0235
[8072,721] Ball=B001 X=92,0764 Y=103,5356 Vx=7,6464 Vy=216,5830
[8070,459] Ball=B002 X=112,4404 Y=315,6380 Vx=-11,0906 Vy=94,5081
[8085,309] Ball=B002 X=112,2757 Y=317,0414 Vx=-11,0906 Vy=94,5081
[8084,873] Ball=B003 X=175,9812 Y=229,9555 Vx=-48,9741 Vy=-153,0235
[8087,822] Ball=B001 X=92,1918 Y=106,8062 Vx=7,6464 Vy=216,5830
[8101,182] Ball=B002 X=112,0997 Y=318,5416 Vx=-11,0906 Vy=94,5081
[8103,677] Ball=B001 X=92,3131 Y=110,2404 Vx=7,6464 Vy=216,5830
[8100,749] Ball=B003 X=175,2036 Y=227,5261 Vx=-48,9741 Vy=-153,0235
[8119,797] Ball=B001 X=92,4363 Y=113,7315 Vx=7,6464 Vy=216,5830
[8116,878] Ball=B003 X=174,4138 Y=225,0581 Vx=-48,9741 Vy=-153,0235
[8117,327] Ball=B002 X=111,9206 Y=320,0674 Vx=-11,0906 Vy=94,5081
[8132,182] Ball=B002 X=111,7559 Y=321,4712 Vx=-11,0906 Vy=94,5081
[8134,678] Ball=B001 X=92,5501 Y=116,9546 Vx=7,6464 Vy=216,5830
[8131,751] Ball=B003 X=173,6854 Y=222,7822 Vx=-48,9741 Vy=-153,0235
[8150,806] Ball=B001 X=92,6734 Y=120,4474 Vx=7,6464 Vy=216,5830
[8147,874] Ball=B003 X=172,8958 Y=220,3149 Vx=-48,9741 Vy=-153,0235
[8148,326] Ball=B002 X=111,5768 Y=322,9971 Vx=-11,0906 Vy=94,5081
[8165,659] Ball=B001 X=92,7870 Y=123,6645 Vx=7,6464 Vy=216,5830
[8163,179] Ball=B002 X=111,4121 Y=324,4008 Vx=-11,0906 Vy=94,5081
[8162,739] Ball=B003 X=172,1677 Y=218,0402 Vx=-48,9741 Vy=-153,0235
[8178,682] Ball=B003 X=171,3870 Y=215,6007 Vx=-48,9741 Vy=-153,0235
[8181,658] Ball=B001 X=92,9094 Y=127,1295 Vx=7,6464 Vy=216,5830
[8179,172] Ball=B002 X=111,2347 Y=325,9123 Vx=-11,0906 Vy=94,5081
[8194,306] Ball=B002 X=111,0669 Y=327,3425 Vx=-11,0906 Vy=94,5081
[8196,796] Ball=B001 X=93,0251 Y=130,4082 Vx=7,6464 Vy=216,5830
[8193,870] Ball=B003 X=170,6431 Y=213,2764 Vx=-48,9741 Vy=-153,0235
[8209,754] Ball=B003 X=169,8653 Y=210,8459 Vx=-48,9741 Vy=-153,0235
[8212,688] Ball=B001 X=93,1466 Y=133,8499 Vx=7,6464 Vy=216,5830
[8210,356] Ball=B002 X=110,8889 Y=328,8594 Vx=-11,0906 Vy=94,5081
[8225,298] Ball=B002 X=110,7232 Y=330,2716 Vx=-11,0906 Vy=94,5081
[8224,857] Ball=B003 X=169,1256 Y=208,5347 Vx=-48,9741 Vy=-153,0235
[8227,800] Ball=B001 X=93,2622 Y=137,1232 Vx=7,6464 Vy=216,5830
[8242,671] Ball=B001 X=93,3759 Y=140,3438 Vx=7,6464 Vy=216,5830
[8240,231] Ball=B002 X=110,5575 Y=331,6829 Vx=-11,0906 Vy=94,5081
[8239,788] Ball=B003 X=168,3944 Y=206,2500 Vx=-48,9741 Vy=-153,0235
[8255,852] Ball=B003 X=167,6077 Y=203,7919 Vx=-48,9741 Vy=-153,0235
[8256,310] Ball=B002 X=110,3792 Y=333,2024 Vx=-11,0906 Vy=94,5081
[8258,806] Ball=B001 X=93,4993 Y=143,8385 Vx=7,6464 Vy=216,5830
[8271,811] Ball=B003 X=166,8261 Y=201,3497 Vx=-48,9741 Vy=-153,0235
[8274,762] Ball=B001 X=93,6213 Y=147,2944 Vx=7,6464 Vy=216,5830
[8272,275] Ball=B002 X=110,2022 Y=334,7113 Vx=-11,0906 Vy=94,5081
[8287,851] Ball=B003 X=166,0405 Y=198,8952 Vx=-48,9741 Vy=-153,0235
[8290,797] Ball=B001 X=93,7439 Y=150,7671 Vx=7,6464 Vy=216,5830
[8288,312] Ball=B002 X=110,0243 Y=336,2269 Vx=-11,0906 Vy=94,5081
[8303,296] Ball=B002 X=109,8581 Y=337,6430 Vx=-11,0906 Vy=94,5081
[8305,802] Ball=B001 X=93,8586 Y=154,0171 Vx=7,6464 Vy=216,5830
[8302,874] Ball=B003 X=165,3048 Y=196,5963 Vx=-48,9741 Vy=-153,0235
[8318,790] Ball=B003 X=164,5253 Y=194,1609 Vx=-48,9741 Vy=-153,0235
[8319,238] Ball=B002 X=109,6813 Y=339,1497 Vx=-11,0906 Vy=94,5081
[8321,765] Ball=B001 X=93,9807 Y=157,4743 Vx=7,6464 Vy=216,5830
[8333,851] Ball=B003 X=163,7877 Y=191,8562 Vx=-48,9741 Vy=-153,0235
[8336,797] Ball=B001 X=94,0956 Y=160,7301 Vx=7,6464 Vy=216,5830
[8334,314] Ball=B002 X=109,5141 Y=340,5745 Vx=-11,0906 Vy=94,5081
[8351,669] Ball=B001 X=94,2093 Y=163,9508 Vx=7,6464 Vy=216,5830
[8348,758] Ball=B003 X=163,0577 Y=189,5750 Vx=-48,9741 Vy=-153,0235
[8349,190] Ball=B002 X=109,3491 Y=341,9804 Vx=-11,0906 Vy=94,5081
[8365,312] Ball=B002 X=109,1703 Y=343,5040 Vx=-11,0906 Vy=94,5081
[8364,876] Ball=B003 X=162,2683 Y=187,1085 Vx=-48,9741 Vy=-153,0235
[8367,818] Ball=B001 X=94,3328 Y=167,4487 Vx=7,6464 Vy=216,5830
[8380,317] Ball=B002 X=109,0039 Y=344,9220 Vx=-11,0906 Vy=94,5081
[8379,874] Ball=B003 X=161,5338 Y=184,8135 Vx=-48,9741 Vy=-153,0235
[8382,819] Ball=B001 X=94,4475 Y=170,6977 Vx=7,6464 Vy=216,5830
[8394,863] Ball=B003 X=160,7997 Y=182,5199 Vx=-48,9741 Vy=-153,0235
[8397,808] Ball=B001 X=94,5621 Y=173,9439 Vx=7,6464 Vy=216,5830
[8395,320] Ball=B002 X=108,8375 Y=346,3401 Vx=-11,0906 Vy=94,5081
[8413,793] Ball=B001 X=94,6844 Y=177,4060 Vx=7,6464 Vy=216,5830
[8411,315] Ball=B002 X=108,6601 Y=347,8517 Vx=-11,0906 Vy=94,5081
[8410,860] Ball=B003 X=160,0163 Y=180,0720 Vx=-48,9741 Vy=-153,0235
[8426,847] Ball=B003 X=159,2333 Y=177,6256 Vx=-48,9741 Vy=-153,0235
[8429,791] Ball=B001 X=94,8067 Y=180,8710 Vx=7,6464 Vy=216,5830
[8427,309] Ball=B002 X=108,4827 Y=349,3633 Vx=-11,0906 Vy=94,5081
[8444,785] Ball=B001 X=94,9213 Y=184,1184 Vx=7,6464 Vy=216,5830
[8441,871] Ball=B003 X=158,4982 Y=175,3286 Vx=-48,9741 Vy=-153,0235
[8442,590] Ball=B002 X=108,3133 Y=350,8074 Vx=-11,0906 Vy=94,5081
[8457,857] Ball=B003 X=157,7147 Y=172,8803 Vx=-48,9741 Vy=-153,0235
[8458,363] Ball=B002 X=108,1383 Y=352,2981 Vx=-11,0906 Vy=94,5081
[8461,031] Ball=B001 X=95,0456 Y=187,6370 Vx=7,6464 Vy=216,5830
[8476,813] Ball=B001 X=95,1662 Y=191,0549 Vx=7,6464 Vy=216,5830
[8473,876] Ball=B003 X=156,9301 Y=170,4291 Vx=-48,9741 Vy=-153,0235
[8474,328] Ball=B002 X=107,9613 Y=353,8069 Vx=-11,0906 Vy=94,5081
[8489,750] Ball=B003 X=156,1527 Y=167,9999 Vx=-48,9741 Vy=-153,0235
[8490,200] Ball=B002 X=107,7853 Y=355,3069 Vx=-11,0906 Vy=94,5081
[8492,704] Ball=B001 X=95,2878 Y=194,4969 Vx=7,6464 Vy=216,5830
[8507,613] Ball=B001 X=95,4018 Y=197,7259 Vx=7,6464 Vy=216,5830
[8504,694] Ball=B003 X=155,4208 Y=165,7131 Vx=-48,9741 Vy=-153,0235
[8505,141] Ball=B002 X=107,6196 Y=356,7181 Vx=-11,0906 Vy=94,5081
[8519,720] Ball=B003 X=154,6850 Y=163,4139 Vx=-48,9741 Vy=-153,0235
[8523,396] Ball=B001 X=95,5224 Y=201,1441 Vx=7,6464 Vy=216,5830
[8520,932] Ball=B002 X=107,4444 Y=358,2114 Vx=-11,0906 Vy=94,5081
[8536,216] Ball=B002 X=107,2749 Y=359,6558 Vx=-11,0906 Vy=94,5081
[8535,793] Ball=B003 X=153,8978 Y=160,9543 Vx=-48,9741 Vy=-153,0235
[8538,762] Ball=B001 X=95,6399 Y=204,4722 Vx=7,6464 Vy=216,5830
[8551,168] Ball=B002 X=107,1091 Y=361,0688 Vx=-11,0906 Vy=94,5081
[8550,733] Ball=B003 X=153,1662 Y=158,6682 Vx=-48,9741 Vy=-153,0235
[8555,714] Ball=B001 X=95,7696 Y=208,1438 Vx=7,6464 Vy=216,5830
[8565,933] Ball=B003 X=152,4217 Y=156,3421 Vx=-48,9741 Vy=-153,0235
[8566,389] Ball=B002 X=106,9403 Y=362,5075 Vx=-11,0906 Vy=94,5081
[8570,783] Ball=B001 X=95,8848 Y=211,4075 Vx=7,6464 Vy=216,5830
[8580,853] Ball=B003 X=151,6910 Y=154,0590 Vx=-48,9741 Vy=-153,0235
[8581,309] Ball=B002 X=106,7748 Y=363,9175 Vx=-11,0906 Vy=94,5081
[8586,787] Ball=B001 X=96,0072 Y=214,8737 Vx=7,6464 Vy=216,5830
[8597,304] Ball=B002 X=106,5974 Y=365,4291 Vx=-11,0906 Vy=94,5081
[8596,855] Ball=B003 X=150,9074 Y=151,6104 Vx=-48,9741 Vy=-153,0235
[8602,788] Ball=B001 X=96,1295 Y=218,3391 Vx=7,6464 Vy=216,5830
[8612,279] Ball=B002 X=106,4313 Y=366,8444 Vx=-11,0906 Vy=94,5081
[8611,836] Ball=B003 X=150,1737 Y=149,3179 Vx=-48,9741 Vy=-153,0235
[8618,752] Ball=B001 X=96,2516 Y=221,7968 Vx=7,6464 Vy=216,5830
[8628,175] Ball=B002 X=106,2550 Y=368,3466 Vx=-11,0906 Vy=94,5081
[8627,736] Ball=B003 X=149,3950 Y=146,8849 Vx=-48,9741 Vy=-153,0235
[8633,789] Ball=B001 X=96,3665 Y=225,0525 Vx=7,6464 Vy=216,5830
[8644,302] Ball=B002 X=106,0762 Y=369,8708 Vx=-11,0906 Vy=94,5081
[8643,868] Ball=B003 X=148,6049 Y=144,4162 Vx=-48,9741 Vy=-153,0235
[8648,790] Ball=B001 X=96,4813 Y=228,3024 Vx=7,6464 Vy=216,5830
[8658,785] Ball=B003 X=147,8744 Y=142,1336 Vx=-48,9741 Vy=-153,0235
[8659,230] Ball=B002 X=105,9106 Y=371,2816 Vx=-11,0906 Vy=94,5081
[8664,745] Ball=B001 X=96,6033 Y=231,7581 Vx=7,6464 Vy=216,5830
[8674,868] Ball=B003 X=147,0868 Y=139,6726 Vx=-48,9741 Vy=-153,0235
[8675,312] Ball=B002 X=105,7323 Y=372,8015 Vx=-11,0906 Vy=94,5081
[8679,793] Ball=B001 X=96,7183 Y=235,0171 Vx=7,6464 Vy=216,5830
[8691,317] Ball=B002 X=105,5547 Y=370,4873 Vx=-11,0906 Vy=-94,5081
[8690,871] Ball=B003 X=146,3030 Y=137,2237 Vx=-48,9741 Vy=-153,0235
[8694,775] Ball=B001 X=96,8329 Y=238,2617 Vx=7,6464 Vy=216,5830
[8709,800] Ball=B001 X=96,9478 Y=241,5160 Vx=7,6464 Vy=216,5830
[8707,312] Ball=B002 X=105,3774 Y=368,9757 Vx=-11,0906 Vy=-94,5081
[8706,876] Ball=B003 X=145,5192 Y=134,7745 Vx=-48,9741 Vy=-153,0235
[8721,773] Ball=B003 X=144,7896 Y=132,4950 Vx=-48,9741 Vy=-153,0235
[8724,722] Ball=B001 X=97,0619 Y=244,7479 Vx=7,6464 Vy=216,5830
[8722,311] Ball=B002 X=105,2110 Y=367,5581 Vx=-11,0906 Vy=-94,5081
[8740,733] Ball=B001 X=97,1843 Y=248,2154 Vx=7,6464 Vy=216,5830
[8737,922] Ball=B003 X=143,9990 Y=130,0245 Vx=-48,9741 Vy=-153,0235
[8738,369] Ball=B002 X=105,0329 Y=366,0405 Vx=-11,0906 Vy=-94,5081
[8754,176] Ball=B002 X=104,8576 Y=364,5467 Vx=-11,0906 Vy=-94,5081
[8753,735] Ball=B003 X=143,2243 Y=127,6040 Vx=-48,9741 Vy=-153,0235
[8756,700] Ball=B001 X=97,3064 Y=251,6738 Vx=7,6464 Vy=216,5830
[8769,246] Ball=B002 X=104,6905 Y=363,1225 Vx=-11,0906 Vy=-94,5081
[8768,800] Ball=B003 X=142,4865 Y=125,2988 Vx=-48,9741 Vy=-153,0235
[8772,283] Ball=B001 X=97,4255 Y=255,0489 Vx=7,6464 Vy=216,5830
[8785,714] Ball=B003 X=141,6582 Y=122,7105 Vx=-48,9741 Vy=-153,0235
[8788,651] Ball=B001 X=97,5507 Y=258,5937 Vx=7,6464 Vy=216,5830
[8786,181] Ball=B002 X=104,5026 Y=361,5219 Vx=-11,0906 Vy=-94,5081
[8801,422] Ball=B002 X=104,3336 Y=360,0815 Vx=-11,0906 Vy=-94,5081
[8803,913] Ball=B001 X=97,6674 Y=261,8993 Vx=7,6464 Vy=216,5830
[8800,987] Ball=B003 X=140,9101 Y=120,3732 Vx=-48,9741 Vy=-153,0235
[8816,222] Ball=B003 X=140,1641 Y=118,0421 Vx=-48,9741 Vy=-153,0235
[8816,673] Ball=B002 X=104,1645 Y=358,6402 Vx=-11,0906 Vy=-94,5081
[8819,173] Ball=B001 X=97,7841 Y=265,2045 Vx=7,6464 Vy=216,5830
[8834,140] Ball=B001 X=97,8985 Y=268,4461 Vx=7,6464 Vy=216,5830
[8831,203] Ball=B003 X=139,4304 Y=115,7496 Vx=-48,9741 Vy=-153,0235
[8831,662] Ball=B002 X=103,9982 Y=357,2236 Vx=-11,0906 Vy=-94,5081
[8846,649] Ball=B002 X=103,8320 Y=355,8072 Vx=-11,0906 Vy=-94,5081
[8849,152] Ball=B001 X=98,0133 Y=271,6975 Vx=7,6464 Vy=216,5830
[8846,228] Ball=B003 X=138,6945 Y=113,4504 Vx=-48,9741 Vy=-153,0235
[8864,580] Ball=B001 X=98,1313 Y=275,0388 Vx=7,6464 Vy=216,5830
[8861,641] Ball=B003 X=137,9397 Y=111,0919 Vx=-48,9741 Vy=-153,0235
[8862,125] Ball=B002 X=103,6604 Y=354,3445 Vx=-11,0906 Vy=-94,5081
[8878,244] Ball=B002 X=103,4816 Y=352,8213 Vx=-11,0906 Vy=-94,5081
[8877,805] Ball=B003 X=137,1481 Y=108,6184 Vx=-48,9741 Vy=-153,0235
[8880,749] Ball=B001 X=98,2549 Y=278,5409 Vx=7,6464 Vy=216,5830
[8892,652] Ball=B003 X=136,4210 Y=106,3464 Vx=-48,9741 Vy=-153,0235
[8895,586] Ball=B001 X=98,3684 Y=281,7541 Vx=7,6464 Vy=216,5830
[8893,118] Ball=B002 X=103,3166 Y=351,4155 Vx=-11,0906 Vy=-94,5081
[8908,237] Ball=B002 X=103,1490 Y=349,9867 Vx=-11,0906 Vy=-94,5081
[8910,734] Ball=B001 X=98,4842 Y=285,0351 Vx=7,6464 Vy=216,5830
[8907,803] Ball=B003 X=135,6789 Y=104,0279 Vx=-48,9741 Vy=-153,0235
[8923,780] Ball=B003 X=134,8965 Y=101,5831 Vx=-48,9741 Vy=-153,0235
[8926,719] Ball=B001 X=98,6064 Y=288,4972 Vx=7,6464 Vy=216,5830
[8924,238] Ball=B002 X=102,9715 Y=348,4744 Vx=-11,0906 Vy=-94,5081
[8941,707] Ball=B001 X=98,7210 Y=291,7432 Vx=7,6464 Vy=216,5830
[8939,227] Ball=B002 X=102,8053 Y=347,0578 Vx=-11,0906 Vy=-94,5081
[8938,787] Ball=B003 X=134,1615 Y=99,2867 Vx=-48,9741 Vy=-153,0235
[8957,726] Ball=B001 X=98,8435 Y=295,2126 Vx=7,6464 Vy=216,5830
[8954,790] Ball=B003 X=133,3778 Y=96,8379 Vx=-48,9741 Vy=-153,0235
[8955,241] Ball=B002 X=102,6277 Y=345,5444 Vx=-11,0906 Vy=-94,5081
[8973,541] Ball=B001 X=98,9644 Y=298,6379 Vx=7,6464 Vy=216,5830
[8970,611] Ball=B003 X=132,6030 Y=94,4168 Vx=-48,9741 Vy=-153,0235
[8971,056] Ball=B002 X=102,4523 Y=344,0498 Vx=-11,0906 Vy=-94,5081
[8985,651] Ball=B003 X=131,8665 Y=92,1155 Vx=-48,9741 Vy=-153,0235
[8988,592] Ball=B001 X=99,0795 Y=301,8978 Vx=7,6464 Vy=216,5830
[8986,114] Ball=B002 X=102,2853 Y=342,6266 Vx=-11,0906 Vy=-94,5081
[9001,216] Ball=B002 X=102,1178 Y=341,1993 Vx=-11,0906 Vy=-94,5081
[9003,719] Ball=B001 X=99,1952 Y=305,1739 Vx=7,6464 Vy=216,5830
[9000,787] Ball=B003 X=131,1252 Y=89,7992 Vx=-48,9741 Vy=-153,0235
[9015,685] Ball=B003 X=130,3956 Y=87,5196 Vx=-48,9741 Vy=-153,0235
[9016,131] Ball=B002 X=101,9524 Y=339,7899 Vx=-11,0906 Vy=-94,5081
[9018,628] Ball=B001 X=99,3092 Y=308,4031 Vx=7,6464 Vy=216,5830
[9031,224] Ball=B002 X=101,7850 Y=338,3634 Vx=-11,0906 Vy=-94,5081
[9033,727] Ball=B001 X=99,4247 Y=311,6732 Vx=7,6464 Vy=216,5830
[9030,795] Ball=B003 X=129,6555 Y=85,2072 Vx=-48,9741 Vy=-153,0235
[9046,143] Ball=B002 X=102,2538 Y=344,1257 Vx=19,0081 Vy=245,8442
[9045,697] Ball=B003 X=128,9258 Y=82,9270 Vx=-48,9741 Vy=-153,0235
[9048,641] Ball=B001 X=98,9838 Y=308,6283 Vx=-17,1407 Vy=-63,7072
[9062,096] Ball=B002 X=102,5570 Y=348,0476 Vx=19,0081 Vy=245,8442
[9064,589] Ball=B001 X=98,7104 Y=307,6124 Vx=-17,1407 Vy=-63,7072
[9061,674] Ball=B003 X=128,1433 Y=80,4821 Vx=-48,9741 Vy=-153,0235
[9079,589] Ball=B001 X=98,4533 Y=306,6568 Vx=-17,1407 Vy=-63,7072
[9076,652] Ball=B003 X=127,4098 Y=78,1902 Vx=-48,9741 Vy=-153,0235
[9077,106] Ball=B002 X=102,8423 Y=351,7380 Vx=19,0081 Vy=245,8442
[9094,773] Ball=B001 X=98,1930 Y=305,6895 Vx=-17,1407 Vy=-63,7072
[9092,282] Ball=B002 X=103,1308 Y=355,4687 Vx=19,0081 Vy=245,8442
[9091,848] Ball=B003 X=126,6655 Y=75,8648 Vx=-48,9741 Vy=-153,0235
[9106,681] Ball=B003 X=125,9391 Y=73,5951 Vx=-48,9741 Vy=-153,0235
[9107,131] Ball=B002 X=103,4131 Y=359,1193 Vx=19,0081 Vy=245,8442
[9109,626] Ball=B001 X=97,9384 Y=304,7432 Vx=-17,1407 Vy=-63,7072
[9122,652] Ball=B003 X=125,1569 Y=71,1511 Vx=-48,9741 Vy=-153,0235
[9125,588] Ball=B001 X=97,6649 Y=303,7263 Vx=-17,1407 Vy=-63,7072
[9123,109] Ball=B002 X=103,7168 Y=363,0473 Vx=19,0081 Vy=245,8442
[9141,715] Ball=B001 X=97,3884 Y=302,6989 Vx=-17,1407 Vy=-63,7072
[9139,237] Ball=B002 X=104,0233 Y=367,0123 Vx=19,0081 Vy=245,8442
[9138,798] Ball=B003 X=124,3662 Y=68,6803 Vx=-48,9741 Vy=-153,0235
[9153,640] Ball=B003 X=123,6393 Y=66,4092 Vx=-48,9741 Vy=-153,0235
[9154,090] Ball=B002 X=104,3056 Y=370,6639 Vx=19,0081 Vy=245,8442
[9156,597] Ball=B001 X=97,1333 Y=301,7508 Vx=-17,1407 Vy=-63,7072
[9169,811] Ball=B003 X=122,8474 Y=63,9348 Vx=-48,9741 Vy=-153,0235
[9170,257] Ball=B002 X=104,6129 Y=374,6381 Vx=19,0081 Vy=245,8442
[9172,957] Ball=B001 X=96,8529 Y=300,7085 Vx=-17,1407 Vy=-63,7072
[9189,542] Ball=B001 X=96,5686 Y=299,6520 Vx=-17,1407 Vy=-63,7072
[9186,610] Ball=B003 X=122,0246 Y=61,3640 Vx=-48,9741 Vy=-153,0235
[9187,064] Ball=B002 X=104,9324 Y=367,8676 Vx=19,0081 Vy=-245,8442
[9204,713] Ball=B001 X=96,3086 Y=298,6855 Vx=-17,1407 Vy=-63,7072
[9202,226] Ball=B002 X=105,2206 Y=364,1402 Vx=19,0081 Vy=-245,8442
[9201,787] Ball=B003 X=121,2813 Y=59,0415 Vx=-48,9741 Vy=-153,0235
[9217,212] Ball=B002 X=105,5055 Y=360,4561 Vx=19,0081 Vy=-245,8442
[9219,715] Ball=B001 X=96,0515 Y=297,7297 Vx=-17,1407 Vy=-63,7072
[9216,789] Ball=B003 X=120,5466 Y=56,7458 Vx=-48,9741 Vy=-153,0235
[9235,585] Ball=B001 X=95,7794 Y=296,7187 Vx=-17,1407 Vy=-63,7072
[9232,660] Ball=B003 X=119,7694 Y=54,3173 Vx=-48,9741 Vy=-153,0235
[9233,113] Ball=B002 X=105,8077 Y=356,5468 Vx=19,0081 Vy=-245,8442
[9250,713] Ball=B001 X=95,5201 Y=295,7549 Vx=-17,1407 Vy=-63,7072
[9247,787] Ball=B003 X=119,0286 Y=52,0025 Vx=-48,9741 Vy=-153,0235
[9248,223] Ball=B002 X=106,0949 Y=352,8324 Vx=19,0081 Vy=-245,8442
[9265,752] Ball=B001 X=95,2623 Y=294,7969 Vx=-17,1407 Vy=-63,7072
[9263,260] Ball=B002 X=106,3807 Y=349,1357 Vx=19,0081 Vy=-245,8442
[9262,821] Ball=B003 X=118,2923 Y=49,7019 Vx=-48,9741 Vy=-153,0235
[9279,242] Ball=B002 X=106,6845 Y=345,2064 Vx=19,0081 Vy=-245,8442
[9278,801] Ball=B003 X=117,5097 Y=47,2566 Vx=-48,9741 Vy=-153,0235
[9281,750] Ball=B001 X=94,9881 Y=293,7777 Vx=-17,1407 Vy=-63,7072
[9297,632] Ball=B001 X=94,7159 Y=292,7659 Vx=-17,1407 Vy=-63,7072
[9294,706] Ball=B003 X=116,7308 Y=44,8228 Vx=-48,9741 Vy=-153,0235
[9295,155] Ball=B002 X=106,9870 Y=341,2941 Vx=19,0081 Vy=-245,8442
[9311,245] Ball=B002 X=107,2929 Y=337,3386 Vx=19,0081 Vy=-245,8442
[9313,743] Ball=B001 X=94,4397 Y=291,7395 Vx=-17,1407 Vy=-63,7072
[9310,798] Ball=B003 X=115,9427 Y=42,3603 Vx=-48,9741 Vy=-153,0235
[9329,609] Ball=B001 X=94,1678 Y=290,7287 Vx=-17,1407 Vy=-63,7072
[9326,683] Ball=B003 X=115,1647 Y=39,9296 Vx=-48,9741 Vy=-153,0235
[9327,140] Ball=B002 X=107,5950 Y=333,4308 Vx=19,0081 Vy=-245,8442
[9342,248] Ball=B002 X=107,8822 Y=329,7168 Vx=19,0081 Vy=-245,8442
[9341,805] Ball=B003 X=114,4241 Y=37,6154 Vx=-48,9741 Vy=-153,0235
[9344,751] Ball=B001 X=93,9082 Y=289,7640 Vx=-17,1407 Vy=-63,7072
[9357,803] Ball=B003 X=113,6406 Y=35,1674 Vx=-48,9741 Vy=-153,0235
[9360,754] Ball=B001 X=93,6339 Y=288,7445 Vx=-17,1407 Vy=-63,7072
[9358,274] Ball=B002 X=108,1868 Y=325,7768 Vx=19,0081 Vy=-245,8442
[9375,629] Ball=B001 X=93,3790 Y=287,7969 Vx=-17,1407 Vy=-63,7072
[9373,138] Ball=B002 X=108,4693 Y=322,1228 Vx=19,0081 Vy=-245,8442
[9372,707] Ball=B003 X=112,9107 Y=32,8867 Vx=-48,9741 Vy=-153,0235
[9388,687] Ball=B003 X=112,1281 Y=30,4415 Vx=-48,9741 Vy=-153,0235
[9391,633] Ball=B001 X=93,1046 Y=286,7773 Vx=-17,1407 Vy=-63,7072
[9389,148] Ball=B002 X=108,7737 Y=318,1864 Vx=19,0081 Vy=-245,8442
[9405,286] Ball=B002 X=109,0804 Y=314,2192 Vx=19,0081 Vy=-245,8442
[9407,786] Ball=B001 X=92,8278 Y=285,7482 Vx=-17,1407 Vy=-63,7072
[9404,859] Ball=B003 X=111,3361 Y=27,9667 Vx=-48,9741 Vy=-153,0235
[9419,680] Ball=B003 X=110,6103 Y=25,6988 Vx=-48,9741 Vy=-153,0235
[9422,749] Ball=B001 X=92,5713 Y=284,7950 Vx=-17,1407 Vy=-63,7072
[9420,538] Ball=B002 X=109,3626 Y=310,5693 Vx=19,0081 Vy=-245,8442
[9438,622] Ball=B001 X=91,1943 Y=282,0878 Vx=-82,6531 Vy=-164,2674
[9436,145] Ball=B002 X=111,0059 Y=308,6879 Vx=98,5589 Vy=-123,7353
[9435,692] Ball=B003 X=109,8261 Y=23,2487 Vx=-48,9741 Vy=-153,0235
[9452,274] Ball=B002 X=112,5956 Y=306,6922 Vx=98,5589 Vy=-123,7353
[9455,210] Ball=B001 X=89,8563 Y=279,4287 Vx=-82,6531 Vy=-164,2674
[9452,341] Ball=B003 X=109,0107 Y=20,7009 Vx=-48,9741 Vy=-153,0235
[9470,758] Ball=B001 X=88,5381 Y=276,8088 Vx=-82,6531 Vy=-164,2674
[9467,833] Ball=B003 X=108,2521 Y=18,3304 Vx=-48,9741 Vy=-153,0235
[9468,285] Ball=B002 X=114,1736 Y=304,7110 Vx=98,5589 Vy=-123,7353
[9483,822] Ball=B003 X=107,4690 Y=15,8837 Vx=-48,9741 Vy=-153,0235
[9484,284] Ball=B002 X=115,7505 Y=302,7314 Vx=98,5589 Vy=-123,7353
[9486,780] Ball=B001 X=87,2138 Y=274,1768 Vx=-82,6531 Vy=-164,2674
[9501,763] Ball=B001 X=85,9755 Y=271,7157 Vx=-82,6531 Vy=-164,2674
[9498,841] Ball=B003 X=106,7334 Y=13,5852 Vx=-48,9741 Vy=-153,0235
[9499,278] Ball=B002 X=117,2282 Y=300,8761 Vx=98,5589 Vy=-123,7353
[9514,267] Ball=B002 X=118,7054 Y=299,0216 Vx=98,5589 Vy=-123,7353
[9513,856] Ball=B003 X=105,9981 Y=11,2876 Vx=-48,9741 Vy=-153,0235
[9516,803] Ball=B001 X=84,7323 Y=269,2451 Vx=-82,6531 Vy=-164,2674
[9529,825] Ball=B003 X=105,2161 Y=8,8441 Vx=-48,9741 Vy=-153,0235
[9532,764] Ball=B001 X=83,4131 Y=266,6232 Vx=-82,6531 Vy=-164,2674
[9530,287] Ball=B002 X=120,2845 Y=297,0392 Vx=98,5589 Vy=-123,7353
[9545,146] Ball=B002 X=121,7489 Y=295,2007 Vx=98,5589 Vy=-123,7353
[9547,637] Ball=B001 X=82,1839 Y=264,1802 Vx=-82,6531 Vy=-164,2674
[9544,715] Ball=B003 X=104,4868 Y=6,5655 Vx=-48,9741 Vy=-153,0235
[9561,177] Ball=B002 X=123,3290 Y=293,2170 Vx=98,5589 Vy=-123,7353
[9563,667] Ball=B001 X=80,8589 Y=261,5469 Vx=-82,6531 Vy=-164,2674
[9560,745] Ball=B003 X=103,7018 Y=4,1126 Vx=-48,9741 Vy=-153,0235
[9579,781] Ball=B001 X=79,5271 Y=258,8999 Vx=-82,6531 Vy=-164,2674
[9576,844] Ball=B003 X=102,9133 Y=1,6491 Vx=-48,9741 Vy=-153,0235
[9577,290] Ball=B002 X=124,9170 Y=291,2233 Vx=98,5589 Vy=-123,7353
[9591,820] Ball=B003 X=102,1799 Y=-0,6427 Vx=-48,9741 Vy=-153,0235
[9592,280] Ball=B002 X=126,3944 Y=289,3685 Vx=98,5589 Vy=-123,7353
[9594,779] Ball=B001 X=78,2874 Y=256,4361 Vx=-82,6531 Vy=-164,2674
[9606,828] Ball=B003 X=101,4449 Y=2,2965 Vx=-48,9741 Vy=153,0235
[9609,777] Ball=B001 X=77,0477 Y=253,9725 Vx=-82,6531 Vy=-164,2674
[9607,293] Ball=B002 X=127,8741 Y=287,5108 Vx=98,5589 Vy=-123,7353
[9625,764] Ball=B001 X=75,7264 Y=251,3464 Vx=-82,6531 Vy=-164,2674
[9623,273] Ball=B002 X=129,4490 Y=285,5336 Vx=98,5589 Vy=-123,7353
[9622,839] Ball=B003 X=100,6607 Y=4,7467 Vx=-48,9741 Vy=153,0235
[9641,745] Ball=B001 X=74,4055 Y=248,7212 Vx=-82,6531 Vy=-164,2674
[9638,820] Ball=B003 X=99,8781 Y=7,1922 Vx=-48,9741 Vy=153,0235
[9639,273] Ball=B002 X=131,0261 Y=283,5537 Vx=98,5589 Vy=-123,7353
[9655,129] Ball=B002 X=132,5887 Y=281,5919 Vx=98,5589 Vy=-123,7353
[9654,684] Ball=B003 X=99,1012 Y=9,6197 Vx=-48,9741 Vy=153,0235
[9657,633] Ball=B001 X=73,0922 Y=246,1112 Vx=-82,6531 Vy=-164,2674
[9673,632] Ball=B001 X=71,7700 Y=243,4833 Vx=-82,6531 Vy=-164,2674
[9671,148] Ball=B002 X=134,1675 Y=279,6097 Vx=98,5589 Vy=-123,7353
[9670,708] Ball=B003 X=98,3164 Y=12,0717 Vx=-48,9741 Vy=153,0235
[9686,659] Ball=B003 X=97,5352 Y=14,5127 Vx=-48,9741 Vy=153,0235
[9687,110] Ball=B002 X=135,7407 Y=277,6347 Vx=98,5589 Vy=-123,7353
[9689,587] Ball=B001 X=70,4512 Y=240,8623 Vx=-82,6531 Vy=-164,2674
[9704,740] Ball=B001 X=69,1988 Y=238,3733 Vx=-82,6531 Vy=-164,2674
[9702,299] Ball=B002 X=137,2378 Y=275,7552 Vx=98,5589 Vy=-123,7353
[9701,871] Ball=B003 X=96,7902 Y=16,8405 Vx=-48,9741 Vy=153,0235
[9717,810] Ball=B003 X=96,0097 Y=19,2793 Vx=-48,9741 Vy=153,0235
[9718,267] Ball=B002 X=138,8115 Y=273,7795 Vx=98,5589 Vy=-123,7353
[9720,761] Ball=B001 X=67,8745 Y=235,7413 Vx=-82,6531 Vy=-164,2674
[9735,627] Ball=B001 X=66,6458 Y=233,2993 Vx=-82,6531 Vy=-164,2674
[9732,689] Ball=B003 X=95,2810 Y=21,5560 Vx=-48,9741 Vy=153,0235
[9733,144] Ball=B002 X=140,2778 Y=271,9386 Vx=98,5589 Vy=-123,7353
[9748,263] Ball=B002 X=141,7679 Y=270,0679 Vx=98,5589 Vy=-123,7353
[9750,757] Ball=B001 X=65,3953 Y=230,8141 Vx=-82,6531 Vy=-164,2674
[9747,827] Ball=B003 X=94,5396 Y=23,8727 Vx=-48,9741 Vy=153,0235
[9762,715] Ball=B003 X=93,8105 Y=26,1507 Vx=-48,9741 Vy=153,0235
[9763,165] Ball=B002 X=143,2367 Y=268,2239 Vx=98,5589 Vy=-123,7353
[9765,665] Ball=B001 X=64,1631 Y=228,3652 Vx=-82,6531 Vy=-164,2674
[9779,146] Ball=B002 X=144,8116 Y=266,2467 Vx=98,5589 Vy=-123,7353
[9778,700] Ball=B003 X=93,0276 Y=28,5969 Vx=-48,9741 Vy=153,0235
[9781,649] Ball=B001 X=62,8420 Y=225,7395 Vx=-82,6531 Vy=-164,2674
[9795,152] Ball=B002 X=146,3893 Y=264,2660 Vx=98,5589 Vy=-123,7353
[9797,654] Ball=B001 X=61,5191 Y=223,1103 Vx=-82,6531 Vy=-164,2674
[9794,702] Ball=B003 X=92,2440 Y=31,0455 Vx=-48,9741 Vy=153,0235
[9813,744] Ball=B001 X=60,1893 Y=220,4674 Vx=-82,6531 Vy=-164,2674
[9810,807] Ball=B003 X=91,4553 Y=33,5099 Vx=-48,9741 Vy=153,0235
[9822,293] Ball=B002 X=149,0642 Y=260,9078 Vx=98,5589 Vy=-123,7353
[9829,770] Ball=B001 X=58,8646 Y=217,8348 Vx=-82,6531 Vy=-164,2674
[9826,832] Ball=B003 X=90,6704 Y=35,9624 Vx=-48,9741 Vy=153,0235
[9838,282] Ball=B002 X=150,6400 Y=258,9294 Vx=98,5589 Vy=-123,7353
[9844,771] Ball=B001 X=57,6247 Y=215,3705 Vx=-82,6531 Vy=-164,2674
[9841,834] Ball=B003 X=89,9357 Y=38,2580 Vx=-48,9741 Vy=153,0235
[9854,096] Ball=B002 X=152,1986 Y=256,9727 Vx=98,5589 Vy=-123,7353
[9856,820] Ball=B003 X=89,2018 Y=40,5510 Vx=-48,9741 Vy=153,0235
[9859,772] Ball=B001 X=56,3849 Y=212,9065 Vx=-82,6531 Vy=-164,2674
[9870,301] Ball=B002 X=153,7957 Y=254,9677 Vx=98,5589 Vy=-123,7353
[9874,699] Ball=B001 X=55,1513 Y=210,4549 Vx=-82,6531 Vy=-164,2674
[9871,808] Ball=B003 X=88,4679 Y=42,8442 Vx=-48,9741 Vy=153,0235
[9886,114] Ball=B002 X=155,3542 Y=253,0110 Vx=98,5589 Vy=-123,7353
[9890,759] Ball=B001 X=53,8238 Y=207,8165 Vx=-82,6531 Vy=-164,2674
[9887,907] Ball=B003 X=87,6793 Y=45,3082 Vx=-48,9741 Vy=153,0235
[9902,229] Ball=B002 X=156,9426 Y=251,0169 Vx=98,5589 Vy=-123,7353
[9902,718] Ball=B003 X=86,9540 Y=47,5746 Vx=-48,9741 Vy=153,0235
[9906,097] Ball=B001 X=52,5559 Y=205,2967 Vx=-82,6531 Vy=-164,2674
[9920,765] Ball=B001 X=51,3436 Y=202,8873 Vx=-82,6531 Vy=-164,2674
[9917,840] Ball=B003 X=86,2133 Y=49,8887 Vx=-48,9741 Vy=153,0235
[9918,295] Ball=B002 X=158,5261 Y=249,0289 Vx=98,5589 Vy=-123,7353
[9934,270] Ball=B002 X=160,1005 Y=247,0523 Vx=98,5589 Vy=-123,7353
[9933,827] Ball=B003 X=85,4304 Y=52,3351 Vx=-48,9741 Vy=153,0235
[9936,788] Ball=B001 X=50,0193 Y=200,2552 Vx=-82,6531 Vy=-164,2674
[9951,703] Ball=B001 X=48,7865 Y=197,8052 Vx=-82,6531 Vy=-164,2674
[9949,215] Ball=B002 X=161,5735 Y=245,2030 Vx=98,5589 Vy=-123,7353
[9948,785] Ball=B003 X=84,6978 Y=54,6240 Vx=-48,9741 Vy=153,0235
[9964,293] Ball=B002 X=163,0595 Y=243,3374 Vx=98,5589 Vy=-123,7353
[9963,856] Ball=B003 X=83,9598 Y=56,9303 Vx=-48,9741 Vy=153,0235
[9966,794] Ball=B001 X=47,5392 Y=195,3262 Vx=-82,6531 Vy=-164,2674
[9982,764] Ball=B001 X=46,2192 Y=192,7029 Vx=-82,6531 Vy=-164,2674
[9979,832] Ball=B003 X=83,1774 Y=59,3748 Vx=-48,9741 Vy=153,0235
[9980,283] Ball=B002 X=164,6356 Y=241,3587 Vx=98,5589 Vy=-123,7353
[9997,621] Ball=B001 X=44,9913 Y=190,2625 Vx=-82,6531 Vy=-164,2674
[9994,694] Ball=B003 X=82,4495 Y=61,6492 Vx=-48,9741 Vy=153,0235
[9995,172] Ball=B002 X=166,1030 Y=239,5165 Vx=98,5589 Vy=-123,7353
[10010,840] Ball=B003 X=81,6588 Y=64,1198 Vx=-48,9741 Vy=153,0235
[10011,300] Ball=B002 X=167,6925 Y=237,5209 Vx=98,5589 Vy=-123,7353
[10013,792] Ball=B001 X=43,6546 Y=187,6059 Vx=-82,6531 Vy=-164,2674
[10029,684] Ball=B001 X=42,3411 Y=184,9955 Vx=-82,6531 Vy=-164,2674
[10026,747] Ball=B003 X=80,8798 Y=66,5540 Vx=-48,9741 Vy=153,0235
[10027,204] Ball=B002 X=169,2601 Y=235,5530 Vx=98,5589 Vy=-123,7353
[10042,280] Ball=B002 X=170,7459 Y=233,6876 Vx=98,5589 Vy=-123,7353
[10041,831] Ball=B003 X=80,1411 Y=68,8621 Vx=-48,9741 Vy=153,0235
[10044,778] Ball=B001 X=41,0935 Y=182,5159 Vx=-82,6531 Vy=-164,2674
[10060,150] Ball=B001 X=39,8230 Y=179,9909 Vx=-82,6531 Vy=-164,2674
[10057,225] Ball=B003 X=79,3871 Y=71,2178 Vx=-48,9741 Vy=153,0235
[10057,677] Ball=B002 X=172,2635 Y=231,7824 Vx=98,5589 Vy=-123,7353
[10073,557] Ball=B002 X=173,8285 Y=229,8175 Vx=98,5589 Vy=-123,7353
[10076,165] Ball=B001 X=38,4993 Y=177,3601 Vx=-82,6531 Vy=-164,2674
[10073,229] Ball=B003 X=78,6033 Y=73,6670 Vx=-48,9741 Vy=153,0235
[10088,126] Ball=B003 X=77,8738 Y=75,9463 Vx=-48,9741 Vy=153,0235
[10091,067] Ball=B001 X=37,2676 Y=174,9121 Vx=-82,6531 Vy=-164,2674
[10088,584] Ball=B002 X=175,3096 Y=227,9581 Vx=98,5589 Vy=-123,7353
[10103,100] Ball=B003 X=77,1404 Y=78,2377 Vx=-48,9741 Vy=153,0235
[10103,546] Ball=B002 X=176,7842 Y=226,1069 Vx=98,5589 Vy=-123,7353
[10106,045] Ball=B001 X=36,0296 Y=172,4517 Vx=-82,6531 Vy=-164,2674
[10122,023] Ball=B001 X=34,7090 Y=169,8271 Vx=-82,6531 Vy=-164,2674
[10119,101] Ball=B003 X=76,3568 Y=80,6863 Vx=-48,9741 Vy=153,0235
[10119,656] Ball=B002 X=178,3716 Y=224,1139 Vx=98,5589 Vy=-123,7353
[10135,657] Ball=B002 X=179,9491 Y=222,1335 Vx=98,5589 Vy=-123,7353
[10138,160] Ball=B001 X=33,3753 Y=167,1764 Vx=-82,6531 Vy=-164,2674
[10135,394] Ball=B003 X=75,5589 Y=83,1795 Vx=-48,9741 Vy=153,0235
[10151,231] Ball=B003 X=74,7833 Y=85,6029 Vx=-48,9741 Vy=153,0235
[10151,691] Ball=B002 X=181,5293 Y=220,1496 Vx=98,5589 Vy=-123,7353
[10154,184] Ball=B001 X=32,0508 Y=164,5440 Vx=-82,6531 Vy=-164,2674
[10170,175] Ball=B001 X=30,7292 Y=161,9174 Vx=-82,6531 Vy=-164,2674
[10167,255] Ball=B003 X=73,9985 Y=88,0550 Vx=-48,9741 Vy=153,0235
[10167,688] Ball=B002 X=183,1059 Y=218,1703 Vx=98,5589 Vy=-123,7353
[10183,671] Ball=B002 X=184,6812 Y=216,1925 Vx=98,5589 Vy=-123,7353
[10183,239] Ball=B003 X=73,2157 Y=90,5009 Vx=-48,9741 Vy=153,0235
[10186,184] Ball=B001 X=29,4059 Y=159,2876 Vx=-82,6531 Vy=-164,2674
[10203,406] Ball=B001 X=27,9826 Y=156,4588 Vx=-82,6531 Vy=-164,2674
[10200,915] Ball=B002 X=186,3807 Y=214,0590 Vx=98,5589 Vy=-123,7353
[10200,474] Ball=B003 X=72,3716 Y=93,1384 Vx=-48,9741 Vy=153,0235
[10216,697] Ball=B002 X=187,9362 Y=212,1061 Vx=98,5589 Vy=-123,7353
[10216,261] Ball=B003 X=71,5985 Y=95,5541 Vx=-48,9741 Vy=153,0235
[10219,202] Ball=B001 X=26,6769 Y=153,8638 Vx=-82,6531 Vy=-164,2674
[10234,993] Ball=B001 X=25,3718 Y=151,2700 Vx=-82,6531 Vy=-164,2674
[10232,508] Ball=B002 X=189,4946 Y=210,1496 Vx=98,5589 Vy=-123,7353
[10232,088] Ball=B003 X=70,8234 Y=97,9760 Vx=-48,9741 Vy=153,0235
[10247,675] Ball=B002 X=190,9894 Y=208,2730 Vx=98,5589 Vy=-123,7353
[10250,175] Ball=B001 X=24,1169 Y=148,7760 Vx=-82,6531 Vy=-164,2674
[10247,249] Ball=B003 X=70,0809 Y=100,2960 Vx=-48,9741 Vy=153,0235
[10263,127] Ball=B003 X=69,3033 Y=102,7257 Vx=-48,9741 Vy=153,0235
[10266,060] Ball=B001 X=22,8039 Y=146,1666 Vx=-82,6531 Vy=-164,2674
[10263,578] Ball=B002 X=192,5568 Y=206,3052 Vx=98,5589 Vy=-123,7353
[10278,235] Ball=B003 X=68,5634 Y=105,0374 Vx=-48,9741 Vy=153,0235
[10278,699] Ball=B002 X=194,0463 Y=204,4352 Vx=98,5589 Vy=-123,7353
[10281,192] Ball=B001 X=21,5532 Y=143,6808 Vx=-82,6531 Vy=-164,2674
[10297,073] Ball=B001 X=20,2406 Y=141,0721 Vx=-82,6531 Vy=-164,2674
[10294,585] Ball=B002 X=195,6128 Y=202,4686 Vx=98,5589 Vy=-123,7353
[10294,151] Ball=B003 X=67,7838 Y=107,4732 Vx=-48,9741 Vy=153,0235
[10313,184] Ball=B001 X=18,9090 Y=138,4258 Vx=-82,6531 Vy=-164,2674
[10310,249] Ball=B003 X=66,9955 Y=109,9364 Vx=-48,9741 Vy=153,0235
[10310,698] Ball=B002 X=197,2009 Y=200,4747 Vx=98,5589 Vy=-123,7353
[10329,176] Ball=B001 X=17,5873 Y=135,7988 Vx=-82,6531 Vy=-164,2674
[10326,241] Ball=B003 X=66,2123 Y=112,3837 Vx=-48,9741 Vy=153,0235
[10326,694] Ball=B002 X=198,7775 Y=198,4955 Vx=98,5589 Vy=-123,7353
[10341,251] Ball=B003 X=65,4772 Y=114,6805 Vx=-48,9741 Vy=153,0235
[10344,198] Ball=B001 X=16,3455 Y=133,3310 Vx=-82,6531 Vy=-164,2674
[10341,693] Ball=B002 X=200,2557 Y=196,6397 Vx=98,5589 Vy=-123,7353
[10360,113] Ball=B001 X=15,0301 Y=130,7167 Vx=-82,6531 Vy=-164,2674
[10357,622] Ball=B002 X=201,8256 Y=194,6686 Vx=98,5589 Vy=-123,7353
[10357,176] Ball=B003 X=64,6973 Y=117,1174 Vx=-48,9741 Vy=153,0235
[10373,055] Ball=B003 X=63,9197 Y=119,5472 Vx=-48,9741 Vy=153,0235
[10373,505] Ball=B002 X=203,3911 Y=192,7033 Vx=98,5589 Vy=-123,7353
[10376,008] Ball=B001 X=13,7164 Y=128,1057 Vx=-82,6531 Vy=-164,2674
[10389,213] Ball=B003 X=63,1283 Y=122,0199 Vx=-48,9741 Vy=153,0235
[10389,668] Ball=B002 X=204,9841 Y=190,7034 Vx=98,5589 Vy=-123,7353
[10392,165] Ball=B001 X=12,3809 Y=125,4516 Vx=-82,6531 Vy=-164,2674
[10404,563] Ball=B002 X=206,4520 Y=188,8605 Vx=98,5589 Vy=-123,7353
[10404,120] Ball=B003 X=62,3982 Y=124,3010 Vx=-48,9741 Vy=153,0235
[10407,104] Ball=B001 X=11,1513 Y=123,0078 Vx=-82,6531 Vy=-164,2674
[10420,485] Ball=B002 X=208,0214 Y=186,8902 Vx=98,5589 Vy=-123,7353
[10420,051] Ball=B003 X=61,6180 Y=126,7388 Vx=-48,9741 Vy=153,0235
[10422,998] Ball=B001 X=9,8324 Y=120,3867 Vx=-82,6531 Vy=-164,2674
[10435,242] Ball=B003 X=60,8741 Y=129,0633 Vx=-48,9741 Vy=153,0235
[10438,181] Ball=B001 X=8,5775 Y=117,8926 Vx=-82,6531 Vy=-164,2674
[10435,706] Ball=B002 X=209,5216 Y=185,0068 Vx=98,5589 Vy=-123,7353
[10450,591] Ball=B002 X=210,9885 Y=183,1651 Vx=98,5589 Vy=-123,7353
[10453,086] Ball=B001 X=7,3456 Y=115,4442 Vx=-82,6531 Vy=-164,2674
[10450,150] Ball=B003 X=60,1440 Y=131,3446 Vx=-48,9741 Vy=153,0235
[10466,659] Ball=B002 X=212,5722 Y=181,1769 Vx=98,5589 Vy=-123,7353
[10466,218] Ball=B003 X=59,3571 Y=133,8034 Vx=-48,9741 Vy=153,0235
[10469,158] Ball=B001 X=6,0172 Y=112,8042 Vx=-82,6531 Vy=-164,2674
[10484,166] Ball=B001 X=4,7768 Y=110,3390 Vx=-82,6531 Vy=-164,2674
[10481,229] Ball=B003 X=58,6219 Y=136,1005 Vx=-48,9741 Vy=153,0235
[10481,693] Ball=B002 X=214,0540 Y=179,3166 Vx=98,5589 Vy=-123,7353
[10496,281] Ball=B003 X=57,8848 Y=138,4036 Vx=-48,9741 Vy=153,0235
[10496,736] Ball=B002 X=215,5365 Y=177,4554 Vx=98,5589 Vy=-123,7353
[10499,232] Ball=B001 X=3,5315 Y=107,8640 Vx=-82,6531 Vy=-164,2674
[10514,176] Ball=B001 X=2,2964 Y=105,4093 Vx=-82,6531 Vy=-164,2674
[10511,696] Ball=B002 X=217,0110 Y=175,6042 Vx=98,5589 Vy=-123,7353
[10511,259] Ball=B003 X=57,1512 Y=140,6958 Vx=-48,9741 Vy=153,0235
[10527,672] Ball=B002 X=218,5855 Y=173,6275 Vx=98,5589 Vy=-123,7353
[10530,184] Ball=B001 X=0,9732 Y=102,7796 Vx=-82,6531 Vy=-164,2674
[10527,247] Ball=B003 X=56,3682 Y=143,1423 Vx=-48,9741 Vy=153,0235
[10546,023] Ball=B001 X=-0,3359 Y=100,1779 Vx=-82,6531 Vy=-164,2674
[10543,544] Ball=B002 X=220,1500 Y=171,6634 Vx=98,5589 Vy=-123,7353
[10543,099] Ball=B003 X=55,5922 Y=145,5669 Vx=-48,9741 Vy=153,0235
[10561,155] Ball=B001 X=1,2503 Y=97,6929 Vx=82,6531 Vy=-164,2674
[10558,683] Ball=B002 X=221,6420 Y=169,7902 Vx=98,5589 Vy=-123,7353
[10558,245] Ball=B003 X=54,8501 Y=147,8857 Vx=-48,9741 Vy=153,0235
[10573,103] Ball=B003 X=54,1225 Y=150,1592 Vx=-48,9741 Vy=153,0235
[10573,552] Ball=B002 X=223,1074 Y=167,9505 Vx=98,5589 Vy=-123,7353
[10576,068] Ball=B001 X=2,4834 Y=95,2422 Vx=82,6531 Vy=-164,2674
[10592,174] Ball=B001 X=3,8146 Y=92,5966 Vx=82,6531 Vy=-164,2674
[10589,251] Ball=B003 X=53,3316 Y=152,6303 Vx=-48,9741 Vy=153,0235
[10589,702] Ball=B002 X=224,6992 Y=165,9521 Vx=98,5589 Vy=-123,7353
[10604,538] Ball=B002 X=226,1613 Y=164,1166 Vx=98,5589 Vy=-123,7353
[10607,041] Ball=B001 X=5,0434 Y=90,1545 Vx=82,6531 Vy=-164,2674
[10604,110] Ball=B003 X=52,6039 Y=154,9041 Vx=-48,9741 Vy=153,0235
[10619,261] Ball=B003 X=51,8619 Y=157,2225 Vx=-48,9741 Vy=153,0235
[10622,197] Ball=B001 X=6,2960 Y=87,6650 Vx=82,6531 Vy=-164,2674
[10619,738] Ball=B002 X=227,6596 Y=162,2355 Vx=98,5589 Vy=-123,7353
[10638,179] Ball=B001 X=7,6170 Y=85,0395 Vx=82,6531 Vy=-164,2674
[10635,705] Ball=B002 X=229,2332 Y=160,2600 Vx=98,5589 Vy=-123,7353
[10635,259] Ball=B003 X=51,0784 Y=159,6707 Vx=-48,9741 Vy=153,0235
[10651,666] Ball=B002 X=230,8063 Y=158,2850 Vx=98,5589 Vy=-123,7353
[10651,226] Ball=B003 X=50,2964 Y=162,1141 Vx=-48,9741 Vy=153,0235
[10654,172] Ball=B001 X=8,9389 Y=82,4125 Vx=82,6531 Vy=-164,2674
[10667,237] Ball=B003 X=49,5124 Y=164,5639 Vx=-48,9741 Vy=153,0235
[10667,691] Ball=B002 X=232,3857 Y=156,3021 Vx=98,5589 Vy=-123,7353
[10670,180] Ball=B001 X=10,2614 Y=79,7840 Vx=82,6531 Vy=-164,2674
[10685,027] Ball=B001 X=11,4891 Y=77,3440 Vx=82,6531 Vy=-164,2674
[10682,539] Ball=B002 X=233,8491 Y=154,4649 Vx=98,5589 Vy=-123,7353
[10682,103] Ball=B003 X=48,7843 Y=166,8389 Vx=-48,9741 Vy=153,0235
[10698,224] Ball=B003 X=47,9948 Y=169,3056 Vx=-48,9741 Vy=153,0235
[10698,677] Ball=B002 X=235,4396 Y=152,4681 Vx=98,5589 Vy=-123,7353
[10701,168] Ball=B001 X=12,8233 Y=74,6924 Vx=82,6531 Vy=-164,2674
[10716,028] Ball=B001 X=14,0514 Y=72,2517 Vx=82,6531 Vy=-164,2674
[10713,557] Ball=B002 X=236,9062 Y=150,6269 Vx=98,5589 Vy=-123,7353
[10713,123] Ball=B003 X=47,2651 Y=171,5858 Vx=-48,9741 Vy=153,0235
[10728,233] Ball=B003 X=46,5252 Y=173,8977 Vx=-48,9741 Vy=153,0235
[10731,172] Ball=B001 X=15,3032 Y=69,7639 Vx=82,6531 Vy=-164,2674
[10728,690] Ball=B002 X=238,3977 Y=148,7544 Vx=98,5589 Vy=-123,7353
[10744,695] Ball=B002 X=239,9751 Y=146,7740 Vx=98,5589 Vy=-123,7353
[10747,183] Ball=B001 X=16,6261 Y=67,1347 Vx=82,6531 Vy=-164,2674
[10744,246] Ball=B003 X=45,7409 Y=176,3482 Vx=-48,9741 Vy=153,0235
[10759,688] Ball=B002 X=241,4528 Y=144,9189 Vx=98,5589 Vy=-123,7353
[10759,249] Ball=B003 X=45,0061 Y=178,6441 Vx=-48,9741 Vy=153,0235
[10762,183] Ball=B001 X=17,8663 Y=64,6697 Vx=82,6531 Vy=-164,2674
[10775,247] Ball=B003 X=44,2226 Y=181,0921 Vx=-48,9741 Vy=153,0235
[10775,693] Ball=B002 X=243,0303 Y=142,9385 Vx=98,5589 Vy=-123,7353
[10778,193] Ball=B001 X=19,1896 Y=62,0398 Vx=82,6531 Vy=-164,2674
[10794,056] Ball=B001 X=20,5007 Y=59,4341 Vx=82,6531 Vy=-164,2674
[10791,123] Ball=B003 X=43,4452 Y=183,5214 Vx=-48,9741 Vy=153,0235
[10791,581] Ball=B002 X=244,5962 Y=140,9725 Vx=98,5589 Vy=-123,7353
[10806,251] Ball=B003 X=42,7043 Y=185,8365 Vx=-48,9741 Vy=153,0235
[10809,185] Ball=B001 X=21,7512 Y=56,9489 Vx=82,6531 Vy=-164,2674
[10806,706] Ball=B002 X=246,0869 Y=139,1010 Vx=98,5589 Vy=-123,7353
[10822,387] Ball=B002 X=247,6323 Y=137,1609 Vx=98,5589 Vy=-123,7353
[10824,885] Ball=B001 X=23,0489 Y=54,3698 Vx=82,6531 Vy=-164,2674
[10822,460] Ball=B003 X=41,9104 Y=188,3168 Vx=-48,9741 Vy=153,0235
[10839,256] Ball=B003 X=41,0879 Y=190,8868 Vx=-48,9741 Vy=153,0235
[10842,195] Ball=B001 X=24,4796 Y=51,5263 Vx=82,6531 Vy=-164,2674
[10839,702] Ball=B002 X=249,3388 Y=135,0184 Vx=98,5589 Vy=-123,7353
[10857,130] Ball=B001 X=25,7139 Y=49,0732 Vx=82,6531 Vy=-164,2674
[10854,649] Ball=B002 X=250,8121 Y=133,1688 Vx=98,5589 Vy=-123,7353
[10854,210] Ball=B003 X=40,3555 Y=193,1752 Vx=-48,9741 Vy=153,0235
[10869,083] Ball=B003 X=39,6271 Y=195,4512 Vx=-48,9741 Vy=153,0235
[10869,716] Ball=B002 X=252,2971 Y=131,3044 Vx=98,5589 Vy=-123,7353
[10872,217] Ball=B001 X=26,9610 Y=46,5947 Vx=82,6531 Vy=-164,2674
[10884,685] Ball=B002 X=253,7724 Y=129,4523 Vx=98,5589 Vy=-123,7353
[10887,169] Ball=B001 X=28,1968 Y=44,1387 Vx=82,6531 Vy=-164,2674
[10884,243] Ball=B003 X=38,8847 Y=197,7710 Vx=-48,9741 Vy=153,0235
[10903,045] Ball=B001 X=29,5090 Y=41,5307 Vx=82,6531 Vy=-164,2674
[10900,562] Ball=B002 X=255,3372 Y=127,4878 Vx=98,5589 Vy=-123,7353
[10900,121] Ball=B003 X=38,1071 Y=200,2007 Vx=-48,9741 Vy=153,0235
[10915,220] Ball=B003 X=37,3676 Y=202,5112 Vx=-48,9741 Vy=153,0235
[10918,168] Ball=B001 X=30,7590 Y=39,0464 Vx=82,6531 Vy=-164,2674
[10915,677] Ball=B002 X=256,8269 Y=125,6175 Vx=98,5589 Vy=-123,7353
[10933,995] Ball=B001 X=32,0670 Y=36,4468 Vx=82,6531 Vy=-164,2674
[10931,059] Ball=B003 X=36,5919 Y=204,9351 Vx=-48,9741 Vy=153,0235
[10931,522] Ball=B002 X=258,3886 Y=123,6568 Vx=98,5589 Vy=-123,7353
[10946,218] Ball=B003 X=35,8495 Y=207,2546 Vx=-48,9741 Vy=153,0235
[10946,671] Ball=B002 X=259,8817 Y=121,7824 Vx=98,5589 Vy=-123,7353
[10949,168] Ball=B001 X=33,3212 Y=33,9542 Vx=82,6531 Vy=-164,2674
[10964,032] Ball=B001 X=34,5497 Y=31,5127 Vx=82,6531 Vy=-164,2674
[10961,104] Ball=B003 X=35,1205 Y=209,5325 Vx=-48,9741 Vy=153,0235
[10961,553] Ball=B002 X=261,3485 Y=119,9410 Vx=98,5589 Vy=-123,7353
[10977,187] Ball=B003 X=34,3328 Y=211,9936 Vx=-48,9741 Vy=153,0235
[10977,636] Ball=B002 X=262,9336 Y=117,9510 Vx=98,5589 Vy=-123,7353
[10980,134] Ball=B001 X=35,8807 Y=28,8675 Vx=82,6531 Vy=-164,2674
[10996,044] Ball=B001 X=37,1957 Y=26,2540 Vx=82,6531 Vy=-164,2674
[10993,557] Ball=B002 X=264,5026 Y=115,9811 Vx=98,5589 Vy=-123,7353
[10993,122] Ball=B003 X=33,5524 Y=214,4321 Vx=-48,9741 Vy=153,0235
[11011,173] Ball=B001 X=38,4461 Y=23,7688 Vx=82,6531 Vy=-164,2674
[11008,252] Ball=B003 X=32,8115 Y=216,7473 Vx=-48,9741 Vy=153,0235
[11008,705] Ball=B002 X=265,9957 Y=114,1066 Vx=98,5589 Vy=-123,7353
[11023,538] Ball=B002 X=267,4575 Y=112,2714 Vx=98,5589 Vy=-123,7353
[11023,100] Ball=B003 X=32,0843 Y=219,0194 Vx=-48,9741 Vy=153,0235
[11026,057] Ball=B001 X=39,6763 Y=21,3239 Vx=82,6531 Vy=-164,2674
[11039,695] Ball=B002 X=269,0500 Y=110,2721 Vx=98,5589 Vy=-123,7353
[11042,186] Ball=B001 X=41,0094 Y=18,6744 Vx=82,6531 Vy=-164,2674
[11039,259] Ball=B003 X=31,2929 Y=221,4922 Vx=-48,9741 Vy=153,0235
[11057,025] Ball=B001 X=42,2359 Y=16,2369 Vx=82,6531 Vy=-164,2674
[11054,543] Ball=B002 X=270,5134 Y=108,4349 Vx=98,5589 Vy=-123,7353
[11054,108] Ball=B003 X=30,5657 Y=223,7644 Vx=-48,9741 Vy=153,0235
[11069,219] Ball=B003 X=29,8257 Y=226,0767 Vx=-48,9741 Vy=153,0235
[11072,159] Ball=B001 X=43,4868 Y=13,7508 Vx=82,6531 Vy=-164,2674
[11069,688] Ball=B002 X=272,0061 Y=106,5609 Vx=98,5589 Vy=-123,7353
[11087,166] Ball=B001 X=44,7272 Y=11,2856 Vx=82,6531 Vy=-164,2674
[11084,680] Ball=B002 X=273,4837 Y=104,7059 Vx=98,5589 Vy=-123,7353
[11084,247] Ball=B003 X=29,0897 Y=228,3764 Vx=-48,9741 Vy=153,0235
[11100,151] Ball=B003 X=28,3108 Y=230,8099 Vx=-48,9741 Vy=153,0235
[11100,602] Ball=B002 X=275,0529 Y=102,7358 Vx=98,5589 Vy=-123,7353
[11103,100] Ball=B001 X=46,0442 Y=8,6681 Vx=82,6531 Vy=-164,2674
[11115,634] Ball=B002 X=276,5343 Y=100,8759 Vx=98,5589 Vy=-123,7353
[11118,142] Ball=B001 X=47,2875 Y=6,1972 Vx=82,6531 Vy=-164,2674
[11115,212] Ball=B003 X=27,5732 Y=233,1148 Vx=-48,9741 Vy=153,0235
[11134,040] Ball=B001 X=48,6014 Y=3,5860 Vx=82,6531 Vy=-164,2674
[11131,104] Ball=B003 X=26,7949 Y=235,5466 Vx=-48,9741 Vy=153,0235
[11131,558] Ball=B002 X=278,1039 Y=98,9054 Vx=98,5589 Vy=-123,7353
[11146,686] Ball=B002 X=279,5948 Y=97,0336 Vx=98,5589 Vy=-123,7353
[11146,249] Ball=B003 X=26,0532 Y=237,8641 Vx=-48,9741 Vy=153,0235
[11149,197] Ball=B001 X=49,8543 Y=1,0958 Vx=82,6531 Vy=-164,2674
[11161,088] Ball=B003 X=25,3265 Y=240,1347 Vx=-48,9741 Vy=153,0235
[11161,545] Ball=B002 X=281,0594 Y=95,1949 Vx=98,5589 Vy=-123,7353
[11164,029] Ball=B001 X=51,0802 Y=-1,3405 Vx=82,6531 Vy=-164,2674
[11180,152] Ball=B001 X=52,4128 Y=2,6485 Vx=82,6531 Vy=164,2674
[11177,669] Ball=B002 X=282,6485 Y=93,1999 Vx=98,5589 Vy=-123,7353
[11177,234] Ball=B003 X=24,5357 Y=242,6055 Vx=-48,9741 Vy=153,0235
[11193,055] Ball=B003 X=23,7609 Y=245,0266 Vx=-48,9741 Vy=153,0235
[11193,497] Ball=B002 X=284,2085 Y=91,2414 Vx=98,5589 Vy=-123,7353
[11196,000] Ball=B001 X=53,7227 Y=5,2518 Vx=82,6531 Vy=164,2674
[11211,170] Ball=B001 X=54,9765 Y=7,7437 Vx=82,6531 Vy=164,2674
[11208,244] Ball=B003 X=23,0170 Y=247,3508 Vx=-48,9741 Vy=153,0235
[11208,695] Ball=B002 X=285,7065 Y=89,3607 Vx=98,5589 Vy=-123,7353
[11223,608] Ball=B002 X=287,1762 Y=87,5156 Vx=98,5589 Vy=-123,7353
[11226,114] Ball=B001 X=56,2117 Y=10,1986 Vx=82,6531 Vy=164,2674
[11223,177] Ball=B003 X=22,2859 Y=249,6353 Vx=-48,9741 Vy=153,0235
[11242,035] Ball=B001 X=57,5276 Y=12,8138 Vx=82,6531 Vy=164,2674
[11239,098] Ball=B003 X=21,5061 Y=252,0720 Vx=-48,9741 Vy=153,0235
[11239,550] Ball=B002 X=288,7475 Y=85,5429 Vx=98,5589 Vy=-123,7353
[11255,058] Ball=B003 X=20,7244 Y=254,5144 Vx=-48,9741 Vy=153,0235
[11255,507] Ball=B002 X=290,3201 Y=83,5686 Vx=98,5589 Vy=-123,7353
[11258,005] Ball=B001 X=58,8476 Y=15,4373 Vx=82,6531 Vy=164,2674
[11273,028] Ball=B001 X=60,0893 Y=17,9050 Vx=82,6531 Vy=164,2674
[11270,566] Ball=B002 X=291,8044 Y=81,7052 Vx=98,5589 Vy=-123,7353
[11270,229] Ball=B003 X=19,9814 Y=256,8359 Vx=-48,9741 Vy=153,0235
[11285,679] Ball=B002 X=293,2939 Y=79,8352 Vx=98,5589 Vy=-123,7353
[11285,245] Ball=B003 X=19,2460 Y=259,1338 Vx=-48,9741 Vy=153,0235
[11288,187] Ball=B001 X=61,3422 Y=20,3952 Vx=82,6531 Vy=164,2674
[11301,495] Ball=B002 X=294,8527 Y=77,8781 Vx=98,5589 Vy=-123,7353
[11303,985] Ball=B001 X=62,6479 Y=22,9901 Vx=82,6531 Vy=164,2674
[11301,055] Ball=B003 X=18,4717 Y=261,5531 Vx=-48,9741 Vy=153,0235
[11316,579] Ball=B002 X=296,3393 Y=76,0118 Vx=98,5589 Vy=-123,7353
[11316,135] Ball=B003 X=17,7332 Y=263,8607 Vx=-48,9741 Vy=153,0235
[11319,084] Ball=B001 X=63,8960 Y=25,4706 Vx=82,6531 Vy=164,2674
[11334,989] Ball=B001 X=65,2106 Y=28,0832 Vx=82,6531 Vy=164,2674
[11332,067] Ball=B003 X=16,9529 Y=266,2986 Vx=-48,9741 Vy=153,0235
[11332,513] Ball=B002 X=297,9098 Y=74,0402 Vx=98,5589 Vy=-123,7353
[11347,638] Ball=B002 X=299,4004 Y=72,1688 Vx=98,5589 Vy=-123,7353
[11350,141] Ball=B001 X=66,4630 Y=30,5722 Vx=82,6531 Vy=164,2674
[11347,216] Ball=B003 X=16,2110 Y=268,6168 Vx=-48,9741 Vy=153,0235
[11366,036] Ball=B001 X=67,7766 Y=33,1831 Vx=82,6531 Vy=164,2674
[11363,096] Ball=B003 X=15,4333 Y=271,0467 Vx=-48,9741 Vy=153,0235
[11363,551] Ball=B002 X=300,9689 Y=70,1996 Vx=98,5589 Vy=-123,7353
[11381,182] Ball=B001 X=69,0285 Y=35,6712 Vx=82,6531 Vy=164,2674
[11378,246] Ball=B003 X=14,6914 Y=273,3651 Vx=-48,9741 Vy=153,0235
[11378,706] Ball=B002 X=302,4625 Y=68,3245 Vx=98,5589 Vy=-123,7353
[11397,172] Ball=B001 X=70,3501 Y=38,2977 Vx=82,6531 Vy=164,2674
[11394,245] Ball=B003 X=13,9078 Y=275,8132 Vx=-48,9741 Vy=153,0235
[11394,698] Ball=B002 X=304,0386 Y=66,3457 Vx=98,5589 Vy=-123,7353
[11409,589] Ball=B002 X=305,5063 Y=64,5031 Vx=98,5589 Vy=-123,7353
[11412,085] Ball=B001 X=71,5828 Y=40,7476 Vx=82,6531 Vy=164,2674
[11409,160] Ball=B003 X=13,1774 Y=278,0957 Vx=-48,9741 Vy=153,0235
[11424,606] Ball=B002 X=306,9863 Y=62,6450 Vx=98,5589 Vy=-123,7353
[11424,163] Ball=B003 X=12,4426 Y=280,3914 Vx=-48,9741 Vy=153,0235
[11427,105] Ball=B001 X=72,8243 Y=43,2149 Vx=82,6531 Vy=164,2674
[11440,533] Ball=B002 X=308,5561 Y=60,6743 Vx=98,5589 Vy=-123,7353
[11443,030] Ball=B001 X=74,1405 Y=45,8308 Vx=82,6531 Vy=164,2674
[11440,098] Ball=B003 X=11,6622 Y=282,8300 Vx=-48,9741 Vy=153,0235
[11456,131] Ball=B003 X=10,8771 Y=285,2831 Vx=-48,9741 Vy=153,0235
[11456,578] Ball=B002 X=310,1376 Y=58,6889 Vx=98,5589 Vy=-123,7353
[11459,080] Ball=B001 X=75,4671 Y=48,4673 Vx=82,6531 Vy=164,2674
[11474,030] Ball=B001 X=76,7027 Y=50,9230 Vx=82,6531 Vy=164,2674
[11471,547] Ball=B002 X=311,6128 Y=56,8368 Vx=98,5589 Vy=-123,7353
[11471,106] Ball=B003 X=10,1436 Y=287,5749 Vx=-48,9741 Vy=153,0235
[11487,100] Ball=B003 X=9,3604 Y=290,0222 Vx=-48,9741 Vy=153,0235
[11487,559] Ball=B002 X=313,1909 Y=54,8555 Vx=98,5589 Vy=-123,7353
[11490,059] Ball=B001 X=78,0276 Y=53,5562 Vx=82,6531 Vy=164,2674
[11505,027] Ball=B001 X=79,2647 Y=56,0148 Vx=82,6531 Vy=164,2674
[11502,545] Ball=B002 X=314,6680 Y=53,0012 Vx=98,5589 Vy=-123,7353
[11502,107] Ball=B003 X=8,6254 Y=292,3188 Vx=-48,9741 Vy=153,0235
[11518,233] Ball=B003 X=7,8356 Y=294,7864 Vx=-48,9741 Vy=153,0235
[11518,694] Ball=B002 X=316,2596 Y=51,0030 Vx=98,5589 Vy=-123,7353
[11521,196] Ball=B001 X=80,6011 Y=58,6709 Vx=82,6531 Vy=164,2674
[11537,169] Ball=B001 X=81,9213 Y=61,2947 Vx=82,6531 Vy=164,2674
[11534,240] Ball=B003 X=7,0517 Y=297,2358 Vx=-48,9741 Vy=153,0235
[11534,687] Ball=B002 X=317,8359 Y=49,0240 Vx=98,5589 Vy=-123,7353
[11549,101] Ball=B003 X=6,3239 Y=299,5100 Vx=-48,9741 Vy=153,0235
[11549,546] Ball=B002 X=319,3002 Y=47,1856 Vx=98,5589 Vy=-123,7353
[11552,087] Ball=B001 X=83,1544 Y=63,7454 Vx=82,6531 Vy=164,2674
[11565,253] Ball=B003 X=5,5329 Y=301,9814 Vx=-48,9741 Vy=153,0235
[11568,190] Ball=B001 X=84,4852 Y=66,3903 Vx=82,6531 Vy=164,2674
[11565,701] Ball=B002 X=320,8926 Y=45,1865 Vx=98,5589 Vy=-123,7353
[11581,674] Ball=B002 X=322,4668 Y=43,2102 Vx=98,5589 Vy=-123,7353
[11581,226] Ball=B003 X=4,7506 Y=304,4257 Vx=-48,9741 Vy=153,0235
[11584,169] Ball=B001 X=85,8061 Y=69,0153 Vx=82,6531 Vy=164,2674
[11597,092] Ball=B003 X=3,9736 Y=306,8535 Vx=-48,9741 Vy=153,0235
[11600,030] Ball=B001 X=87,1170 Y=71,6207 Vx=82,6531 Vy=164,2674
[11597,556] Ball=B002 X=324,0322 Y=41,2450 Vx=98,5589 Vy=-123,7353
[11613,500] Ball=B002 X=325,6035 Y=39,2722 Vx=98,5589 Vy=-123,7353
[11613,067] Ball=B003 X=3,1913 Y=309,2981 Vx=-48,9741 Vy=153,0235
[11616,009] Ball=B001 X=88,4373 Y=74,2447 Vx=82,6531 Vy=164,2674
[11628,587] Ball=B002 X=327,0906 Y=37,4053 Vx=98,5589 Vy=-123,7353
[11628,137] Ball=B003 X=2,4532 Y=311,6041 Vx=-48,9741 Vy=153,0235
[11631,085] Ball=B001 X=89,6838 Y=76,7221 Vx=82,6531 Vy=164,2674
[11646,028] Ball=B001 X=90,9188 Y=79,1766 Vx=82,6531 Vy=164,2674
[11643,769] Ball=B002 X=328,5869 Y=35,5267 Vx=98,5589 Vy=-123,7353
[11643,757] Ball=B003 X=1,6882 Y=313,9946 Vx=-48,9741 Vy=153,0235
[11662,196] Ball=B001 X=92,2552 Y=81,8326 Vx=82,6531 Vy=164,2674
[11659,256] Ball=B003 X=0,9292 Y=316,3661 Vx=-48,9741 Vy=153,0235
[11659,712] Ball=B002 X=330,1581 Y=33,5541 Vx=98,5589 Vy=-123,7353
[11675,692] Ball=B002 X=331,7331 Y=31,5768 Vx=98,5589 Vy=-123,7353
[11678,186] Ball=B001 X=93,5764 Y=84,4583 Vx=82,6531 Vy=164,2674
[11675,255] Ball=B003 X=0,1456 Y=318,8145 Vx=-48,9741 Vy=153,0235
[11691,686] Ball=B002 X=333,3094 Y=29,5978 Vx=98,5589 Vy=-123,7353
[11691,249] Ball=B003 X=-0,6377 Y=321,2619 Vx=-48,9741 Vy=153,0235
[11694,192] Ball=B001 X=94,8998 Y=87,0885 Vx=82,6531 Vy=164,2674
[11710,062] Ball=B001 X=96,2114 Y=89,6952 Vx=82,6531 Vy=164,2674
[11707,583] Ball=B002 X=334,8763 Y=27,6307 Vx=98,5589 Vy=-123,7353
[11707,143] Ball=B003 X=0,7784 Y=323,6941 Vx=48,9741 Vy=153,0235
[11726,060] Ball=B001 X=97,5338 Y=92,3234 Vx=82,6531 Vy=164,2674
[11723,125] Ball=B003 X=1,5611 Y=326,1397 Vx=48,9741 Vy=153,0235
[11723,578] Ball=B002 X=336,4527 Y=25,6516 Vx=98,5589 Vy=-123,7353
[11741,173] Ball=B001 X=98,7829 Y=94,8060 Vx=82,6531 Vy=164,2674
[11738,695] Ball=B002 X=337,9426 Y=23,7811 Vx=98,5589 Vy=-123,7353
[11738,243] Ball=B003 X=2,3015 Y=328,4531 Vx=48,9741 Vy=153,0235
[11757,078] Ball=B001 X=100,0975 Y=97,4186 Vx=82,6531 Vy=164,2674
[11754,591] Ball=B002 X=339,5094 Y=21,8141 Vx=98,5589 Vy=-123,7353
[11754,154] Ball=B003 X=3,0807 Y=330,8878 Vx=48,9741 Vy=153,0235
[11773,022] Ball=B001 X=101,4152 Y=100,0375 Vx=82,6531 Vy=164,2674
[11770,543] Ball=B002 X=341,0815 Y=19,8404 Vx=98,5589 Vy=-123,7353
[11770,101] Ball=B003 X=3,8617 Y=333,3281 Vx=48,9741 Vy=153,0235
[11788,089] Ball=B001 X=102,6607 Y=102,5127 Vx=82,6531 Vy=164,2674
[11785,166] Ball=B003 X=4,5995 Y=335,6334 Vx=48,9741 Vy=153,0235
[11785,620] Ball=B002 X=342,5676 Y=17,9747 Vx=98,5589 Vy=-123,7353
[11804,189] Ball=B001 X=103,9914 Y=105,1574 Vx=82,6531 Vy=164,2674
[11801,691] Ball=B002 X=344,1513 Y=15,9864 Vx=98,5589 Vy=-123,7353
[11801,254] Ball=B003 X=5,3874 Y=338,0952 Vx=48,9741 Vy=153,0235
[11816,690] Ball=B002 X=345,6298 Y=14,1303 Vx=98,5589 Vy=-123,7353
[11819,180] Ball=B001 X=105,2304 Y=107,6199 Vx=82,6531 Vy=164,2674
[11816,349] Ball=B003 X=6,1266 Y=340,4051 Vx=48,9741 Vy=153,0235
[11831,216] Ball=B003 X=6,8547 Y=342,6802 Vx=48,9741 Vy=153,0235
[11834,170] Ball=B001 X=106,4694 Y=110,0824 Vx=82,6531 Vy=164,2674
[11831,681] Ball=B002 X=347,1073 Y=12,2754 Vx=98,5589 Vy=-123,7353
[11847,545] Ball=B002 X=348,6707 Y=10,3126 Vx=98,5589 Vy=-123,7353
[11850,046] Ball=B001 X=107,7816 Y=112,6902 Vx=82,6531 Vy=164,2674
[11847,119] Ball=B003 X=7,6336 Y=345,1137 Vx=48,9741 Vy=153,0235
[11863,668] Ball=B002 X=350,2598 Y=8,3175 Vx=98,5589 Vy=-123,7353
[11863,222] Ball=B003 X=8,4222 Y=347,5778 Vx=48,9741 Vy=153,0235
[11866,159] Ball=B001 X=109,1134 Y=115,3370 Vx=82,6531 Vy=164,2674
[11878,129] Ball=B003 X=9,1522 Y=349,8588 Vx=48,9741 Vy=153,0235
[11881,072] Ball=B001 X=110,3460 Y=117,7869 Vx=82,6531 Vy=164,2674
[11878,587] Ball=B002 X=351,7302 Y=6,4715 Vx=98,5589 Vy=-123,7353
[11894,619] Ball=B002 X=353,3103 Y=4,4878 Vx=98,5589 Vy=-123,7353
[11894,183] Ball=B003 X=9,9385 Y=352,3156 Vx=48,9741 Vy=153,0235
[11897,126] Ball=B001 X=111,6729 Y=120,4239 Vx=82,6531 Vy=164,2674
[11912,180] Ball=B001 X=112,9172 Y=122,8969 Vx=82,6531 Vy=164,2674
[11909,243] Ball=B003 X=10,6760 Y=354,6199 Vx=48,9741 Vy=153,0235
[11909,707] Ball=B002 X=354,7973 Y=2,6209 Vx=98,5589 Vy=-123,7353
[11925,686] Ball=B002 X=356,3723 Y=0,6437 Vx=98,5589 Vy=-123,7353
[11925,248] Ball=B003 X=11,4599 Y=357,0693 Vx=48,9741 Vy=153,0235
[11928,199] Ball=B001 X=114,2412 Y=125,5283 Vx=82,6531 Vy=164,2674
[11941,220] Ball=B003 X=12,2421 Y=359,5134 Vx=48,9741 Vy=153,0235
[11944,162] Ball=B001 X=115,5606 Y=128,1504 Vx=82,6531 Vy=164,2674
[11941,686] Ball=B002 X=357,9492 Y=-1,3361 Vx=98,5589 Vy=-123,7353
[11957,691] Ball=B002 X=359,5265 Y=1,9802 Vx=98,5589 Vy=123,7353
[11957,245] Ball=B003 X=13,0268 Y=361,9654 Vx=48,9741 Vy=153,0235
[11960,190] Ball=B001 X=116,8853 Y=130,7833 Vx=82,6531 Vy=164,2674
[11972,111] Ball=B003 X=13,7550 Y=364,2405 Vx=48,9741 Vy=153,0235
[11975,043] Ball=B001 X=118,1126 Y=133,2224 Vx=82,6531 Vy=164,2674
[11972,567] Ball=B002 X=360,9928 Y=3,8210 Vx=98,5589 Vy=123,7353
[11991,070] Ball=B001 X=119,4376 Y=135,8558 Vx=82,6531 Vy=164,2674
[11988,593] Ball=B002 X=362,5723 Y=5,8040 Vx=98,5589 Vy=123,7353
[11988,149] Ball=B003 X=14,5404 Y=366,6945 Vx=48,9741 Vy=153,0235
[12003,221] Ball=B003 X=15,2785 Y=369,0009 Vx=48,9741 Vy=153,0235
[12006,277] Ball=B001 X=120,6946 Y=138,3539 Vx=82,6531 Vy=164,2674
[12004,061] Ball=B002 X=364,0968 Y=7,7180 Vx=98,5589 Vy=123,7353
[12022,025] Ball=B001 X=121,9962 Y=140,9408 Vx=82,6531 Vy=164,2674
[12019,690] Ball=B003 X=16,0851 Y=371,5210 Vx=48,9741 Vy=153,0235
[12020,149] Ball=B002 X=365,6824 Y=9,7086 Vx=98,5589 Vy=123,7353
[12035,245] Ball=B003 X=16,8469 Y=367,6197 Vx=48,9741 Vy=-153,0235
[12038,179] Ball=B001 X=123,3314 Y=143,5943 Vx=82,6531 Vy=164,2674
[12035,814] Ball=B002 X=367,2263 Y=11,6469 Vx=98,5589 Vy=123,7353
[12050,150] Ball=B003 X=17,5768 Y=365,3390 Vx=48,9741 Vy=-153,0235
[12053,093] Ball=B001 X=124,5641 Y=146,0444 Vx=82,6531 Vy=164,2674
[12050,608] Ball=B002 X=368,6844 Y=13,4775 Vx=98,5589 Vy=123,7353
[12068,130] Ball=B001 X=125,8069 Y=148,5143 Vx=82,6531 Vy=164,2674
[12065,203] Ball=B003 X=18,3140 Y=363,0354 Vx=48,9741 Vy=-153,0235
[12065,655] Ball=B002 X=370,1674 Y=15,3393 Vx=98,5589 Vy=123,7353
[12083,186] Ball=B001 X=127,0513 Y=150,9875 Vx=82,6531 Vy=164,2674
[12080,702] Ball=B002 X=371,6504 Y=17,2011 Vx=98,5589 Vy=123,7353
[12080,272] Ball=B003 X=19,0520 Y=360,7295 Vx=48,9741 Vy=-153,0235
[12096,063] Ball=B003 X=19,8254 Y=358,3131 Vx=48,9741 Vy=-153,0235
[12096,520] Ball=B002 X=373,2095 Y=19,1584 Vx=98,5589 Vy=123,7353
[12099,014] Ball=B001 X=128,3596 Y=153,5875 Vx=82,6531 Vy=164,2674
[12114,171] Ball=B001 X=129,6123 Y=156,0772 Vx=82,6531 Vy=164,2674
[12111,689] Ball=B002 X=370,5050 Y=21,0354 Vx=-98,5589 Vy=123,7353
[12111,252] Ball=B003 X=20,5692 Y=355,9888 Vx=48,9741 Vy=-153,0235
[12130,073] Ball=B001 X=130,9267 Y=158,6896 Vx=82,6531 Vy=164,2674
[12127,588] Ball=B002 X=368,9379 Y=23,0027 Vx=-98,5589 Vy=123,7353
[12127,133] Ball=B003 X=21,3470 Y=353,5588 Vx=48,9741 Vy=-153,0235
[12143,545] Ball=B002 X=367,3653 Y=24,9770 Vx=-98,5589 Vy=123,7353
[12143,103] Ball=B003 X=22,1291 Y=351,1149 Vx=48,9741 Vy=-153,0235
[12146,073] Ball=B001 X=132,2492 Y=161,3178 Vx=82,6531 Vy=164,2674
[12159,700] Ball=B002 X=365,7731 Y=26,9759 Vx=-98,5589 Vy=123,7353
[12162,191] Ball=B001 X=133,5813 Y=163,9654 Vx=82,6531 Vy=164,2674
[12159,263] Ball=B003 X=22,9206 Y=348,6419 Vx=48,9741 Vy=-153,0235
[12175,691] Ball=B002 X=364,1970 Y=28,9547 Vx=-98,5589 Vy=123,7353
[12175,243] Ball=B003 X=23,7031 Y=346,1967 Vx=48,9741 Vy=-153,0235
[12178,193] Ball=B001 X=134,9040 Y=166,5942 Vx=82,6531 Vy=164,2674
[12193,179] Ball=B001 X=136,1426 Y=169,0558 Vx=82,6531 Vy=164,2674
[12190,699] Ball=B002 X=362,7178 Y=30,8117 Vx=-98,5589 Vy=123,7353
[12190,263] Ball=B003 X=24,4387 Y=343,8983 Vx=48,9741 Vy=-153,0235
[12206,271] Ball=B003 X=25,2227 Y=341,4487 Vx=48,9741 Vy=-153,0235
[12206,717] Ball=B002 X=361,1391 Y=32,7937 Vx=-98,5589 Vy=123,7353
[12209,364] Ball=B001 X=137,4803 Y=171,7144 Vx=82,6531 Vy=164,2674
[12221,133] Ball=B003 X=25,9505 Y=339,1746 Vx=48,9741 Vy=-153,0235
[12224,254] Ball=B001 X=138,7111 Y=174,1605 Vx=82,6531 Vy=164,2674
[12222,072] Ball=B002 X=359,6257 Y=34,6937 Vx=-98,5589 Vy=123,7353
[12237,540] Ball=B002 X=358,1013 Y=36,6076 Vx=-98,5589 Vy=123,7353
[12240,031] Ball=B001 X=140,0151 Y=176,7520 Vx=82,6531 Vy=164,2674
[12237,247] Ball=B003 X=26,7397 Y=336,7086 Vx=48,9741 Vy=-153,0235
[12253,307] Ball=B003 X=27,5262 Y=334,2513 Vx=48,9741 Vy=-153,0235
[12256,747] Ball=B001 X=141,3968 Y=179,4980 Vx=82,6531 Vy=164,2674
[12254,489] Ball=B002 X=356,4307 Y=38,7048 Vx=-98,5589 Vy=123,7353
[12268,238] Ball=B003 X=28,2574 Y=331,9665 Vx=48,9741 Vy=-153,0235
[12271,184] Ball=B001 X=142,5900 Y=181,8694 Vx=82,6531 Vy=164,2674
[12270,537] Ball=B002 X=354,8491 Y=40,6905 Vx=-98,5589 Vy=123,7353
[12283,132] Ball=B003 X=28,9867 Y=329,6878 Vx=48,9741 Vy=-153,0235
[12286,071] Ball=B001 X=143,8205 Y=184,3150 Vx=82,6531 Vy=164,2674
[12285,694] Ball=B002 X=353,3552 Y=42,5659 Vx=-98,5589 Vy=123,7353
[12301,140] Ball=B001 X=145,0659 Y=186,7902 Vx=82,6531 Vy=164,2674
[12298,201] Ball=B003 X=29,7249 Y=327,3813 Vx=48,9741 Vy=-153,0235
[12301,682] Ball=B002 X=351,7794 Y=44,5443 Vx=-98,5589 Vy=123,7353
[12316,144] Ball=B001 X=146,3060 Y=189,2549 Vx=82,6531 Vy=164,2674
[12313,203] Ball=B003 X=30,4595 Y=325,0857 Vx=48,9741 Vy=-153,0235
[12317,517] Ball=B002 X=350,2189 Y=46,5034 Vx=-98,5589 Vy=123,7353
[12331,168] Ball=B001 X=147,5478 Y=191,7228 Vx=82,6531 Vy=164,2674
[12328,244] Ball=B003 X=31,1962 Y=322,7840 Vx=48,9741 Vy=-153,0235
[12333,635] Ball=B002 X=348,6303 Y=48,4979 Vx=-98,5589 Vy=123,7353
[12347,061] Ball=B001 X=148,8615 Y=194,3336 Vx=82,6531 Vy=164,2674
[12344,123] Ball=B003 X=31,9739 Y=320,3541 Vx=48,9741 Vy=-153,0235
[12348,670] Ball=B002 X=347,1484 Y=50,3583 Vx=-98,5589 Vy=123,7353
[12362,165] Ball=B001 X=150,1099 Y=196,8147 Vx=82,6531 Vy=164,2674
[12359,228] Ball=B003 X=32,7137 Y=318,0426 Vx=48,9741 Vy=-153,0235
[12364,678] Ball=B002 X=345,5707 Y=52,3390 Vx=-98,5589 Vy=123,7353
[12375,248] Ball=B003 X=33,4982 Y=315,5913 Vx=48,9741 Vy=-153,0235
[12378,305] Ball=B001 X=151,4438 Y=199,4658 Vx=82,6531 Vy=164,2674
[12380,642] Ball=B002 X=343,9973 Y=54,3143 Vx=-98,5589 Vy=123,7353
[12391,105] Ball=B003 X=34,2748 Y=313,1647 Vx=48,9741 Vy=-153,0235
[12394,049] Ball=B001 X=152,7452 Y=202,0523 Vx=82,6531 Vy=164,2674
[12395,684] Ball=B002 X=342,5148 Y=56,1756 Vx=-98,5589 Vy=123,7353
[12409,191] Ball=B001 X=153,9967 Y=204,5395 Vx=82,6531 Vy=164,2674
[12406,251] Ball=B003 X=35,0165 Y=310,8471 Vx=48,9741 Vy=-153,0235
[12410,684] Ball=B002 X=341,0364 Y=58,0316 Vx=-98,5589 Vy=123,7353
[12424,092] Ball=B001 X=155,2283 Y=206,9874 Vx=82,6531 Vy=164,2674
[12421,155] Ball=B003 X=35,7465 Y=308,5663 Vx=48,9741 Vy=-153,0235
[12426,678] Ball=B002 X=339,4600 Y=60,0106 Vx=-98,5589 Vy=123,7353
[12439,987] Ball=B001 X=156,5420 Y=209,5982 Vx=82,6531 Vy=164,2674
[12437,050] Ball=B003 X=36,5249 Y=306,1341 Vx=48,9741 Vy=-153,0235
[12441,688] Ball=B002 X=337,9807 Y=61,8679 Vx=-98,5589 Vy=123,7353
[12456,024] Ball=B001 X=157,8676 Y=212,2327 Vx=82,6531 Vy=164,2674
[12453,097] Ball=B003 X=37,3107 Y=303,6786 Vx=48,9741 Vy=-153,0235
[12457,668] Ball=B002 X=336,4064 Y=63,8443 Vx=-98,5589 Vy=123,7353
[12471,170] Ball=B001 X=159,1194 Y=214,7205 Vx=82,6531 Vy=164,2674
[12468,233] Ball=B003 X=38,0520 Y=301,3625 Vx=48,9741 Vy=-153,0235
[12473,498] Ball=B002 X=334,8455 Y=65,8039 Vx=-98,5589 Vy=123,7353
[12483,163] Ball=B003 X=38,7832 Y=299,0777 Vx=48,9741 Vy=-153,0235
[12486,100] Ball=B001 X=160,3534 Y=217,1731 Vx=82,6531 Vy=164,2674
[12489,684] Ball=B002 X=333,2502 Y=67,8067 Vx=-98,5589 Vy=123,7353
[12501,168] Ball=B001 X=161,5989 Y=219,6483 Vx=82,6531 Vy=164,2674
[12498,233] Ball=B003 X=39,5213 Y=296,7716 Vx=48,9741 Vy=-153,0235
[12504,571] Ball=B002 X=331,7830 Y=69,6487 Vx=-98,5589 Vy=123,7353
[12517,171] Ball=B001 X=162,9215 Y=222,2771 Vx=82,6531 Vy=164,2674
[12514,243] Ball=B003 X=40,3053 Y=294,3218 Vx=48,9741 Vy=-153,0235
[12519,524] Ball=B002 X=330,3092 Y=71,4990 Vx=-98,5589 Vy=123,7353
[12533,032] Ball=B001 X=164,2325 Y=224,8825 Vx=82,6531 Vy=164,2674
[12530,123] Ball=B003 X=41,0830 Y=291,8918 Vx=48,9741 Vy=-153,0235
[12535,665] Ball=B002 X=328,7184 Y=73,4962 Vx=-98,5589 Vy=123,7353
[12549,173] Ball=B001 X=165,5666 Y=227,5340 Vx=82,6531 Vy=164,2674
[12546,236] Ball=B003 X=41,8722 Y=289,4261 Vx=48,9741 Vy=-153,0235
[12551,666] Ball=B002 X=327,1414 Y=75,4760 Vx=-98,5589 Vy=123,7353
[12564,076] Ball=B001 X=166,7984 Y=229,9820 Vx=82,6531 Vy=164,2674
[12561,137] Ball=B003 X=42,6019 Y=287,1459 Vx=48,9741 Vy=-153,0235
[12567,488] Ball=B002 X=325,5819 Y=77,4338 Vx=-98,5589 Vy=123,7353
[12576,230] Ball=B003 X=43,3411 Y=284,8363 Vx=48,9741 Vy=-153,0235
[12579,173] Ball=B001 X=168,0463 Y=232,4621 Vx=82,6531 Vy=164,2674
[12582,567] Ball=B002 X=324,0958 Y=79,2996 Vx=-98,5589 Vy=123,7353
[12594,983] Ball=B001 X=169,3530 Y=235,0591 Vx=82,6531 Vy=164,2674
[12592,088] Ball=B003 X=44,1162 Y=282,4144 Vx=48,9741 Vy=-153,0235
[12597,574] Ball=B002 X=322,6167 Y=81,1565 Vx=-98,5589 Vy=123,7353
[12608,083] Ball=B003 X=44,9011 Y=279,9620 Vx=48,9741 Vy=-153,0235
[12611,029] Ball=B001 X=170,6793 Y=237,6950 Vx=82,6531 Vy=164,2674
[12613,527] Ball=B002 X=321,0444 Y=83,1305 Vx=-98,5589 Vy=123,7353
[12626,026] Ball=B001 X=171,9188 Y=240,1584 Vx=82,6531 Vy=164,2674
[12623,097] Ball=B003 X=45,6364 Y=277,6645 Vx=48,9741 Vy=-153,0235
[12629,567] Ball=B002 X=319,4635 Y=85,1151 Vx=-98,5589 Vy=123,7353
[12641,184] Ball=B001 X=173,1717 Y=242,6485 Vx=82,6531 Vy=164,2674
[12638,246] Ball=B003 X=46,3782 Y=275,3465 Vx=48,9741 Vy=-153,0235
[12645,703] Ball=B002 X=317,8732 Y=87,1118 Vx=-98,5589 Vy=123,7353
[12653,078] Ball=B003 X=47,1047 Y=273,0767 Vx=48,9741 Vy=-153,0235
[12656,028] Ball=B001 X=174,3985 Y=245,0867 Vx=82,6531 Vy=164,2674
[12660,684] Ball=B002 X=316,3966 Y=88,9655 Vx=-98,5589 Vy=123,7353
[12672,166] Ball=B001 X=175,7324 Y=247,7378 Vx=82,6531 Vy=164,2674
[12669,246] Ball=B003 X=47,8965 Y=270,6026 Vx=48,9741 Vy=-153,0235
[12676,526] Ball=B002 X=314,8352 Y=90,9257 Vx=-98,5589 Vy=123,7353
[12685,260] Ball=B003 X=48,6807 Y=268,1522 Vx=48,9741 Vy=-153,0235
[12688,197] Ball=B001 X=177,0573 Y=250,3710 Vx=82,6531 Vy=164,2674
[12691,684] Ball=B002 X=313,3413 Y=92,8013 Vx=-98,5589 Vy=123,7353
[12701,086] Ball=B003 X=49,4558 Y=265,7303 Vx=48,9741 Vy=-153,0235
[12704,022] Ball=B001 X=178,3654 Y=252,9706 Vx=82,6531 Vy=164,2674
[12707,686] Ball=B002 X=311,7643 Y=94,7812 Vx=-98,5589 Vy=123,7353
[12720,183] Ball=B001 X=179,7011 Y=255,6254 Vx=82,6531 Vy=164,2674
[12717,254] Ball=B003 X=50,2476 Y=263,2563 Vx=48,9741 Vy=-153,0235
[12723,574] Ball=B002 X=310,1983 Y=96,7472 Vx=-98,5589 Vy=123,7353
[12736,117] Ball=B001 X=181,0182 Y=258,2429 Vx=82,6531 Vy=164,2674
[12733,181] Ball=B003 X=51,0276 Y=260,8191 Vx=48,9741 Vy=-153,0235
[12739,682] Ball=B002 X=308,6107 Y=98,7403 Vx=-98,5589 Vy=123,7353
[12749,230] Ball=B003 X=51,8136 Y=258,3632 Vx=48,9741 Vy=-153,0235
[12752,175] Ball=B001 X=182,3454 Y=260,8806 Vx=82,6531 Vy=164,2674
[12755,526] Ball=B002 X=307,0492 Y=100,7007 Vx=-98,5589 Vy=123,7353
[12764,223] Ball=B003 X=52,5479 Y=256,0689 Vx=48,9741 Vy=-153,0235
[12767,171] Ball=B001 X=183,5849 Y=263,3440 Vx=82,6531 Vy=164,2674
[12771,686] Ball=B002 X=305,4564 Y=102,7004 Vx=-98,5589 Vy=123,7353
[12782,155] Ball=B001 X=184,8230 Y=265,8047 Vx=82,6531 Vy=164,2674
[12779,326] Ball=B003 X=53,2875 Y=253,7578 Vx=48,9741 Vy=-153,0235
[12787,531] Ball=B002 X=303,8948 Y=104,6609 Vx=-98,5589 Vy=123,7353
[12797,182] Ball=B001 X=186,0654 Y=268,2738 Vx=82,6531 Vy=164,2674
[12794,257] Ball=B003 X=54,0188 Y=251,4730 Vx=48,9741 Vy=-153,0235
[12803,537] Ball=B002 X=302,3172 Y=106,6415 Vx=-98,5589 Vy=123,7353
[12812,066] Ball=B001 X=187,2955 Y=270,7187 Vx=82,6531 Vy=164,2674
[12809,129] Ball=B003 X=54,7471 Y=249,1972 Vx=48,9741 Vy=-153,0235
[12818,639] Ball=B002 X=300,8288 Y=108,5101 Vx=-98,5589 Vy=123,7353
[12824,220] Ball=B003 X=55,4862 Y=246,8879 Vx=48,9741 Vy=-153,0235
[12827,174] Ball=B001 X=188,5443 Y=273,2006 Vx=82,6531 Vy=164,2674
[12833,669] Ball=B002 X=299,3474 Y=110,3698 Vx=-98,5589 Vy=123,7353
[12842,176] Ball=B001 X=189,7843 Y=275,6650 Vx=82,6531 Vy=164,2674
[12839,242] Ball=B003 X=56,2219 Y=244,5893 Vx=48,9741 Vy=-153,0235
[12849,669] Ball=B002 X=297,7704 Y=112,3496 Vx=-98,5589 Vy=123,7353
[12855,251] Ball=B003 X=57,0059 Y=242,1395 Vx=48,9741 Vy=-153,0235
[12858,188] Ball=B001 X=191,1077 Y=278,2951 Vx=82,6531 Vy=164,2674
[12865,641] Ball=B002 X=296,1963 Y=114,3259 Vx=-98,5589 Vy=123,7353
[12871,083] Ball=B003 X=57,7812 Y=239,7168 Vx=48,9741 Vy=-153,0235
[12874,022] Ball=B001 X=192,4165 Y=280,8962 Vx=82,6531 Vy=164,2674
[12880,538] Ball=B002 X=294,7281 Y=116,1691 Vx=-98,5589 Vy=123,7353
[12887,103] Ball=B003 X=58,5658 Y=237,2655 Vx=48,9741 Vy=-153,0235
[12890,046] Ball=B001 X=193,7408 Y=283,5283 Vx=82,6531 Vy=164,2674
[12896,499] Ball=B002 X=293,1550 Y=118,1440 Vx=-98,5589 Vy=123,7353
[12905,072] Ball=B001 X=194,9828 Y=285,9967 Vx=82,6531 Vy=164,2674
[12902,134] Ball=B003 X=59,3020 Y=234,9653 Vx=48,9741 Vy=-153,0235
[12911,669] Ball=B002 X=291,6598 Y=120,0212 Vx=-98,5589 Vy=123,7353
[12921,016] Ball=B001 X=196,3006 Y=288,6157 Vx=82,6531 Vy=164,2674
[12918,267] Ball=B003 X=60,0920 Y=232,4966 Vx=48,9741 Vy=-153,0235
[12926,676] Ball=B002 X=290,1808 Y=121,8780 Vx=-98,5589 Vy=123,7353
[12936,155] Ball=B001 X=197,5519 Y=291,1026 Vx=82,6531 Vy=164,2674
[12933,222] Ball=B003 X=60,8244 Y=230,2082 Vx=48,9741 Vy=-153,0235
[12942,636] Ball=B002 X=288,6079 Y=123,8527 Vx=-98,5589 Vy=123,7353
[12948,150] Ball=B003 X=61,5555 Y=227,9238 Vx=48,9741 Vy=-153,0235
[12951,099] Ball=B001 X=198,7870 Y=293,5573 Vx=82,6531 Vy=164,2674
[12958,666] Ball=B002 X=287,0279 Y=125,8364 Vx=-98,5589 Vy=123,7353
[12964,157] Ball=B003 X=62,3394 Y=225,4744 Vx=48,9741 Vy=-153,0235
[12967,121] Ball=B001 X=200,1114 Y=296,1894 Vx=82,6531 Vy=164,2674
[12973,679] Ball=B002 X=285,5482 Y=127,6940 Vx=-98,5589 Vy=123,7353
[12983,102] Ball=B001 X=201,4322 Y=298,8143 Vx=82,6531 Vy=164,2674
[12980,172] Ball=B003 X=63,1237 Y=223,0237 Vx=48,9741 Vy=-153,0235
[12989,669] Ball=B002 X=283,9723 Y=129,6725 Vx=-98,5589 Vy=123,7353
[12999,174] Ball=B001 X=202,7606 Y=301,4545 Vx=82,6531 Vy=164,2674
[12996,237] Ball=B003 X=63,9105 Y=220,5654 Vx=48,9741 Vy=-153,0235
[13004,538] Ball=B002 X=282,5068 Y=131,5124 Vx=-98,5589 Vy=123,7353
[13011,235] Ball=B003 X=64,6451 Y=218,2703 Vx=48,9741 Vy=-153,0235
[13014,178] Ball=B001 X=204,0007 Y=303,9192 Vx=82,6531 Vy=164,2674
[13020,298] Ball=B002 X=280,9535 Y=133,4625 Vx=-98,5589 Vy=123,7353
[13026,025] Ball=B003 X=65,3694 Y=216,0071 Vx=48,9741 Vy=-153,0235
[13028,982] Ball=B001 X=205,2244 Y=306,3510 Vx=82,6531 Vy=164,2674
[13036,500] Ball=B002 X=279,3567 Y=135,4671 Vx=-98,5589 Vy=123,7353
[13041,855] Ball=B003 X=66,1446 Y=213,5847 Vx=48,9741 Vy=-153,0235
[13044,798] Ball=B001 X=206,5316 Y=308,9490 Vx=82,6531 Vy=164,2674
[13051,299] Ball=B002 X=277,8980 Y=137,2984 Vx=-98,5589 Vy=123,7353
[13057,065] Ball=B003 X=66,8895 Y=211,2573 Vx=48,9741 Vy=-153,0235
[13060,002] Ball=B001 X=207,7882 Y=311,4465 Vx=82,6531 Vy=164,2674
[13066,731] Ball=B002 X=276,3771 Y=139,2078 Vx=-98,5589 Vy=123,7353
[13072,141] Ball=B003 X=67,6279 Y=208,9503 Vx=48,9741 Vy=-153,0235
[13075,094] Ball=B001 X=209,0357 Y=313,9258 Vx=82,6531 Vy=164,2674
[13082,577] Ball=B002 X=274,8154 Y=141,1685 Vx=-98,5589 Vy=123,7353
[13090,091] Ball=B001 X=210,2751 Y=316,3890 Vx=82,6531 Vy=164,2674
[13087,192] Ball=B003 X=68,3650 Y=206,6471 Vx=48,9741 Vy=-153,0235
[13098,738] Ball=B002 X=273,2227 Y=143,1681 Vx=-98,5589 Vy=123,7353
[13106,092] Ball=B001 X=211,5977 Y=319,0176 Vx=82,6531 Vy=164,2674
[13103,155] Ball=B003 X=69,1467 Y=204,2045 Vx=48,9741 Vy=-153,0235
[13114,738] Ball=B002 X=271,6457 Y=145,1479 Vx=-98,5589 Vy=123,7353
[13119,162] Ball=B003 X=69,9307 Y=201,7549 Vx=48,9741 Vy=-153,0235
[13122,644] Ball=B001 X=212,9658 Y=321,7366 Vx=82,6531 Vy=164,2674
[13130,561] Ball=B002 X=270,0862 Y=147,1057 Vx=-98,5589 Vy=123,7353
[13138,221] Ball=B001 X=214,2533 Y=324,2954 Vx=82,6531 Vy=164,2674
[13135,294] Ball=B003 X=70,7207 Y=199,2864 Vx=48,9741 Vy=-153,0235
[13145,727] Ball=B002 X=268,5914 Y=148,9824 Vx=-98,5589 Vy=123,7353
[13154,112] Ball=B001 X=215,5667 Y=326,9058 Vx=82,6531 Vy=164,2674
[13151,204] Ball=B003 X=71,4999 Y=196,8518 Vx=48,9741 Vy=-153,0235
[13160,747] Ball=B002 X=267,1110 Y=150,8409 Vx=-98,5589 Vy=123,7353
[13169,200] Ball=B001 X=216,8138 Y=329,3842 Vx=82,6531 Vy=164,2674
[13166,269] Ball=B003 X=72,2377 Y=194,5464 Vx=48,9741 Vy=-153,0235
[13176,726] Ball=B002 X=265,5362 Y=152,8181 Vx=-98,5589 Vy=123,7353
[13184,219] Ball=B001 X=218,0552 Y=331,8514 Vx=82,6531 Vy=164,2674
[13181,290] Ball=B003 X=72,9733 Y=192,2479 Vx=48,9741 Vy=-153,0235
[13192,544] Ball=B002 X=263,9771 Y=154,7754 Vx=-98,5589 Vy=123,7353
[13196,284] Ball=B003 X=73,7077 Y=189,9534 Vx=48,9741 Vy=-153,0235
[13199,246] Ball=B001 X=219,2972 Y=334,3199 Vx=82,6531 Vy=164,2674
[13208,671] Ball=B002 X=262,3877 Y=156,7708 Vx=-98,5589 Vy=123,7353
[13215,071] Ball=B001 X=220,6052 Y=336,9193 Vx=82,6531 Vy=164,2674
[13212,151] Ball=B003 X=74,4847 Y=187,5255 Vx=48,9741 Vy=-153,0235
[13224,729] Ball=B002 X=260,8050 Y=158,7577 Vx=-98,5589 Vy=123,7353
[13231,217] Ball=B001 X=221,9397 Y=339,5716 Vx=82,6531 Vy=164,2674
[13228,290] Ball=B003 X=75,2751 Y=185,0557 Vx=48,9741 Vy=-153,0235
[13239,738] Ball=B002 X=259,3258 Y=160,6148 Vx=-98,5589 Vy=123,7353
[13243,272] Ball=B003 X=76,0088 Y=182,7633 Vx=48,9741 Vy=-153,0235
[13246,211] Ball=B001 X=223,1790 Y=342,0346 Vx=82,6531 Vy=164,2674
[13255,743] Ball=B002 X=257,7484 Y=162,5952 Vx=-98,5589 Vy=123,7353
[13258,188] Ball=B003 X=76,7394 Y=180,4806 Vx=48,9741 Vy=-153,0235
[13261,124] Ball=B001 X=224,4116 Y=344,4843 Vx=82,6531 Vy=164,2674
[13271,733] Ball=B002 X=256,1724 Y=164,5738 Vx=-98,5589 Vy=123,7353
[13273,281] Ball=B003 X=77,4785 Y=178,1711 Vx=48,9741 Vy=-153,0235
[13276,232] Ball=B001 X=225,6603 Y=346,9661 Vx=82,6531 Vy=164,2674
[13287,609] Ball=B002 X=254,6076 Y=166,5383 Vx=-98,5589 Vy=123,7353
[13292,217] Ball=B001 X=226,9816 Y=349,5920 Vx=82,6531 Vy=164,2674
[13289,286] Ball=B003 X=78,2623 Y=175,7220 Vx=48,9741 Vy=-153,0235
[13302,592] Ball=B002 X=253,1309 Y=168,3921 Vx=-98,5589 Vy=123,7353
[13307,090] Ball=B001 X=228,2108 Y=352,0351 Vx=82,6531 Vy=164,2674
[13304,159] Ball=B003 X=78,9908 Y=173,4460 Vx=48,9741 Vy=-153,0235
[13318,612] Ball=B002 X=251,5521 Y=170,3743 Vx=-98,5589 Vy=123,7353
[13322,079] Ball=B001 X=229,4497 Y=354,4973 Vx=82,6531 Vy=164,2674
[13319,154] Ball=B003 X=79,7251 Y=171,1514 Vx=48,9741 Vy=-153,0235
[13335,621] Ball=B002 X=249,8756 Y=172,4791 Vx=-98,5589 Vy=123,7353
[13335,174] Ball=B003 X=80,5096 Y=168,7001 Vx=48,9741 Vy=-153,0235
[13338,111] Ball=B001 X=230,7747 Y=357,1306 Vx=82,6531 Vy=164,2674
[13353,161] Ball=B001 X=232,0188 Y=359,6031 Vx=82,6531 Vy=164,2674
[13350,681] Ball=B002 X=248,3913 Y=174,3425 Vx=-98,5589 Vy=123,7353
[13350,237] Ball=B003 X=81,2474 Y=166,3950 Vx=48,9741 Vy=-153,0235
[13365,700] Ball=B002 X=246,9111 Y=176,2008 Vx=-98,5589 Vy=123,7353
[13368,200] Ball=B001 X=233,2618 Y=362,0735 Vx=82,6531 Vy=164,2674
[13365,274] Ball=B003 X=81,9838 Y=164,0940 Vx=48,9741 Vy=-153,0235
[13381,289] Ball=B003 X=82,7681 Y=161,6434 Vx=48,9741 Vy=-153,0235
[13381,753] Ball=B002 X=245,3289 Y=178,1872 Vx=-98,5589 Vy=123,7353
[13384,233] Ball=B001 X=234,5869 Y=364,7070 Vx=82,6531 Vy=164,2674
[13400,088] Ball=B001 X=235,8974 Y=367,3115 Vx=82,6531 Vy=164,2674
[13397,603] Ball=B002 X=243,7667 Y=180,1484 Vx=-98,5589 Vy=123,7353
[13397,163] Ball=B003 X=83,5455 Y=159,2143 Vx=48,9741 Vy=-153,0235
[13412,154] Ball=B003 X=84,2797 Y=156,9203 Vx=48,9741 Vy=-153,0235
[13415,091] Ball=B001 X=237,1374 Y=363,5354 Vx=82,6531 Vy=-164,2674
[13412,634] Ball=B002 X=242,2852 Y=182,0083 Vx=-98,5589 Vy=123,7353
[13430,083] Ball=B001 X=238,3766 Y=361,0728 Vx=82,6531 Vy=-164,2674
[13427,601] Ball=B002 X=240,8102 Y=183,8602 Vx=-98,5589 Vy=123,7353
[13427,182] Ball=B003 X=85,0157 Y=154,6205 Vx=48,9741 Vy=-153,0235
[13443,292] Ball=B003 X=85,8046 Y=152,1555 Vx=48,9741 Vy=-153,0235
[13446,237] Ball=B001 X=239,7118 Y=358,4190 Vx=82,6531 Vy=-164,2674
[13443,763] Ball=B002 X=239,2172 Y=185,8600 Vx=-98,5589 Vy=123,7353
[13459,742] Ball=B002 X=237,6425 Y=187,8371 Vx=-98,5589 Vy=123,7353
[13462,245] Ball=B001 X=241,0348 Y=355,7896 Vx=82,6531 Vy=-164,2674
[13459,312] Ball=B003 X=86,5892 Y=149,7040 Vx=48,9741 Vy=-153,0235
[13478,108] Ball=B001 X=242,3460 Y=353,1838 Vx=82,6531 Vy=-164,2674
[13475,176] Ball=B003 X=87,3661 Y=147,2764 Vx=48,9741 Vy=-153,0235
[13475,631] Ball=B002 X=236,0764 Y=189,8033 Vx=-98,5589 Vy=123,7353
[13490,282] Ball=B003 X=88,1059 Y=144,9649 Vx=48,9741 Vy=-153,0235
[13493,223] Ball=B001 X=243,5953 Y=350,7008 Vx=82,6531 Vy=-164,2674
[13490,742] Ball=B002 X=234,5870 Y=191,6730 Vx=-98,5589 Vy=123,7353
[13505,594] Ball=B002 X=233,1232 Y=193,5107 Vx=-98,5589 Vy=123,7353
[13508,109] Ball=B001 X=244,8257 Y=348,2556 Vx=82,6531 Vy=-164,2674
[13505,356] Ball=B003 X=88,8442 Y=142,6582 Vx=48,9741 Vy=-153,0235
[13520,160] Ball=B003 X=89,5691 Y=140,3929 Vx=48,9741 Vy=-153,0235
[13523,097] Ball=B001 X=246,0644 Y=345,7936 Vx=82,6531 Vy=-164,2674
[13520,613] Ball=B002 X=231,6430 Y=195,3690 Vx=-98,5589 Vy=123,7353
[13536,606] Ball=B002 X=230,0669 Y=197,3479 Vx=-98,5589 Vy=123,7353
[13539,106] Ball=B001 X=247,3876 Y=343,1638 Vx=82,6531 Vy=-164,2674
[13536,500] Ball=B003 X=90,3694 Y=137,8924 Vx=48,9741 Vy=-153,0235
[13551,298] Ball=B003 X=91,0941 Y=135,6280 Vx=48,9741 Vy=-153,0235
[13551,751] Ball=B002 X=228,5741 Y=199,2220 Vx=-98,5589 Vy=123,7353
[13554,326] Ball=B001 X=248,6457 Y=340,6635 Vx=82,6531 Vy=-164,2674
[13567,155] Ball=B003 X=91,8707 Y=133,2015 Vx=48,9741 Vy=-153,0235
[13567,598] Ball=B002 X=227,0123 Y=201,1827 Vx=-98,5589 Vy=123,7353
[13570,100] Ball=B001 X=249,9495 Y=338,0724 Vx=82,6531 Vy=-164,2674
[13583,179] Ball=B003 X=92,6555 Y=130,7494 Vx=48,9741 Vy=-153,0235
[13586,113] Ball=B001 X=251,2729 Y=335,4421 Vx=82,6531 Vy=-164,2674
[13583,636] Ball=B002 X=225,4316 Y=203,1672 Vx=-98,5589 Vy=123,7353
[13598,721] Ball=B002 X=223,9453 Y=205,0331 Vx=-98,5589 Vy=123,7353
[13601,241] Ball=B001 X=252,5233 Y=332,9571 Vx=82,6531 Vy=-164,2674
[13598,307] Ball=B003 X=93,3963 Y=128,4345 Vx=48,9741 Vy=-153,0235
[13617,203] Ball=B001 X=253,8426 Y=330,3350 Vx=82,6531 Vy=-164,2674
[13614,279] Ball=B003 X=94,1785 Y=125,9904 Vx=48,9741 Vy=-153,0235
[13614,733] Ball=B002 X=222,3667 Y=207,0150 Vx=-98,5589 Vy=123,7353
[13632,098] Ball=B001 X=255,0737 Y=327,8883 Vx=82,6531 Vy=-164,2674
[13629,687] Ball=B002 X=220,8927 Y=208,8655 Vx=-98,5589 Vy=123,7353
[13629,260] Ball=B003 X=94,9123 Y=123,6979 Vx=48,9741 Vy=-153,0235
[13646,103] Ball=B003 X=95,7371 Y=121,1207 Vx=48,9741 Vy=-153,0235
[13649,073] Ball=B001 X=256,4768 Y=325,0998 Vx=82,6531 Vy=-164,2674
[13646,586] Ball=B002 X=219,2273 Y=210,9563 Vx=-98,5589 Vy=123,7353
[13665,085] Ball=B001 X=257,8003 Y=322,4695 Vx=82,6531 Vy=-164,2674
[13662,590] Ball=B002 X=217,6500 Y=212,9366 Vx=-98,5589 Vy=123,7353
[13662,155] Ball=B003 X=96,5232 Y=118,6643 Vx=48,9741 Vy=-153,0235
[13680,227] Ball=B001 X=259,0518 Y=319,9821 Vx=82,6531 Vy=-164,2674
[13677,748] Ball=B002 X=216,1560 Y=214,8122 Vx=-98,5589 Vy=123,7353
[13677,307] Ball=B003 X=97,2653 Y=116,3457 Vx=48,9741 Vy=-153,0235
[13692,148] Ball=B003 X=97,9921 Y=114,0747 Vx=48,9741 Vy=-153,0235
[13695,109] Ball=B001 X=260,2818 Y=317,5376 Vx=82,6531 Vy=-164,2674
[13692,928] Ball=B002 X=214,6598 Y=216,6906 Vx=-98,5589 Vy=123,7353
[13708,600] Ball=B002 X=213,1153 Y=218,6296 Vx=-98,5589 Vy=123,7353
[13711,092] Ball=B001 X=261,6029 Y=314,9120 Vx=82,6531 Vy=-164,2674
[13708,174] Ball=B003 X=98,7770 Y=111,6224 Vx=48,9741 Vy=-153,0235
[13723,603] Ball=B002 X=211,6366 Y=220,4861 Vx=-98,5589 Vy=123,7353
[13726,094] Ball=B001 X=262,8428 Y=312,4478 Vx=82,6531 Vy=-164,2674
[13723,170] Ball=B003 X=99,5114 Y=109,3276 Vx=48,9741 Vy=-153,0235
[13742,232] Ball=B001 X=264,1766 Y=309,7968 Vx=82,6531 Vy=-164,2674
[13739,306] Ball=B003 X=100,3016 Y=106,8585 Vx=48,9741 Vy=-153,0235
[13739,766] Ball=B002 X=210,0436 Y=222,4860 Vx=-98,5589 Vy=123,7353
[13755,555] Ball=B002 X=208,4875 Y=224,4396 Vx=-98,5589 Vy=123,7353
[13755,111] Ball=B003 X=101,0757 Y=104,4398 Vx=48,9741 Vy=-153,0235
[13758,060] Ball=B001 X=265,4849 Y=307,1968 Vx=82,6531 Vy=-164,2674
[13773,099] Ball=B001 X=266,7279 Y=304,7265 Vx=82,6531 Vy=-164,2674
[13770,172] Ball=B003 X=101,8133 Y=102,1352 Vx=48,9741 Vy=-153,0235
[13770,620] Ball=B002 X=207,0039 Y=226,3021 Vx=-98,5589 Vy=123,7353
[13786,142] Ball=B003 X=102,5953 Y=99,6915 Vx=48,9741 Vy=-153,0235
[13786,600] Ball=B002 X=205,4277 Y=228,2810 Vx=-98,5589 Vy=123,7353
[13789,095] Ball=B001 X=268,0501 Y=302,0987 Vx=82,6531 Vy=-164,2674
[13801,802] Ball=B002 X=203,9293 Y=230,1621 Vx=-98,5589 Vy=123,7353
[13804,301] Ball=B001 X=269,3069 Y=299,6008 Vx=82,6531 Vy=-164,2674
[13801,371] Ball=B003 X=103,3412 Y=97,3610 Vx=48,9741 Vy=-153,0235
[13820,256] Ball=B001 X=270,6256 Y=296,9800 Vx=82,6531 Vy=-164,2674
[13817,772] Ball=B002 X=202,3553 Y=232,1382 Vx=-98,5589 Vy=123,7353
[13817,331] Ball=B003 X=104,1229 Y=94,9186 Vx=48,9741 Vy=-153,0235
[13835,124] Ball=B001 X=271,8546 Y=294,5375 Vx=82,6531 Vy=-164,2674
[13832,630] Ball=B002 X=200,8910 Y=233,9766 Vx=-98,5589 Vy=123,7353
[13832,197] Ball=B003 X=104,8509 Y=92,6438 Vx=48,9741 Vy=-153,0235
[13850,253] Ball=B001 X=273,1049 Y=292,0525 Vx=82,6531 Vy=-164,2674
[13847,327] Ball=B003 X=105,5919 Y=90,3286 Vx=48,9741 Vy=-153,0235
[13847,781] Ball=B002 X=199,3977 Y=235,8513 Vx=-98,5589 Vy=123,7353
[13865,097] Ball=B001 X=274,3319 Y=289,6141 Vx=82,6531 Vy=-164,2674
[13862,165] Ball=B003 X=106,3185 Y=88,0581 Vx=48,9741 Vy=-153,0235
[13862,618] Ball=B002 X=197,9354 Y=237,6871 Vx=-98,5589 Vy=123,7353
[13878,236] Ball=B003 X=107,1056 Y=85,5989 Vx=48,9741 Vy=-153,0235
[13878,682] Ball=B002 X=196,3521 Y=239,6749 Vx=-98,5589 Vy=123,7353
[13881,186] Ball=B001 X=275,6617 Y=286,9711 Vx=82,6531 Vy=-164,2674
[13893,749] Ball=B002 X=194,8672 Y=241,5391 Vx=-98,5589 Vy=123,7353
[13896,242] Ball=B001 X=276,9061 Y=284,4979 Vx=82,6531 Vy=-164,2674
[13893,310] Ball=B003 X=107,8438 Y=83,2922 Vx=48,9741 Vy=-153,0235
[13909,739] Ball=B002 X=193,2912 Y=243,5177 Vx=-98,5589 Vy=123,7353
[13909,305] Ball=B003 X=108,6272 Y=80,8445 Vx=48,9741 Vy=-153,0235
[13912,232] Ball=B001 X=278,2277 Y=281,8713 Vx=82,6531 Vy=-164,2674
[13924,203] Ball=B003 X=109,3568 Y=78,5649 Vx=48,9741 Vy=-153,0235
[13927,143] Ball=B001 X=279,4602 Y=279,4219 Vx=82,6531 Vy=-164,2674
[13924,658] Ball=B002 X=191,8208 Y=245,3637 Vx=-98,5589 Vy=123,7353
[13939,160] Ball=B003 X=110,0893 Y=76,2761 Vx=48,9741 Vy=-153,0235
[13939,642] Ball=B002 X=190,3439 Y=247,2179 Vx=-98,5589 Vy=123,7353
[13942,107] Ball=B001 X=280,6970 Y=276,9639 Vx=82,6531 Vy=-164,2674
[13955,697] Ball=B002 X=188,7617 Y=249,2042 Vx=-98,5589 Vy=123,7353
[13958,188] Ball=B001 X=282,0261 Y=274,3223 Vx=82,6531 Vy=-164,2674
[13955,260] Ball=B003 X=110,8778 Y=73,8124 Vx=48,9741 Vy=-153,0235
[13971,319] Ball=B003 X=111,6642 Y=71,3550 Vx=48,9741 Vy=-153,0235
[13971,765] Ball=B002 X=187,1781 Y=251,1924 Vx=-98,5589 Vy=123,7353
[13974,265] Ball=B001 X=283,3549 Y=271,6813 Vx=82,6531 Vy=-164,2674
[13986,161] Ball=B003 X=112,3911 Y=69,0838 Vx=48,9741 Vy=-153,0235
[13989,104] Ball=B001 X=284,5814 Y=269,2437 Vx=82,6531 Vy=-164,2674
[13986,874] Ball=B002 X=185,6888 Y=253,0621 Vx=-98,5589 Vy=123,7353
[14001,750] Ball=B002 X=184,2227 Y=254,9027 Vx=-98,5589 Vy=123,7353
[14001,306] Ball=B003 X=113,1328 Y=66,7663 Vx=48,9741 Vy=-153,0235
[14004,249] Ball=B001 X=285,8332 Y=266,7559 Vx=82,6531 Vy=-164,2674
[14019,238] Ball=B001 X=287,0721 Y=264,2937 Vx=82,6531 Vy=-164,2674
[14016,310] Ball=B003 X=113,8677 Y=64,4702 Vx=48,9741 Vy=-153,0235
[14016,761] Ball=B002 X=182,7432 Y=256,7601 Vx=-98,5589 Vy=123,7353
[14032,611] Ball=B002 X=181,1811 Y=258,7213 Vx=-98,5589 Vy=123,7353
[14032,165] Ball=B003 X=114,6441 Y=62,0440 Vx=48,9741 Vy=-153,0235
[14035,134] Ball=B001 X=288,3860 Y=261,6824 Vx=82,6531 Vy=-164,2674
[14051,269] Ball=B001 X=289,7195 Y=259,0322 Vx=82,6531 Vy=-164,2674
[14048,784] Ball=B002 X=179,5871 Y=260,7225 Vx=-98,5589 Vy=123,7353
[14048,345] Ball=B003 X=115,4365 Y=59,5681 Vx=48,9741 Vy=-153,0235
[14064,128] Ball=B003 X=116,2095 Y=57,1530 Vx=48,9741 Vy=-153,0235
[14067,063] Ball=B001 X=291,0249 Y=256,4378 Vx=82,6531 Vy=-164,2674
[14064,583] Ball=B002 X=178,0300 Y=262,6773 Vx=-98,5589 Vy=123,7353
[14079,299] Ball=B003 X=116,9525 Y=54,8314 Vx=48,9741 Vy=-153,0235
[14082,251] Ball=B001 X=292,2804 Y=253,9427 Vx=82,6531 Vy=-164,2674
[14079,754] Ball=B002 X=176,5348 Y=264,5545 Vx=-98,5589 Vy=123,7353
[14095,745] Ball=B002 X=174,9587 Y=266,5332 Vx=-98,5589 Vy=123,7353
[14098,243] Ball=B001 X=293,6021 Y=251,3157 Vx=82,6531 Vy=-164,2674
[14095,322] Ball=B003 X=117,7372 Y=52,3795 Vx=48,9741 Vy=-153,0235
[14111,740] Ball=B002 X=173,3823 Y=268,5123 Vx=-98,5589 Vy=123,7353
[14111,297] Ball=B003 X=118,5195 Y=49,9351 Vx=48,9741 Vy=-153,0235
[14114,241] Ball=B001 X=294,9244 Y=248,6878 Vx=82,6531 Vy=-164,2674
[14127,284] Ball=B003 X=119,3025 Y=47,4887 Vx=48,9741 Vy=-153,0235
[14130,233] Ball=B001 X=296,2462 Y=246,0608 Vx=82,6531 Vy=-164,2674
[14127,750] Ball=B002 X=171,8043 Y=270,4934 Vx=-98,5589 Vy=123,7353
[14143,602] Ball=B002 X=170,2420 Y=272,4547 Vx=-98,5589 Vy=123,7353
[14146,223] Ball=B001 X=297,5675 Y=243,4349 Vx=82,6531 Vy=-164,2674
[14143,300] Ball=B003 X=120,0868 Y=45,0378 Vx=48,9741 Vy=-153,0235
[14162,236] Ball=B001 X=298,8913 Y=240,8039 Vx=82,6531 Vy=-164,2674
[14159,299] Ball=B003 X=120,8704 Y=42,5897 Vx=48,9741 Vy=-153,0235
[14159,752] Ball=B002 X=168,6502 Y=274,4532 Vx=-98,5589 Vy=123,7353
[14175,668] Ball=B002 X=167,0816 Y=276,4225 Vx=-98,5589 Vy=123,7353
[14175,217] Ball=B003 X=121,6500 Y=40,1538 Vx=48,9741 Vy=-153,0235
[14178,174] Ball=B001 X=300,2087 Y=238,1856 Vx=82,6531 Vy=-164,2674
[14191,279] Ball=B003 X=122,4366 Y=37,6959 Vx=48,9741 Vy=-153,0235
[14194,232] Ball=B001 X=301,5359 Y=235,5479 Vx=82,6531 Vy=-164,2674
[14191,753] Ball=B002 X=165,4963 Y=278,4127 Vx=-98,5589 Vy=123,7353
[14207,296] Ball=B003 X=123,2210 Y=35,2450 Vx=48,9741 Vy=-153,0235
[14207,764] Ball=B002 X=163,9182 Y=280,3940 Vx=-98,5589 Vy=123,7353
[14210,259] Ball=B001 X=302,8605 Y=232,9153 Vx=82,6531 Vy=-164,2674
[14223,744] Ball=B002 X=162,3432 Y=282,3712 Vx=-98,5589 Vy=123,7353
[14226,233] Ball=B001 X=304,1809 Y=230,2911 Vx=82,6531 Vy=-164,2674
[14223,313] Ball=B003 X=124,0054 Y=32,7938 Vx=48,9741 Vy=-153,0235
[14239,303] Ball=B003 X=124,7885 Y=30,3471 Vx=48,9741 Vy=-153,0235
[14242,257] Ball=B001 X=305,5053 Y=227,6589 Vx=82,6531 Vy=-164,2674
[14239,757] Ball=B002 X=160,7651 Y=284,3525 Vx=-98,5589 Vy=123,7353
[14257,114] Ball=B001 X=306,7332 Y=225,2186 Vx=82,6531 Vy=-164,2674
[14254,676] Ball=B002 X=159,2946 Y=286,1986 Vx=-98,5589 Vy=123,7353
[14254,327] Ball=B003 X=125,5243 Y=28,0480 Vx=48,9741 Vy=-153,0235
[14269,621] Ball=B002 X=157,8217 Y=288,0478 Vx=-98,5589 Vy=123,7353
[14269,174] Ball=B003 X=126,2514 Y=25,7762 Vx=48,9741 Vy=-153,0235
[14272,160] Ball=B001 X=307,9769 Y=222,7469 Vx=82,6531 Vy=-164,2674
[14285,287] Ball=B003 X=127,0405 Y=23,3106 Vx=48,9741 Vy=-153,0235
[14288,249] Ball=B001 X=309,3067 Y=220,1040 Vx=82,6531 Vy=-164,2674
[14286,313] Ball=B002 X=156,1765 Y=290,1132 Vx=-98,5589 Vy=123,7353
[14301,649] Ball=B002 X=154,6651 Y=292,0107 Vx=-98,5589 Vy=123,7353
[14301,246] Ball=B003 X=127,8221 Y=20,8683 Vx=48,9741 Vy=-153,0235
[14304,188] Ball=B001 X=310,6241 Y=217,4857 Vx=82,6531 Vy=-164,2674
[14316,315] Ball=B003 X=128,5600 Y=18,5626 Vx=48,9741 Vy=-153,0235
[14319,260] Ball=B001 X=311,8699 Y=215,0098 Vx=82,6531 Vy=-164,2674
[14316,779] Ball=B002 X=153,1738 Y=293,8830 Vx=-98,5589 Vy=123,7353
[14331,604] Ball=B002 X=151,7127 Y=295,7173 Vx=-98,5589 Vy=123,7353
[14331,168] Ball=B003 X=129,2875 Y=16,2896 Vx=48,9741 Vy=-153,0235
[14334,115] Ball=B001 X=313,0977 Y=212,5696 Vx=82,6531 Vy=-164,2674
[14347,624] Ball=B002 X=150,1339 Y=297,6994 Vx=-98,5589 Vy=123,7353
[14347,178] Ball=B003 X=130,0716 Y=13,8398 Vx=48,9741 Vy=-153,0235
[14350,123] Ball=B001 X=314,4208 Y=209,9400 Vx=82,6531 Vy=-164,2674
[14362,175] Ball=B003 X=130,8060 Y=11,5449 Vx=48,9741 Vy=-153,0235
[14362,621] Ball=B002 X=148,6557 Y=299,5552 Vx=-98,5589 Vy=123,7353
[14365,121] Ball=B001 X=315,6604 Y=207,4765 Vx=82,6531 Vy=-164,2674
[14377,766] Ball=B002 X=147,1630 Y=301,4291 Vx=-98,5589 Vy=123,7353
[14377,329] Ball=B003 X=131,5482 Y=9,2259 Vx=48,9741 Vy=-153,0235
[14380,276] Ball=B001 X=316,9130 Y=204,9869 Vx=82,6531 Vy=-164,2674
[14392,157] Ball=B003 X=132,2744 Y=6,9569 Vx=48,9741 Vy=-153,0235
[14395,094] Ball=B001 X=318,1378 Y=202,5528 Vx=82,6531 Vy=-164,2674
[14392,611] Ball=B002 X=145,6999 Y=303,2661 Vx=-98,5589 Vy=123,7353
[14410,249] Ball=B001 X=319,3904 Y=200,0634 Vx=82,6531 Vy=-164,2674
[14407,312] Ball=B003 X=133,0166 Y=4,6378 Vx=48,9741 Vy=-153,0235
[14407,764] Ball=B002 X=144,2064 Y=305,1410 Vx=-98,5589 Vy=123,7353
[14426,152] Ball=B001 X=320,7048 Y=197,4511 Vx=82,6531 Vy=-164,2674
[14423,661] Ball=B002 X=142,6396 Y=307,1080 Vx=-98,5589 Vy=123,7353
[14423,223] Ball=B003 X=133,7958 Y=2,2030 Vx=48,9741 Vy=-153,0235
[14442,149] Ball=B001 X=322,0270 Y=194,8232 Vx=82,6531 Vy=-164,2674
[14439,217] Ball=B003 X=134,5791 Y=-0,2445 Vx=48,9741 Vy=-153,0235
[14439,678] Ball=B002 X=141,0610 Y=309,0900 Vx=-98,5589 Vy=123,7353
[14455,317] Ball=B003 X=135,3675 Y=2,4634 Vx=48,9741 Vy=153,0235
[14458,255] Ball=B001 X=323,3583 Y=192,1774 Vx=82,6531 Vy=-164,2674
[14455,768] Ball=B002 X=139,4752 Y=311,0808 Vx=-98,5589 Vy=123,7353
[14473,096] Ball=B001 X=324,5849 Y=189,7396 Vx=82,6531 Vy=-164,2674
[14470,160] Ball=B003 X=136,0945 Y=4,7349 Vx=48,9741 Vy=153,0235
[14470,613] Ball=B002 X=138,0121 Y=312,9176 Vx=-98,5589 Vy=123,7353
[14485,769] Ball=B002 X=136,5183 Y=314,7930 Vx=-98,5589 Vy=123,7353
[14485,321] Ball=B003 X=136,8370 Y=7,0549 Vx=48,9741 Vy=153,0235
[14488,267] Ball=B001 X=325,8388 Y=187,2475 Vx=82,6531 Vy=-164,2674
[14500,310] Ball=B003 X=137,5711 Y=9,3486 Vx=48,9741 Vy=153,0235
[14503,246] Ball=B001 X=327,0769 Y=184,7869 Vx=82,6531 Vy=-164,2674
[14500,764] Ball=B002 X=135,0404 Y=316,6484 Vx=-98,5589 Vy=123,7353
[14515,321] Ball=B003 X=138,3062 Y=11,6456 Vx=48,9741 Vy=153,0235
[14515,781] Ball=B002 X=133,5604 Y=318,5065 Vx=-98,5589 Vy=123,7353
[14518,277] Ball=B001 X=328,3193 Y=182,3178 Vx=82,6531 Vy=-164,2674
[14531,765] Ball=B002 X=131,9850 Y=320,4844 Vx=-98,5589 Vy=123,7353
[14534,256] Ball=B001 X=329,6399 Y=179,6932 Vx=82,6531 Vy=-164,2674
[14531,331] Ball=B003 X=139,0903 Y=14,0956 Vx=48,9741 Vy=153,0235
[14546,295] Ball=B003 X=139,8231 Y=16,3854 Vx=48,9741 Vy=153,0235
[14549,232] Ball=B001 X=330,8777 Y=177,2330 Vx=82,6531 Vy=-164,2674
[14546,748] Ball=B002 X=130,5083 Y=322,3382 Vx=-98,5589 Vy=123,7353
[14562,635] Ball=B002 X=128,9426 Y=324,3039 Vx=-98,5589 Vy=123,7353
[14565,126] Ball=B001 X=332,1914 Y=174,6222 Vx=82,6531 Vy=-164,2674
[14562,189] Ball=B003 X=140,6015 Y=18,8175 Vx=48,9741 Vy=153,0235
[14578,753] Ball=B002 X=127,3539 Y=326,2984 Vx=-98,5589 Vy=123,7353
[14581,250] Ball=B001 X=333,5242 Y=171,9734 Vx=82,6531 Vy=-164,2674
[14578,318] Ball=B003 X=141,3915 Y=21,2858 Vx=48,9741 Vy=153,0235
[14594,176] Ball=B003 X=142,1681 Y=23,7123 Vx=48,9741 Vy=153,0235
[14597,112] Ball=B001 X=334,8352 Y=169,3679 Vx=82,6531 Vy=-164,2674
[14594,632] Ball=B002 X=125,7889 Y=328,2632 Vx=-98,5589 Vy=123,7353
[14612,188] Ball=B001 X=336,0812 Y=166,8914 Vx=82,6531 Vy=-164,2674
[14609,709] Ball=B002 X=124,3030 Y=330,1287 Vx=-98,5589 Vy=123,7353
[14609,266] Ball=B003 X=142,9071 Y=26,0215 Vx=48,9741 Vy=153,0235
[14625,132] Ball=B003 X=143,6841 Y=28,4493 Vx=48,9741 Vy=153,0235
[14628,077] Ball=B001 X=337,3945 Y=164,2813 Vx=82,6531 Vy=-164,2674
[14625,596] Ball=B002 X=122,7372 Y=332,0945 Vx=-98,5589 Vy=123,7353
[14640,718] Ball=B002 X=121,2468 Y=333,9656 Vx=-98,5589 Vy=123,7353
[14643,220] Ball=B001 X=338,6461 Y=161,7938 Vx=82,6531 Vy=-164,2674
[14640,290] Ball=B003 X=144,4265 Y=30,7688 Vx=48,9741 Vy=153,0235
[14658,118] Ball=B001 X=339,8774 Y=159,3467 Vx=82,6531 Vy=-164,2674
[14655,181] Ball=B003 X=145,1557 Y=33,0474 Vx=48,9741 Vy=153,0235
[14655,634] Ball=B002 X=119,7766 Y=335,8113 Vx=-98,5589 Vy=123,7353
[14673,115] Ball=B001 X=341,1170 Y=156,8831 Vx=82,6531 Vy=-164,2674
[14670,178] Ball=B003 X=145,8902 Y=35,3423 Vx=48,9741 Vy=153,0235
[14670,643] Ball=B002 X=118,2973 Y=337,6685 Vx=-98,5589 Vy=123,7353
[14686,735] Ball=B002 X=116,7114 Y=339,6595 Vx=-98,5589 Vy=123,7353
[14686,299] Ball=B003 X=146,6797 Y=37,8094 Vx=48,9741 Vy=153,0235
[14689,245] Ball=B001 X=342,4503 Y=154,2334 Vx=82,6531 Vy=-164,2674
[14705,120] Ball=B001 X=343,7623 Y=151,6258 Vx=82,6531 Vy=-164,2674
[14702,186] Ball=B003 X=147,4578 Y=40,2405 Vx=48,9741 Vy=153,0235
[14702,651] Ball=B002 X=115,1427 Y=341,6290 Vx=-98,5589 Vy=123,7353
[14717,754] Ball=B002 X=113,6542 Y=343,4976 Vx=-98,5589 Vy=123,7353
[14720,255] Ball=B001 X=345,0133 Y=149,1395 Vx=82,6531 Vy=-164,2674
[14717,326] Ball=B003 X=148,1992 Y=42,5571 Vx=48,9741 Vy=153,0235
[14733,191] Ball=B003 X=148,9762 Y=44,9848 Vx=48,9741 Vy=153,0235
[14736,137] Ball=B001 X=346,3260 Y=146,5307 Vx=82,6531 Vy=-164,2674
[14733,654] Ball=B002 X=112,0871 Y=345,4651 Vx=-98,5589 Vy=123,7353
[14748,638] Ball=B002 X=110,6103 Y=347,3191 Vx=-98,5589 Vy=123,7353
[14751,130] Ball=B001 X=347,5653 Y=144,0676 Vx=82,6531 Vy=-164,2674
[14748,206] Ball=B003 X=149,7116 Y=47,2826 Vx=48,9741 Vy=153,0235
[14764,309] Ball=B003 X=150,5001 Y=49,7465 Vx=48,9741 Vy=153,0235
[14767,258] Ball=B001 X=348,8982 Y=141,4185 Vx=82,6531 Vy=-164,2674
[14764,773] Ball=B002 X=109,0200 Y=349,3156 Vx=-98,5589 Vy=123,7353
[14782,240] Ball=B001 X=350,1366 Y=138,9574 Vx=82,6531 Vy=-164,2674
[14779,760] Ball=B002 X=107,5429 Y=351,1700 Vx=-98,5589 Vy=123,7353
[14779,330] Ball=B003 X=151,2358 Y=52,0453 Vx=48,9741 Vy=153,0235
[14798,252] Ball=B001 X=351,4600 Y=136,3272 Vx=82,6531 Vy=-164,2674
[14795,761] Ball=B002 X=105,9659 Y=353,1499 Vx=-98,5589 Vy=123,7353
[14795,322] Ball=B003 X=152,0190 Y=54,4924 Vx=48,9741 Vy=153,0235
[14811,754] Ball=B002 X=104,3897 Y=355,1288 Vx=-98,5589 Vy=123,7353
[14814,250] Ball=B001 X=352,7823 Y=133,6991 Vx=82,6531 Vy=-164,2674
[14811,316] Ball=B003 X=152,8023 Y=56,9398 Vx=48,9741 Vy=153,0235
[14830,063] Ball=B001 X=354,0892 Y=131,1018 Vx=82,6531 Vy=-164,2674
[14827,126] Ball=B003 X=153,5765 Y=59,3590 Vx=48,9741 Vy=153,0235
[14827,579] Ball=B002 X=102,8300 Y=357,0869 Vx=-98,5589 Vy=123,7353
[14842,121] Ball=B003 X=154,3110 Y=61,6538 Vx=48,9741 Vy=153,0235
[14842,571] Ball=B002 X=101,3523 Y=358,9420 Vx=-98,5589 Vy=123,7353
[14845,071] Ball=B001 X=355,3298 Y=128,6363 Vx=82,6531 Vy=-164,2674
[14857,290] Ball=B003 X=155,0538 Y=63,9749 Vx=48,9741 Vy=153,0235
[14860,238] Ball=B001 X=356,5834 Y=126,1448 Vx=82,6531 Vy=-164,2674
[14857,753] Ball=B002 X=99,8560 Y=360,8206 Vx=-98,5589 Vy=123,7353
[14876,139] Ball=B001 X=357,8976 Y=123,5329 Vx=82,6531 Vy=-164,2674
[14873,671] Ball=B002 X=98,2872 Y=362,7901 Vx=-98,5589 Vy=123,7353
[14873,233] Ball=B003 X=155,8346 Y=66,4146 Vx=48,9741 Vy=153,0235
[14891,136] Ball=B001 X=359,1372 Y=121,0694 Vx=82,6531 Vy=-164,2674
[14888,648] Ball=B002 X=96,8110 Y=364,6434 Vx=-98,5589 Vy=123,7353
[14888,211] Ball=B003 X=156,5682 Y=68,7066 Vx=48,9741 Vy=153,0235
[14904,695] Ball=B002 X=95,2295 Y=366,6289 Vx=-98,5589 Vy=123,7353
[14904,260] Ball=B003 X=157,3541 Y=71,1624 Vx=48,9741 Vy=153,0235
[14907,205] Ball=B001 X=360,4654 Y=118,4297 Vx=82,6531 Vy=-164,2674
[14919,753] Ball=B002 X=93,7454 Y=368,4922 Vx=-98,5589 Vy=123,7353
[14922,248] Ball=B001 X=361,7087 Y=115,9586 Vx=82,6531 Vy=-164,2674
[14919,299] Ball=B003 X=158,0906 Y=73,4637 Vx=48,9741 Vy=153,0235
[14938,182] Ball=B001 X=363,0256 Y=113,3413 Vx=82,6531 Vy=-164,2674
[14935,252] Ball=B003 X=158,8720 Y=75,9050 Vx=48,9741 Vy=153,0235
[14935,785] Ball=B002 X=92,1652 Y=370,4759 Vx=-98,5589 Vy=123,7353
[14951,739] Ball=B002 X=90,5929 Y=372,4499 Vx=-98,5589 Vy=123,7353
[14954,242] Ball=B001 X=364,3531 Y=110,7031 Vx=82,6531 Vy=-164,2674
[14951,309] Ball=B003 X=159,6584 Y=78,3621 Vx=48,9741 Vy=153,0235
[14969,277] Ball=B001 X=365,5957 Y=108,2334 Vx=82,6531 Vy=-164,2674
[14966,365] Ball=B003 X=160,3957 Y=80,6660 Vx=48,9741 Vy=153,0235
[14966,802] Ball=B002 X=89,1083 Y=370,1361 Vx=-98,5589 Vy=-123,7353
[14984,255] Ball=B001 X=366,8337 Y=105,7730 Vx=82,6531 Vy=-164,2674
[14981,764] Ball=B002 X=87,6337 Y=368,2848 Vx=-98,5589 Vy=-123,7353
[14981,326] Ball=B003 X=161,1284 Y=82,9553 Vx=48,9741 Vy=153,0235
[14996,304] Ball=B003 X=161,8619 Y=85,2473 Vx=48,9741 Vy=153,0235
[14996,754] Ball=B002 X=86,1562 Y=366,4300 Vx=-98,5589 Vy=-123,7353
[14999,254] Ball=B001 X=364,7602 Y=103,3089 Vx=-82,6531 Vy=-164,2674
[15012,163] Ball=B003 X=162,6386 Y=87,6741 Vx=48,9741 Vy=153,0235
[15012,613] Ball=B002 X=84,5932 Y=364,4676 Vx=-98,5589 Vy=-123,7353
[15015,119] Ball=B001 X=363,4490 Y=100,7030 Vx=-82,6531 Vy=-164,2674
[15030,171] Ball=B001 X=362,2049 Y=98,2306 Vx=-82,6531 Vy=-164,2674
[15027,682] Ball=B002 X=83,1080 Y=362,6031 Vx=-98,5589 Vy=-123,7353
[15027,244] Ball=B003 X=163,3772 Y=89,9819 Vx=48,9741 Vy=153,0235
[15043,735] Ball=B002 X=81,5259 Y=360,6168 Vx=-98,5589 Vy=-123,7353
[15043,301] Ball=B003 X=164,1635 Y=92,4389 Vx=48,9741 Vy=153,0235
[15046,245] Ball=B001 X=360,8763 Y=95,5899 Vx=-82,6531 Vy=-164,2674
[15062,145] Ball=B001 X=359,5621 Y=92,9781 Vx=-82,6531 Vy=-164,2674
[15059,207] Ball=B003 X=164,9425 Y=94,8730 Vx=48,9741 Vy=153,0235
[15059,662] Ball=B002 X=79,9561 Y=358,6460 Vx=-98,5589 Vy=-123,7353
[15077,240] Ball=B001 X=358,3145 Y=90,4986 Vx=-82,6531 Vy=-164,2674
[15074,316] Ball=B003 X=165,6825 Y=97,1850 Vx=48,9741 Vy=153,0235
[15074,767] Ball=B002 X=78,4673 Y=356,7770 Vx=-98,5589 Vy=-123,7353
[15093,238] Ball=B001 X=356,9922 Y=87,8706 Vx=-82,6531 Vy=-164,2674
[15090,749] Ball=B002 X=76,8922 Y=354,7994 Vx=-98,5589 Vy=-123,7353
[15090,308] Ball=B003 X=166,4657 Y=99,6322 Vx=48,9741 Vy=153,0235
[15106,312] Ball=B003 X=167,2494 Y=102,0810 Vx=48,9741 Vy=153,0235
[15106,767] Ball=B002 X=75,3135 Y=352,8175 Vx=-98,5589 Vy=-123,7353
[15109,265] Ball=B001 X=355,6675 Y=85,2378 Vx=-82,6531 Vy=-164,2674
[15122,644] Ball=B002 X=73,7487 Y=350,8529 Vx=-98,5589 Vy=-123,7353
[15125,139] Ball=B001 X=354,3554 Y=82,6302 Vx=-82,6531 Vy=-164,2674
[15122,208] Ball=B003 X=168,0279 Y=104,5136 Vx=48,9741 Vy=153,0235
[15141,250] Ball=B001 X=353,0238 Y=79,9837 Vx=-82,6531 Vy=-164,2674
[15138,758] Ball=B002 X=72,1605 Y=348,8591 Vx=-98,5589 Vy=-123,7353
[15138,322] Ball=B003 X=168,8171 Y=106,9795 Vx=48,9741 Vy=153,0235
[15156,098] Ball=B001 X=351,7966 Y=77,5447 Vx=-82,6531 Vy=-164,2674
[15153,616] Ball=B002 X=70,6961 Y=347,0206 Vx=-98,5589 Vy=-123,7353
[15153,176] Ball=B003 X=169,5446 Y=109,2525 Vx=48,9741 Vy=153,0235
[15169,182] Ball=B003 X=170,3284 Y=111,7016 Vx=48,9741 Vy=153,0235
[15170,018] Ball=B002 X=69,0796 Y=344,9911 Vx=-98,5589 Vy=-123,7353
[15172,521] Ball=B001 X=350,4391 Y=74,8468 Vx=-82,6531 Vy=-164,2674
[15185,585] Ball=B002 X=67,5453 Y=343,0650 Vx=-98,5589 Vy=-123,7353
[15188,100] Ball=B001 X=349,1515 Y=72,2878 Vx=-82,6531 Vy=-164,2674
[15185,174] Ball=B003 X=171,1117 Y=114,1490 Vx=48,9741 Vy=153,0235
[15200,310] Ball=B003 X=171,8529 Y=116,4650 Vx=48,9741 Vy=153,0235
[15203,256] Ball=B001 X=347,8988 Y=69,7982 Vx=-82,6531 Vy=-164,2674
[15200,771] Ball=B002 X=66,0486 Y=341,1859 Vx=-98,5589 Vy=-123,7353
[15218,129] Ball=B001 X=346,6696 Y=67,3551 Vx=-82,6531 Vy=-164,2674
[15215,192] Ball=B003 X=172,5818 Y=118,7424 Vx=48,9741 Vy=153,0235
[15215,645] Ball=B002 X=64,5826 Y=339,3454 Vx=-98,5589 Vy=-123,7353
[15230,743] Ball=B002 X=63,0946 Y=337,4773 Vx=-98,5589 Vy=-123,7353
[15233,244] Ball=B001 X=345,4202 Y=64,8721 Vx=-82,6531 Vy=-164,2674
[15230,311] Ball=B003 X=173,3222 Y=121,0560 Vx=48,9741 Vy=153,0235
[15246,634] Ball=B002 X=61,5284 Y=335,5111 Vx=-98,5589 Vy=-123,7353
[15246,196] Ball=B003 X=174,1001 Y=123,4866 Vx=48,9741 Vy=153,0235
[15249,139] Ball=B001 X=344,1064 Y=62,2610 Vx=-82,6531 Vy=-164,2674
[15264,220] Ball=B001 X=342,8600 Y=59,7838 Vx=-82,6531 Vy=-164,2674
[15261,295] Ball=B003 X=174,8396 Y=125,7971 Vx=48,9741 Vy=153,0235
[15261,748] Ball=B002 X=60,0387 Y=333,6408 Vx=-98,5589 Vy=-123,7353
[15279,161] Ball=B001 X=341,6251 Y=57,3295 Vx=-82,6531 Vy=-164,2674
[15276,233] Ball=B003 X=175,5712 Y=128,0830 Vx=48,9741 Vy=153,0235
[15276,688] Ball=B002 X=58,5662 Y=331,7922 Vx=-98,5589 Vy=-123,7353
[15295,099] Ball=B001 X=340,3078 Y=54,7114 Vx=-82,6531 Vy=-164,2674
[15292,617] Ball=B002 X=56,9964 Y=329,8213 Vx=-98,5589 Vy=-123,7353
[15292,181] Ball=B003 X=176,3522 Y=130,5234 Vx=48,9741 Vy=153,0235
[15308,742] Ball=B002 X=55,4071 Y=327,8260 Vx=-98,5589 Vy=-123,7353
[15311,232] Ball=B001 X=338,9743 Y=52,0612 Vx=-82,6531 Vy=-164,2674
[15308,304] Ball=B003 X=177,1418 Y=132,9907 Vx=48,9741 Vy=153,0235
[15323,757] Ball=B002 X=53,9272 Y=325,9682 Vx=-98,5589 Vy=-123,7353
[15326,261] Ball=B001 X=337,7321 Y=49,5925 Vx=-82,6531 Vy=-164,2674
[15323,327] Ball=B003 X=177,8776 Y=135,2895 Vx=48,9741 Vy=153,0235
[15339,317] Ball=B003 X=178,6606 Y=137,7364 Vx=48,9741 Vy=153,0235
[15342,263] Ball=B001 X=336,4095 Y=46,9638 Vx=-82,6531 Vy=-164,2674
[15339,785] Ball=B002 X=52,3475 Y=323,9849 Vx=-98,5589 Vy=-123,7353
[15354,663] Ball=B002 X=50,8811 Y=322,1440 Vx=-98,5589 Vy=-123,7353
[15357,162] Ball=B001 X=335,1780 Y=44,5164 Vx=-82,6531 Vy=-164,2674
[15354,233] Ball=B003 X=179,3912 Y=140,0190 Vx=48,9741 Vy=153,0235
[15369,591] Ball=B002 X=49,4100 Y=320,2970 Vx=-98,5589 Vy=-123,7353
[15369,155] Ball=B003 X=180,1219 Y=142,3023 Vx=48,9741 Vy=153,0235
[15372,097] Ball=B001 X=333,9436 Y=42,0630 Vx=-82,6531 Vy=-164,2674
[15385,665] Ball=B002 X=47,8256 Y=318,3079 Vx=-98,5589 Vy=-123,7353
[15388,169] Ball=B001 X=332,6152 Y=39,4230 Vx=-82,6531 Vy=-164,2674
[15385,237] Ball=B003 X=180,9096 Y=144,7633 Vx=48,9741 Vy=153,0235
[15404,259] Ball=B001 X=331,2853 Y=36,7800 Vx=-82,6531 Vy=-164,2674
[15401,331] Ball=B003 X=181,6977 Y=147,2260 Vx=48,9741 Vy=153,0235
[15401,784] Ball=B002 X=46,2369 Y=316,3134 Vx=-98,5589 Vy=-123,7353
[15416,732] Ball=B002 X=44,7637 Y=314,4639 Vx=-98,5589 Vy=-123,7353
[15416,386] Ball=B003 X=182,4322 Y=149,5210 Vx=48,9741 Vy=153,0235
[15419,261] Ball=B001 X=330,0454 Y=34,3156 Vx=-82,6531 Vy=-164,2674
[15435,098] Ball=B001 X=328,7364 Y=31,7141 Vx=-82,6531 Vy=-164,2674
[15432,164] Ball=B003 X=183,2077 Y=151,9441 Vx=48,9741 Vy=153,0235
[15432,626] Ball=B002 X=43,1972 Y=312,4972 Vx=-98,5589 Vy=-123,7353
[15447,283] Ball=B003 X=183,9482 Y=154,2577 Vx=48,9741 Vy=153,0235
[15447,739] Ball=B002 X=41,7077 Y=310,6272 Vx=-98,5589 Vy=-123,7353
[15450,236] Ball=B001 X=327,4852 Y=29,2274 Vx=-82,6531 Vy=-164,2674
[15466,178] Ball=B001 X=326,1676 Y=26,6088 Vx=-82,6531 Vy=-164,2674
[15463,687] Ball=B002 X=40,1358 Y=308,6538 Vx=-98,5589 Vy=-123,7353
[15463,249] Ball=B003 X=184,7301 Y=156,7010 Vx=48,9741 Vy=153,0235
[15479,765] Ball=B002 X=38,5512 Y=306,6645 Vx=-98,5589 Vy=-123,7353
[15479,319] Ball=B003 X=185,5171 Y=159,1599 Vx=48,9741 Vy=153,0235
[15482,265] Ball=B001 X=324,8378 Y=23,9660 Vx=-82,6531 Vy=-164,2674
[15498,172] Ball=B001 X=323,5232 Y=21,3533 Vx=-82,6531 Vy=-164,2674
[15495,688] Ball=B002 X=36,9819 Y=304,6942 Vx=-98,5589 Vy=-123,7353
[15495,249] Ball=B003 X=186,2973 Y=161,5977 Vx=48,9741 Vy=153,0235
[15511,755] Ball=B002 X=35,3984 Y=302,7062 Vx=-98,5589 Vy=-123,7353
[15511,316] Ball=B003 X=187,0841 Y=164,0562 Vx=48,9741 Vy=153,0235
[15514,262] Ball=B001 X=322,1932 Y=18,7100 Vx=-82,6531 Vy=-164,2674
[15526,760] Ball=B002 X=33,9196 Y=300,8496 Vx=-98,5589 Vy=-123,7353
[15529,261] Ball=B001 X=320,9536 Y=16,2463 Vx=-82,6531 Vy=-164,2674
[15526,329] Ball=B003 X=187,8194 Y=166,3536 Vx=48,9741 Vy=153,0235
[15542,123] Ball=B003 X=188,5929 Y=168,7704 Vx=48,9741 Vy=153,0235
[15545,066] Ball=B001 X=319,6472 Y=13,6499 Vx=-82,6531 Vy=-164,2674
[15542,585] Ball=B002 X=32,3597 Y=298,8914 Vx=-98,5589 Vy=-123,7353
[15557,748] Ball=B002 X=30,8654 Y=297,0152 Vx=-98,5589 Vy=-123,7353
[15557,312] Ball=B003 X=189,3368 Y=171,0948 Vx=48,9741 Vy=153,0235
[15560,255] Ball=B001 X=318,3917 Y=11,1548 Vx=-82,6531 Vy=-164,2674
[15575,256] Ball=B001 X=317,1519 Y=8,6908 Vx=-82,6531 Vy=-164,2674
[15572,319] Ball=B003 X=190,0717 Y=173,3911 Vx=48,9741 Vy=153,0235
[15572,778] Ball=B002 X=29,3839 Y=295,1554 Vx=-98,5589 Vy=-123,7353
[15591,067] Ball=B001 X=315,8451 Y=6,0936 Vx=-82,6531 Vy=-164,2674
[15588,587] Ball=B002 X=27,8258 Y=293,1993 Vx=-98,5589 Vy=-123,7353
[15588,150] Ball=B003 X=190,8470 Y=175,8137 Vx=48,9741 Vy=153,0235
[15603,581] Ball=B002 X=26,3482 Y=291,3441 Vx=-98,5589 Vy=-123,7353
[15603,136] Ball=B003 X=191,5810 Y=178,1069 Vx=48,9741 Vy=153,0235
[15606,080] Ball=B001 X=314,6042 Y=3,6273 Vx=-82,6531 Vy=-164,2674
[15621,237] Ball=B001 X=313,3514 Y=1,1375 Vx=-82,6531 Vy=-164,2674
[15618,307] Ball=B003 X=192,3239 Y=180,4284 Vx=48,9741 Vy=153,0235
[15618,762] Ball=B002 X=24,8518 Y=289,4656 Vx=-98,5589 Vy=-123,7353
[15633,220] Ball=B003 X=193,0543 Y=182,7104 Vx=48,9741 Vy=153,0235
[15633,666] Ball=B002 X=23,3829 Y=287,6214 Vx=-98,5589 Vy=-123,7353
[15636,308] Ball=B001 X=312,1058 Y=-1,3381 Vx=-82,6531 Vy=-164,2674
[15649,288] Ball=B003 X=193,8412 Y=185,1691 Vx=48,9741 Vy=153,0235
[15652,241] Ball=B001 X=310,7888 Y=2,6174 Vx=-82,6531 Vy=164,2674
[15649,737] Ball=B002 X=21,7989 Y=285,6328 Vx=-98,5589 Vy=-123,7353
[15665,756] Ball=B002 X=20,2201 Y=283,6508 Vx=-98,5589 Vy=-123,7353
[15668,252] Ball=B001 X=309,4654 Y=5,2475 Vx=-82,6531 Vy=164,2674
[15665,332] Ball=B003 X=194,6269 Y=187,6243 Vx=48,9741 Vy=153,0235
[15680,655] Ball=B002 X=18,7518 Y=281,8074 Vx=-98,5589 Vy=-123,7353
[15680,210] Ball=B003 X=195,3556 Y=189,9011 Vx=48,9741 Vy=153,0235
[15683,156] Ball=B001 X=308,2336 Y=7,6957 Vx=-82,6531 Vy=164,2674
[15695,207] Ball=B003 X=196,0900 Y=192,1957 Vx=48,9741 Vy=153,0235
[15695,655] Ball=B002 X=17,2733 Y=279,9512 Vx=-98,5589 Vy=-123,7353
[15698,153] Ball=B001 X=306,9941 Y=10,1592 Vx=-82,6531 Vy=164,2674
[15711,766] Ball=B002 X=15,6855 Y=277,9578 Vx=-98,5589 Vy=-123,7353
[15711,320] Ball=B003 X=196,8791 Y=194,6615 Vx=48,9741 Vy=153,0235
[15714,261] Ball=B001 X=305,6627 Y=12,8052 Vx=-82,6531 Vy=164,2674
[15726,309] Ball=B003 X=197,6132 Y=196,9552 Vx=48,9741 Vy=153,0235
[15729,253] Ball=B001 X=304,4236 Y=15,2678 Vx=-82,6531 Vy=164,2674
[15726,766] Ball=B002 X=14,2070 Y=276,1016 Vx=-98,5589 Vy=-123,7353
[15742,597] Ball=B002 X=12,6468 Y=274,1428 Vx=-98,5589 Vy=-123,7353
[15742,153] Ball=B003 X=198,3892 Y=199,3798 Vx=48,9741 Vy=153,0235
[15745,097] Ball=B001 X=303,1139 Y=17,8706 Vx=-82,6531 Vy=164,2674
[15760,229] Ball=B001 X=301,8632 Y=20,3563 Vx=-82,6531 Vy=164,2674
[15757,304] Ball=B003 X=199,1312 Y=201,6982 Vx=48,9741 Vy=153,0235
[15757,760] Ball=B002 X=11,1523 Y=272,2666 Vx=-98,5589 Vy=-123,7353
[15773,630] Ball=B002 X=9,5883 Y=270,3030 Vx=-98,5589 Vy=-123,7353
[15773,227] Ball=B003 X=199,9110 Y=204,1348 Vx=48,9741 Vy=153,0235
[15776,192] Ball=B001 X=300,5438 Y=22,9785 Vx=-82,6531 Vy=164,2674
[15792,250] Ball=B001 X=299,2167 Y=25,6162 Vx=-82,6531 Vy=164,2674
[15789,777] Ball=B002 X=7,9968 Y=268,3050 Vx=-98,5589 Vy=-123,7353
[15789,323] Ball=B003 X=200,6992 Y=206,5978 Vx=48,9741 Vy=153,0235
[15804,681] Ball=B002 X=6,5279 Y=266,4608 Vx=-98,5589 Vy=-123,7353
[15807,186] Ball=B001 X=297,9821 Y=28,0698 Vx=-82,6531 Vy=164,2674
[15804,253] Ball=B003 X=201,4305 Y=208,8825 Vx=48,9741 Vy=153,0235
[15819,158] Ball=B003 X=202,1604 Y=211,1632 Vx=48,9741 Vy=153,0235
[15822,106] Ball=B001 X=296,7489 Y=30,5207 Vx=-82,6531 Vy=164,2674
[15819,621] Ball=B002 X=5,0554 Y=264,6122 Vx=-98,5589 Vy=-123,7353
[15835,128] Ball=B003 X=202,9425 Y=213,6071 Vx=48,9741 Vy=153,0235
[15838,072] Ball=B001 X=295,4293 Y=33,1434 Vx=-82,6531 Vy=164,2674
[15835,588] Ball=B002 X=3,4817 Y=262,6365 Vx=-98,5589 Vy=-123,7353
[15853,110] Ball=B001 X=294,1864 Y=35,6134 Vx=-82,6531 Vy=164,2674
[15850,628] Ball=B002 X=1,9994 Y=260,7756 Vx=-98,5589 Vy=-123,7353
[15850,189] Ball=B003 X=203,6802 Y=215,9119 Vx=48,9741 Vy=153,0235
[15865,742] Ball=B002 X=0,5098 Y=258,9055 Vx=-98,5589 Vy=-123,7353
[15865,296] Ball=B003 X=204,4200 Y=218,2235 Vx=48,9741 Vy=153,0235
[15868,244] Ball=B001 X=292,9355 Y=38,0996 Vx=-82,6531 Vy=164,2674
[15884,214] Ball=B001 X=291,6156 Y=40,7228 Vx=-82,6531 Vy=164,2674
[15881,751] Ball=B002 X=-1,0681 Y=256,9245 Vx=-98,5589 Vy=-123,7353
[15881,346] Ball=B003 X=205,2060 Y=220,6796 Vx=48,9741 Vy=153,0235
[15898,683] Ball=B002 X=1,6687 Y=254,8295 Vx=98,5589 Vy=-123,7353
[15898,237] Ball=B003 X=206,0332 Y=223,2642 Vx=48,9741 Vy=153,0235
[15901,183] Ball=B001 X=290,2130 Y=43,5104 Vx=-82,6531 Vy=164,2674
[15913,248] Ball=B003 X=206,7683 Y=225,5612 Vx=48,9741 Vy=153,0235
[15916,184] Ball=B001 X=288,9731 Y=45,9746 Vx=-82,6531 Vy=164,2674
[15913,701] Ball=B002 X=3,1490 Y=252,9712 Vx=98,5589 Vy=-123,7353
[15932,226] Ball=B001 X=287,6472 Y=48,6098 Vx=-82,6531 Vy=164,2674
[15929,297] Ball=B003 X=207,5544 Y=228,0171 Vx=48,9741 Vy=153,0235
[15929,750] Ball=B002 X=4,7307 Y=250,9854 Vx=98,5589 Vy=-123,7353
[15948,233] Ball=B001 X=286,3242 Y=51,2392 Vx=-82,6531 Vy=164,2674
[15945,757] Ball=B002 X=6,3083 Y=249,0048 Vx=98,5589 Vy=-123,7353
[15945,317] Ball=B003 X=208,3389 Y=230,4686 Vx=48,9741 Vy=153,0235
[15960,151] Ball=B003 X=209,0654 Y=232,7385 Vx=48,9741 Vy=153,0235
[15960,601] Ball=B002 X=7,7713 Y=247,1681 Vx=98,5589 Vy=-123,7353
[15963,103] Ball=B001 X=285,0951 Y=53,6819 Vx=-82,6531 Vy=164,2674
[15976,169] Ball=B003 X=209,8498 Y=235,1896 Vx=48,9741 Vy=153,0235
[15979,108] Ball=B001 X=283,7723 Y=56,3109 Vx=-82,6531 Vy=164,2674
[15976,628] Ball=B002 X=9,3509 Y=245,1849 Vx=98,5589 Vy=-123,7353
[15992,191] Ball=B003 X=210,6345 Y=237,6413 Vx=48,9741 Vy=153,0235
[15992,645] Ball=B002 X=10,9296 Y=243,2030 Vx=98,5589 Vy=-123,7353
[15995,154] Ball=B001 X=282,4460 Y=58,9468 Vx=-82,6531 Vy=164,2674
[16008,308] Ball=B003 X=211,4239 Y=240,1077 Vx=48,9741 Vy=153,0235
[16011,254] Ball=B001 X=281,1152 Y=61,5915 Vx=-82,6531 Vy=164,2674
[16008,771] Ball=B002 X=12,5189 Y=241,2077 Vx=98,5589 Vy=-123,7353
[16027,251] Ball=B001 X=279,7931 Y=64,2192 Vx=-82,6531 Vy=164,2674
[16024,319] Ball=B003 X=212,2080 Y=242,5578 Vx=48,9741 Vy=153,0235
[16024,767] Ball=B002 X=14,0955 Y=239,2284 Vx=98,5589 Vy=-123,7353
[16039,655] Ball=B002 X=15,5627 Y=237,3864 Vx=98,5589 Vy=-123,7353
[16042,196] Ball=B001 X=278,5578 Y=66,6742 Vx=-82,6531 Vy=164,2674
[16039,266] Ball=B003 X=212,9400 Y=244,8451 Vx=48,9741 Vy=153,0235
[16055,307] Ball=B003 X=213,7256 Y=247,2996 Vx=48,9741 Vy=153,0235
[16058,248] Ball=B001 X=277,2311 Y=69,3111 Vx=-82,6531 Vy=164,2674
[16055,764] Ball=B002 X=17,1505 Y=235,3930 Vx=98,5589 Vy=-123,7353
[16074,096] Ball=B001 X=275,9212 Y=71,9144 Vx=-82,6531 Vy=164,2674
[16071,166] Ball=B003 X=214,5023 Y=249,7265 Vx=48,9741 Vy=153,0235
[16071,617] Ball=B002 X=18,7130 Y=233,4314 Vx=98,5589 Vy=-123,7353
[16086,604] Ball=B002 X=20,1900 Y=231,5771 Vx=98,5589 Vy=-123,7353
[16086,163] Ball=B003 X=215,2367 Y=252,0213 Vx=48,9741 Vy=153,0235
[16089,240] Ball=B001 X=274,6804 Y=74,3803 Vx=-82,6531 Vy=164,2674
[16102,135] Ball=B003 X=216,0189 Y=254,4654 Vx=48,9741 Vy=153,0235
[16102,593] Ball=B002 X=21,7658 Y=229,5987 Vx=98,5589 Vy=-123,7353
[16105,112] Ball=B001 X=273,3576 Y=77,0094 Vx=-82,6531 Vy=164,2674
[16120,230] Ball=B001 X=272,1081 Y=79,4926 Vx=-82,6531 Vy=164,2674
[16117,302] Ball=B003 X=216,7617 Y=256,7864 Vx=48,9741 Vy=153,0235
[16117,757] Ball=B002 X=23,2605 Y=227,7223 Vx=98,5589 Vy=-123,7353
[16133,686] Ball=B002 X=24,8304 Y=225,7513 Vx=98,5589 Vy=-123,7353
[16133,247] Ball=B003 X=217,5426 Y=259,2263 Vx=48,9741 Vy=153,0235
[16136,192] Ball=B001 X=270,7888 Y=82,1147 Vx=-82,6531 Vy=164,2674
[16152,240] Ball=B001 X=269,4624 Y=84,7508 Vx=-82,6531 Vy=164,2674
[16149,764] Ball=B002 X=26,4150 Y=223,7619 Vx=98,5589 Vy=-123,7353
[16149,310] Ball=B003 X=218,3293 Y=261,6843 Vx=48,9741 Vy=153,0235
[16165,311] Ball=B003 X=219,1129 Y=264,1328 Vx=48,9741 Vy=153,0235
[16168,268] Ball=B001 X=268,1376 Y=87,3837 Vx=-82,6531 Vy=164,2674
[16165,781] Ball=B002 X=27,9937 Y=221,7800 Vx=98,5589 Vy=-123,7353
[16181,217] Ball=B003 X=219,8919 Y=266,5668 Vx=48,9741 Vy=153,0235
[16184,145] Ball=B001 X=266,8254 Y=89,9916 Vx=-82,6531 Vy=164,2674
[16182,123] Ball=B002 X=29,6043 Y=219,7580 Vx=98,5589 Vy=-123,7353
[16201,257] Ball=B001 X=265,4110 Y=92,8027 Vx=-82,6531 Vy=164,2674
[16198,330] Ball=B003 X=220,7300 Y=269,1855 Vx=48,9741 Vy=153,0235
[16198,783] Ball=B002 X=31,2463 Y=217,6965 Vx=98,5589 Vy=-123,7353
[16216,246] Ball=B001 X=264,1721 Y=95,2649 Vx=-82,6531 Vy=164,2674
[16213,322] Ball=B003 X=221,4642 Y=271,4797 Vx=48,9741 Vy=153,0235
[16213,768] Ball=B002 X=32,7232 Y=215,8423 Vx=98,5589 Vy=-123,7353
[16232,236] Ball=B001 X=262,8508 Y=97,8909 Vx=-82,6531 Vy=164,2674
[16229,308] Ball=B003 X=222,2471 Y=273,9258 Vx=48,9741 Vy=153,0235
[16229,764] Ball=B002 X=34,2997 Y=213,8631 Vx=98,5589 Vy=-123,7353
[16245,738] Ball=B002 X=35,8741 Y=211,8865 Vx=98,5589 Vy=-123,7353
[16245,298] Ball=B003 X=223,0302 Y=276,3727 Vx=48,9741 Vy=153,0235
[16248,247] Ball=B001 X=261,5270 Y=100,5218 Vx=-82,6531 Vy=164,2674
[16264,238] Ball=B001 X=260,2054 Y=103,1485 Vx=-82,6531 Vy=164,2674
[16261,751] Ball=B002 X=37,4524 Y=209,9051 Vx=98,5589 Vy=-123,7353
[16261,397] Ball=B003 X=223,8145 Y=278,8233 Vx=48,9741 Vy=153,0235
[16276,306] Ball=B003 X=224,5488 Y=281,1177 Vx=48,9741 Vy=153,0235
[16279,243] Ball=B001 X=258,9652 Y=105,6133 Vx=-82,6531 Vy=164,2674
[16276,757] Ball=B002 X=38,9313 Y=208,0483 Vx=98,5589 Vy=-123,7353
[16291,324] Ball=B003 X=225,2843 Y=283,4157 Vx=48,9741 Vy=153,0235
[16294,261] Ball=B001 X=257,7239 Y=108,0802 Vx=-82,6531 Vy=164,2674
[16291,770] Ball=B002 X=40,4109 Y=206,1908 Vx=98,5589 Vy=-123,7353
[16306,290] Ball=B003 X=226,0172 Y=285,7059 Vx=48,9741 Vy=153,0235
[16309,242] Ball=B001 X=256,4857 Y=110,5411 Vx=-82,6531 Vy=164,2674
[16306,751] Ball=B002 X=41,8875 Y=204,3371 Vx=98,5589 Vy=-123,7353
[16321,657] Ball=B002 X=43,3566 Y=202,4927 Vx=98,5589 Vy=-123,7353
[16324,153] Ball=B001 X=255,2532 Y=112,9906 Vx=-82,6531 Vy=164,2674
[16321,225] Ball=B003 X=226,7487 Y=287,9914 Vx=48,9741 Vy=153,0235
[16340,138] Ball=B001 X=253,9320 Y=115,6165 Vx=-82,6531 Vy=164,2674
[16337,199] Ball=B003 X=227,5309 Y=290,4356 Vx=48,9741 Vy=153,0235
[16337,666] Ball=B002 X=44,9345 Y=200,5117 Vx=98,5589 Vy=-123,7353
[16352,700] Ball=B002 X=46,4161 Y=198,6516 Vx=98,5589 Vy=-123,7353
[16352,257] Ball=B003 X=228,2684 Y=292,7400 Vx=48,9741 Vy=153,0235
[16355,203] Ball=B001 X=252,6868 Y=118,0912 Vx=-82,6531 Vy=164,2674
[16371,239] Ball=B001 X=251,3614 Y=120,7253 Vx=-82,6531 Vy=164,2674
[16368,760] Ball=B002 X=47,9990 Y=196,6644 Vx=98,5589 Vy=-123,7353
[16368,320] Ball=B003 X=229,0551 Y=295,1980 Vx=48,9741 Vy=153,0235
[16383,181] Ball=B003 X=229,7828 Y=297,4719 Vx=48,9741 Vy=153,0235
[16383,633] Ball=B002 X=49,4650 Y=194,8240 Vx=98,5589 Vy=-123,7353
[16386,154] Ball=B001 X=250,1286 Y=123,1753 Vx=-82,6531 Vy=164,2674
[16399,781] Ball=B002 X=51,0563 Y=192,8261 Vx=98,5589 Vy=-123,7353
[16402,280] Ball=B001 X=248,7958 Y=125,8243 Vx=-82,6531 Vy=164,2674
[16399,357] Ball=B003 X=230,5751 Y=299,9475 Vx=48,9741 Vy=153,0235
[16415,595] Ball=B002 X=52,6149 Y=190,8693 Vx=98,5589 Vy=-123,7353
[16415,151] Ball=B003 X=231,3486 Y=302,3642 Vx=48,9741 Vy=153,0235
[16418,094] Ball=B001 X=247,4887 Y=128,4220 Vx=-82,6531 Vy=164,2674
[16430,297] Ball=B003 X=232,0904 Y=304,6819 Vx=48,9741 Vy=153,0235
[16433,237] Ball=B001 X=246,2371 Y=130,9095 Vx=-82,6531 Vy=164,2674
[16430,756] Ball=B002 X=54,1093 Y=188,9933 Vx=98,5589 Vy=-123,7353
[16446,678] Ball=B002 X=55,6785 Y=187,0232 Vx=98,5589 Vy=-123,7353
[16449,184] Ball=B001 X=244,9190 Y=133,5291 Vx=-82,6531 Vy=164,2674
[16446,404] Ball=B003 X=232,8792 Y=307,1466 Vx=48,9741 Vy=153,0235
[16464,235] Ball=B001 X=243,6750 Y=136,0014 Vx=-82,6531 Vy=164,2674
[16461,745] Ball=B002 X=57,1635 Y=185,1588 Vx=98,5589 Vy=-123,7353
[16461,307] Ball=B003 X=233,6090 Y=309,4272 Vx=48,9741 Vy=153,0235
[16477,193] Ball=B003 X=234,3870 Y=311,8581 Vx=48,9741 Vy=153,0235
[16480,161] Ball=B001 X=242,3586 Y=138,6176 Vx=-82,6531 Vy=164,2674
[16477,677] Ball=B002 X=58,7338 Y=183,1875 Vx=98,5589 Vy=-123,7353
[16492,171] Ball=B003 X=235,1205 Y=314,1500 Vx=48,9741 Vy=153,0235
[16492,617] Ball=B002 X=60,2062 Y=181,3390 Vx=98,5589 Vy=-123,7353
[16495,124] Ball=B001 X=241,1219 Y=141,0756 Vx=-82,6531 Vy=164,2674
[16511,123] Ball=B001 X=239,7996 Y=143,7036 Vx=-82,6531 Vy=164,2674
[16508,201] Ball=B003 X=235,9057 Y=316,6031 Vx=48,9741 Vy=153,0235
[16508,655] Ball=B002 X=61,7869 Y=179,3544 Vx=98,5589 Vy=-123,7353
[16524,755] Ball=B002 X=63,3737 Y=177,3623 Vx=98,5589 Vy=-123,7353
[16524,319] Ball=B003 X=236,6950 Y=319,0695 Vx=48,9741 Vy=153,0235
[16527,266] Ball=B001 X=238,4652 Y=146,3555 Vx=-82,6531 Vy=164,2674
[16542,273] Ball=B001 X=237,2250 Y=148,8204 Vx=-82,6531 Vy=164,2674
[16539,336] Ball=B003 X=237,4305 Y=321,3675 Vx=48,9741 Vy=153,0235
[16539,793] Ball=B002 X=64,8559 Y=175,5015 Vx=98,5589 Vy=-123,7353
[16555,287] Ball=B003 X=238,2114 Y=323,8077 Vx=48,9741 Vy=153,0235
[16558,234] Ball=B001 X=235,9056 Y=151,4425 Vx=-82,6531 Vy=164,2674
[16555,753] Ball=B002 X=66,4288 Y=173,5267 Vx=98,5589 Vy=-123,7353
[16570,597] Ball=B002 X=67,8919 Y=171,6900 Vx=98,5589 Vy=-123,7353
[16573,092] Ball=B001 X=234,6776 Y=153,8832 Vx=-82,6531 Vy=164,2674
[16570,169] Ball=B003 X=238,9405 Y=326,0856 Vx=48,9741 Vy=153,0235
[16589,117] Ball=B001 X=233,3532 Y=156,5154 Vx=-82,6531 Vy=164,2674
[16586,199] Ball=B003 X=239,7255 Y=328,5386 Vx=48,9741 Vy=153,0235
[16586,654] Ball=B002 X=69,4744 Y=169,7032 Vx=98,5589 Vy=-123,7353
[16601,618] Ball=B002 X=70,9491 Y=167,8517 Vx=98,5589 Vy=-123,7353
[16601,172] Ball=B003 X=240,4587 Y=330,8296 Vx=48,9741 Vy=153,0235
[16604,118] Ball=B001 X=232,1132 Y=158,9797 Vx=-82,6531 Vy=164,2674
[16617,264] Ball=B003 X=241,2469 Y=333,2922 Vx=48,9741 Vy=153,0235
[16618,745] Ball=B002 X=72,6373 Y=165,7323 Vx=98,5589 Vy=-123,7353
[16621,242] Ball=B001 X=230,6979 Y=161,7926 Vx=-82,6531 Vy=164,2674
[16633,623] Ball=B002 X=74,1037 Y=163,8914 Vx=98,5589 Vy=-123,7353
[16636,111] Ball=B001 X=229,4689 Y=164,2351 Vx=-82,6531 Vy=164,2674
[16633,181] Ball=B003 X=242,0264 Y=335,7280 Vx=48,9741 Vy=153,0235
[16648,317] Ball=B003 X=242,7677 Y=338,0440 Vx=48,9741 Vy=153,0235
[16651,259] Ball=B001 X=228,2168 Y=166,7235 Vx=-82,6531 Vy=164,2674
[16648,768] Ball=B002 X=75,5964 Y=162,0174 Vx=98,5589 Vy=-123,7353
[16664,212] Ball=B003 X=243,5461 Y=340,4764 Vx=48,9741 Vy=153,0235
[16667,160] Ball=B001 X=226,9026 Y=169,3355 Vx=-82,6531 Vy=164,2674
[16664,688] Ball=B002 X=77,1654 Y=160,0476 Vx=98,5589 Vy=-123,7353
[16680,759] Ball=B002 X=78,7493 Y=158,0590 Vx=98,5589 Vy=-123,7353
[16680,329] Ball=B003 X=244,3355 Y=342,9427 Vx=48,9741 Vy=153,0235
[16683,372] Ball=B001 X=225,5627 Y=171,9984 Vx=-82,6531 Vy=164,2674
[16699,160] Ball=B001 X=224,2577 Y=174,5920 Vx=-82,6531 Vy=164,2674
[16696,221] Ball=B003 X=245,1137 Y=345,3745 Vx=48,9741 Vy=153,0235
[16696,677] Ball=B002 X=80,3182 Y=156,0894 Vx=98,5589 Vy=-123,7353
[16715,125] Ball=B001 X=222,9381 Y=177,2145 Vx=-82,6531 Vy=164,2674
[16712,634] Ball=B002 X=81,8907 Y=154,1151 Vx=98,5589 Vy=-123,7353
[16712,195] Ball=B003 X=245,8961 Y=347,8190 Vx=48,9741 Vy=153,0235
[16727,317] Ball=B003 X=246,6366 Y=350,1328 Vx=48,9741 Vy=153,0235
[16730,265] Ball=B001 X=221,6868 Y=179,7015 Vx=-82,6531 Vy=164,2674
[16727,778] Ball=B002 X=83,3834 Y=152,2411 Vx=98,5589 Vy=-123,7353
[16743,307] Ball=B003 X=247,4197 Y=352,5798 Vx=48,9741 Vy=153,0235
[16746,252] Ball=B001 X=220,3654 Y=182,3276 Vx=-82,6531 Vy=164,2674
[16743,768] Ball=B002 X=84,9594 Y=150,2626 Vx=98,5589 Vy=-123,7353
[16759,758] Ball=B002 X=86,5354 Y=148,2841 Vx=98,5589 Vy=-123,7353
[16759,317] Ball=B003 X=248,2038 Y=355,0298 Vx=48,9741 Vy=153,0235
[16762,323] Ball=B001 X=219,0426 Y=184,9567 Vx=-82,6531 Vy=164,2674
[16775,181] Ball=B003 X=248,9807 Y=357,4572 Vx=48,9741 Vy=153,0235
[16778,116] Ball=B001 X=217,7318 Y=187,5617 Vx=-82,6531 Vy=164,2674
[16775,632] Ball=B002 X=88,0999 Y=146,3199 Vx=98,5589 Vy=-123,7353
[16790,318] Ball=B003 X=249,7220 Y=359,7735 Vx=48,9741 Vy=153,0235
[16793,255] Ball=B001 X=216,4805 Y=190,0487 Vx=-82,6531 Vy=164,2674
[16790,771] Ball=B002 X=89,5920 Y=144,4466 Vx=98,5589 Vy=-123,7353
[16806,178] Ball=B003 X=250,4987 Y=362,2004 Vx=48,9741 Vy=153,0235
[16809,128] Ball=B001 X=215,1686 Y=192,6560 Vx=-82,6531 Vy=164,2674
[16806,624] Ball=B002 X=91,1543 Y=142,4853 Vx=98,5589 Vy=-123,7353
[16822,655] Ball=B002 X=92,7343 Y=140,5016 Vx=98,5589 Vy=-123,7353
[16825,153] Ball=B001 X=213,8440 Y=195,2886 Vx=-82,6531 Vy=164,2674
[16822,218] Ball=B003 X=251,2843 Y=364,6551 Vx=48,9741 Vy=153,0235
[16837,747] Ball=B002 X=94,2218 Y=138,6341 Vx=98,5589 Vy=-123,7353
[16840,249] Ball=B001 X=212,5963 Y=197,7682 Vx=-82,6531 Vy=164,2674
[16837,316] Ball=B003 X=252,0237 Y=366,9654 Vx=48,9741 Vy=153,0235
[16853,159] Ball=B003 X=252,7996 Y=369,3898 Vx=48,9741 Vy=153,0235
[16856,101] Ball=B001 X=211,2861 Y=200,3722 Vx=-82,6531 Vy=164,2674
[16853,626] Ball=B002 X=95,7869 Y=136,6693 Vx=98,5589 Vy=-123,7353
[16868,257] Ball=B003 X=253,5390 Y=371,6999 Vx=48,9741 Vy=153,0235
[16871,244] Ball=B001 X=210,0345 Y=202,8597 Vx=-82,6531 Vy=164,2674
[16868,756] Ball=B002 X=97,2781 Y=134,7972 Vx=98,5589 Vy=-123,7353
[16887,237] Ball=B001 X=208,7126 Y=205,4869 Vx=-82,6531 Vy=164,2674
[16884,307] Ball=B003 X=254,3251 Y=367,5439 Vx=48,9741 Vy=-153,0235
[16884,746] Ball=B002 X=98,8540 Y=132,8187 Vx=98,5589 Vy=-123,7353
[16903,255] Ball=B001 X=207,3887 Y=208,1181 Vx=-82,6531 Vy=164,2674
[16900,791] Ball=B002 X=100,4354 Y=130,8333 Vx=98,5589 Vy=-123,7353
[16900,350] Ball=B003 X=255,1108 Y=365,0889 Vx=48,9741 Vy=-153,0235
[16916,314] Ball=B003 X=255,8925 Y=362,6462 Vx=48,9741 Vy=-153,0235
[16919,270] Ball=B001 X=206,0649 Y=210,7489 Vx=-82,6531 Vy=164,2674
[16916,768] Ball=B002 X=102,0100 Y=128,8565 Vx=98,5589 Vy=-123,7353
[16932,704] Ball=B002 X=103,5806 Y=126,8846 Vx=98,5589 Vy=-123,7353
[16935,200] Ball=B001 X=204,7483 Y=213,3656 Vx=-82,6531 Vy=164,2674
[16932,268] Ball=B003 X=256,6739 Y=360,2046 Vx=48,9741 Vy=-153,0235
[16948,173] Ball=B003 X=257,4529 Y=357,7708 Vx=48,9741 Vy=-153,0235
[16951,109] Ball=B001 X=203,4333 Y=215,9790 Vx=-82,6531 Vy=164,2674
[16948,626] Ball=B002 X=105,1500 Y=124,9144 Vx=98,5589 Vy=-123,7353
[16963,768] Ball=B002 X=106,6423 Y=123,0409 Vx=98,5589 Vy=-123,7353
[16963,326] Ball=B003 X=258,1950 Y=355,4520 Vx=48,9741 Vy=-153,0235
[16966,269] Ball=B001 X=202,1803 Y=218,4693 Vx=-82,6531 Vy=164,2674
[16981,244] Ball=B001 X=200,9427 Y=220,9290 Vx=-82,6531 Vy=164,2674
[16978,767] Ball=B002 X=108,1206 Y=121,1849 Vx=98,5589 Vy=-123,7353
[16978,306] Ball=B003 X=258,9286 Y=353,1598 Vx=48,9741 Vy=-153,0235
[16994,646] Ball=B002 X=109,6857 Y=119,2201 Vx=98,5589 Vy=-123,7353
[16994,199] Ball=B003 X=259,7069 Y=350,7279 Vx=48,9741 Vy=-153,0235
[16997,148] Ball=B001 X=199,6280 Y=223,5418 Vx=-82,6531 Vy=164,2674
[17009,625] Ball=B002 X=111,1618 Y=117,3669 Vx=98,5589 Vy=-123,7353
[17012,172] Ball=B001 X=198,3863 Y=226,0097 Vx=-82,6531 Vy=164,2674
[17009,257] Ball=B003 X=260,4444 Y=348,4235 Vx=48,9741 Vy=-153,0235
[17028,264] Ball=B001 X=197,0563 Y=228,6530 Vx=-82,6531 Vy=164,2674
[17025,327] Ball=B003 X=261,2314 Y=345,9645 Vx=48,9741 Vy=-153,0235
[17025,781] Ball=B002 X=112,7543 Y=115,3677 Vx=98,5589 Vy=-123,7353
[17041,159] Ball=B003 X=262,0067 Y=343,5419 Vx=48,9741 Vy=-153,0235
[17044,097] Ball=B001 X=195,7476 Y=231,2538 Vx=-82,6531 Vy=164,2674
[17041,610] Ball=B002 X=114,3144 Y=113,4090 Vx=98,5589 Vy=-123,7353
[17059,112] Ball=B001 X=194,5066 Y=233,7204 Vx=-82,6531 Vy=164,2674
[17056,627] Ball=B002 X=115,7944 Y=111,5509 Vx=98,5589 Vy=-123,7353
[17056,182] Ball=B003 X=262,7425 Y=341,2428 Vx=48,9741 Vy=-153,0235
[17072,626] Ball=B002 X=117,3708 Y=109,5718 Vx=98,5589 Vy=-123,7353
[17072,184] Ball=B003 X=263,5262 Y=338,7942 Vx=48,9741 Vy=-153,0235
[17075,132] Ball=B001 X=193,1825 Y=236,3519 Vx=-82,6531 Vy=164,2674
[17091,169] Ball=B001 X=191,8569 Y=238,9863 Vx=-82,6531 Vy=164,2674
[17088,678] Ball=B002 X=118,9532 Y=107,5852 Vx=98,5589 Vy=-123,7353
[17088,243] Ball=B003 X=264,3127 Y=336,3368 Vx=48,9741 Vy=-153,0235
[17103,163] Ball=B003 X=265,0433 Y=334,0537 Vx=48,9741 Vy=-153,0235
[17103,622] Ball=B002 X=120,4262 Y=105,7359 Vx=98,5589 Vy=-123,7353
[17106,139] Ball=B001 X=190,6196 Y=241,4455 Vx=-82,6531 Vy=164,2674
[17122,264] Ball=B001 X=189,2869 Y=244,0941 Vx=-82,6531 Vy=164,2674
[17119,549] Ball=B003 X=265,8458 Y=331,5463 Vx=48,9741 Vy=-153,0235
[17120,111] Ball=B002 X=122,0513 Y=103,6957 Vx=98,5589 Vy=-123,7353
[17135,334] Ball=B003 X=266,6189 Y=329,1308 Vx=48,9741 Vy=-153,0235
[17135,779] Ball=B002 X=123,5955 Y=101,7571 Vx=98,5589 Vy=-123,7353
[17138,283] Ball=B001 X=187,9628 Y=246,7257 Vx=-82,6531 Vy=164,2674
[17153,202] Ball=B001 X=186,7297 Y=249,1762 Vx=-82,6531 Vy=164,2674
[17150,717] Ball=B002 X=125,0678 Y=99,9087 Vx=98,5589 Vy=-123,7353
[17150,286] Ball=B003 X=267,3511 Y=326,8429 Vx=48,9741 Vy=-153,0235
[17166,660] Ball=B002 X=126,6391 Y=97,9359 Vx=98,5589 Vy=-123,7353
[17166,213] Ball=B003 X=268,1311 Y=324,4058 Vx=48,9741 Vy=-153,0235
[17169,175] Ball=B001 X=185,4095 Y=251,8002 Vx=-82,6531 Vy=164,2674
[17184,254] Ball=B001 X=184,1632 Y=254,2771 Vx=-82,6531 Vy=164,2674
[17181,778] Ball=B002 X=128,1291 Y=96,0654 Vx=98,5589 Vy=-123,7353
[17181,340] Ball=B003 X=268,8720 Y=322,0908 Vx=48,9741 Vy=-153,0235
[17196,320] Ball=B003 X=269,6056 Y=319,7985 Vx=48,9741 Vy=-153,0235
[17196,778] Ball=B002 X=129,6075 Y=94,2093 Vx=98,5589 Vy=-123,7353
[17199,279] Ball=B001 X=182,9213 Y=256,7453 Vx=-82,6531 Vy=164,2674
[17212,679] Ball=B002 X=131,1746 Y=92,2419 Vx=98,5589 Vy=-123,7353
[17215,235] Ball=B001 X=181,6024 Y=259,3664 Vx=-82,6531 Vy=164,2674
[17212,316] Ball=B003 X=270,3890 Y=317,3507 Vx=48,9741 Vy=-153,0235
[17231,175] Ball=B001 X=180,2850 Y=261,9847 Vx=-82,6531 Vy=164,2674
[17228,687] Ball=B002 X=132,7524 Y=90,2610 Vx=98,5589 Vy=-123,7353
[17228,236] Ball=B003 X=271,1686 Y=314,9147 Vx=48,9741 Vy=-153,0235
[17246,143] Ball=B001 X=179,0479 Y=264,4434 Vx=-82,6531 Vy=164,2674
[17243,220] Ball=B003 X=271,9025 Y=312,6218 Vx=48,9741 Vy=-153,0235
[17243,669] Ball=B002 X=134,2291 Y=88,4072 Vx=98,5589 Vy=-123,7353
[17259,330] Ball=B003 X=272,6915 Y=310,1566 Vx=48,9741 Vy=-153,0235
[17259,761] Ball=B002 X=135,8151 Y=86,4160 Vx=98,5589 Vy=-123,7353
[17262,270] Ball=B001 X=177,7149 Y=267,0927 Vx=-82,6531 Vy=164,2674
[17274,693] Ball=B002 X=137,2867 Y=84,5685 Vx=98,5589 Vy=-123,7353
[17277,194] Ball=B001 X=176,4814 Y=269,5441 Vx=-82,6531 Vy=164,2674
[17274,242] Ball=B003 X=273,4214 Y=307,8757 Vx=48,9741 Vy=-153,0235
[17289,766] Ball=B002 X=138,7724 Y=82,7033 Vx=98,5589 Vy=-123,7353
[17289,331] Ball=B003 X=274,1608 Y=305,5656 Vx=48,9741 Vy=-153,0235
[17292,255] Ball=B001 X=175,2366 Y=272,0181 Vx=-82,6531 Vy=164,2674
[17308,263] Ball=B001 X=173,9135 Y=274,6476 Vx=-82,6531 Vy=164,2674
[17305,782] Ball=B002 X=140,3509 Y=80,7216 Vx=98,5589 Vy=-123,7353
[17305,501] Ball=B003 X=274,9440 Y=303,1182 Vx=48,9741 Vy=-153,0235
[17320,612] Ball=B002 X=141,8125 Y=78,8866 Vx=98,5589 Vy=-123,7353
[17320,170] Ball=B003 X=275,6711 Y=300,8465 Vx=48,9741 Vy=-153,0235
[17323,115] Ball=B001 X=172,6859 Y=277,0874 Vx=-82,6531 Vy=164,2674
[17338,263] Ball=B001 X=171,4338 Y=279,5758 Vx=-82,6531 Vy=164,2674
[17335,769] Ball=B002 X=143,3063 Y=77,0112 Vx=98,5589 Vy=-123,7353
[17335,336] Ball=B003 X=276,4138 Y=298,5259 Vx=48,9741 Vy=-153,0235
[17353,132] Ball=B001 X=170,2048 Y=282,0184 Vx=-82,6531 Vy=164,2674
[17350,211] Ball=B003 X=277,1423 Y=296,2496 Vx=48,9741 Vy=-153,0235
[17350,669] Ball=B002 X=144,7749 Y=75,1675 Vx=98,5589 Vy=-123,7353
[17366,236] Ball=B003 X=277,9271 Y=293,7975 Vx=48,9741 Vy=-153,0235
[17366,688] Ball=B002 X=146,3537 Y=73,1853 Vx=98,5589 Vy=-123,7353
[17369,184] Ball=B001 X=168,8781 Y=284,6551 Vx=-82,6531 Vy=164,2674
[17385,097] Ball=B001 X=167,5628 Y=287,2692 Vx=-82,6531 Vy=164,2674
[17382,606] Ball=B002 X=147,9225 Y=71,2158 Vx=98,5589 Vy=-123,7353
[17382,178] Ball=B003 X=278,7079 Y=291,3578 Vx=48,9741 Vy=-153,0235
[17400,168] Ball=B001 X=166,3172 Y=289,7447 Vx=-82,6531 Vy=164,2674
[17397,226] Ball=B003 X=279,4448 Y=289,0552 Vx=48,9741 Vy=-153,0235
[17397,694] Ball=B002 X=149,4090 Y=69,3496 Vx=98,5589 Vy=-123,7353
[17415,107] Ball=B001 X=165,0825 Y=292,1986 Vx=-82,6531 Vy=164,2674
[17412,176] Ball=B003 X=280,1770 Y=286,7675 Vx=48,9741 Vy=-153,0235
[17412,628] Ball=B002 X=150,8815 Y=67,5009 Vx=98,5589 Vy=-123,7353
[17427,608] Ball=B002 X=152,3579 Y=65,6475 Vx=98,5589 Vy=-123,7353
[17430,111] Ball=B001 X=163,8423 Y=294,6634 Vx=-82,6531 Vy=164,2674
[17427,181] Ball=B003 X=280,9118 Y=284,4714 Vx=48,9741 Vy=-153,0235
[17442,168] Ball=B003 X=281,6458 Y=282,1780 Vx=48,9741 Vy=-153,0235
[17445,107] Ball=B001 X=162,6028 Y=297,1269 Vx=-82,6531 Vy=164,2674
[17442,639] Ball=B002 X=153,8393 Y=63,7876 Vx=98,5589 Vy=-123,7353
[17458,602] Ball=B002 X=155,4126 Y=61,8124 Vx=98,5589 Vy=-123,7353
[17458,160] Ball=B003 X=282,4289 Y=279,7310 Vx=48,9741 Vy=-153,0235
[17461,100] Ball=B001 X=161,2810 Y=299,7539 Vx=-82,6531 Vy=164,2674
[17474,319] Ball=B003 X=283,2203 Y=277,2583 Vx=48,9741 Vy=-153,0235
[17477,256] Ball=B001 X=159,9457 Y=302,4077 Vx=-82,6531 Vy=164,2674
[17474,772] Ball=B002 X=157,0063 Y=59,8116 Vx=98,5589 Vy=-123,7353
[17489,761] Ball=B002 X=158,4835 Y=57,9570 Vx=98,5589 Vy=-123,7353
[17489,315] Ball=B003 X=283,9547 Y=274,9636 Vx=48,9741 Vy=-153,0235
[17492,260] Ball=B001 X=158,7055 Y=304,8725 Vx=-82,6531 Vy=164,2674
[17505,776] Ball=B002 X=160,0619 Y=55,9754 Vx=98,5589 Vy=-123,7353
[17508,286] Ball=B001 X=157,3809 Y=307,5050 Vx=-82,6531 Vy=164,2674
[17505,340] Ball=B003 X=284,7396 Y=272,5111 Vx=48,9741 Vy=-153,0235
[17524,104] Ball=B001 X=156,0736 Y=310,1032 Vx=-82,6531 Vy=164,2674
[17521,167] Ball=B003 X=285,5146 Y=270,0895 Vx=48,9741 Vy=-153,0235
[17521,624] Ball=B002 X=161,6240 Y=54,0143 Vx=98,5589 Vy=-123,7353
[17536,618] Ball=B002 X=163,1017 Y=52,1592 Vx=98,5589 Vy=-123,7353
[17539,116] Ball=B001 X=154,8327 Y=312,5694 Vx=-82,6531 Vy=164,2674
[17536,185] Ball=B003 X=286,2502 Y=267,7911 Vx=48,9741 Vy=-153,0235
[17555,070] Ball=B001 X=153,5140 Y=315,1902 Vx=-82,6531 Vy=164,2674
[17552,577] Ball=B002 X=164,6747 Y=50,1844 Vx=98,5589 Vy=-123,7353
[17552,180] Ball=B003 X=287,0335 Y=265,3436 Vx=48,9741 Vy=-153,0235
[17567,307] Ball=B003 X=287,7744 Y=263,0288 Vx=48,9741 Vy=-153,0235
[17570,250] Ball=B001 X=152,2594 Y=317,6837 Vx=-82,6531 Vy=164,2674
[17567,751] Ball=B002 X=166,1702 Y=48,3068 Vx=98,5589 Vy=-123,7353
[17583,334] Ball=B003 X=288,5592 Y=260,5764 Vx=48,9741 Vy=-153,0235
[17583,791] Ball=B002 X=167,7511 Y=46,3220 Vx=98,5589 Vy=-123,7353
[17586,287] Ball=B001 X=150,9338 Y=320,3181 Vx=-82,6531 Vy=164,2674
[17602,267] Ball=B001 X=149,6132 Y=322,9428 Vx=-82,6531 Vy=164,2674
[17599,778] Ball=B002 X=169,3267 Y=44,3439 Vx=98,5589 Vy=-123,7353
[17599,569] Ball=B003 X=289,3543 Y=258,0920 Vx=48,9741 Vy=-153,0235
[17615,178] Ball=B003 X=290,1187 Y=255,7035 Vx=48,9741 Vy=-153,0235
[17618,121] Ball=B001 X=148,3027 Y=325,5473 Vx=-82,6531 Vy=164,2674
[17615,635] Ball=B002 X=170,8896 Y=42,3818 Vx=98,5589 Vy=-123,7353
[17633,263] Ball=B001 X=147,0512 Y=328,0346 Vx=-82,6531 Vy=164,2674
[17630,788] Ball=B002 X=172,3831 Y=40,5069 Vx=98,5589 Vy=-123,7353
[17630,351] Ball=B003 X=290,8619 Y=253,3816 Vx=48,9741 Vy=-153,0235
[17646,311] Ball=B003 X=291,6435 Y=250,9393 Vx=48,9741 Vy=-153,0235
[17646,766] Ball=B002 X=173,9578 Y=38,5299 Vx=98,5589 Vy=-123,7353
[17649,267] Ball=B001 X=145,7284 Y=330,6636 Vx=-82,6531 Vy=164,2674
[17661,306] Ball=B003 X=292,3779 Y=248,6447 Vx=48,9741 Vy=-153,0235
[17664,254] Ball=B001 X=144,4896 Y=333,1256 Vx=-82,6531 Vy=164,2674
[17661,769] Ball=B002 X=175,4366 Y=36,6734 Vx=98,5589 Vy=-123,7353
[17679,238] Ball=B001 X=143,2512 Y=335,5869 Vx=-82,6531 Vy=164,2674
[17676,756] Ball=B002 X=176,9136 Y=34,8190 Vx=98,5589 Vy=-123,7353
[17676,317] Ball=B003 X=293,1130 Y=246,3477 Vx=48,9741 Vy=-153,0235
[17692,413] Ball=B003 X=293,9013 Y=243,8847 Vx=48,9741 Vy=-153,0235
[17695,786] Ball=B001 X=141,8834 Y=338,3052 Vx=-82,6531 Vy=164,2674
[17693,329] Ball=B002 X=178,5470 Y=32,7684 Vx=98,5589 Vy=-123,7353
[17709,203] Ball=B003 X=294,7236 Y=241,3154 Vx=48,9741 Vy=-153,0235
[17709,649] Ball=B002 X=180,1555 Y=30,7490 Vx=98,5589 Vy=-123,7353
[17712,147] Ball=B001 X=140,5311 Y=340,9928 Vx=-82,6531 Vy=164,2674
[17728,494] Ball=B001 X=139,1801 Y=343,6778 Vx=-82,6531 Vy=164,2674
[17726,043] Ball=B002 X=181,7712 Y=28,7205 Vx=98,5589 Vy=-123,7353
[17725,607] Ball=B003 X=295,5269 Y=238,8053 Vx=48,9741 Vy=-153,0235
[17740,681] Ball=B002 X=183,2139 Y=26,9093 Vx=98,5589 Vy=-123,7353
[17743,172] Ball=B001 X=137,9669 Y=346,0890 Vx=-82,6531 Vy=164,2674
[17740,244] Ball=B003 X=296,2438 Y=236,5653 Vx=48,9741 Vy=-153,0235
