# Diagnostic log started at 2026-05-28T00:28:45.2034311+02:00
# Format: [timestamp_ms] Ball=ID X=x Y=y Vx=vx Vy=vy
[0,001] Ball=B005 X=309,5986 Y=165,5606 Vx=107,7283 Vy=23,2082
[0,001] Ball=B004 X=323,8342 Y=113,8173 Vx=129,8885 Vy=33,8539
[0,000] Ball=B006 X=210,9491 Y=48,1819 Vx=113,2869 Vy=32,0405
[0,000] Ball=B004 X=328,0765 Y=114,9230 Vx=129,8885 Vy=33,8539
[0,001] Ball=B005 X=313,5647 Y=166,4150 Vx=107,7283 Vy=23,2082
[0,160] Ball=B001 X=64,6449 Y=182,9340 Vx=168,0085 Vy=42,3183
[0,162] Ball=B002 X=181,3920 Y=330,4935 Vx=74,4829 Vy=19,5664
[0,000] Ball=B007 X=20,3756 Y=246,9126 Vx=-146,7915 Vy=61,7479
[0,161] Ball=B003 X=87,3141 Y=351,6282 Vx=-144,2850 Vy=-69,1274
[0,001] Ball=B002 X=184,8370 Y=331,3985 Vx=74,4829 Vy=19,5664
[0,001] Ball=B001 X=72,4146 Y=184,8910 Vx=168,0085 Vy=42,3183
[0,001] Ball=B003 X=80,6398 Y=348,4305 Vx=-144,2850 Vy=-69,1274
[0,001] Ball=B007 X=13,6306 Y=249,7499 Vx=-146,7915 Vy=61,7479
[0,000] Ball=B007 X=13,6278 Y=249,7511 Vx=-146,7915 Vy=61,7479
[0,000] Ball=B006 X=215,7024 Y=49,5262 Vx=113,2869 Vy=32,0405
[0,001] Ball=B007 X=13,3638 Y=249,8622 Vx=-146,7915 Vy=61,7479
[0,000] Ball=B006 X=216,0132 Y=49,6142 Vx=113,2869 Vy=32,0405
[0,000] Ball=B005 X=313,9762 Y=166,5037 Vx=107,7283 Vy=23,2082
[0,000] Ball=B002 X=185,0463 Y=331,4535 Vx=74,4829 Vy=19,5664
[0,000] Ball=B004 X=328,5726 Y=115,0523 Vx=129,8885 Vy=33,8539
[0,000] Ball=B003 X=80,2355 Y=348,2368 Vx=-144,2850 Vy=-69,1274
[0,000] Ball=B006 X=216,0170 Y=49,6152 Vx=113,2869 Vy=32,0405
[0,000] Ball=B001 X=72,8893 Y=185,0106 Vx=168,0085 Vy=42,3183
[0,000] Ball=B002 X=185,0482 Y=331,4540 Vx=74,4829 Vy=19,5664
[0,000] Ball=B004 X=328,5764 Y=115,0533 Vx=129,8885 Vy=33,8539
[0,000] Ball=B003 X=80,2318 Y=348,2351 Vx=-144,2850 Vy=-69,1274
[0,000] Ball=B005 X=313,9798 Y=166,5045 Vx=107,7283 Vy=23,2082
[0,000] Ball=B001 X=72,8928 Y=185,0115 Vx=168,0085 Vy=42,3183
[0,001] Ball=B007 X=11,0156 Y=250,8499 Vx=-146,7915 Vy=61,7479
[0,001] Ball=B006 X=217,7168 Y=50,0960 Vx=113,2869 Vy=32,0405
[0,001] Ball=B005 X=315,5963 Y=166,8527 Vx=107,7283 Vy=23,2082
[0,001] Ball=B004 X=330,5267 Y=115,5616 Vx=129,8885 Vy=33,8539
[0,001] Ball=B003 X=78,0642 Y=347,1965 Vx=-144,2850 Vy=-69,1274
[0,000] Ball=B002 X=186,1689 Y=331,7484 Vx=74,4829 Vy=19,5664
[0,000] Ball=B001 X=75,4200 Y=185,6480 Vx=168,0085 Vy=42,3183
[0,001] Ball=B001 X=77,9420 Y=186,2832 Vx=168,0085 Vy=42,3183
[0,001] Ball=B002 X=187,2871 Y=332,0422 Vx=74,4829 Vy=19,5664
[0,000] Ball=B007 X=8,6557 Y=251,8426 Vx=-146,7915 Vy=61,7479
[0,000] Ball=B006 X=219,5382 Y=50,6111 Vx=113,2869 Vy=32,0405
[0,000] Ball=B003 X=75,7467 Y=346,0862 Vx=-144,2850 Vy=-69,1274
[0,001] Ball=B005 X=317,3284 Y=167,2259 Vx=107,7283 Vy=23,2082
[0,001] Ball=B004 X=332,6148 Y=116,1058 Vx=129,8885 Vy=33,8539
[0,001] Ball=B002 X=188,4848 Y=332,3568 Vx=74,4829 Vy=19,5664
[0,001] Ball=B001 X=80,6436 Y=186,9637 Vx=168,0085 Vy=42,3183
[0,001] Ball=B007 X=6,2981 Y=252,8344 Vx=-146,7915 Vy=61,7479
[0,000] Ball=B006 X=221,3578 Y=51,1258 Vx=113,2869 Vy=32,0405
[0,001] Ball=B005 X=319,0587 Y=167,5986 Vx=107,7283 Vy=23,2082
[0,000] Ball=B003 X=73,4285 Y=344,9755 Vx=-144,2850 Vy=-69,1274
[0,001] Ball=B004 X=334,7012 Y=116,6496 Vx=129,8885 Vy=33,8539
[0,001] Ball=B006 X=223,1570 Y=51,6346 Vx=113,2869 Vy=32,0405
[0,001] Ball=B007 X=3,9667 Y=253,8151 Vx=-146,7915 Vy=61,7479
[0,000] Ball=B002 X=189,7459 Y=332,6881 Vx=74,4829 Vy=19,5664
[0,000] Ball=B003 X=71,1319 Y=343,8752 Vx=-144,2850 Vy=-69,1274
[0,001] Ball=B005 X=320,7742 Y=167,9682 Vx=107,7283 Vy=23,2082
[0,000] Ball=B004 X=336,7693 Y=117,1887 Vx=129,8885 Vy=33,8539
[0,001] Ball=B001 X=83,4904 Y=187,6808 Vx=168,0085 Vy=42,3183
[0,001] Ball=B002 X=190,8690 Y=332,9831 Vx=74,4829 Vy=19,5664
[0,001] Ball=B001 X=86,0230 Y=188,3187 Vx=168,0085 Vy=42,3183
[0,000] Ball=B006 X=224,9833 Y=52,1511 Vx=113,2869 Vy=32,0405
[0,000] Ball=B007 X=1,6002 Y=254,8105 Vx=-146,7915 Vy=61,7479
[0,000] Ball=B005 X=322,5062 Y=168,3413 Vx=107,7283 Vy=23,2082
[0,000] Ball=B003 X=68,8110 Y=342,7633 Vx=-144,2850 Vy=-69,1274
[0,001] Ball=B004 X=338,8578 Y=117,7330 Vx=129,8885 Vy=33,8539
[0,001] Ball=B002 X=192,0507 Y=333,2935 Vx=74,4829 Vy=19,5664
[0,001] Ball=B001 X=88,6872 Y=188,9898 Vx=168,0085 Vy=42,3183
[0,001] Ball=B007 X=-0,7534 Y=255,8006 Vx=-146,7915 Vy=61,7479
[0,001] Ball=B006 X=226,7997 Y=52,6649 Vx=113,2869 Vy=32,0405
[0,000] Ball=B005 X=324,2332 Y=168,7134 Vx=107,7283 Vy=23,2082
[0,000] Ball=B004 X=340,9399 Y=118,2757 Vx=129,8885 Vy=33,8539
[0,001] Ball=B003 X=66,4968 Y=341,6545 Vx=-144,2850 Vy=-69,1274
[0,001] Ball=B007 X=2,3054 Y=256,7703 Vx=146,7915 Vy=61,7479
[0,001] Ball=B006 X=228,5797 Y=53,1683 Vx=113,2869 Vy=32,0405
[0,001] Ball=B005 X=325,9260 Y=169,0781 Vx=107,7283 Vy=23,2082
[0,001] Ball=B004 X=342,9813 Y=118,8077 Vx=129,8885 Vy=33,8539
[0,000] Ball=B003 X=64,2296 Y=340,5683 Vx=-144,2850 Vy=-69,1274
[0,000] Ball=B002 X=193,3094 Y=333,6242 Vx=74,4829 Vy=19,5664
[0,000] Ball=B001 X=91,5279 Y=189,7053 Vx=168,0085 Vy=42,3183
[0,001] Ball=B007 X=4,6666 Y=257,7636 Vx=146,7915 Vy=61,7479
[0,001] Ball=B006 X=230,4010 Y=53,6834 Vx=113,2869 Vy=32,0405
[0,001] Ball=B005 X=327,6626 Y=169,4522 Vx=107,7283 Vy=23,2082
[0,000] Ball=B004 X=345,0750 Y=119,3534 Vx=129,8885 Vy=33,8539
[0,000] Ball=B003 X=61,9033 Y=339,4538 Vx=-144,2850 Vy=-69,1274
[0,000] Ball=B001 X=94,2350 Y=190,3872 Vx=168,0085 Vy=42,3183
[0,000] Ball=B002 X=194,5116 Y=333,9400 Vx=74,4829 Vy=19,5664
[0,001] Ball=B001 X=96,7094 Y=191,0104 Vx=168,0085 Vy=42,3183
[0,001] Ball=B002 X=195,6073 Y=334,2278 Vx=74,4829 Vy=19,5664
[0,000] Ball=B007 X=7,0095 Y=258,7491 Vx=146,7915 Vy=61,7479
[0,000] Ball=B005 X=329,3787 Y=169,8219 Vx=107,7283 Vy=23,2082
[0,000] Ball=B003 X=59,6067 Y=338,3535 Vx=-144,2850 Vy=-69,1274
[0,001] Ball=B006 X=232,2119 Y=54,1956 Vx=113,2869 Vy=32,0405
[0,001] Ball=B004 X=347,1511 Y=119,8945 Vx=129,8885 Vy=33,8539
[0,001] Ball=B007 X=9,3557 Y=259,7361 Vx=146,7915 Vy=61,7479
[0,001] Ball=B006 X=234,0203 Y=54,7071 Vx=113,2869 Vy=32,0405
[0,001] Ball=B005 X=331,0999 Y=170,1927 Vx=107,7283 Vy=23,2082
[0,000] Ball=B004 X=349,2192 Y=120,4336 Vx=129,8885 Vy=33,8539
[0,000] Ball=B003 X=57,2999 Y=337,2483 Vx=-144,2850 Vy=-69,1274
[0,000] Ball=B001 X=99,6121 Y=191,7416 Vx=168,0085 Vy=42,3183
[0,000] Ball=B002 X=196,8936 Y=334,5657 Vx=74,4829 Vy=19,5664
[0,001] Ball=B006 X=235,7711 Y=55,2022 Vx=113,2869 Vy=32,0405
[0,001] Ball=B007 X=11,6249 Y=260,6906 Vx=146,7915 Vy=61,7479
[0,001] Ball=B005 X=332,7655 Y=170,5515 Vx=107,7283 Vy=23,2082
[0,000] Ball=B004 X=351,2312 Y=120,9580 Vx=129,8885 Vy=33,8539
[0,001] Ball=B003 X=55,0649 Y=336,1775 Vx=-144,2850 Vy=-69,1274
[0,000] Ball=B002 X=198,0402 Y=334,8670 Vx=74,4829 Vy=19,5664
[0,000] Ball=B001 X=102,1979 Y=192,3929 Vx=168,0085 Vy=42,3183
[0,001] Ball=B002 X=199,1716 Y=335,1642 Vx=74,4829 Vy=19,5664
[0,001] Ball=B001 X=104,7498 Y=193,0357 Vx=168,0085 Vy=42,3183
[0,001] Ball=B007 X=14,1449 Y=261,7506 Vx=146,7915 Vy=61,7479
[0,000] Ball=B006 X=237,7171 Y=55,7526 Vx=113,2869 Vy=32,0405
[0,001] Ball=B005 X=334,6161 Y=170,9502 Vx=107,7283 Vy=23,2082
[0,001] Ball=B004 X=353,4763 Y=121,5431 Vx=129,8885 Vy=33,8539
[0,001] Ball=B003 X=52,5713 Y=334,9828 Vx=-144,2850 Vy=-69,1274
[0,001] Ball=B002 X=200,4046 Y=335,4881 Vx=74,4829 Vy=19,5664
[0,001] Ball=B001 X=107,5305 Y=193,7361 Vx=168,0085 Vy=42,3183
[0,001] Ball=B006 X=239,5903 Y=56,2824 Vx=113,2869 Vy=32,0405
[0,001] Ball=B007 X=16,5735 Y=262,7722 Vx=146,7915 Vy=61,7479
[0,000] Ball=B005 X=336,3965 Y=171,3337 Vx=107,7283 Vy=23,2082
[0,001] Ball=B004 X=355,6056 Y=122,0981 Vx=129,8885 Vy=33,8539
[0,000] Ball=B003 X=50,2057 Y=333,8494 Vx=-144,2850 Vy=-69,1274
[0,001] Ball=B007 X=18,7043 Y=263,6685 Vx=146,7915 Vy=61,7479
[0,001] Ball=B006 X=241,2361 Y=56,7479 Vx=113,2869 Vy=32,0405
[0,001] Ball=B005 X=337,9614 Y=171,6709 Vx=107,7283 Vy=23,2082
[0,000] Ball=B003 X=48,1112 Y=332,8460 Vx=-144,2850 Vy=-69,1274
[0,000] Ball=B002 X=201,6299 Y=335,8100 Vx=74,4829 Vy=19,5664
[0,000] Ball=B004 X=357,4925 Y=122,5899 Vx=129,8885 Vy=33,8539
[0,000] Ball=B001 X=110,3088 Y=194,4359 Vx=168,0085 Vy=42,3183
[0,001] Ball=B001 X=112,8136 Y=195,0668 Vx=168,0085 Vy=42,3183
[0,001] Ball=B002 X=202,7467 Y=336,1034 Vx=74,4829 Vy=19,5664
[0,000] Ball=B006 X=243,0491 Y=57,2606 Vx=113,2869 Vy=32,0405
[0,001] Ball=B005 X=339,6856 Y=172,0423 Vx=107,7283 Vy=23,2082
[0,001] Ball=B004 X=359,5712 Y=123,1317 Vx=129,8885 Vy=33,8539
[0,000] Ball=B003 X=45,7866 Y=331,7322 Vx=-144,2850 Vy=-69,1274
[0,001] Ball=B007 X=21,0550 Y=264,6574 Vx=146,7915 Vy=61,7479
[0,001] Ball=B002 X=203,9381 Y=336,4163 Vx=74,4829 Vy=19,5664
[0,001] Ball=B001 X=115,5023 Y=195,7440 Vx=168,0085 Vy=42,3183
[0,001] Ball=B006 X=244,9189 Y=57,7895 Vx=113,2869 Vy=32,0405
[0,001] Ball=B007 X=23,4783 Y=265,6767 Vx=146,7915 Vy=61,7479
[0,000] Ball=B005 X=341,4633 Y=172,4253 Vx=107,7283 Vy=23,2082
[0,001] Ball=B004 X=361,7144 Y=123,6903 Vx=129,8885 Vy=33,8539
[0,000] Ball=B003 X=43,4191 Y=330,5979 Vx=-144,2850 Vy=-69,1274
[0,001] Ball=B001 X=118,2774 Y=196,4430 Vx=168,0085 Vy=42,3183
[0,001] Ball=B002 X=205,1683 Y=336,7395 Vx=74,4829 Vy=19,5664
[0,000] Ball=B006 X=246,8444 Y=58,3340 Vx=113,2869 Vy=32,0405
[0,001] Ball=B007 X=25,9728 Y=266,7260 Vx=146,7915 Vy=61,7479
[0,000] Ball=B005 X=343,2948 Y=172,8199 Vx=107,7283 Vy=23,2082
[0,001] Ball=B004 X=363,9227 Y=124,2659 Vx=129,8885 Vy=33,8539
[0,000] Ball=B003 X=40,9671 Y=329,4232 Vx=-144,2850 Vy=-69,1274
[0,001] Ball=B001 X=120,8776 Y=197,0980 Vx=168,0085 Vy=42,3183
[0,001] Ball=B002 X=206,3218 Y=337,0425 Vx=74,4829 Vy=19,5664
[0,000] Ball=B006 X=248,6015 Y=58,8310 Vx=113,2869 Vy=32,0405
[0,001] Ball=B007 X=28,2500 Y=267,6839 Vx=146,7915 Vy=61,7479
[0,000] Ball=B005 X=344,9653 Y=173,1798 Vx=107,7283 Vy=23,2082
[0,001] Ball=B004 X=365,9372 Y=124,7909 Vx=129,8885 Vy=33,8539
[0,000] Ball=B003 X=38,7288 Y=328,3508 Vx=-144,2850 Vy=-69,1274
[0,001] Ball=B002 X=207,5132 Y=337,3555 Vx=74,4829 Vy=19,5664
[0,001] Ball=B001 X=123,5655 Y=197,7750 Vx=168,0085 Vy=42,3183
[0,000] Ball=B007 X=30,5965 Y=268,6710 Vx=146,7915 Vy=61,7479
[0,000] Ball=B005 X=346,6879 Y=173,5508 Vx=107,7283 Vy=23,2082
[0,001] Ball=B006 X=250,4134 Y=59,3435 Vx=113,2869 Vy=32,0405
[0,000] Ball=B003 X=36,4233 Y=327,2463 Vx=-144,2850 Vy=-69,1274
[0,000] Ball=B004 X=368,0141 Y=125,3323 Vx=129,8885 Vy=33,8539
[0,001] Ball=B002 X=208,7058 Y=337,6688 Vx=74,4829 Vy=19,5664
[0,001] Ball=B001 X=126,2565 Y=198,4528 Vx=168,0085 Vy=42,3183
[0,001] Ball=B007 X=32,9480 Y=269,6602 Vx=146,7915 Vy=61,7479
[0,001] Ball=B006 X=252,2314 Y=59,8576 Vx=113,2869 Vy=32,0405
[0,000] Ball=B005 X=348,4233 Y=173,9247 Vx=107,7283 Vy=23,2082
[0,001] Ball=B004 X=365,9079 Y=125,8775 Vx=-129,8885 Vy=33,8539
[0,001] Ball=B003 X=34,0923 Y=326,1295 Vx=-144,2850 Vy=-69,1274
[0,001] Ball=B001 X=128,9432 Y=199,1295 Vx=168,0085 Vy=42,3183
[0,001] Ball=B002 X=209,8975 Y=337,9819 Vx=74,4829 Vy=19,5664
[0,001] Ball=B007 X=35,1495 Y=270,5862 Vx=146,7915 Vy=61,7479
[0,001] Ball=B006 X=253,9203 Y=60,3353 Vx=113,2869 Vy=32,0405
[0,001] Ball=B005 X=350,0299 Y=174,2708 Vx=107,7283 Vy=23,2082
[0,000] Ball=B004 X=363,9716 Y=126,3822 Vx=-129,8885 Vy=33,8539
[0,000] Ball=B003 X=31,9342 Y=325,0955 Vx=-144,2850 Vy=-69,1274
[0,001] Ball=B002 X=211,1643 Y=338,3146 Vx=74,4829 Vy=19,5664
[0,001] Ball=B001 X=131,8006 Y=199,8493 Vx=168,0085 Vy=42,3183
[0,001] Ball=B007 X=37,5015 Y=271,5756 Vx=146,7915 Vy=61,7479
[0,001] Ball=B006 X=255,7361 Y=60,8489 Vx=113,2869 Vy=32,0405
[0,001] Ball=B005 X=351,7563 Y=174,6427 Vx=107,7283 Vy=23,2082
[0,000] Ball=B004 X=361,8875 Y=126,9254 Vx=-129,8885 Vy=33,8539
[0,000] Ball=B003 X=29,6330 Y=323,9930 Vx=-144,2850 Vy=-69,1274
[0,001] Ball=B002 X=212,2845 Y=338,6089 Vx=74,4829 Vy=19,5664
[0,001] Ball=B001 X=134,3298 Y=200,4863 Vx=168,0085 Vy=42,3183
[0,000] Ball=B007 X=39,8661 Y=272,5703 Vx=146,7915 Vy=61,7479
[0,000] Ball=B006 X=257,5604 Y=61,3648 Vx=113,2869 Vy=32,0405
[0,000] Ball=B005 X=353,4913 Y=175,0165 Vx=107,7283 Vy=23,2082
[0,000] Ball=B004 X=359,7978 Y=127,4701 Vx=-129,8885 Vy=33,8539
[0,000] Ball=B003 X=27,3116 Y=322,8808 Vx=-144,2850 Vy=-69,1274
[0,001] Ball=B002 X=213,4834 Y=338,9239 Vx=74,4829 Vy=19,5664
[0,000] Ball=B001 X=137,0321 Y=201,1670 Vx=168,0085 Vy=42,3183
[0,000] Ball=B007 X=42,2159 Y=273,5587 Vx=146,7915 Vy=61,7479
[0,000] Ball=B006 X=259,3748 Y=61,8780 Vx=113,2869 Vy=32,0405
[0,000] Ball=B005 X=355,2157 Y=175,3880 Vx=107,7283 Vy=23,2082
[0,000] Ball=B004 X=357,7185 Y=128,0120 Vx=-129,8885 Vy=33,8539
[0,000] Ball=B003 X=25,0015 Y=321,7740 Vx=-144,2850 Vy=-69,1274
[0,001] Ball=B002 X=214,7147 Y=339,2473 Vx=74,4829 Vy=19,5664
[0,001] Ball=B001 X=139,8099 Y=201,8667 Vx=168,0085 Vy=42,3183
[0,000] Ball=B007 X=44,6426 Y=274,5795 Vx=146,7915 Vy=61,7479
[0,000] Ball=B006 X=261,2476 Y=62,4076 Vx=113,2869 Vy=32,0405
[0,000] Ball=B005 X=356,9967 Y=175,7717 Vx=107,7283 Vy=23,2082
[0,000] Ball=B004 X=355,5711 Y=128,5717 Vx=-129,8885 Vy=33,8539
[0,000] Ball=B003 X=22,6164 Y=320,6313 Vx=-144,2850 Vy=-69,1274
[0,001] Ball=B002 X=215,9731 Y=339,5779 Vx=74,4829 Vy=19,5664
[0,001] Ball=B001 X=142,6479 Y=202,5815 Vx=168,0085 Vy=42,3183
[0,000] Ball=B007 X=46,9840 Y=275,5644 Vx=146,7915 Vy=61,7479
[0,000] Ball=B006 X=263,0536 Y=62,9184 Vx=113,2869 Vy=32,0405
[0,000] Ball=B004 X=353,5009 Y=129,1113 Vx=-129,8885 Vy=33,8539
[0,000] Ball=B003 X=20,3168 Y=319,5295 Vx=-144,2850 Vy=-69,1274
[0,004] Ball=B005 X=358,7198 Y=176,1429 Vx=107,7283 Vy=23,2082
[0,001] Ball=B001 X=145,1798 Y=203,2193 Vx=168,0085 Vy=42,3183
[0,002] Ball=B002 X=217,0955 Y=339,8728 Vx=74,4829 Vy=19,5664
[0,001] Ball=B007 X=49,4856 Y=276,6167 Vx=146,7915 Vy=61,7479
[0,001] Ball=B006 X=264,9855 Y=63,4648 Vx=113,2869 Vy=32,0405
[0,000] Ball=B004 X=351,2834 Y=129,6892 Vx=-129,8885 Vy=33,8539
[0,001] Ball=B003 X=17,8529 Y=318,3491 Vx=-144,2850 Vy=-69,1274
[0,000] Ball=B005 X=360,5612 Y=176,5396 Vx=107,7283 Vy=23,2082
[0,001] Ball=B001 X=148,0239 Y=203,9356 Vx=168,0085 Vy=42,3183
[0,001] Ball=B002 X=218,3563 Y=340,2040 Vx=74,4829 Vy=19,5664
[0,000] Ball=B006 X=266,6791 Y=63,9438 Vx=113,2869 Vy=32,0405
[0,000] Ball=B005 X=362,1615 Y=176,8844 Vx=107,7283 Vy=23,2082
[0,000] Ball=B004 X=349,3437 Y=130,1948 Vx=-129,8885 Vy=33,8539
[0,000] Ball=B003 X=15,6987 Y=317,3170 Vx=-144,2850 Vy=-69,1274
[0,001] Ball=B007 X=51,6867 Y=277,5426 Vx=146,7915 Vy=61,7479
[0,001] Ball=B002 X=219,4754 Y=340,4979 Vx=74,4829 Vy=19,5664
[0,000] Ball=B001 X=150,5582 Y=204,5740 Vx=168,0085 Vy=42,3183
[0,001] Ball=B007 X=54,2614 Y=278,6256 Vx=146,7915 Vy=61,7479
[0,001] Ball=B006 X=268,6700 Y=64,5069 Vx=113,2869 Vy=32,0405
[0,000] Ball=B005 X=360,1061 Y=177,2924 Vx=-107,7283 Vy=23,2082
[0,001] Ball=B004 X=347,0599 Y=130,7900 Vx=-129,8885 Vy=33,8539
[0,000] Ball=B003 X=13,1608 Y=316,1011 Vx=-144,2850 Vy=-69,1274
[0,001] Ball=B002 X=220,6405 Y=340,8040 Vx=74,4829 Vy=19,5664
[0,001] Ball=B001 X=153,1761 Y=205,2334 Vx=168,0085 Vy=42,3183
[0,000] Ball=B007 X=56,3211 Y=279,4921 Vx=146,7915 Vy=61,7479
[0,000] Ball=B006 X=270,2596 Y=64,9565 Vx=113,2869 Vy=32,0405
[0,000] Ball=B005 X=358,5948 Y=177,6180 Vx=-107,7283 Vy=23,2082
[0,000] Ball=B004 X=345,2284 Y=131,2674 Vx=-129,8885 Vy=33,8539
[0,000] Ball=B003 X=11,1266 Y=315,1265 Vx=-144,2850 Vy=-69,1274
[0,001] Ball=B002 X=221,8327 Y=341,1172 Vx=74,4829 Vy=19,5664
[0,001] Ball=B001 X=155,8652 Y=205,9107 Vx=168,0085 Vy=42,3183
[0,000] Ball=B007 X=58,8393 Y=280,5513 Vx=146,7915 Vy=61,7479
[0,001] Ball=B006 X=272,2034 Y=65,5062 Vx=113,2869 Vy=32,0405
[0,000] Ball=B005 X=356,7463 Y=178,0162 Vx=-107,7283 Vy=23,2082
[0,000] Ball=B003 X=8,6620 Y=313,9457 Vx=-144,2850 Vy=-69,1274
[0,000] Ball=B004 X=343,0090 Y=131,8459 Vx=-129,8885 Vy=33,8539
[0,001] Ball=B002 X=223,0383 Y=341,4339 Vx=74,4829 Vy=19,5664
[0,001] Ball=B001 X=158,5859 Y=206,5960 Vx=168,0085 Vy=42,3183
[0,000] Ball=B007 X=61,1803 Y=281,5361 Vx=146,7915 Vy=61,7479
[0,000] Ball=B006 X=274,0099 Y=66,0172 Vx=113,2869 Vy=32,0405
[0,000] Ball=B005 X=355,0283 Y=178,3863 Vx=-107,7283 Vy=23,2082
[0,000] Ball=B003 X=6,3611 Y=312,8433 Vx=-144,2850 Vy=-69,1274
[0,001] Ball=B004 X=340,9373 Y=132,3858 Vx=-129,8885 Vy=33,8539
[0,001] Ball=B002 X=224,2196 Y=341,7442 Vx=74,4829 Vy=19,5664
[0,001] Ball=B001 X=161,2493 Y=207,2669 Vx=168,0085 Vy=42,3183
[0,000] Ball=B006 X=275,8169 Y=66,5282 Vx=113,2869 Vy=32,0405
[0,001] Ball=B007 X=63,5222 Y=282,5212 Vx=146,7915 Vy=61,7479
[0,001] Ball=B005 X=353,3099 Y=178,7565 Vx=-107,7283 Vy=23,2082
[0,000] Ball=B004 X=338,8642 Y=132,9262 Vx=-129,8885 Vy=33,8539
[0,000] Ball=B003 X=4,0572 Y=311,7395 Vx=-144,2850 Vy=-69,1274
[0,001] Ball=B002 X=225,4878 Y=342,0774 Vx=74,4829 Vy=19,5664
[0,001] Ball=B001 X=164,1099 Y=207,9874 Vx=168,0085 Vy=42,3183
[0,000] Ball=B007 X=65,7304 Y=283,4501 Vx=146,7915 Vy=61,7479
[0,000] Ball=B006 X=277,5219 Y=67,0104 Vx=113,2869 Vy=32,0405
[0,000] Ball=B005 X=351,6863 Y=179,1063 Vx=-107,7283 Vy=23,2082
[0,000] Ball=B004 X=336,9087 Y=133,4359 Vx=-129,8885 Vy=33,8539
[0,000] Ball=B003 X=1,8853 Y=310,6989 Vx=-144,2850 Vy=-69,1274
[0,001] Ball=B002 X=226,6026 Y=342,3702 Vx=74,4829 Vy=19,5664
[0,000] Ball=B001 X=166,6249 Y=208,6209 Vx=168,0085 Vy=42,3183
[0,001] Ball=B007 X=68,2196 Y=284,4972 Vx=146,7915 Vy=61,7479
[0,000] Ball=B006 X=279,4425 Y=67,5536 Vx=113,2869 Vy=32,0405
[0,000] Ball=B005 X=349,8617 Y=179,4993 Vx=-107,7283 Vy=23,2082
[0,000] Ball=B003 X=-0,5588 Y=309,5280 Vx=-144,2850 Vy=-69,1274
[0,000] Ball=B004 X=334,7079 Y=134,0095 Vx=-129,8885 Vy=33,8539
[0,000] Ball=B001 X=169,3193 Y=209,2996 Vx=168,0085 Vy=42,3183
[0,001] Ball=B002 X=227,7972 Y=342,6840 Vx=74,4829 Vy=19,5664
[0,001] Ball=B007 X=70,5020 Y=285,4573 Vx=146,7915 Vy=61,7479
[0,000] Ball=B006 X=281,2037 Y=68,0518 Vx=113,2869 Vy=32,0405
[0,000] Ball=B005 X=348,1869 Y=179,8602 Vx=-107,7283 Vy=23,2082
[0,000] Ball=B004 X=332,6884 Y=134,5358 Vx=-129,8885 Vy=33,8539
[0,000] Ball=B003 X=2,2439 Y=308,4529 Vx=144,2850 Vy=-69,1274
[0,001] Ball=B002 X=228,9614 Y=342,9899 Vx=74,4829 Vy=19,5664
[0,000] Ball=B001 X=171,9459 Y=209,9612 Vx=168,0085 Vy=42,3183
[0,001] Ball=B007 X=72,8780 Y=286,4567 Vx=146,7915 Vy=61,7479
[0,001] Ball=B006 X=283,0378 Y=68,5705 Vx=113,2869 Vy=32,0405
[0,001] Ball=B005 X=346,4436 Y=180,2357 Vx=-107,7283 Vy=23,2082
[0,000] Ball=B004 X=330,5870 Y=135,0835 Vx=-129,8885 Vy=33,8539
[0,000] Ball=B003 X=4,5793 Y=307,3340 Vx=144,2850 Vy=-69,1274
[0,001] Ball=B002 X=230,1659 Y=343,3063 Vx=74,4829 Vy=19,5664
[0,000] Ball=B001 X=174,6630 Y=210,6455 Vx=168,0085 Vy=42,3183
[0,001] Ball=B007 X=75,2413 Y=287,4508 Vx=146,7915 Vy=61,7479
[0,001] Ball=B006 X=284,8614 Y=69,0863 Vx=113,2869 Vy=32,0405
[0,000] Ball=B005 X=344,7095 Y=180,6093 Vx=-107,7283 Vy=23,2082
[0,000] Ball=B004 X=328,4954 Y=135,6287 Vx=-129,8885 Vy=33,8539
[0,000] Ball=B003 X=6,9019 Y=306,2213 Vx=144,2850 Vy=-69,1274
[0,001] Ball=B002 X=231,4310 Y=343,6386 Vx=74,4829 Vy=19,5664
[0,000] Ball=B001 X=177,5167 Y=211,3643 Vx=168,0085 Vy=42,3183
[0,000] Ball=B007 X=77,4444 Y=288,3776 Vx=146,7915 Vy=61,7479
[0,000] Ball=B006 X=286,5623 Y=69,5673 Vx=113,2869 Vy=32,0405
[0,000] Ball=B005 X=343,0815 Y=180,9600 Vx=-107,7283 Vy=23,2082
[0,000] Ball=B003 X=9,0919 Y=305,1720 Vx=144,2850 Vy=-69,1274
[0,001] Ball=B004 X=326,5317 Y=136,1405 Vx=-129,8885 Vy=33,8539
[0,001] Ball=B002 X=232,5556 Y=343,9341 Vx=74,4829 Vy=19,5664
[0,001] Ball=B001 X=180,0542 Y=212,0035 Vx=168,0085 Vy=42,3183
[0,001] Ball=B007 X=79,9282 Y=289,4224 Vx=146,7915 Vy=61,7479
[0,000] Ball=B006 X=288,4783 Y=70,1092 Vx=113,2869 Vy=32,0405
[0,000] Ball=B005 X=341,2696 Y=181,3504 Vx=-107,7283 Vy=23,2082
[0,000] Ball=B003 X=11,5211 Y=304,0082 Vx=144,2850 Vy=-69,1274
[0,000] Ball=B004 X=324,3349 Y=136,7130 Vx=-129,8885 Vy=33,8539
[0,001] Ball=B001 X=182,9345 Y=212,7290 Vx=168,0085 Vy=42,3183
[0,001] Ball=B002 X=233,8326 Y=344,2695 Vx=74,4829 Vy=19,5664
[0,000] Ball=B007 X=82,1780 Y=290,3688 Vx=146,7915 Vy=61,7479
[0,000] Ball=B006 X=290,2156 Y=70,6006 Vx=113,2869 Vy=32,0405
[0,000] Ball=B004 X=322,3555 Y=137,2290 Vx=-129,8885 Vy=33,8539
[0,000] Ball=B005 X=339,6158 Y=181,7067 Vx=-107,7283 Vy=23,2082
[0,000] Ball=B003 X=13,7219 Y=302,9538 Vx=144,2850 Vy=-69,1274
[0,001] Ball=B002 X=235,0239 Y=344,5825 Vx=74,4829 Vy=19,5664
[0,000] Ball=B001 X=185,6209 Y=213,4056 Vx=168,0085 Vy=42,3183
[0,000] Ball=B007 X=84,5256 Y=291,3563 Vx=146,7915 Vy=61,7479
[0,000] Ball=B006 X=292,0274 Y=71,1130 Vx=113,2869 Vy=32,0405
[0,000] Ball=B004 X=320,2807 Y=137,7697 Vx=-129,8885 Vy=33,8539
[0,000] Ball=B005 X=337,8951 Y=182,0774 Vx=-107,7283 Vy=23,2082
[0,000] Ball=B003 X=16,0364 Y=301,8449 Vx=144,2850 Vy=-69,1274
[0,001] Ball=B002 X=236,2149 Y=344,8954 Vx=74,4829 Vy=19,5664
[0,000] Ball=B001 X=188,3078 Y=214,0824 Vx=168,0085 Vy=42,3183
[0,001] Ball=B007 X=86,8729 Y=292,3437 Vx=146,7915 Vy=61,7479
[0,000] Ball=B006 X=293,8396 Y=71,6255 Vx=113,2869 Vy=32,0405
[0,000] Ball=B005 X=336,1725 Y=182,4485 Vx=-107,7283 Vy=23,2082
[0,000] Ball=B004 X=318,2037 Y=138,3111 Vx=-129,8885 Vy=33,8539
[0,000] Ball=B003 X=18,3348 Y=300,7437 Vx=144,2850 Vy=-69,1274
[0,001] Ball=B001 X=190,9928 Y=214,7587 Vx=168,0085 Vy=42,3183
[0,001] Ball=B002 X=237,4055 Y=345,2081 Vx=74,4829 Vy=19,5664
[0,001] Ball=B007 X=89,2192 Y=293,3307 Vx=146,7915 Vy=61,7479
[0,000] Ball=B006 X=295,6498 Y=72,1375 Vx=113,2869 Vy=32,0405
[0,000] Ball=B005 X=334,4502 Y=182,8195 Vx=-107,7283 Vy=23,2082
[0,000] Ball=B004 X=316,1274 Y=138,8523 Vx=-129,8885 Vy=33,8539
[0,000] Ball=B003 X=20,6409 Y=299,6388 Vx=144,2850 Vy=-69,1274
[0,001] Ball=B002 X=238,5585 Y=345,5110 Vx=74,4829 Vy=19,5664
[0,000] Ball=B007 X=91,4907 Y=294,2861 Vx=146,7915 Vy=61,7479
[0,001] Ball=B001 X=193,5937 Y=215,4138 Vx=168,0085 Vy=42,3183
[0,000] Ball=B006 X=297,4026 Y=72,6333 Vx=113,2869 Vy=32,0405
[0,001] Ball=B005 X=332,7836 Y=183,1785 Vx=-107,7283 Vy=23,2082
[0,000] Ball=B004 X=314,1041 Y=139,3796 Vx=-129,8885 Vy=33,8539
[0,000] Ball=B003 X=22,8885 Y=298,5620 Vx=144,2850 Vy=-69,1274
[0,001] Ball=B002 X=239,6980 Y=345,8103 Vx=74,4829 Vy=19,5664
[0,001] Ball=B001 X=196,1978 Y=216,0698 Vx=168,0085 Vy=42,3183
[0,001] Ball=B007 X=94,0286 Y=295,3537 Vx=146,7915 Vy=61,7479
[0,000] Ball=B006 X=299,3897 Y=73,1952 Vx=113,2869 Vy=32,0405
[0,000] Ball=B005 X=330,8829 Y=183,5880 Vx=-107,7283 Vy=23,2082
[0,000] Ball=B004 X=311,8236 Y=139,9740 Vx=-129,8885 Vy=33,8539
[0,000] Ball=B003 X=25,4437 Y=297,3378 Vx=144,2850 Vy=-69,1274
[0,001] Ball=B002 X=240,8921 Y=346,1241 Vx=74,4829 Vy=19,5664
[0,001] Ball=B001 X=198,8576 Y=216,7397 Vx=168,0085 Vy=42,3183
[0,001] Ball=B007 X=96,3791 Y=296,3425 Vx=146,7915 Vy=61,7479
[0,000] Ball=B006 X=301,1747 Y=73,7001 Vx=113,2869 Vy=32,0405
[0,000] Ball=B005 X=329,1964 Y=183,9513 Vx=-107,7283 Vy=23,2082
[0,001] Ball=B004 X=309,7921 Y=140,5035 Vx=-129,8885 Vy=33,8539
[0,000] Ball=B003 X=27,6887 Y=296,2622 Vx=144,2850 Vy=-69,1274
[0,001] Ball=B001 X=201,7091 Y=217,4580 Vx=168,0085 Vy=42,3183
[0,001] Ball=B002 X=242,1563 Y=346,4561 Vx=74,4829 Vy=19,5664
[0,000] Ball=B006 X=302,8783 Y=74,1819 Vx=113,2869 Vy=32,0405
[0,000] Ball=B007 X=98,5870 Y=297,2712 Vx=146,7915 Vy=61,7479
[0,000] Ball=B005 X=327,5767 Y=184,3003 Vx=-107,7283 Vy=23,2082
[0,000] Ball=B004 X=307,8399 Y=141,0123 Vx=-129,8885 Vy=33,8539
[0,001] Ball=B003 X=29,8475 Y=295,2279 Vx=144,2850 Vy=-69,1274
[0,002] Ball=B002 X=243,3036 Y=346,7575 Vx=74,4829 Vy=19,5664
[0,001] Ball=B001 X=204,2969 Y=218,1098 Vx=168,0085 Vy=42,3183
[0,000] Ball=B006 X=304,7397 Y=74,7084 Vx=113,2869 Vy=32,0405
[0,001] Ball=B007 X=100,9989 Y=298,2858 Vx=146,7915 Vy=61,7479
[0,001] Ball=B005 X=325,8062 Y=184,6817 Vx=-107,7283 Vy=23,2082
[0,000] Ball=B004 X=305,7049 Y=141,5687 Vx=-129,8885 Vy=33,8539
[0,000] Ball=B003 X=32,2185 Y=294,0920 Vx=144,2850 Vy=-69,1274
[0,001] Ball=B002 X=244,5689 Y=347,0899 Vx=74,4829 Vy=19,5664
[0,001] Ball=B001 X=207,1511 Y=218,8287 Vx=168,0085 Vy=42,3183
[0,000] Ball=B007 X=103,3404 Y=299,2707 Vx=146,7915 Vy=61,7479
[0,000] Ball=B006 X=306,5469 Y=75,2195 Vx=113,2869 Vy=32,0405
[0,000] Ball=B005 X=324,0884 Y=185,0518 Vx=-107,7283 Vy=23,2082
[0,000] Ball=B004 X=303,6336 Y=142,1086 Vx=-129,8885 Vy=33,8539
[0,000] Ball=B003 X=34,5190 Y=292,9898 Vx=144,2850 Vy=-69,1274
[0,001] Ball=B002 X=245,7195 Y=347,3922 Vx=74,4829 Vy=19,5664
[0,000] Ball=B001 X=209,7468 Y=219,4825 Vx=168,0085 Vy=42,3183
[0,001] Ball=B007 X=105,6043 Y=300,2230 Vx=146,7915 Vy=61,7479
[0,000] Ball=B006 X=308,2950 Y=75,7139 Vx=113,2869 Vy=32,0405
[0,000] Ball=B004 X=301,6286 Y=142,6312 Vx=-129,8885 Vy=33,8539
[0,000] Ball=B005 X=322,4255 Y=185,4100 Vx=-107,7283 Vy=23,2082
[0,000] Ball=B003 X=36,7461 Y=291,9228 Vx=144,2850 Vy=-69,1274
[0,001] Ball=B001 X=212,3626 Y=220,1414 Vx=168,0085 Vy=42,3183
[0,001] Ball=B002 X=246,8794 Y=347,6969 Vx=74,4829 Vy=19,5664
[0,000] Ball=B006 X=310,1800 Y=76,2470 Vx=113,2869 Vy=32,0405
[0,000] Ball=B007 X=108,0483 Y=301,2511 Vx=146,7915 Vy=61,7479
[0,000] Ball=B005 X=320,6317 Y=185,7965 Vx=-107,7283 Vy=23,2082
[0,000] Ball=B004 X=299,4661 Y=143,1948 Vx=-129,8885 Vy=33,8539
[0,000] Ball=B003 X=39,1502 Y=290,7710 Vx=144,2850 Vy=-69,1274
[0,001] Ball=B002 X=248,1533 Y=348,0315 Vx=74,4829 Vy=19,5664
[0,001] Ball=B001 X=215,2364 Y=220,8652 Vx=168,0085 Vy=42,3183
[0,000] Ball=B006 X=312,0001 Y=76,7618 Vx=113,2869 Vy=32,0405
[0,000] Ball=B007 X=110,4060 Y=302,2429 Vx=146,7915 Vy=61,7479
[0,000] Ball=B005 X=318,9029 Y=186,1689 Vx=-107,7283 Vy=23,2082
[0,000] Ball=B004 X=297,3799 Y=143,7386 Vx=-129,8885 Vy=33,8539
[0,000] Ball=B003 X=41,4658 Y=289,6616 Vx=144,2850 Vy=-69,1274
[0,001] Ball=B001 X=217,9022 Y=221,5367 Vx=168,0085 Vy=42,3183
[0,001] Ball=B002 X=249,3351 Y=348,3420 Vx=74,4829 Vy=19,5664
[0,000] Ball=B007 X=112,7337 Y=303,2220 Vx=146,7915 Vy=61,7479
[0,000] Ball=B006 X=313,7961 Y=77,2697 Vx=113,2869 Vy=32,0405
[0,000] Ball=B005 X=317,1946 Y=186,5369 Vx=-107,7283 Vy=23,2082
[0,000] Ball=B004 X=295,3220 Y=144,2749 Vx=-129,8885 Vy=33,8539
[0,001] Ball=B003 X=43,7549 Y=288,5648 Vx=144,2850 Vy=-69,1274
[0,001] Ball=B001 X=220,6022 Y=222,2168 Vx=168,0085 Vy=42,3183
[0,001] Ball=B002 X=250,5320 Y=348,6564 Vx=74,4829 Vy=19,5664
[0,000] Ball=B006 X=315,6183 Y=77,7851 Vx=113,2869 Vy=32,0405
[0,000] Ball=B007 X=115,0949 Y=304,2153 Vx=146,7915 Vy=61,7479
[0,000] Ball=B004 X=293,2318 Y=144,8197 Vx=-129,8885 Vy=33,8539
[0,000] Ball=B003 X=46,0740 Y=287,4538 Vx=144,2850 Vy=-69,1274
[0,001] Ball=B005 X=315,4554 Y=186,9116 Vx=-107,7283 Vy=23,2082
[0,001] Ball=B002 X=251,7190 Y=348,9682 Vx=74,4829 Vy=19,5664
[0,001] Ball=B001 X=223,2800 Y=222,8913 Vx=168,0085 Vy=42,3183
[0,000] Ball=B006 X=317,4234 Y=78,2957 Vx=113,2869 Vy=32,0405
[0,000] Ball=B007 X=117,4340 Y=305,1992 Vx=146,7915 Vy=61,7479
[0,000] Ball=B004 X=291,1609 Y=145,3595 Vx=-129,8885 Vy=33,8539
[0,000] Ball=B003 X=48,3754 Y=286,3511 Vx=144,2850 Vy=-69,1274
[0,004] Ball=B005 X=313,7378 Y=187,2816 Vx=-107,7283 Vy=23,2082
[0,001] Ball=B002 X=252,8363 Y=349,2617 Vx=74,4829 Vy=19,5664
[0,000] Ball=B001 X=225,8007 Y=223,5262 Vx=168,0085 Vy=42,3183
[0,001] Ball=B007 X=119,7746 Y=306,1838 Vx=146,7915 Vy=61,7479
[0,001] Ball=B006 X=319,2303 Y=78,8067 Vx=113,2869 Vy=32,0405
[0,001] Ball=B004 X=289,0900 Y=145,8992 Vx=-129,8885 Vy=33,8539
[0,000] Ball=B003 X=50,6761 Y=285,2489 Vx=144,2850 Vy=-69,1274
[0,001] Ball=B005 X=312,0267 Y=187,6503 Vx=-107,7283 Vy=23,2082
[0,000] Ball=B001 X=228,6230 Y=224,2371 Vx=168,0085 Vy=42,3183
[0,001] Ball=B002 X=254,0876 Y=349,5905 Vx=74,4829 Vy=19,5664
[0,000] Ball=B007 X=122,0973 Y=307,1608 Vx=146,7915 Vy=61,7479
[0,000] Ball=B006 X=321,0232 Y=79,3138 Vx=113,2869 Vy=32,0405
[0,000] Ball=B005 X=310,3206 Y=188,0178 Vx=-107,7283 Vy=23,2082
[0,000] Ball=B004 X=287,0339 Y=146,4351 Vx=-129,8885 Vy=33,8539
[0,000] Ball=B003 X=52,9584 Y=284,1554 Vx=144,2850 Vy=-69,1274
[0,001] Ball=B001 X=231,1878 Y=224,8831 Vx=168,0085 Vy=42,3183
[0,001] Ball=B002 X=255,2249 Y=349,8892 Vx=74,4829 Vy=19,5664
[0,001] Ball=B007 X=124,4774 Y=308,1620 Vx=146,7915 Vy=61,7479
[0,000] Ball=B006 X=322,8597 Y=79,8332 Vx=113,2869 Vy=32,0405
[0,000] Ball=B005 X=308,5757 Y=188,3937 Vx=-107,7283 Vy=23,2082
[0,000] Ball=B004 X=284,9268 Y=146,9843 Vx=-129,8885 Vy=33,8539
[0,000] Ball=B003 X=55,2992 Y=283,0339 Vx=144,2850 Vy=-69,1274
[0,001] Ball=B002 X=256,5076 Y=350,2262 Vx=74,4829 Vy=19,5664
[0,001] Ball=B001 X=234,0812 Y=225,6119 Vx=168,0085 Vy=42,3183
[0,000] Ball=B006 X=324,7053 Y=80,3552 Vx=113,2869 Vy=32,0405
[0,000] Ball=B005 X=306,8204 Y=188,7718 Vx=-107,7283 Vy=23,2082
[0,000] Ball=B007 X=126,8677 Y=309,1675 Vx=146,7915 Vy=61,7479
[0,000] Ball=B003 X=57,6484 Y=281,9084 Vx=144,2850 Vy=-69,1274
[0,000] Ball=B004 X=282,8117 Y=147,5356 Vx=-129,8885 Vy=33,8539
[0,001] Ball=B002 X=257,5894 Y=350,5104 Vx=74,4829 Vy=19,5664
[0,000] Ball=B001 X=236,5216 Y=226,2266 Vx=168,0085 Vy=42,3183
[0,001] Ball=B007 X=129,2903 Y=310,1866 Vx=146,7915 Vy=61,7479
[0,001] Ball=B006 X=326,5742 Y=80,8838 Vx=113,2869 Vy=32,0405
[0,000] Ball=B005 X=305,0434 Y=189,1547 Vx=-107,7283 Vy=23,2082
[0,000] Ball=B004 X=280,6701 Y=148,0938 Vx=-129,8885 Vy=33,8539
[0,000] Ball=B003 X=60,0284 Y=280,7682 Vx=144,2850 Vy=-69,1274
[0,001] Ball=B002 X=258,8161 Y=350,8326 Vx=74,4829 Vy=19,5664
[0,000] Ball=B001 X=239,2891 Y=226,9237 Vx=168,0085 Vy=42,3183
[0,001] Ball=B007 X=131,6877 Y=311,1950 Vx=146,7915 Vy=61,7479
[0,001] Ball=B006 X=328,4243 Y=81,4070 Vx=113,2869 Vy=32,0405
[0,000] Ball=B005 X=303,2841 Y=189,5337 Vx=-107,7283 Vy=23,2082
[0,000] Ball=B004 X=278,5478 Y=148,6469 Vx=-129,8885 Vy=33,8539
[0,000] Ball=B003 X=62,3853 Y=279,6390 Vx=144,2850 Vy=-69,1274
[0,001] Ball=B002 X=260,0509 Y=351,1570 Vx=74,4829 Vy=19,5664
[0,000] Ball=B001 X=242,0743 Y=227,6252 Vx=168,0085 Vy=42,3183
[0,001] Ball=B007 X=133,8511 Y=312,1051 Vx=146,7915 Vy=61,7479
[0,000] Ball=B006 X=330,0949 Y=81,8795 Vx=113,2869 Vy=32,0405
[0,000] Ball=B005 X=301,6956 Y=189,8759 Vx=-107,7283 Vy=23,2082
[0,001] Ball=B003 X=64,5217 Y=278,6154 Vx=144,2850 Vy=-69,1274
[0,000] Ball=B004 X=276,6338 Y=149,1458 Vx=-129,8885 Vy=33,8539
[0,001] Ball=B002 X=261,1716 Y=351,4514 Vx=74,4829 Vy=19,5664
[0,002] Ball=B001 X=244,6052 Y=228,2627 Vx=168,0085 Vy=42,3183
[0,000] Ball=B007 X=136,3276 Y=313,1468 Vx=146,7915 Vy=61,7479
[0,000] Ball=B006 X=332,0052 Y=82,4198 Vx=113,2869 Vy=32,0405
[0,000] Ball=B003 X=66,9450 Y=277,4544 Vx=144,2850 Vy=-69,1274
[0,000] Ball=B004 X=274,4434 Y=149,7167 Vx=-129,8885 Vy=33,8539
[0,000] Ball=B005 X=299,8770 Y=190,2677 Vx=-107,7283 Vy=23,2082
[0,001] Ball=B002 X=262,3940 Y=351,7725 Vx=74,4829 Vy=19,5664
[0,001] Ball=B007 X=138,4673 Y=314,0469 Vx=146,7915 Vy=61,7479
[0,001] Ball=B001 X=247,3595 Y=228,9565 Vx=168,0085 Vy=42,3183
[0,000] Ball=B005 X=298,3059 Y=190,6061 Vx=-107,7283 Vy=23,2082
[0,000] Ball=B006 X=333,6600 Y=82,8878 Vx=113,2869 Vy=32,0405
[0,000] Ball=B003 X=69,0687 Y=276,4369 Vx=144,2850 Vy=-69,1274
[0,000] Ball=B004 X=272,5137 Y=150,2197 Vx=-129,8885 Vy=33,8539
[0,001] Ball=B001 X=249,8806 Y=229,5915 Vx=168,0085 Vy=42,3183
[0,001] Ball=B002 X=263,5119 Y=352,0662 Vx=74,4829 Vy=19,5664
[0,001] Ball=B007 X=140,8131 Y=315,0336 Vx=146,7915 Vy=61,7479
[0,000] Ball=B006 X=335,4670 Y=83,3989 Vx=113,2869 Vy=32,0405
[0,000] Ball=B005 X=296,5869 Y=190,9765 Vx=-107,7283 Vy=23,2082
[0,000] Ball=B004 X=270,4732 Y=150,7515 Vx=-129,8885 Vy=33,8539
[0,000] Ball=B003 X=71,3547 Y=275,3417 Vx=144,2850 Vy=-69,1274
[0,001] Ball=B001 X=252,7358 Y=230,3107 Vx=168,0085 Vy=42,3183
[0,001] Ball=B007 X=143,1645 Y=316,0228 Vx=146,7915 Vy=61,7479
[0,001] Ball=B002 X=264,7777 Y=352,3987 Vx=74,4829 Vy=19,5664
[0,001] Ball=B006 X=337,2829 Y=83,9125 Vx=113,2869 Vy=32,0405
[0,000] Ball=B005 X=294,8599 Y=191,3485 Vx=-107,7283 Vy=23,2082
[0,001] Ball=B004 X=268,3922 Y=151,2939 Vx=-129,8885 Vy=33,8539
[0,001] Ball=B003 X=73,6678 Y=274,2335 Vx=144,2850 Vy=-69,1274
[0,001] Ball=B001 X=255,2692 Y=230,9488 Vx=168,0085 Vy=42,3183
[0,001] Ball=B002 X=265,9007 Y=352,6937 Vx=74,4829 Vy=19,5664
[0,000] Ball=B007 X=145,6667 Y=317,0753 Vx=146,7915 Vy=61,7479
[0,001] Ball=B006 X=339,2124 Y=84,4582 Vx=113,2869 Vy=32,0405
[0,000] Ball=B005 X=293,0254 Y=191,7437 Vx=-107,7283 Vy=23,2082
[0,000] Ball=B003 X=76,1250 Y=273,0562 Vx=144,2850 Vy=-69,1274
[0,001] Ball=B004 X=266,1790 Y=151,8707 Vx=-129,8885 Vy=33,8539
[0,001] Ball=B002 X=267,1596 Y=353,0244 Vx=74,4829 Vy=19,5664
[0,001] Ball=B001 X=258,1100 Y=231,6643 Vx=168,0085 Vy=42,3183
[0,000] Ball=B007 X=147,8604 Y=317,9981 Vx=146,7915 Vy=61,7479
[0,000] Ball=B006 X=340,9061 Y=84,9372 Vx=113,2869 Vy=32,0405
[0,000] Ball=B003 X=78,2868 Y=272,0205 Vx=144,2850 Vy=-69,1274
[0,000] Ball=B005 X=291,4151 Y=192,0906 Vx=-107,7283 Vy=23,2082
[0,000] Ball=B004 X=264,2327 Y=152,3780 Vx=-129,8885 Vy=33,8539
[0,001] Ball=B001 X=260,6329 Y=232,2998 Vx=168,0085 Vy=42,3183
[0,001] Ball=B002 X=268,2787 Y=353,3184 Vx=74,4829 Vy=19,5664
[0,001] Ball=B007 X=150,3538 Y=319,0469 Vx=146,7915 Vy=61,7479
[0,000] Ball=B006 X=342,8299 Y=85,4813 Vx=113,2869 Vy=32,0405
[0,000] Ball=B004 X=262,0325 Y=152,9514 Vx=-129,8885 Vy=33,8539
[0,001] Ball=B005 X=289,5850 Y=192,4849 Vx=-107,7283 Vy=23,2082
[0,000] Ball=B003 X=80,7325 Y=270,8488 Vx=144,2850 Vy=-69,1274
[0,001] Ball=B001 X=263,3185 Y=232,9763 Vx=168,0085 Vy=42,3183
[0,001] Ball=B002 X=269,4693 Y=353,6312 Vx=74,4829 Vy=19,5664
[0,001] Ball=B007 X=152,5554 Y=319,9730 Vx=146,7915 Vy=61,7479
[0,000] Ball=B006 X=344,5289 Y=85,9618 Vx=113,2869 Vy=32,0405
[0,001] Ball=B005 X=287,9694 Y=192,8330 Vx=-107,7283 Vy=23,2082
[0,000] Ball=B004 X=260,0846 Y=153,4592 Vx=-129,8885 Vy=33,8539
[0,000] Ball=B003 X=82,8962 Y=269,8121 Vx=144,2850 Vy=-69,1274
[0,001] Ball=B002 X=270,7401 Y=353,9650 Vx=74,4829 Vy=19,5664
[0,001] Ball=B001 X=266,1860 Y=233,6986 Vx=168,0085 Vy=42,3183
[0,001] Ball=B007 X=154,9163 Y=320,9662 Vx=146,7915 Vy=61,7479
[0,001] Ball=B006 X=346,3518 Y=86,4774 Vx=113,2869 Vy=32,0405
[0,000] Ball=B005 X=286,2364 Y=193,2063 Vx=-107,7283 Vy=23,2082
[0,000] Ball=B004 X=257,9941 Y=154,0040 Vx=-129,8885 Vy=33,8539
[0,000] Ball=B003 X=85,2172 Y=268,7001 Vx=144,2850 Vy=-69,1274
[0,001] Ball=B001 X=268,8016 Y=234,3574 Vx=168,0085 Vy=42,3183
[0,001] Ball=B002 X=271,9001 Y=354,2698 Vx=74,4829 Vy=19,5664
[0,001] Ball=B006 X=348,3377 Y=87,0390 Vx=113,2869 Vy=32,0405
[0,001] Ball=B007 X=157,4911 Y=322,0492 Vx=146,7915 Vy=61,7479
[0,001] Ball=B005 X=284,3474 Y=193,6133 Vx=-107,7283 Vy=23,2082
[0,000] Ball=B004 X=255,7172 Y=154,5975 Vx=-129,8885 Vy=33,8539
[0,000] Ball=B003 X=87,7468 Y=267,4882 Vx=144,2850 Vy=-69,1274
[0,001] Ball=B001 X=271,6493 Y=235,0747 Vx=168,0085 Vy=42,3183
[0,001] Ball=B002 X=273,1626 Y=354,6014 Vx=74,4829 Vy=19,5664
[0,000] Ball=B005 X=282,7342 Y=193,9608 Vx=-107,7283 Vy=23,2082
[0,001] Ball=B007 X=159,6891 Y=322,9738 Vx=146,7915 Vy=61,7479
[0,001] Ball=B003 X=89,9086 Y=266,4525 Vx=144,2850 Vy=-69,1274
[0,001] Ball=B004 X=253,7710 Y=155,1047 Vx=-129,8885 Vy=33,8539
[0,000] Ball=B006 X=350,0354 Y=87,5192 Vx=113,2869 Vy=32,0405
[0,001] Ball=B001 X=274,2011 Y=235,7174 Vx=168,0085 Vy=42,3183
[0,001] Ball=B002 X=274,2936 Y=354,8985 Vx=74,4829 Vy=19,5664
[0,000] Ball=B007 X=162,0500 Y=323,9670 Vx=146,7915 Vy=61,7479
[0,000] Ball=B006 X=351,8564 Y=88,0342 Vx=113,2869 Vy=32,0405
[0,000] Ball=B005 X=281,0004 Y=194,3343 Vx=-107,7283 Vy=23,2082
[0,000] Ball=B004 X=251,6823 Y=155,6491 Vx=-129,8885 Vy=33,8539
[0,000] Ball=B003 X=92,2297 Y=265,3404 Vx=144,2850 Vy=-69,1274
[0,001] Ball=B002 X=275,5584 Y=355,2308 Vx=74,4829 Vy=19,5664
[0,001] Ball=B001 X=277,0538 Y=236,4360 Vx=168,0085 Vy=42,3183
[0,000] Ball=B007 X=164,4142 Y=324,9615 Vx=146,7915 Vy=61,7479
[0,000] Ball=B006 X=353,6811 Y=88,5503 Vx=113,2869 Vy=32,0405
[0,000] Ball=B005 X=279,2671 Y=194,7077 Vx=-107,7283 Vy=23,2082
[0,000] Ball=B004 X=249,5919 Y=156,1939 Vx=-129,8885 Vy=33,8539
[0,000] Ball=B003 X=94,5516 Y=264,2280 Vx=144,2850 Vy=-69,1274
[0,001] Ball=B002 X=276,7481 Y=355,5433 Vx=74,4829 Vy=19,5664
[0,001] Ball=B001 X=279,7378 Y=237,1120 Vx=168,0085 Vy=42,3183
[0,000] Ball=B007 X=166,7612 Y=325,9487 Vx=146,7915 Vy=61,7479
[0,000] Ball=B005 X=277,5447 Y=195,0788 Vx=-107,7283 Vy=23,2082
[0,001] Ball=B006 X=355,4935 Y=89,0629 Vx=113,2869 Vy=32,0405
[0,000] Ball=B004 X=247,5130 Y=156,7358 Vx=-129,8885 Vy=33,8539
[0,000] Ball=B003 X=96,8597 Y=263,1222 Vx=144,2850 Vy=-69,1274
[0,001] Ball=B002 X=277,8690 Y=355,8378 Vx=74,4829 Vy=19,5664
[0,001] Ball=B001 X=282,2660 Y=237,7488 Vx=168,0085 Vy=42,3183
[0,001] Ball=B007 X=169,1149 Y=326,9388 Vx=146,7915 Vy=61,7479
[0,001] Ball=B006 X=357,3092 Y=89,5764 Vx=113,2869 Vy=32,0405
[0,000] Ball=B005 X=275,8148 Y=195,4515 Vx=-107,7283 Vy=23,2082
[0,000] Ball=B004 X=245,4295 Y=157,2788 Vx=-129,8885 Vy=33,8539
[0,001] Ball=B003 X=99,1776 Y=262,0117 Vx=144,2850 Vy=-69,1274
[0,001] Ball=B002 X=279,1071 Y=356,1630 Vx=74,4829 Vy=19,5664
[0,001] Ball=B001 X=285,0587 Y=238,4522 Vx=168,0085 Vy=42,3183
[0,001] Ball=B005 X=274,1343 Y=195,8135 Vx=-107,7283 Vy=23,2082
[0,000] Ball=B004 X=243,4030 Y=157,8070 Vx=-129,8885 Vy=33,8539
[0,000] Ball=B006 X=359,0793 Y=90,0771 Vx=113,2869 Vy=32,0405
[0,000] Ball=B007 X=171,4071 Y=327,9030 Vx=146,7915 Vy=61,7479
[0,000] Ball=B003 X=101,4260 Y=260,9344 Vx=144,2850 Vy=-69,1274
[0,001] Ball=B002 X=280,2165 Y=356,4545 Vx=74,4829 Vy=19,5664
[0,000] Ball=B001 X=287,5619 Y=239,0827 Vx=168,0085 Vy=42,3183
[0,001] Ball=B007 X=173,7370 Y=328,8831 Vx=146,7915 Vy=61,7479
[0,000] Ball=B006 X=360,8761 Y=90,5852 Vx=113,2869 Vy=32,0405
[0,000] Ball=B005 X=272,4243 Y=196,1819 Vx=-107,7283 Vy=23,2082
[0,000] Ball=B004 X=241,3413 Y=158,3444 Vx=-129,8885 Vy=33,8539
[0,000] Ball=B003 X=103,7160 Y=259,8373 Vx=144,2850 Vy=-69,1274
[0,000] Ball=B001 X=290,2489 Y=239,7595 Vx=168,0085 Vy=42,3183
[0,002] Ball=B002 X=281,4079 Y=356,7674 Vx=74,4829 Vy=19,5664
[0,001] Ball=B007 X=176,1057 Y=329,8795 Vx=146,7915 Vy=61,7479
[0,001] Ball=B006 X=362,7046 Y=91,1024 Vx=113,2869 Vy=32,0405
[0,000] Ball=B005 X=270,6859 Y=196,5564 Vx=-107,7283 Vy=23,2082
[0,000] Ball=B003 X=106,0430 Y=258,7224 Vx=144,2850 Vy=-69,1274
[0,001] Ball=B004 X=239,2452 Y=158,8907 Vx=-129,8885 Vy=33,8539
[0,001] Ball=B002 X=282,6099 Y=357,0832 Vx=74,4829 Vy=19,5664
[0,001] Ball=B001 X=292,9617 Y=240,4429 Vx=168,0085 Vy=42,3183
[0,000] Ball=B006 X=364,5219 Y=91,6164 Vx=113,2869 Vy=32,0405
[0,000] Ball=B007 X=178,4618 Y=330,8705 Vx=146,7915 Vy=61,7479
[0,000] Ball=B005 X=268,9577 Y=196,9287 Vx=-107,7283 Vy=23,2082
[0,000] Ball=B003 X=108,3585 Y=257,6130 Vx=144,2850 Vy=-69,1274
[0,000] Ball=B004 X=237,1615 Y=159,4338 Vx=-129,8885 Vy=33,8539
[0,001] Ball=B001 X=295,8014 Y=241,1581 Vx=168,0085 Vy=42,3183
[0,001] Ball=B002 X=283,8699 Y=357,4142 Vx=74,4829 Vy=19,5664
[0,000] Ball=B007 X=180,7924 Y=331,8509 Vx=146,7915 Vy=61,7479
[0,000] Ball=B006 X=362,2002 Y=92,1254 Vx=-113,2869 Vy=32,0405
[0,000] Ball=B004 X=235,0983 Y=159,9715 Vx=-129,8885 Vy=33,8539
[0,000] Ball=B005 X=267,2462 Y=197,2974 Vx=-107,7283 Vy=23,2082
[0,000] Ball=B003 X=110,6505 Y=256,5149 Vx=144,2850 Vy=-69,1274
[0,001] Ball=B002 X=284,9848 Y=357,7071 Vx=74,4829 Vy=19,5664
[0,000] Ball=B001 X=298,3176 Y=241,7919 Vx=168,0085 Vy=42,3183
[0,001] Ball=B007 X=183,1488 Y=332,8422 Vx=146,7915 Vy=61,7479
[0,000] Ball=B005 X=265,5180 Y=197,6697 Vx=-107,7283 Vy=23,2082
[0,000] Ball=B004 X=233,0141 Y=160,5147 Vx=-129,8885 Vy=33,8539
[0,001] Ball=B006 X=360,3826 Y=92,6395 Vx=-113,2869 Vy=32,0405
[0,001] Ball=B003 X=112,9664 Y=255,4054 Vx=144,2850 Vy=-69,1274
[0,001] Ball=B002 X=286,1830 Y=358,0218 Vx=74,4829 Vy=19,5664
[0,000] Ball=B001 X=301,0194 Y=242,4725 Vx=168,0085 Vy=42,3183
[0,001] Ball=B007 X=185,6546 Y=333,8962 Vx=146,7915 Vy=61,7479
[0,000] Ball=B006 X=358,4480 Y=93,1866 Vx=-113,2869 Vy=32,0405
[0,000] Ball=B004 X=230,7967 Y=161,0927 Vx=-129,8885 Vy=33,8539
[0,000] Ball=B003 X=115,4295 Y=254,2253 Vx=144,2850 Vy=-69,1274
[0,001] Ball=B005 X=263,6792 Y=198,0659 Vx=-107,7283 Vy=23,2082
[0,001] Ball=B002 X=287,4211 Y=358,3471 Vx=74,4829 Vy=19,5664
[0,000] Ball=B001 X=303,8201 Y=243,1779 Vx=168,0085 Vy=42,3183
[0,000] Ball=B007 X=187,8536 Y=334,8212 Vx=146,7915 Vy=61,7479
[0,000] Ball=B006 X=356,7490 Y=93,6671 Vx=-113,2869 Vy=32,0405
[0,001] Ball=B005 X=262,0282 Y=198,4215 Vx=-107,7283 Vy=23,2082
[0,000] Ball=B004 X=228,7724 Y=161,6203 Vx=-129,8885 Vy=33,8539
[0,000] Ball=B003 X=117,6799 Y=253,1471 Vx=144,2850 Vy=-69,1274
[0,001] Ball=B002 X=288,6237 Y=358,6630 Vx=74,4829 Vy=19,5664
[0,001] Ball=B001 X=306,5263 Y=243,8595 Vx=168,0085 Vy=42,3183
[0,000] Ball=B007 X=190,1631 Y=335,7927 Vx=146,7915 Vy=61,7479
[0,000] Ball=B006 X=354,9674 Y=94,1710 Vx=-113,2869 Vy=32,0405
[0,000] Ball=B005 X=260,3610 Y=198,7807 Vx=-107,7283 Vy=23,2082
[0,001] Ball=B004 X=226,7969 Y=162,1352 Vx=-129,8885 Vy=33,8539
[0,000] Ball=B003 X=119,8838 Y=252,0912 Vx=144,2850 Vy=-69,1274
[0,001] Ball=B002 X=289,7411 Y=358,9565 Vx=74,4829 Vy=19,5664
[0,000] Ball=B001 X=309,0458 Y=244,4942 Vx=168,0085 Vy=42,3183
[0,001] Ball=B007 X=192,6728 Y=336,8484 Vx=146,7915 Vy=61,7479
[0,000] Ball=B006 X=353,0317 Y=94,7185 Vx=-113,2869 Vy=32,0405
[0,000] Ball=B005 X=258,5276 Y=199,1757 Vx=-107,7283 Vy=23,2082
[0,045] Ball=B003 X=122,3285 Y=250,9199 Vx=144,2850 Vy=-69,1274
[0,000] Ball=B004 X=224,5853 Y=162,7116 Vx=-129,8885 Vy=33,8539
[0,001] Ball=B001 X=311,7647 Y=245,1790 Vx=168,0085 Vy=42,3183
[0,001] Ball=B002 X=290,9470 Y=359,2733 Vx=74,4829 Vy=19,5664
[0,000] Ball=B006 X=351,3421 Y=95,1964 Vx=-113,2869 Vy=32,0405
[0,000] Ball=B007 X=194,8631 Y=337,7698 Vx=146,7915 Vy=61,7479
[0,000] Ball=B005 X=256,9206 Y=199,5219 Vx=-107,7283 Vy=23,2082
[0,000] Ball=B003 X=124,4802 Y=249,8891 Vx=144,2850 Vy=-69,1274
[0,000] Ball=B004 X=222,6482 Y=163,2165 Vx=-129,8885 Vy=33,8539
[0,001] Ball=B001 X=314,4508 Y=245,8556 Vx=168,0085 Vy=42,3183
[0,001] Ball=B002 X=292,1376 Y=359,5861 Vx=74,4829 Vy=19,5664
[0,000] Ball=B007 X=197,2301 Y=338,7655 Vx=146,7915 Vy=61,7479
[0,000] Ball=B006 X=349,5135 Y=95,7135 Vx=-113,2869 Vy=32,0405
[0,000] Ball=B004 X=220,5525 Y=163,7627 Vx=-129,8885 Vy=33,8539
[0,000] Ball=B005 X=255,1821 Y=199,8964 Vx=-107,7283 Vy=23,2082
[0,000] Ball=B003 X=126,8184 Y=248,7688 Vx=144,2850 Vy=-69,1274
[0,001] Ball=B002 X=293,3382 Y=359,9015 Vx=74,4829 Vy=19,5664
[0,000] Ball=B001 X=317,1592 Y=246,5378 Vx=168,0085 Vy=42,3183
[0,000] Ball=B007 X=199,5970 Y=339,7611 Vx=146,7915 Vy=61,7479
[0,001] Ball=B006 X=347,6878 Y=96,2299 Vx=-113,2869 Vy=32,0405
[0,000] Ball=B003 X=129,1347 Y=247,6591 Vx=144,2850 Vy=-69,1274
[0,000] Ball=B004 X=218,4576 Y=164,3087 Vx=-129,8885 Vy=33,8539
[0,000] Ball=B005 X=253,4448 Y=200,2707 Vx=-107,7283 Vy=23,2082
[0,001] Ball=B001 X=319,8669 Y=247,2198 Vx=168,0085 Vy=42,3183
[0,001] Ball=B002 X=294,5388 Y=360,2169 Vx=74,4829 Vy=19,5664
[0,000] Ball=B007 X=201,9783 Y=340,7628 Vx=146,7915 Vy=61,7479
[0,001] Ball=B006 X=345,8497 Y=96,7498 Vx=-113,2869 Vy=32,0405
[0,000] Ball=B005 X=251,6978 Y=200,6471 Vx=-107,7283 Vy=23,2082
[0,000] Ball=B004 X=216,3510 Y=164,8578 Vx=-129,8885 Vy=33,8539
[0,000] Ball=B003 X=131,4849 Y=246,5331 Vx=144,2850 Vy=-69,1274
[0,001] Ball=B002 X=295,7892 Y=360,5454 Vx=74,4829 Vy=19,5664
[0,000] Ball=B001 X=322,6893 Y=247,9307 Vx=168,0085 Vy=42,3183
[0,000] Ball=B007 X=204,2851 Y=341,7331 Vx=146,7915 Vy=61,7479
[0,000] Ball=B006 X=344,0642 Y=97,2548 Vx=-113,2869 Vy=32,0405
[0,000] Ball=B004 X=214,2956 Y=165,3935 Vx=-129,8885 Vy=33,8539
[0,000] Ball=B003 X=133,7646 Y=245,4409 Vx=144,2850 Vy=-69,1274
[0,001] Ball=B005 X=249,9927 Y=201,0144 Vx=-107,7283 Vy=23,2082
[0,001] Ball=B001 X=325,2394 Y=248,5730 Vx=168,0085 Vy=42,3183
[0,001] Ball=B002 X=296,9205 Y=360,8425 Vx=74,4829 Vy=19,5664
[0,001] Ball=B006 X=342,2211 Y=97,7760 Vx=-113,2869 Vy=32,0405
[0,000] Ball=B005 X=248,2476 Y=201,3903 Vx=-107,7283 Vy=23,2082
[0,000] Ball=B007 X=206,6815 Y=342,7412 Vx=146,7915 Vy=61,7479
[0,000] Ball=B004 X=212,1910 Y=165,9421 Vx=-129,8885 Vy=33,8539
[0,001] Ball=B003 X=136,0974 Y=244,3232 Vx=144,2850 Vy=-69,1274
[0,001] Ball=B001 X=328,1233 Y=249,2994 Vx=168,0085 Vy=42,3183
[0,001] Ball=B002 X=298,1990 Y=361,1784 Vx=74,4829 Vy=19,5664
[0,001] Ball=B007 X=209,0321 Y=343,7300 Vx=146,7915 Vy=61,7479
[0,000] Ball=B006 X=340,4058 Y=98,2894 Vx=-113,2869 Vy=32,0405
[0,001] Ball=B005 X=246,5211 Y=201,7623 Vx=-107,7283 Vy=23,2082
[0,000] Ball=B004 X=210,1075 Y=166,4851 Vx=-129,8885 Vy=33,8539
[0,000] Ball=B003 X=138,4113 Y=243,2146 Vx=144,2850 Vy=-69,1274
[0,001] Ball=B002 X=299,3567 Y=361,4825 Vx=74,4829 Vy=19,5664
[0,000] Ball=B001 X=330,7351 Y=249,9573 Vx=168,0085 Vy=42,3183
[0,001] Ball=B007 X=211,3152 Y=344,6903 Vx=146,7915 Vy=61,7479
[0,000] Ball=B006 X=338,6441 Y=98,7877 Vx=-113,2869 Vy=32,0405
[0,000] Ball=B005 X=244,8461 Y=202,1231 Vx=-107,7283 Vy=23,2082
[0,000] Ball=B004 X=208,0907 Y=167,0108 Vx=-129,8885 Vy=33,8539
[0,000] Ball=B003 X=140,6527 Y=242,1408 Vx=144,2850 Vy=-69,1274
[0,001] Ball=B001 X=333,4527 Y=250,6418 Vx=168,0085 Vy=42,3183
[0,001] Ball=B002 X=300,5612 Y=361,7990 Vx=74,4829 Vy=19,5664
[0,000] Ball=B007 X=213,6893 Y=345,6890 Vx=146,7915 Vy=61,7479
[0,001] Ball=B006 X=336,8120 Y=99,3059 Vx=-113,2869 Vy=32,0405
[0,000] Ball=B004 X=205,9898 Y=167,5583 Vx=-129,8885 Vy=33,8539
[0,000] Ball=B005 X=243,1035 Y=202,4985 Vx=-107,7283 Vy=23,2082
[0,000] Ball=B003 X=142,9859 Y=241,0229 Vx=144,2850 Vy=-69,1274
[0,001] Ball=B002 X=301,7550 Y=362,1126 Vx=74,4829 Vy=19,5664
[0,000] Ball=B001 X=336,1490 Y=251,3210 Vx=168,0085 Vy=42,3183
[0,000] Ball=B007 X=216,0446 Y=346,6798 Vx=146,7915 Vy=61,7479
[0,000] Ball=B005 X=241,3758 Y=202,8707 Vx=-107,7283 Vy=23,2082
[0,000] Ball=B004 X=203,8977 Y=168,1036 Vx=-129,8885 Vy=33,8539
[0,000] Ball=B006 X=334,9945 Y=99,8199 Vx=-113,2869 Vy=32,0405
[0,000] Ball=B003 X=145,3096 Y=239,9096 Vx=144,2850 Vy=-69,1274
[0,001] Ball=B001 X=338,7547 Y=251,9773 Vx=168,0085 Vy=42,3183
[0,001] Ball=B002 X=302,9122 Y=362,4166 Vx=74,4829 Vy=19,5664
[0,001] Ball=B007 X=218,3221 Y=347,6378 Vx=146,7915 Vy=61,7479
[0,000] Ball=B006 X=333,2365 Y=100,3171 Vx=-113,2869 Vy=32,0405
[0,000] Ball=B005 X=239,7034 Y=203,2310 Vx=-107,7283 Vy=23,2082
[0,000] Ball=B004 X=201,8867 Y=168,6277 Vx=-129,8885 Vy=33,8539
[0,000] Ball=B003 X=147,5492 Y=238,8366 Vx=144,2850 Vy=-69,1274
[0,001] Ball=B002 X=304,1031 Y=362,7294 Vx=74,4829 Vy=19,5664
[0,001] Ball=B001 X=341,4425 Y=252,6543 Vx=168,0085 Vy=42,3183
[0,000] Ball=B007 X=220,6699 Y=348,6254 Vx=146,7915 Vy=61,7479
[0,000] Ball=B006 X=331,4245 Y=100,8296 Vx=-113,2869 Vy=32,0405
[0,000] Ball=B005 X=237,9807 Y=203,6021 Vx=-107,7283 Vy=23,2082
[0,000] Ball=B004 X=199,8125 Y=169,1683 Vx=-129,8885 Vy=33,8539
[0,000] Ball=B003 X=149,8472 Y=237,7356 Vx=144,2850 Vy=-69,1274
[0,001] Ball=B002 X=305,2549 Y=363,0320 Vx=74,4829 Vy=19,5664
[0,000] Ball=B001 X=344,0399 Y=253,3085 Vx=168,0085 Vy=42,3183
[0,000] Ball=B007 X=223,0889 Y=349,6430 Vx=146,7915 Vy=61,7479
[0,000] Ball=B006 X=329,5581 Y=101,3574 Vx=-113,2869 Vy=32,0405
[0,001] Ball=B005 X=236,2056 Y=203,9846 Vx=-107,7283 Vy=23,2082
[0,000] Ball=B003 X=152,2244 Y=236,5967 Vx=144,2850 Vy=-69,1274
[0,000] Ball=B004 X=197,6720 Y=169,7263 Vx=-129,8885 Vy=33,8539
[0,001] Ball=B002 X=306,4495 Y=363,3458 Vx=74,4829 Vy=19,5664
[0,000] Ball=B001 X=346,7342 Y=253,9872 Vx=168,0085 Vy=42,3183
[0,000] Ball=B007 X=225,4379 Y=350,6311 Vx=146,7915 Vy=61,7479
[0,000] Ball=B006 X=327,7454 Y=101,8701 Vx=-113,2869 Vy=32,0405
[0,001] Ball=B004 X=195,5939 Y=170,2679 Vx=-129,8885 Vy=33,8539
[0,000] Ball=B003 X=154,5334 Y=235,4905 Vx=144,2850 Vy=-69,1274
[0,000] Ball=B005 X=234,4802 Y=204,3563 Vx=-107,7283 Vy=23,2082
[0,001] Ball=B002 X=307,7158 Y=363,6785 Vx=74,4829 Vy=19,5664
[0,000] Ball=B001 X=349,5910 Y=254,7068 Vx=168,0085 Vy=42,3183
[0,000] Ball=B007 X=227,7895 Y=351,6203 Vx=146,7915 Vy=61,7479
[0,000] Ball=B006 X=325,9300 Y=102,3836 Vx=-113,2869 Vy=32,0405
[0,000] Ball=B005 X=232,7552 Y=204,7279 Vx=-107,7283 Vy=23,2082
[0,000] Ball=B004 X=193,5127 Y=170,8103 Vx=-129,8885 Vy=33,8539
[0,000] Ball=B003 X=156,8455 Y=234,3828 Vx=144,2850 Vy=-69,1274
[0,001] Ball=B002 X=308,8438 Y=363,9748 Vx=74,4829 Vy=19,5664
[0,001] Ball=B001 X=352,1351 Y=255,3476 Vx=168,0085 Vy=42,3183
[0,001] Ball=B007 X=230,2755 Y=352,6660 Vx=146,7915 Vy=61,7479
[0,001] Ball=B006 X=324,0116 Y=102,9261 Vx=-113,2869 Vy=32,0405
[0,000] Ball=B005 X=230,9309 Y=205,1209 Vx=-107,7283 Vy=23,2082
[0,001] Ball=B004 X=191,3056 Y=171,3856 Vx=-129,8885 Vy=33,8539
[0,000] Ball=B003 X=159,2970 Y=233,2082 Vx=144,2850 Vy=-69,1274
[0,001] Ball=B002 X=310,0346 Y=364,2876 Vx=74,4829 Vy=19,5664
[0,001] Ball=B001 X=354,8218 Y=256,0243 Vx=168,0085 Vy=42,3183
[0,001] Ball=B007 X=232,5064 Y=353,6044 Vx=146,7915 Vy=61,7479
[0,000] Ball=B005 X=229,2865 Y=205,4752 Vx=-107,7283 Vy=23,2082
[0,000] Ball=B004 X=189,3294 Y=171,9007 Vx=-129,8885 Vy=33,8539
[0,000] Ball=B003 X=161,4930 Y=232,1561 Vx=144,2850 Vy=-69,1274
[0,000] Ball=B006 X=322,2874 Y=103,4138 Vx=-113,2869 Vy=32,0405
[0,000] Ball=B001 X=357,6788 Y=256,7439 Vx=168,0085 Vy=42,3183
[0,001] Ball=B002 X=311,3017 Y=364,6204 Vx=74,4829 Vy=19,5664
[0,000] Ball=B006 X=320,4763 Y=103,9260 Vx=-113,2869 Vy=32,0405
[0,000] Ball=B007 X=234,8613 Y=354,5950 Vx=146,7915 Vy=61,7479
[0,000] Ball=B005 X=227,5665 Y=205,8457 Vx=-107,7283 Vy=23,2082
[0,001] Ball=B004 X=187,2555 Y=172,4412 Vx=-129,8885 Vy=33,8539
[0,001] Ball=B003 X=163,8095 Y=231,0463 Vx=144,2850 Vy=-69,1274
[0,001] Ball=B002 X=312,4245 Y=364,9154 Vx=74,4829 Vy=19,5664
[0,000] Ball=B001 X=360,2311 Y=257,3868 Vx=168,0085 Vy=42,3183
[0,000] Ball=B007 X=237,3505 Y=355,6421 Vx=146,7915 Vy=61,7479
[0,001] Ball=B006 X=318,5514 Y=104,4704 Vx=-113,2869 Vy=32,0405
[0,001] Ball=B004 X=185,0522 Y=173,0155 Vx=-129,8885 Vy=33,8539
[0,001] Ball=B005 X=225,7381 Y=206,2396 Vx=-107,7283 Vy=23,2082
[0,000] Ball=B003 X=166,2530 Y=229,8756 Vx=144,2850 Vy=-69,1274
[0,001] Ball=B001 X=362,9983 Y=258,0838 Vx=168,0085 Vy=42,3183
[0,001] Ball=B002 X=313,6602 Y=365,2400 Vx=74,4829 Vy=19,5664
[0,000] Ball=B007 X=239,5039 Y=356,5479 Vx=146,7915 Vy=61,7479
[0,000] Ball=B006 X=316,8894 Y=104,9405 Vx=-113,2869 Vy=32,0405
[0,000] Ball=B005 X=224,1579 Y=206,5800 Vx=-107,7283 Vy=23,2082
[0,000] Ball=B004 X=183,1464 Y=173,5122 Vx=-129,8885 Vy=33,8539
[0,000] Ball=B003 X=168,3697 Y=228,8615 Vx=144,2850 Vy=-69,1274
[0,001] Ball=B007 X=241,8119 Y=357,5188 Vx=146,7915 Vy=61,7479
[0,001] Ball=B001 X=365,6408 Y=258,7494 Vx=168,0085 Vy=42,3183
[0,001] Ball=B002 X=314,8313 Y=365,5477 Vx=74,4829 Vy=19,5664
[0,000] Ball=B006 X=315,1084 Y=105,4442 Vx=-113,2869 Vy=32,0405
[0,000] Ball=B005 X=222,4650 Y=206,9447 Vx=-107,7283 Vy=23,2082
[0,000] Ball=B004 X=181,1027 Y=174,0448 Vx=-129,8885 Vy=33,8539
[0,000] Ball=B003 X=170,6304 Y=227,7783 Vx=144,2850 Vy=-69,1274
[0,000] Ball=B001 X=368,1966 Y=259,3932 Vx=168,0085 Vy=42,3183
[0,001] Ball=B002 X=315,9645 Y=365,8453 Vx=74,4829 Vy=19,5664
[0,000] Ball=B006 X=313,1595 Y=105,9954 Vx=-113,2869 Vy=32,0405
[0,000] Ball=B005 X=220,6121 Y=207,3439 Vx=-107,7283 Vy=23,2082
[0,001] Ball=B007 X=244,3371 Y=358,5810 Vx=146,7915 Vy=61,7479
[0,000] Ball=B004 X=178,8603 Y=174,6293 Vx=-129,8885 Vy=33,8539
[0,000] Ball=B003 X=173,1219 Y=226,5847 Vx=144,2850 Vy=-69,1274
[0,001] Ball=B001 X=370,9972 Y=260,0986 Vx=168,0085 Vy=42,3183
[0,001] Ball=B002 X=317,2060 Y=366,1715 Vx=74,4829 Vy=19,5664
[0,000] Ball=B007 X=246,4924 Y=359,4876 Vx=146,7915 Vy=61,7479
[0,000] Ball=B006 X=311,4962 Y=106,4658 Vx=-113,2869 Vy=32,0405
[0,000] Ball=B005 X=219,0226 Y=207,6863 Vx=-107,7283 Vy=23,2082
[0,000] Ball=B004 X=176,9551 Y=175,1259 Vx=-129,8885 Vy=33,8539
[0,000] Ball=B003 X=175,2400 Y=225,5699 Vx=144,2850 Vy=-69,1274
[0,001] Ball=B002 X=318,3975 Y=365,6870 Vx=74,4829 Vy=-19,5664
[0,001] Ball=B007 X=248,8405 Y=360,4754 Vx=146,7915 Vy=61,7479
[0,000] Ball=B006 X=309,6837 Y=106,9785 Vx=-113,2869 Vy=32,0405
[0,000] Ball=B005 X=217,3063 Y=208,0561 Vx=-107,7283 Vy=23,2082
[0,000] Ball=B004 X=174,8856 Y=175,6653 Vx=-129,8885 Vy=33,8539
[0,000] Ball=B003 X=177,5371 Y=224,4693 Vx=144,2850 Vy=-69,1274
[0,000] Ball=B001 X=373,7089 Y=260,7816 Vx=168,0085 Vy=42,3183
[0,001] Ball=B002 X=319,5966 Y=365,3720 Vx=74,4829 Vy=-19,5664
[0,001] Ball=B001 X=376,3906 Y=261,4571 Vx=168,0085 Vy=42,3183
[0,001] Ball=B007 X=251,3328 Y=361,5238 Vx=146,7915 Vy=61,7479
[0,001] Ball=B006 X=307,7613 Y=107,5222 Vx=-113,2869 Vy=32,0405
[0,001] Ball=B005 X=215,4775 Y=208,4501 Vx=-107,7283 Vy=23,2082
[0,000] Ball=B003 X=179,9883 Y=223,2950 Vx=144,2850 Vy=-69,1274
[0,000] Ball=B004 X=172,6699 Y=176,2427 Vx=-129,8885 Vy=33,8539
[0,001] Ball=B002 X=320,7777 Y=365,0617 Vx=74,4829 Vy=-19,5664
[0,001] Ball=B001 X=373,3358 Y=262,1282 Vx=-168,0085 Vy=42,3183
[0,001] Ball=B007 X=253,5321 Y=362,4489 Vx=146,7915 Vy=61,7479
[0,000] Ball=B005 X=213,8642 Y=208,7976 Vx=-107,7283 Vy=23,2082
[0,000] Ball=B006 X=306,0632 Y=108,0024 Vx=-113,2869 Vy=32,0405
[0,001] Ball=B004 X=170,7278 Y=176,7489 Vx=-129,8885 Vy=33,8539
[0,000] Ball=B003 X=182,1554 Y=222,2567 Vx=144,2850 Vy=-69,1274
[0,001] Ball=B002 X=321,9685 Y=364,7489 Vx=74,4829 Vy=-19,5664
[0,001] Ball=B007 X=255,8793 Y=363,4362 Vx=146,7915 Vy=61,7479
[0,000] Ball=B001 X=370,6464 Y=262,8056 Vx=-168,0085 Vy=42,3183
[0,000] Ball=B006 X=304,2437 Y=108,5170 Vx=-113,2869 Vy=32,0405
[0,001] Ball=B005 X=212,1338 Y=209,1704 Vx=-107,7283 Vy=23,2082
[0,000] Ball=B004 X=168,6470 Y=177,2913 Vx=-129,8885 Vy=33,8539
[0,001] Ball=B003 X=184,4675 Y=221,1490 Vx=144,2850 Vy=-69,1274
[0,001] Ball=B002 X=323,1299 Y=364,4438 Vx=74,4829 Vy=-19,5664
[0,001] Ball=B001 X=368,0310 Y=263,4643 Vx=-168,0085 Vy=42,3183
[0,001] Ball=B007 X=258,4573 Y=364,5207 Vx=146,7915 Vy=61,7479
[0,001] Ball=B006 X=302,2625 Y=109,0774 Vx=-113,2869 Vy=32,0405
[0,000] Ball=B005 X=210,2492 Y=209,5764 Vx=-107,7283 Vy=23,2082
[0,000] Ball=B004 X=166,3767 Y=177,8830 Vx=-129,8885 Vy=33,8539
[0,000] Ball=B003 X=186,9905 Y=219,9402 Vx=144,2850 Vy=-69,1274
[0,001] Ball=B001 X=365,2458 Y=264,1659 Vx=-168,0085 Vy=42,3183
[0,001] Ball=B002 X=324,3649 Y=364,1194 Vx=74,4829 Vy=-19,5664
[0,001] Ball=B007 X=260,6004 Y=363,0985 Vx=146,7915 Vy=-61,7479
[0,000] Ball=B006 X=300,6079 Y=109,5453 Vx=-113,2869 Vy=32,0405
[0,000] Ball=B004 X=164,4809 Y=178,3771 Vx=-129,8885 Vy=33,8539
[0,000] Ball=B003 X=182,8052 Y=221,7346 Vx=-176,2168 Vy=73,6836
[0,000] Ball=B005 X=212,7547 Y=208,0979 Vx=60,9569 Vy=-51,9556
[0,001] Ball=B002 X=325,7266 Y=363,7617 Vx=74,4829 Vy=-19,5664
[0,001] Ball=B001 X=362,1732 Y=264,9398 Vx=-168,0085 Vy=42,3183
[0,001] Ball=B007 X=263,2855 Y=361,9691 Vx=146,7915 Vy=-61,7479
[0,000] Ball=B006 X=298,5357 Y=110,1314 Vx=-113,2869 Vy=32,0405
[0,000] Ball=B005 X=213,8695 Y=207,1477 Vx=60,9569 Vy=-51,9556
[0,000] Ball=B004 X=162,1032 Y=178,9968 Vx=-129,8885 Vy=33,8539
[0,000] Ball=B003 X=179,5771 Y=223,0844 Vx=-176,2168 Vy=73,6836
[0,001] Ball=B002 X=326,7878 Y=363,4829 Vx=74,4829 Vy=-19,5664
[0,001] Ball=B001 X=359,7799 Y=265,5427 Vx=-168,0085 Vy=42,3183
[0,001] Ball=B007 X=265,3766 Y=361,0894 Vx=146,7915 Vy=-61,7479
[0,000] Ball=B006 X=296,9219 Y=110,5878 Vx=-113,2869 Vy=32,0405
[0,000] Ball=B004 X=160,2543 Y=179,4787 Vx=-129,8885 Vy=33,8539
[0,000] Ball=B003 X=177,0711 Y=224,1322 Vx=-176,2168 Vy=73,6836
[0,000] Ball=B005 X=214,7380 Y=206,4075 Vx=60,9569 Vy=-51,9556
[0,001] Ball=B002 X=327,9082 Y=363,1886 Vx=74,4829 Vy=-19,5664
[0,001] Ball=B001 X=357,2529 Y=266,1791 Vx=-168,0085 Vy=42,3183
[0,000] Ball=B007 X=267,8678 Y=360,0415 Vx=146,7915 Vy=-61,7479
[0,000] Ball=B006 X=295,0001 Y=111,1314 Vx=-113,2869 Vy=32,0405
[0,000] Ball=B003 X=174,0813 Y=225,3824 Vx=-176,2168 Vy=73,6836
[0,000] Ball=B004 X=158,0505 Y=180,0531 Vx=-129,8885 Vy=33,8539
[0,001] Ball=B005 X=215,7723 Y=205,5259 Vx=60,9569 Vy=-51,9556
[0,001] Ball=B002 X=329,1704 Y=362,8570 Vx=74,4829 Vy=-19,5664
[0,001] Ball=B001 X=354,4058 Y=266,8963 Vx=-168,0085 Vy=42,3183
[0,000] Ball=B005 X=216,6872 Y=204,7461 Vx=60,9569 Vy=-51,9556
[0,000] Ball=B003 X=171,4361 Y=226,4884 Vx=-176,2168 Vy=73,6836
[0,001] Ball=B006 X=293,2985 Y=111,6126 Vx=-113,2869 Vy=32,0405
[0,001] Ball=B004 X=156,0999 Y=180,5615 Vx=-129,8885 Vy=33,8539
[0,000] Ball=B007 X=270,0741 Y=359,1134 Vx=146,7915 Vy=-61,7479
[0,001] Ball=B002 X=330,3277 Y=362,5530 Vx=74,4829 Vy=-19,5664
[0,001] Ball=B007 X=272,3528 Y=358,1549 Vx=146,7915 Vy=-61,7479
[0,001] Ball=B001 X=351,7934 Y=267,5543 Vx=-168,0085 Vy=42,3183
[0,001] Ball=B006 X=291,5383 Y=112,1104 Vx=-113,2869 Vy=32,0405
[0,000] Ball=B005 X=217,6349 Y=203,9384 Vx=60,9569 Vy=-51,9556
[0,001] Ball=B004 X=154,0804 Y=181,0879 Vx=-129,8885 Vy=33,8539
[0,000] Ball=B003 X=168,6947 Y=227,6347 Vx=-176,2168 Vy=73,6836
[0,001] Ball=B001 X=349,1841 Y=268,2115 Vx=-168,0085 Vy=42,3183
[0,001] Ball=B002 X=331,4857 Y=362,2488 Vx=74,4829 Vy=-19,5664
[0,000] Ball=B007 X=274,7781 Y=357,1347 Vx=146,7915 Vy=-61,7479
[0,001] Ball=B006 X=289,6665 Y=112,6399 Vx=-113,2869 Vy=32,0405
[0,000] Ball=B004 X=151,9358 Y=181,6468 Vx=-129,8885 Vy=33,8539
[0,000] Ball=B005 X=218,6418 Y=203,0802 Vx=60,9569 Vy=-51,9556
[0,000] Ball=B003 X=165,7844 Y=228,8517 Vx=-176,2168 Vy=73,6836
[0,001] Ball=B002 X=332,7509 Y=361,9164 Vx=74,4829 Vy=-19,5664
[0,000] Ball=B001 X=346,3291 Y=268,9306 Vx=-168,0085 Vy=42,3183
[0,001] Ball=B007 X=277,1289 Y=356,1458 Vx=146,7915 Vy=-61,7479
[0,000] Ball=B005 X=219,6175 Y=202,2485 Vx=60,9569 Vy=-51,9556
[0,001] Ball=B006 X=287,8526 Y=113,1529 Vx=-113,2869 Vy=32,0405
[0,000] Ball=B003 X=162,9648 Y=230,0306 Vx=-176,2168 Vy=73,6836
[0,001] Ball=B004 X=149,8557 Y=182,1890 Vx=-129,8885 Vy=33,8539
[0,001] Ball=B002 X=333,8757 Y=361,6209 Vx=74,4829 Vy=-19,5664
[0,001] Ball=B001 X=343,7922 Y=269,5697 Vx=-168,0085 Vy=42,3183
[0,000] Ball=B007 X=279,4910 Y=355,1522 Vx=146,7915 Vy=-61,7479
[0,000] Ball=B006 X=286,0298 Y=113,6684 Vx=-113,2869 Vy=32,0405
[0,000] Ball=B004 X=147,7659 Y=182,7337 Vx=-129,8885 Vy=33,8539
[0,000] Ball=B003 X=160,1281 Y=231,2168 Vx=-176,2168 Vy=73,6836
[0,001] Ball=B005 X=220,5990 Y=201,4120 Vx=60,9569 Vy=-51,9556
[0,001] Ball=B001 X=340,9875 Y=270,2761 Vx=-168,0085 Vy=42,3183
[0,001] Ball=B002 X=335,1191 Y=361,2943 Vx=74,4829 Vy=-19,5664
[0,001] Ball=B007 X=281,7958 Y=354,1827 Vx=146,7915 Vy=-61,7479
[0,001] Ball=B006 X=284,2505 Y=114,1716 Vx=-113,2869 Vy=32,0405
[0,000] Ball=B004 X=145,7260 Y=183,2654 Vx=-129,8885 Vy=33,8539
[0,000] Ball=B003 X=157,3606 Y=232,3740 Vx=-176,2168 Vy=73,6836
[0,000] Ball=B005 X=221,5563 Y=200,5960 Vx=60,9569 Vy=-51,9556
[0,001] Ball=B002 X=336,3084 Y=360,9819 Vx=74,4829 Vy=-19,5664
[0,001] Ball=B001 X=338,3048 Y=270,9518 Vx=-168,0085 Vy=42,3183
[0,001] Ball=B007 X=284,1398 Y=353,1967 Vx=146,7915 Vy=-61,7479
[0,000] Ball=B006 X=282,4411 Y=114,6834 Vx=-113,2869 Vy=32,0405
[0,000] Ball=B004 X=143,6511 Y=183,8062 Vx=-129,8885 Vy=33,8539
[0,001] Ball=B005 X=222,5298 Y=199,7663 Vx=60,9569 Vy=-51,9556
[0,000] Ball=B003 X=154,5456 Y=233,5511 Vx=-176,2168 Vy=73,6836
[0,001] Ball=B002 X=337,4243 Y=360,6887 Vx=74,4829 Vy=-19,5664
[0,001] Ball=B001 X=335,7865 Y=271,5862 Vx=-168,0085 Vy=42,3183
[0,000] Ball=B007 X=286,6340 Y=352,1475 Vx=146,7915 Vy=-61,7479
[0,000] Ball=B006 X=280,5172 Y=115,2275 Vx=-113,2869 Vy=32,0405
[0,000] Ball=B004 X=141,4450 Y=184,3811 Vx=-129,8885 Vy=33,8539
[0,001] Ball=B005 X=223,5651 Y=198,8839 Vx=60,9569 Vy=-51,9556
[0,000] Ball=B003 X=151,5529 Y=234,8025 Vx=-176,2168 Vy=73,6836
[0,000] Ball=B002 X=338,6245 Y=360,3734 Vx=74,4829 Vy=-19,5664
[0,000] Ball=B001 X=333,0804 Y=272,2678 Vx=-168,0085 Vy=42,3183
[0,000] Ball=B007 X=288,8316 Y=351,2230 Vx=146,7915 Vy=-61,7479
[0,000] Ball=B006 X=278,8210 Y=115,7073 Vx=-113,2869 Vy=32,0405
[0,000] Ball=B005 X=224,4775 Y=198,1062 Vx=60,9569 Vy=-51,9556
[0,000] Ball=B004 X=139,5000 Y=184,8881 Vx=-129,8885 Vy=33,8539
[0,000] Ball=B003 X=148,9128 Y=235,9064 Vx=-176,2168 Vy=73,6836
[0,001] Ball=B002 X=339,8900 Y=360,0410 Vx=74,4829 Vy=-19,5664
[0,000] Ball=B001 X=330,2257 Y=272,9868 Vx=-168,0085 Vy=42,3183
[0,001] Ball=B007 X=291,1985 Y=350,2274 Vx=146,7915 Vy=-61,7479
[0,000] Ball=B005 X=225,4603 Y=197,2685 Vx=60,9569 Vy=-51,9556
[0,000] Ball=B004 X=137,4066 Y=185,4337 Vx=-129,8885 Vy=33,8539
[0,000] Ball=B003 X=146,0742 Y=237,0933 Vx=-176,2168 Vy=73,6836
[0,001] Ball=B006 X=276,9939 Y=116,2240 Vx=-113,2869 Vy=32,0405
[0,001] Ball=B002 X=341,0465 Y=359,7372 Vx=74,4829 Vy=-19,5664
[0,000] Ball=B001 X=327,6174 Y=273,6438 Vx=-168,0085 Vy=42,3183
[0,001] Ball=B007 X=293,4775 Y=349,2687 Vx=146,7915 Vy=-61,7479
[0,001] Ball=B006 X=275,2348 Y=116,7215 Vx=-113,2869 Vy=32,0405
[0,000] Ball=B004 X=135,3891 Y=185,9596 Vx=-129,8885 Vy=33,8539
[0,001] Ball=B005 X=226,4073 Y=196,4614 Vx=60,9569 Vy=-51,9556
[0,000] Ball=B003 X=143,3369 Y=238,2379 Vx=-176,2168 Vy=73,6836
[0,001] Ball=B002 X=342,2276 Y=359,4269 Vx=74,4829 Vy=-19,5664
[0,001] Ball=B001 X=324,9518 Y=274,3152 Vx=-168,0085 Vy=42,3183
[0,000] Ball=B007 X=295,8056 Y=348,2894 Vx=146,7915 Vy=-61,7479
[0,000] Ball=B006 X=273,4383 Y=117,2296 Vx=-113,2869 Vy=32,0405
[0,000] Ball=B005 X=227,3741 Y=195,6374 Vx=60,9569 Vy=-51,9556
[0,000] Ball=B004 X=133,3286 Y=186,4966 Vx=-129,8885 Vy=33,8539
[0,000] Ball=B003 X=140,5289 Y=239,4120 Vx=-176,2168 Vy=73,6836
[0,001] Ball=B002 X=343,3916 Y=359,1211 Vx=74,4829 Vy=-19,5664
[0,001] Ball=B001 X=322,3275 Y=274,9762 Vx=-168,0085 Vy=42,3183
[0,001] Ball=B007 X=298,3862 Y=347,2039 Vx=146,7915 Vy=-61,7479
[0,000] Ball=B006 X=271,4474 Y=117,7927 Vx=-113,2869 Vy=32,0405
[0,001] Ball=B005 X=228,4449 Y=194,7246 Vx=60,9569 Vy=-51,9556
[0,000] Ball=B004 X=131,0460 Y=187,0915 Vx=-129,8885 Vy=33,8539
[0,000] Ball=B003 X=137,4440 Y=240,7020 Vx=-176,2168 Vy=73,6836
[0,001] Ball=B002 X=344,5827 Y=358,8082 Vx=74,4829 Vy=-19,5664
[0,001] Ball=B001 X=319,6396 Y=275,6533 Vx=-168,0085 Vy=42,3183
[0,001] Ball=B007 X=300,6656 Y=346,2451 Vx=146,7915 Vy=-61,7479
[0,000] Ball=B006 X=269,6884 Y=118,2902 Vx=-113,2869 Vy=32,0405
[0,001] Ball=B005 X=229,3919 Y=193,9175 Vx=60,9569 Vy=-51,9556
[0,000] Ball=B003 X=134,7081 Y=241,8460 Vx=-176,2168 Vy=73,6836
[0,000] Ball=B004 X=129,0283 Y=187,6174 Vx=-129,8885 Vy=33,8539
[0,001] Ball=B001 X=316,8595 Y=276,3535 Vx=-168,0085 Vy=42,3183
[0,001] Ball=B002 X=345,8158 Y=358,4843 Vx=74,4829 Vy=-19,5664
[0,000] Ball=B007 X=302,8766 Y=345,3150 Vx=146,7915 Vy=-61,7479
[0,000] Ball=B005 X=230,3097 Y=193,1352 Vx=60,9569 Vy=-51,9556
[0,000] Ball=B003 X=132,0555 Y=242,9551 Vx=-176,2168 Vy=73,6836
[0,000] Ball=B004 X=127,0734 Y=188,1270 Vx=-129,8885 Vy=33,8539
[0,000] Ball=B006 X=267,9813 Y=118,7730 Vx=-113,2869 Vy=32,0405
[0,001] Ball=B001 X=314,2572 Y=277,0090 Vx=-168,0085 Vy=42,3183
[0,001] Ball=B002 X=346,9695 Y=358,1812 Vx=74,4829 Vy=-19,5664
[0,001] Ball=B007 X=305,2962 Y=344,2972 Vx=146,7915 Vy=-61,7479
[0,000] Ball=B006 X=266,1143 Y=119,3010 Vx=-113,2869 Vy=32,0405
[0,000] Ball=B005 X=231,3148 Y=192,2786 Vx=60,9569 Vy=-51,9556
[0,000] Ball=B004 X=124,9313 Y=188,6853 Vx=-129,8885 Vy=33,8539
[0,000] Ball=B003 X=129,1492 Y=244,1704 Vx=-176,2168 Vy=73,6836
[0,001] Ball=B001 X=311,5662 Y=277,6868 Vx=-168,0085 Vy=42,3183
[0,001] Ball=B002 X=348,1625 Y=357,8678 Vx=74,4829 Vy=-19,5664
[0,001] Ball=B007 X=307,7909 Y=343,2478 Vx=146,7915 Vy=-61,7479
[0,001] Ball=B006 X=264,1885 Y=119,8457 Vx=-113,2869 Vy=32,0405
[0,000] Ball=B004 X=122,7242 Y=189,2605 Vx=-129,8885 Vy=33,8539
[0,000] Ball=B003 X=126,1545 Y=245,4226 Vx=-176,2168 Vy=73,6836
[0,000] Ball=B005 X=232,3511 Y=191,3953 Vx=60,9569 Vy=-51,9556
[0,001] Ball=B002 X=349,4052 Y=357,5414 Vx=74,4829 Vy=-19,5664
[0,000] Ball=B001 X=308,7625 Y=278,3930 Vx=-168,0085 Vy=42,3183
[0,000] Ball=B007 X=309,9508 Y=342,3393 Vx=146,7915 Vy=-61,7479
[0,000] Ball=B006 X=262,5218 Y=120,3171 Vx=-113,2869 Vy=32,0405
[0,000] Ball=B005 X=233,2475 Y=190,6312 Vx=60,9569 Vy=-51,9556
[0,000] Ball=B004 X=120,8134 Y=189,7586 Vx=-129,8885 Vy=33,8539
[0,000] Ball=B003 X=123,5625 Y=246,5064 Vx=-176,2168 Vy=73,6836
[0,001] Ball=B001 X=306,1421 Y=279,0530 Vx=-168,0085 Vy=42,3183
[0,001] Ball=B002 X=350,5671 Y=357,2361 Vx=74,4829 Vy=-19,5664
[0,001] Ball=B007 X=312,5240 Y=341,2569 Vx=146,7915 Vy=-61,7479
[0,001] Ball=B006 X=260,5359 Y=120,8788 Vx=-113,2869 Vy=32,0405
[0,000] Ball=B005 X=234,3165 Y=189,7201 Vx=60,9569 Vy=-51,9556
[0,000] Ball=B003 X=120,4721 Y=247,7986 Vx=-176,2168 Vy=73,6836
[0,000] Ball=B004 X=118,5350 Y=190,3524 Vx=-129,8885 Vy=33,8539
[0,001] Ball=B007 X=314,7269 Y=340,3302 Vx=146,7915 Vy=-61,7479
[0,001] Ball=B001 X=303,2946 Y=279,7703 Vx=-168,0085 Vy=42,3183
[0,001] Ball=B002 X=351,8288 Y=356,9047 Vx=74,4829 Vy=-19,5664
[0,000] Ball=B006 X=258,8360 Y=121,3595 Vx=-113,2869 Vy=32,0405
[0,000] Ball=B005 X=235,2313 Y=188,9404 Vx=60,9569 Vy=-51,9556
[0,000] Ball=B004 X=116,5860 Y=190,8604 Vx=-129,8885 Vy=33,8539
[0,000] Ball=B003 X=117,8266 Y=248,9048 Vx=-176,2168 Vy=73,6836
[0,001] Ball=B002 X=352,9876 Y=356,6003 Vx=74,4829 Vy=-19,5664
[0,001] Ball=B001 X=300,6816 Y=280,4284 Vx=-168,0085 Vy=42,3183
[0,001] Ball=B007 X=317,0107 Y=339,3695 Vx=146,7915 Vy=-61,7479
[0,000] Ball=B006 X=257,0732 Y=121,8581 Vx=-113,2869 Vy=32,0405
[0,000] Ball=B005 X=236,1798 Y=188,1319 Vx=60,9569 Vy=-51,9556
[0,000] Ball=B004 X=114,5648 Y=191,3872 Vx=-129,8885 Vy=33,8539
[0,000] Ball=B003 X=115,0841 Y=250,0516 Vx=-176,2168 Vy=73,6836
[0,001] Ball=B002 X=354,1785 Y=356,2874 Vx=74,4829 Vy=-19,5664
[0,001] Ball=B001 X=297,9955 Y=281,1050 Vx=-168,0085 Vy=42,3183
[0,001] Ball=B007 X=319,3587 Y=338,3818 Vx=146,7915 Vy=-61,7479
[0,001] Ball=B006 X=255,2616 Y=122,3705 Vx=-113,2869 Vy=32,0405
[0,000] Ball=B004 X=112,4885 Y=191,9283 Vx=-129,8885 Vy=33,8539
[0,000] Ball=B003 X=112,2683 Y=251,2290 Vx=-176,2168 Vy=73,6836
[0,000] Ball=B005 X=237,1545 Y=187,3011 Vx=60,9569 Vy=-51,9556
[0,001] Ball=B002 X=355,2953 Y=355,9940 Vx=74,4829 Vy=-19,5664
[0,001] Ball=B001 X=295,4743 Y=281,7401 Vx=-168,0085 Vy=42,3183
[0,001] Ball=B006 X=253,4513 Y=122,8825 Vx=-113,2869 Vy=32,0405
[0,001] Ball=B007 X=321,7049 Y=337,3949 Vx=146,7915 Vy=-61,7479
[0,000] Ball=B005 X=238,1285 Y=186,4710 Vx=60,9569 Vy=-51,9556
[0,000] Ball=B004 X=110,4116 Y=192,4697 Vx=-129,8885 Vy=33,8539
[0,001] Ball=B003 X=109,4323 Y=252,4149 Vx=-176,2168 Vy=73,6836
[0,001] Ball=B002 X=356,5625 Y=355,6612 Vx=74,4829 Vy=-19,5664
[0,000] Ball=B001 X=292,6180 Y=282,4595 Vx=-168,0085 Vy=42,3183
[0,000] Ball=B007 X=324,0566 Y=336,4057 Vx=146,7915 Vy=-61,7479
[0,001] Ball=B006 X=251,6354 Y=123,3961 Vx=-113,2869 Vy=32,0405
[0,000] Ball=B005 X=239,1054 Y=185,6384 Vx=60,9569 Vy=-51,9556
[0,000] Ball=B004 X=108,3306 Y=193,0120 Vx=-129,8885 Vy=33,8539
[0,000] Ball=B003 X=106,6272 Y=253,5878 Vx=-176,2168 Vy=73,6836
[0,001] Ball=B001 X=290,0993 Y=283,0939 Vx=-168,0085 Vy=42,3183
[0,001] Ball=B002 X=357,6792 Y=355,3678 Vx=74,4829 Vy=-19,5664
[0,000] Ball=B006 X=249,8259 Y=123,9078 Vx=-113,2869 Vy=32,0405
[0,001] Ball=B007 X=326,4027 Y=335,4188 Vx=146,7915 Vy=-61,7479
[0,000] Ball=B005 X=240,0796 Y=184,8080 Vx=60,9569 Vy=-51,9556
[0,000] Ball=B004 X=106,2552 Y=193,5530 Vx=-129,8885 Vy=33,8539
[0,001] Ball=B003 X=103,8001 Y=254,7699 Vx=-176,2168 Vy=73,6836
[0,001] Ball=B002 X=358,9461 Y=355,0350 Vx=74,4829 Vy=-19,5664
[0,001] Ball=B001 X=287,2413 Y=283,8138 Vx=-168,0085 Vy=42,3183
[0,000] Ball=B007 X=328,7540 Y=334,4297 Vx=146,7915 Vy=-61,7479
[0,000] Ball=B006 X=248,0105 Y=124,4213 Vx=-113,2869 Vy=32,0405
[0,000] Ball=B005 X=241,0562 Y=183,9756 Vx=60,9569 Vy=-51,9556
[0,000] Ball=B003 X=100,9875 Y=255,9460 Vx=-176,2168 Vy=73,6836
[0,000] Ball=B004 X=104,1735 Y=194,0955 Vx=-129,8885 Vy=33,8539
[0,001] Ball=B002 X=360,1416 Y=354,7209 Vx=74,4829 Vy=-19,5664
[0,001] Ball=B001 X=284,5442 Y=284,4932 Vx=-168,0085 Vy=42,3183
[0,000] Ball=B006 X=246,1915 Y=124,9357 Vx=-113,2869 Vy=32,0405
[0,000] Ball=B004 X=102,0902 Y=194,6385 Vx=-129,8885 Vy=33,8539
[0,000] Ball=B003 X=98,1610 Y=257,1279 Vx=-176,2168 Vy=73,6836
[0,001] Ball=B005 X=242,0347 Y=183,1416 Vx=60,9569 Vy=-51,9556
[0,000] Ball=B007 X=331,1137 Y=333,4371 Vx=146,7915 Vy=-61,7479
[0,001] Ball=B002 X=361,3287 Y=354,4091 Vx=74,4829 Vy=-19,5664
[0,000] Ball=B001 X=281,8670 Y=285,1675 Vx=-168,0085 Vy=42,3183
[0,000] Ball=B007 X=333,4500 Y=332,4543 Vx=146,7915 Vy=-61,7479
[0,000] Ball=B006 X=244,3864 Y=125,4463 Vx=-113,2869 Vy=32,0405
[0,000] Ball=B005 X=243,0060 Y=182,3138 Vx=60,9569 Vy=-51,9556
[0,000] Ball=B004 X=100,0198 Y=195,1782 Vx=-129,8885 Vy=33,8539
[0,000] Ball=B003 X=95,3515 Y=258,3026 Vx=-176,2168 Vy=73,6836
[0,000] Ball=B002 X=362,4456 Y=354,1157 Vx=74,4829 Vy=-19,5664
[0,000] Ball=B001 X=279,3480 Y=285,8020 Vx=-168,0085 Vy=42,3183
[0,001] Ball=B007 X=335,7974 Y=331,4669 Vx=146,7915 Vy=-61,7479
[0,000] Ball=B006 X=242,5748 Y=125,9586 Vx=-113,2869 Vy=32,0405
[0,000] Ball=B005 X=243,9806 Y=181,4830 Vx=60,9569 Vy=-51,9556
[0,000] Ball=B003 X=92,5341 Y=259,4807 Vx=-176,2168 Vy=73,6836
[0,000] Ball=B004 X=97,9418 Y=195,7198 Vx=-129,8885 Vy=33,8539
[0,001] Ball=B002 X=364,0555 Y=354,1069 Vx=96,2550 Vy=-1,0619
[0,000] Ball=B001 X=276,5559 Y=286,5053 Vx=-168,0085 Vy=42,3183
[0,001] Ball=B007 X=337,7588 Y=330,2205 Vx=126,2290 Vy=-79,2244
[0,001] Ball=B006 X=240,8051 Y=126,4592 Vx=-113,2869 Vy=32,0405
[0,000] Ball=B004 X=95,9142 Y=196,2482 Vx=-129,8885 Vy=33,8539
[0,000] Ball=B003 X=89,7824 Y=260,6313 Vx=-176,2168 Vy=73,6836
[0,001] Ball=B005 X=244,9330 Y=180,6713 Vx=60,9569 Vy=-51,9556
[0,001] Ball=B002 X=365,5568 Y=354,0903 Vx=96,2550 Vy=-1,0619
[0,001] Ball=B001 X=273,9336 Y=287,1658 Vx=-168,0085 Vy=42,3183
[0,000] Ball=B007 X=339,8569 Y=328,9037 Vx=126,2290 Vy=-79,2244
[0,001] Ball=B006 X=238,9225 Y=126,9916 Vx=-113,2869 Vy=32,0405
[0,000] Ball=B004 X=93,7550 Y=196,8110 Vx=-129,8885 Vy=33,8539
[0,001] Ball=B005 X=245,9461 Y=179,8078 Vx=60,9569 Vy=-51,9556
[0,000] Ball=B003 X=86,8523 Y=261,8565 Vx=-176,2168 Vy=73,6836
[0,001] Ball=B001 X=271,0567 Y=287,8904 Vx=-168,0085 Vy=42,3183
[0,001] Ball=B002 X=367,2062 Y=354,0721 Vx=96,2550 Vy=-1,0619
[0,001] Ball=B007 X=341,8911 Y=327,6270 Vx=126,2290 Vy=-79,2244
[0,001] Ball=B006 X=237,0960 Y=127,5082 Vx=-113,2869 Vy=32,0405
[0,000] Ball=B004 X=91,6606 Y=197,3569 Vx=-129,8885 Vy=33,8539
[0,000] Ball=B005 X=246,9289 Y=178,9701 Vx=60,9569 Vy=-51,9556
[0,000] Ball=B003 X=84,0116 Y=263,0443 Vx=-176,2168 Vy=73,6836
[0,001] Ball=B002 X=364,5152 Y=354,0557 Vx=-96,2550 Vy=-1,0619
[0,001] Ball=B001 X=268,4650 Y=288,5432 Vx=-168,0085 Vy=42,3183
[0,000] Ball=B007 X=342,9394 Y=325,3523 Vx=72,3389 Vy=-142,1770
[0,000] Ball=B006 X=235,3481 Y=128,0025 Vx=-113,2869 Vy=32,0405
[0,000] Ball=B005 X=247,8691 Y=178,1688 Vx=60,9569 Vy=-51,9556
[0,000] Ball=B004 X=89,6575 Y=197,8790 Vx=-129,8885 Vy=33,8539
[0,000] Ball=B003 X=81,2940 Y=264,1807 Vx=-176,2168 Vy=73,6836
[0,001] Ball=B002 X=363,9673 Y=355,1669 Vx=-39,1950 Vy=65,5938
[0,001] Ball=B001 X=265,8229 Y=289,2087 Vx=-168,0085 Vy=42,3183
[0,001] Ball=B007 X=344,1447 Y=322,9835 Vx=72,3389 Vy=-142,1770
[0,001] Ball=B006 X=233,4605 Y=128,5364 Vx=-113,2869 Vy=32,0405
[0,000] Ball=B004 X=87,4896 Y=198,4440 Vx=-129,8885 Vy=33,8539
[0,000] Ball=B003 X=78,3527 Y=265,4105 Vx=-176,2168 Vy=73,6836
[0,001] Ball=B005 X=248,8879 Y=177,3004 Vx=60,9569 Vy=-51,9556
[0,001] Ball=B002 X=363,3381 Y=356,2199 Vx=-39,1950 Vy=65,5938
[0,001] Ball=B001 X=263,1257 Y=289,8881 Vx=-168,0085 Vy=42,3183
[0,001] Ball=B007 X=345,3088 Y=320,6955 Vx=72,3389 Vy=-142,1770
[0,001] Ball=B006 X=231,6373 Y=129,0521 Vx=-113,2869 Vy=32,0405
[0,000] Ball=B005 X=249,8672 Y=176,4657 Vx=60,9569 Vy=-51,9556
[0,000] Ball=B004 X=85,3997 Y=198,9887 Vx=-129,8885 Vy=33,8539
[0,000] Ball=B003 X=75,5027 Y=266,6022 Vx=-176,2168 Vy=73,6836
[0,001] Ball=B002 X=362,6864 Y=357,3105 Vx=-39,1950 Vy=65,5938
[0,001] Ball=B001 X=260,3324 Y=290,5917 Vx=-168,0085 Vy=42,3183
[0,000] Ball=B007 X=346,4415 Y=318,4692 Vx=72,3389 Vy=-142,1770
[0,000] Ball=B005 X=250,8200 Y=175,6536 Vx=60,9569 Vy=-51,9556
[0,000] Ball=B004 X=83,3694 Y=199,5179 Vx=-129,8885 Vy=33,8539
[0,000] Ball=B003 X=72,7624 Y=267,7481 Vx=-176,2168 Vy=73,6836
[0,001] Ball=B006 X=229,8519 Y=129,5570 Vx=-113,2869 Vy=32,0405
[0,001] Ball=B002 X=362,0776 Y=358,3293 Vx=-39,1950 Vy=65,5938
[0,001] Ball=B001 X=257,7225 Y=291,2491 Vx=-168,0085 Vy=42,3183
[0,001] Ball=B007 X=347,5640 Y=316,2631 Vx=72,3389 Vy=-142,1770
[0,001] Ball=B006 X=228,1052 Y=130,0510 Vx=-113,2869 Vy=32,0405
[0,000] Ball=B003 X=70,0124 Y=268,8980 Vx=-176,2168 Vy=73,6836
[0,000] Ball=B004 X=81,3424 Y=200,0462 Vx=-129,8885 Vy=33,8539
[0,001] Ball=B005 X=251,7725 Y=174,8418 Vx=60,9569 Vy=-51,9556
[0,001] Ball=B002 X=361,4722 Y=359,3425 Vx=-39,1950 Vy=65,5938
[0,001] Ball=B001 X=255,1277 Y=291,9027 Vx=-168,0085 Vy=42,3183
[0,000] Ball=B006 X=226,1185 Y=130,6129 Vx=-113,2869 Vy=32,0405
[0,001] Ball=B007 X=348,8332 Y=313,7686 Vx=72,3389 Vy=-142,1770
[0,000] Ball=B005 X=252,8355 Y=173,9358 Vx=60,9569 Vy=-51,9556
[0,000] Ball=B004 X=79,0753 Y=200,6371 Vx=-129,8885 Vy=33,8539
[0,000] Ball=B003 X=66,9338 Y=270,1853 Vx=-176,2168 Vy=73,6836
[0,001] Ball=B002 X=360,8277 Y=360,4210 Vx=-39,1950 Vy=65,5938
[0,000] Ball=B001 X=252,3651 Y=292,5985 Vx=-168,0085 Vy=42,3183
[0,000] Ball=B006 X=224,4933 Y=131,0726 Vx=-113,2869 Vy=32,0405
[0,000] Ball=B007 X=349,8704 Y=311,7300 Vx=72,3389 Vy=-142,1770
[0,000] Ball=B005 X=253,7110 Y=173,1895 Vx=60,9569 Vy=-51,9556
[0,000] Ball=B004 X=77,2113 Y=201,1229 Vx=-129,8885 Vy=33,8539
[0,000] Ball=B003 X=64,4049 Y=271,2427 Vx=-176,2168 Vy=73,6836
[0,001] Ball=B002 X=360,2289 Y=361,4231 Vx=-39,1950 Vy=65,5938
[0,000] Ball=B001 X=249,7985 Y=293,2450 Vx=-168,0085 Vy=42,3183
[0,001] Ball=B006 X=222,5302 Y=131,6278 Vx=-113,2869 Vy=32,0405
[0,001] Ball=B007 X=351,1253 Y=309,2636 Vx=72,3389 Vy=-142,1770
[0,000] Ball=B005 X=254,7670 Y=172,2895 Vx=60,9569 Vy=-51,9556
[0,000] Ball=B003 X=61,3524 Y=272,5191 Vx=-176,2168 Vy=73,6836
[0,000] Ball=B004 X=74,9605 Y=201,7096 Vx=-129,8885 Vy=33,8539
[0,001] Ball=B002 X=359,5905 Y=362,4915 Vx=-39,1950 Vy=65,5938
[0,000] Ball=B001 X=247,0612 Y=293,9344 Vx=-168,0085 Vy=42,3183
[0,001] Ball=B007 X=352,2989 Y=306,9569 Vx=72,3389 Vy=-142,1770
[0,001] Ball=B006 X=220,6901 Y=132,1482 Vx=-113,2869 Vy=32,0405
[0,001] Ball=B005 X=255,7564 Y=171,4461 Vx=60,9569 Vy=-51,9556
[0,000] Ball=B004 X=72,8521 Y=202,2591 Vx=-129,8885 Vy=33,8539
[0,000] Ball=B003 X=58,4913 Y=273,7154 Vx=-176,2168 Vy=73,6836
[0,001] Ball=B001 X=244,3435 Y=294,6190 Vx=-168,0085 Vy=42,3183
[0,004] Ball=B002 X=358,9559 Y=363,5536 Vx=-39,1950 Vy=65,5938
[0,001] Ball=B006 X=218,8732 Y=132,6621 Vx=-113,2869 Vy=32,0405
[0,001] Ball=B007 X=353,4597 Y=304,6756 Vx=72,3389 Vy=-142,1770
[0,000] Ball=B005 X=256,7348 Y=170,6122 Vx=60,9569 Vy=-51,9556
[0,000] Ball=B004 X=70,7676 Y=202,8024 Vx=-129,8885 Vy=33,8539
[0,000] Ball=B003 X=55,6632 Y=274,8979 Vx=-176,2168 Vy=73,6836
[0,001] Ball=B002 X=358,2940 Y=364,6613 Vx=-39,1950 Vy=65,5938
[0,001] Ball=B001 X=241,5032 Y=295,3344 Vx=-168,0085 Vy=42,3183
[0,000] Ball=B006 X=217,1698 Y=133,1438 Vx=-113,2869 Vy=32,0405
[0,001] Ball=B007 X=354,5469 Y=302,5386 Vx=72,3389 Vy=-142,1770
[0,000] Ball=B005 X=257,6504 Y=169,8319 Vx=60,9569 Vy=-51,9556
[0,000] Ball=B004 X=68,8169 Y=203,3108 Vx=-129,8885 Vy=33,8539
[0,000] Ball=B003 X=53,0175 Y=276,0042 Vx=-176,2168 Vy=73,6836
[0,001] Ball=B002 X=357,6782 Y=365,6919 Vx=-39,1950 Vy=65,5938
[0,001] Ball=B001 X=238,8643 Y=295,9991 Vx=-168,0085 Vy=42,3183
[0,000] Ball=B006 X=215,3882 Y=133,6477 Vx=-113,2869 Vy=32,0405
[0,000] Ball=B007 X=355,6848 Y=300,3022 Vx=72,3389 Vy=-142,1770
[0,000] Ball=B005 X=258,6093 Y=169,0146 Vx=60,9569 Vy=-51,9556
[0,000] Ball=B004 X=66,7736 Y=203,8434 Vx=-129,8885 Vy=33,8539
[0,000] Ball=B003 X=50,2316 Y=277,1691 Vx=-176,2168 Vy=73,6836
[0,001] Ball=B001 X=236,3208 Y=296,6398 Vx=-168,0085 Vy=42,3183
[0,001] Ball=B002 X=357,0845 Y=366,6854 Vx=-39,1950 Vy=65,5938
[0,000] Ball=B006 X=213,5735 Y=134,1610 Vx=-113,2869 Vy=32,0405
[0,000] Ball=B007 X=356,8436 Y=298,0246 Vx=72,3389 Vy=-142,1770
[0,000] Ball=B005 X=259,5857 Y=168,1823 Vx=60,9569 Vy=-51,9556
[0,000] Ball=B004 X=64,6929 Y=204,3857 Vx=-129,8885 Vy=33,8539
[0,000] Ball=B003 X=47,4213 Y=278,3442 Vx=-176,2168 Vy=73,6836
[0,001] Ball=B002 X=356,4218 Y=364,8909 Vx=-39,1950 Vy=-65,5938
[0,001] Ball=B001 X=233,4796 Y=297,3554 Vx=-168,0085 Vy=42,3183
[0,000] Ball=B007 X=358,0019 Y=295,7481 Vx=72,3389 Vy=-142,1770
[0,000] Ball=B006 X=211,7587 Y=134,6742 Vx=-113,2869 Vy=32,0405
[0,000] Ball=B005 X=260,5625 Y=167,3498 Vx=60,9569 Vy=-51,9556
[0,000] Ball=B004 X=62,6031 Y=204,9304 Vx=-129,8885 Vy=33,8539
[0,000] Ball=B003 X=44,5870 Y=279,5294 Vx=-176,2168 Vy=73,6836
[0,001] Ball=B001 X=230,8317 Y=298,0224 Vx=-168,0085 Vy=42,3183
[0,001] Ball=B002 X=355,8040 Y=363,8570 Vx=-39,1950 Vy=-65,5938
[0,000] Ball=B007 X=359,1420 Y=293,5074 Vx=72,3389 Vy=-142,1770
[0,000] Ball=B006 X=209,9733 Y=135,1792 Vx=-113,2869 Vy=32,0405
[0,000] Ball=B005 X=261,5228 Y=166,5313 Vx=60,9569 Vy=-51,9556
[0,000] Ball=B004 X=60,5654 Y=205,4615 Vx=-129,8885 Vy=33,8539
[0,000] Ball=B003 X=41,8227 Y=280,6852 Vx=-176,2168 Vy=73,6836
[0,001] Ball=B002 X=355,2139 Y=362,8695 Vx=-39,1950 Vy=-65,5938
[0,001] Ball=B001 X=228,3019 Y=298,6596 Vx=-168,0085 Vy=42,3183
[0,000] Ball=B007 X=360,3102 Y=291,2112 Vx=72,3389 Vy=-142,1770
[0,000] Ball=B006 X=208,1445 Y=135,6965 Vx=-113,2869 Vy=32,0405
[0,000] Ball=B005 X=262,5070 Y=165,6924 Vx=60,9569 Vy=-51,9556
[0,000] Ball=B003 X=38,9773 Y=281,8750 Vx=-176,2168 Vy=73,6836
[0,000] Ball=B004 X=58,4679 Y=206,0082 Vx=-129,8885 Vy=33,8539
[0,001] Ball=B002 X=354,5583 Y=361,7724 Vx=-39,1950 Vy=-65,5938
[0,000] Ball=B001 X=225,4912 Y=299,3675 Vx=-168,0085 Vy=42,3183
[0,001] Ball=B007 X=361,5534 Y=288,7680 Vx=72,3389 Vy=-142,1770
[0,001] Ball=B005 X=263,5545 Y=164,7996 Vx=60,9569 Vy=-51,9556
[0,000] Ball=B006 X=206,1973 Y=136,2472 Vx=-113,2869 Vy=32,0405
[0,000] Ball=B004 X=56,2268 Y=206,5923 Vx=-129,8885 Vy=33,8539
[0,001] Ball=B003 X=35,9362 Y=283,1466 Vx=-176,2168 Vy=73,6836
[0,001] Ball=B001 X=222,8777 Y=300,0259 Vx=-168,0085 Vy=42,3183
[0,001] Ball=B002 X=353,9484 Y=360,7517 Vx=-39,1950 Vy=-65,5938
[0,000] Ball=B006 X=204,4866 Y=136,7310 Vx=-113,2869 Vy=32,0405
[0,001] Ball=B007 X=362,6462 Y=286,6202 Vx=72,3389 Vy=-142,1770
[0,005] Ball=B005 X=264,4752 Y=164,0148 Vx=60,9569 Vy=-51,9556
[0,000] Ball=B004 X=54,2739 Y=207,1013 Vx=-129,8885 Vy=33,8539
[0,000] Ball=B003 X=33,2868 Y=284,2545 Vx=-176,2168 Vy=73,6836
[0,001] Ball=B002 X=353,3194 Y=359,6989 Vx=-39,1950 Vy=-65,5938
[0,000] Ball=B001 X=220,1752 Y=300,7065 Vx=-168,0085 Vy=42,3183
[0,000] Ball=B007 X=363,8047 Y=284,3432 Vx=72,3389 Vy=-142,1770
[0,000] Ball=B006 X=202,6707 Y=137,2446 Vx=-113,2869 Vy=32,0405
[0,000] Ball=B005 X=265,4522 Y=163,1822 Vx=60,9569 Vy=-51,9556
[0,001] Ball=B004 X=52,1927 Y=207,6437 Vx=-129,8885 Vy=33,8539
[0,000] Ball=B003 X=30,4633 Y=285,4351 Vx=-176,2168 Vy=73,6836
[0,001] Ball=B002 X=352,6855 Y=358,6382 Vx=-39,1950 Vy=-65,5938
[0,001] Ball=B001 X=217,4638 Y=301,3895 Vx=-168,0085 Vy=42,3183
[0,000] Ball=B006 X=200,7368 Y=137,7915 Vx=-113,2869 Vy=32,0405
[0,000] Ball=B005 X=266,4931 Y=162,2949 Vx=60,9569 Vy=-51,9556
[0,001] Ball=B007 X=365,0403 Y=281,9147 Vx=72,3389 Vy=-142,1770
[0,000] Ball=B003 X=27,4542 Y=286,6933 Vx=-176,2168 Vy=73,6836
[0,000] Ball=B004 X=49,9742 Y=208,2219 Vx=-129,8885 Vy=33,8539
[0,001] Ball=B002 X=352,0290 Y=357,5394 Vx=-39,1950 Vy=-65,5938
[0,001] Ball=B001 X=214,6500 Y=302,0983 Vx=-168,0085 Vy=42,3183
[0,000] Ball=B007 X=362,9309 Y=279,8134 Vx=-72,3389 Vy=-142,1770
[0,000] Ball=B006 X=199,0620 Y=138,2652 Vx=-113,2869 Vy=32,0405
[0,000] Ball=B005 X=267,3942 Y=161,5269 Vx=60,9569 Vy=-51,9556
[0,000] Ball=B004 X=48,0549 Y=208,7222 Vx=-129,8885 Vy=33,8539
[0,000] Ball=B003 X=24,8500 Y=287,7823 Vx=-176,2168 Vy=73,6836
[0,001] Ball=B002 X=351,4069 Y=356,4983 Vx=-39,1950 Vy=-65,5938
[0,001] Ball=B001 X=211,9836 Y=302,7699 Vx=-168,0085 Vy=42,3183
[0,000] Ball=B007 X=361,7831 Y=277,5574 Vx=-72,3389 Vy=-142,1770
[0,000] Ball=B006 X=197,2644 Y=138,7736 Vx=-113,2869 Vy=32,0405
[0,000] Ball=B005 X=268,3617 Y=160,7022 Vx=60,9569 Vy=-51,9556
[0,000] Ball=B004 X=45,9831 Y=209,2622 Vx=-129,8885 Vy=33,8539
[0,000] Ball=B003 X=22,0305 Y=288,9612 Vx=-176,2168 Vy=73,6836
[0,001] Ball=B002 X=350,8157 Y=355,5091 Vx=-39,1950 Vy=-65,5938
[0,001] Ball=B001 X=209,4494 Y=303,4082 Vx=-168,0085 Vy=42,3183
[0,001] Ball=B007 X=360,6175 Y=275,2666 Vx=-72,3389 Vy=-142,1770
[0,001] Ball=B006 X=195,4399 Y=139,2896 Vx=-113,2869 Vy=32,0405
[0,000] Ball=B005 X=269,3431 Y=159,8658 Vx=60,9569 Vy=-51,9556
[0,000] Ball=B003 X=19,2155 Y=290,1383 Vx=-176,2168 Vy=73,6836
[0,000] Ball=B004 X=43,9015 Y=209,8047 Vx=-129,8885 Vy=33,8539
[0,001] Ball=B002 X=350,1859 Y=354,4550 Vx=-39,1950 Vy=-65,5938
[0,001] Ball=B001 X=206,7492 Y=304,0883 Vx=-168,0085 Vy=42,3183
[0,001] Ball=B007 X=359,4501 Y=272,9723 Vx=-72,3389 Vy=-142,1770
[0,000] Ball=B006 X=193,6113 Y=139,8068 Vx=-113,2869 Vy=32,0405
[0,001] Ball=B005 X=270,3269 Y=159,0273 Vx=60,9569 Vy=-51,9556
[0,000] Ball=B004 X=41,8050 Y=210,3512 Vx=-129,8885 Vy=33,8539
[0,000] Ball=B003 X=16,3578 Y=291,3332 Vx=-176,2168 Vy=73,6836
[0,001] Ball=B002 X=349,5217 Y=353,3434 Vx=-39,1950 Vy=-65,5938
[0,000] Ball=B001 X=203,9020 Y=304,8055 Vx=-168,0085 Vy=42,3183
[0,001] Ball=B007 X=358,3036 Y=270,7188 Vx=-72,3389 Vy=-142,1770
[0,000] Ball=B006 X=191,8151 Y=140,3148 Vx=-113,2869 Vy=32,0405
[0,000] Ball=B005 X=271,2937 Y=158,2032 Vx=60,9569 Vy=-51,9556
[0,001] Ball=B004 X=39,7446 Y=210,8882 Vx=-129,8885 Vy=33,8539
[0,021] Ball=B003 X=13,5625 Y=292,5020 Vx=-176,2168 Vy=73,6836
[0,001] Ball=B001 X=201,3797 Y=305,4408 Vx=-168,0085 Vy=42,3183
[0,001] Ball=B002 X=348,9331 Y=352,3584 Vx=-39,1950 Vy=-65,5938
[0,001] Ball=B007 X=357,0745 Y=268,3031 Vx=-72,3389 Vy=-142,1770
[0,000] Ball=B006 X=189,8912 Y=140,8590 Vx=-113,2869 Vy=32,0405
[0,000] Ball=B005 X=272,3286 Y=157,3211 Vx=60,9569 Vy=-51,9556
[0,000] Ball=B003 X=10,5839 Y=293,7475 Vx=-176,2168 Vy=73,6836
[0,000] Ball=B004 X=37,5322 Y=211,4648 Vx=-129,8885 Vy=33,8539
[0,001] Ball=B002 X=348,2676 Y=351,2446 Vx=-39,1950 Vy=-65,5938
[0,001] Ball=B001 X=198,5264 Y=306,1595 Vx=-168,0085 Vy=42,3183
[0,001] Ball=B007 X=355,9881 Y=266,1679 Vx=-72,3389 Vy=-142,1770
[0,000] Ball=B006 X=188,1896 Y=141,3402 Vx=-113,2869 Vy=32,0405
[0,000] Ball=B004 X=35,5901 Y=211,9710 Vx=-129,8885 Vy=33,8539
[0,000] Ball=B005 X=273,2443 Y=156,5406 Vx=60,9569 Vy=-51,9556
[0,000] Ball=B003 X=7,9374 Y=294,8541 Vx=-176,2168 Vy=73,6836
[0,001] Ball=B002 X=347,6798 Y=350,2610 Vx=-39,1950 Vy=-65,5938
[0,001] Ball=B001 X=196,0073 Y=306,7940 Vx=-168,0085 Vy=42,3183
[0,000] Ball=B007 X=354,8317 Y=263,8951 Vx=-72,3389 Vy=-142,1770
[0,000] Ball=B006 X=186,3788 Y=141,8524 Vx=-113,2869 Vy=32,0405
[0,001] Ball=B005 X=274,2188 Y=155,7100 Vx=60,9569 Vy=-51,9556
[0,000] Ball=B003 X=5,1207 Y=296,0319 Vx=-176,2168 Vy=73,6836
[0,000] Ball=B004 X=33,5119 Y=212,5127 Vx=-129,8885 Vy=33,8539
[0,001] Ball=B001 X=193,1502 Y=307,5137 Vx=-168,0085 Vy=42,3183
[0,001] Ball=B002 X=347,0132 Y=349,1454 Vx=-39,1950 Vy=-65,5938
[0,000] Ball=B007 X=353,6738 Y=261,6192 Vx=-72,3389 Vy=-142,1770
[0,001] Ball=B006 X=184,5652 Y=142,3653 Vx=-113,2869 Vy=32,0405
[0,000] Ball=B004 X=31,4341 Y=213,0542 Vx=-129,8885 Vy=33,8539
[0,000] Ball=B005 X=275,1944 Y=154,8785 Vx=60,9569 Vy=-51,9556
[0,000] Ball=B003 X=2,3008 Y=297,2110 Vx=-176,2168 Vy=73,6836
[0,001] Ball=B001 X=190,6242 Y=308,1499 Vx=-168,0085 Vy=42,3183
[0,001] Ball=B002 X=346,4239 Y=348,1592 Vx=-39,1950 Vy=-65,5938
[0,001] Ball=B007 X=352,4453 Y=259,2048 Vx=-72,3389 Vy=-142,1770
[0,000] Ball=B005 X=276,2302 Y=153,9957 Vx=60,9569 Vy=-51,9556
[0,000] Ball=B004 X=29,2265 Y=213,6296 Vx=-129,8885 Vy=33,8539
[0,000] Ball=B003 X=-0,6942 Y=298,4633 Vx=-176,2168 Vy=73,6836
[0,000] Ball=B006 X=182,6319 Y=142,9121 Vx=-113,2869 Vy=32,0405
[0,001] Ball=B002 X=345,7558 Y=347,0412 Vx=-39,1950 Vy=-65,5938
[0,001] Ball=B001 X=187,7602 Y=308,8713 Vx=-168,0085 Vy=42,3183
[0,001] Ball=B007 X=351,3529 Y=257,0577 Vx=-72,3389 Vy=-142,1770
[0,000] Ball=B005 X=277,1501 Y=153,2116 Vx=60,9569 Vy=-51,9556
[0,000] Ball=B006 X=180,9300 Y=143,3934 Vx=-113,2869 Vy=32,0405
[0,000] Ball=B004 X=27,2666 Y=214,1404 Vx=-129,8885 Vy=33,8539
[0,000] Ball=B003 X=2,6594 Y=299,5754 Vx=176,2168 Vy=73,6836
[0,001] Ball=B002 X=345,1499 Y=346,0271 Vx=-39,1950 Vy=-65,5938
[0,001] Ball=B007 X=350,2346 Y=254,8597 Vx=-72,3389 Vy=-142,1770
[0,001] Ball=B001 X=185,1609 Y=309,5260 Vx=-168,0085 Vy=42,3183
[0,000] Ball=B004 X=25,2587 Y=214,6637 Vx=-129,8885 Vy=33,8539
[0,000] Ball=B006 X=179,1786 Y=143,8888 Vx=-113,2869 Vy=32,0405
[0,000] Ball=B003 X=5,3829 Y=300,7142 Vx=176,2168 Vy=73,6836
[0,001] Ball=B005 X=278,0928 Y=152,4081 Vx=60,9569 Vy=-51,9556
[0,001] Ball=B001 X=182,4658 Y=310,2049 Vx=-168,0085 Vy=42,3183
[0,001] Ball=B002 X=344,5207 Y=344,9741 Vx=-39,1950 Vy=-65,5938
[0,001] Ball=B007 X=349,0733 Y=252,5773 Vx=-72,3389 Vy=-142,1770
[0,000] Ball=B006 X=177,3605 Y=144,4030 Vx=-113,2869 Vy=32,0405
[0,001] Ball=B005 X=279,0712 Y=151,5742 Vx=60,9569 Vy=-51,9556
[0,000] Ball=B003 X=8,2128 Y=301,8975 Vx=176,2168 Vy=73,6836
[0,000] Ball=B004 X=23,1724 Y=215,2075 Vx=-129,8885 Vy=33,8539
[0,001] Ball=B002 X=343,8743 Y=343,8924 Vx=-39,1950 Vy=-65,5938
[0,001] Ball=B001 X=179,6914 Y=310,9037 Vx=-168,0085 Vy=42,3183
[0,000] Ball=B007 X=347,8789 Y=250,2298 Vx=-72,3389 Vy=-142,1770
[0,000] Ball=B004 X=21,0290 Y=215,7662 Vx=-129,8885 Vy=33,8539
[0,000] Ball=B006 X=175,4897 Y=144,9321 Vx=-113,2869 Vy=32,0405
[0,001] Ball=B003 X=11,1307 Y=303,1176 Vx=176,2168 Vy=73,6836
[0,005] Ball=B005 X=280,0807 Y=150,7138 Vx=60,9569 Vy=-51,9556
[0,001] Ball=B001 X=177,1562 Y=311,5423 Vx=-168,0085 Vy=42,3183
[0,001] Ball=B002 X=343,2820 Y=342,9012 Vx=-39,1950 Vy=-65,5938
[0,001] Ball=B007 X=346,6448 Y=247,8043 Vx=-72,3389 Vy=-142,1770
[0,000] Ball=B006 X=173,5577 Y=145,4785 Vx=-113,2869 Vy=32,0405
[0,000] Ball=B005 X=281,1182 Y=149,8295 Vx=60,9569 Vy=-51,9556
[0,000] Ball=B004 X=18,8114 Y=216,3442 Vx=-129,8885 Vy=33,8539
[0,000] Ball=B003 X=14,1303 Y=304,3718 Vx=176,2168 Vy=73,6836
[0,001] Ball=B002 X=342,6526 Y=341,8478 Vx=-39,1950 Vy=-65,5938
[0,000] Ball=B001 X=174,4476 Y=312,2245 Vx=-168,0085 Vy=42,3183
[0,001] Ball=B007 X=345,5605 Y=245,6732 Vx=-72,3389 Vy=-142,1770
[0,001] Ball=B006 X=171,8597 Y=145,9588 Vx=-113,2869 Vy=32,0405
[0,001] Ball=B005 X=282,0311 Y=149,0514 Vx=60,9569 Vy=-51,9556
[0,000] Ball=B004 X=16,8593 Y=216,8530 Vx=-129,8885 Vy=33,8539
[0,000] Ball=B003 X=16,7779 Y=305,4789 Vx=176,2168 Vy=73,6836
[0,001] Ball=B002 X=342,0234 Y=340,7948 Vx=-39,1950 Vy=-65,5938
[0,001] Ball=B001 X=171,7606 Y=312,9013 Vx=-168,0085 Vy=42,3183
[0,001] Ball=B007 X=344,3913 Y=243,3752 Vx=-72,3389 Vy=-142,1770
[0,001] Ball=B006 X=170,0281 Y=146,4768 Vx=-113,2869 Vy=32,0405
[0,000] Ball=B003 X=19,6175 Y=306,6662 Vx=176,2168 Vy=73,6836
[0,001] Ball=B004 X=14,7662 Y=217,3985 Vx=-129,8885 Vy=33,8539
[0,001] Ball=B005 X=283,0163 Y=148,2117 Vx=60,9569 Vy=-51,9556
[0,001] Ball=B002 X=341,3939 Y=339,7415 Vx=-39,1950 Vy=-65,5938
[0,001] Ball=B001 X=169,0617 Y=313,5811 Vx=-168,0085 Vy=42,3183
[0,001] Ball=B007 X=343,2373 Y=241,1071 Vx=-72,3389 Vy=-142,1770
[0,001] Ball=B006 X=168,2210 Y=146,9879 Vx=-113,2869 Vy=32,0405
[0,000] Ball=B004 X=12,6883 Y=217,9401 Vx=-129,8885 Vy=33,8539
[0,000] Ball=B003 X=22,4396 Y=307,8463 Vx=176,2168 Vy=73,6836
[0,001] Ball=B005 X=283,9932 Y=147,3790 Vx=60,9569 Vy=-51,9556
[0,001] Ball=B002 X=340,7687 Y=338,6951 Vx=-39,1950 Vy=-65,5938
[0,001] Ball=B001 X=166,3813 Y=314,2563 Vx=-168,0085 Vy=42,3183
[0,001] Ball=B007 X=342,0705 Y=238,8137 Vx=-72,3389 Vy=-142,1770
[0,001] Ball=B006 X=166,3937 Y=147,5047 Vx=-113,2869 Vy=32,0405
[0,001] Ball=B005 X=284,9722 Y=146,5446 Vx=60,9569 Vy=-51,9556
[0,000] Ball=B003 X=25,2716 Y=309,0305 Vx=176,2168 Vy=73,6836
[0,000] Ball=B004 X=10,5984 Y=218,4848 Vx=-129,8885 Vy=33,8539
[0,001] Ball=B002 X=340,1040 Y=337,5827 Vx=-39,1950 Vy=-65,5938
[0,001] Ball=B001 X=163,5330 Y=314,9737 Vx=-168,0085 Vy=42,3183
[0,000] Ball=B007 X=340,9218 Y=236,5560 Vx=-72,3389 Vy=-142,1770
[0,000] Ball=B005 X=285,9409 Y=145,7189 Vx=60,9569 Vy=-51,9556
[0,000] Ball=B004 X=8,5351 Y=219,0226 Vx=-129,8885 Vy=33,8539
[0,002] Ball=B006 X=164,5928 Y=148,0140 Vx=-113,2869 Vy=32,0405
[0,002] Ball=B003 X=28,0733 Y=310,2020 Vx=176,2168 Vy=73,6836
[0,001] Ball=B002 X=339,4915 Y=336,5576 Vx=-39,1950 Vy=-65,5938
[0,001] Ball=B001 X=160,9068 Y=315,6352 Vx=-168,0085 Vy=42,3183
[0,000] Ball=B007 X=339,7904 Y=234,3325 Vx=-72,3389 Vy=-142,1770
[0,000] Ball=B006 X=162,8232 Y=148,5145 Vx=-113,2869 Vy=32,0405
[0,000] Ball=B004 X=6,5065 Y=219,5513 Vx=-129,8885 Vy=33,8539
[0,000] Ball=B003 X=30,8236 Y=311,3520 Vx=176,2168 Vy=73,6836
[0,000] Ball=B005 X=286,8931 Y=144,9073 Vx=60,9569 Vy=-51,9556
[0,001] Ball=B002 X=338,8792 Y=335,5330 Vx=-39,1950 Vy=-65,5938
[0,001] Ball=B001 X=158,2828 Y=316,2961 Vx=-168,0085 Vy=42,3183
[0,000] Ball=B006 X=160,9410 Y=149,0469 Vx=-113,2869 Vy=32,0405
[0,001] Ball=B007 X=338,5883 Y=231,9698 Vx=-72,3389 Vy=-142,1770
[0,000] Ball=B005 X=287,9061 Y=144,0439 Vx=60,9569 Vy=-51,9556
[0,000] Ball=B004 X=4,3468 Y=220,1142 Vx=-129,8885 Vy=33,8539
[0,000] Ball=B003 X=33,7549 Y=312,5777 Vx=176,2168 Vy=73,6836
[0,001] Ball=B002 X=338,2179 Y=334,4262 Vx=-39,1950 Vy=-65,5938
[0,001] Ball=B001 X=155,4478 Y=317,0102 Vx=-168,0085 Vy=42,3183
[0,001] Ball=B007 X=337,4403 Y=229,7136 Vx=-72,3389 Vy=-142,1770
[0,001] Ball=B006 X=159,1423 Y=149,5556 Vx=-113,2869 Vy=32,0405
[0,000] Ball=B005 X=288,8741 Y=143,2189 Vx=60,9569 Vy=-51,9556
[0,000] Ball=B004 X=2,2848 Y=220,6516 Vx=-129,8885 Vy=33,8539
[0,000] Ball=B003 X=36,5511 Y=313,7469 Vx=176,2168 Vy=73,6836
[0,001] Ball=B002 X=337,5936 Y=333,3815 Vx=-39,1950 Vy=-65,5938
[0,001] Ball=B001 X=152,7729 Y=317,6840 Vx=-168,0085 Vy=42,3183
[0,000] Ball=B007 X=336,2887 Y=227,4501 Vx=-72,3389 Vy=-142,1770
[0,000] Ball=B006 X=157,3387 Y=150,0657 Vx=-113,2869 Vy=32,0405
[0,000] Ball=B005 X=289,8448 Y=142,3915 Vx=60,9569 Vy=-51,9556
[0,000] Ball=B004 X=0,2059 Y=221,1935 Vx=-129,8885 Vy=33,8539
[0,004] Ball=B003 X=39,3721 Y=314,9265 Vx=176,2168 Vy=73,6836
[0,001] Ball=B002 X=337,0049 Y=332,3963 Vx=-39,1950 Vy=-65,5938
[0,001] Ball=B001 X=150,2495 Y=318,3196 Vx=-168,0085 Vy=42,3183
[0,001] Ball=B007 X=335,0662 Y=225,0473 Vx=-72,3389 Vy=-142,1770
[0,001] Ball=B006 X=155,4247 Y=150,6070 Vx=-113,2869 Vy=32,0405
[0,000] Ball=B005 X=290,8756 Y=141,5129 Vx=60,9569 Vy=-51,9556
[0,000] Ball=B004 X=-1,9803 Y=221,7633 Vx=-129,8885 Vy=33,8539
[0,000] Ball=B003 X=42,3375 Y=316,1664 Vx=176,2168 Vy=73,6836
[0,001] Ball=B002 X=336,3421 Y=331,2870 Vx=-39,1950 Vy=-65,5938
[0,001] Ball=B001 X=147,4080 Y=319,0353 Vx=-168,0085 Vy=42,3183
[0,000] Ball=B007 X=333,9789 Y=222,9104 Vx=-72,3389 Vy=-142,1770
[0,000] Ball=B006 X=153,7213 Y=151,0888 Vx=-113,2869 Vy=32,0405
[0,000] Ball=B004 X=1,9498 Y=222,2715 Vx=129,8885 Vy=33,8539
[0,000] Ball=B003 X=44,9828 Y=317,2725 Vx=176,2168 Vy=73,6836
[0,001] Ball=B005 X=291,7909 Y=140,7328 Vx=60,9569 Vy=-51,9556
[0,001] Ball=B002 X=335,7530 Y=330,3012 Vx=-39,1950 Vy=-65,5938
[0,001] Ball=B001 X=144,8829 Y=319,6713 Vx=-168,0085 Vy=42,3183
[0,001] Ball=B007 X=332,8210 Y=220,6346 Vx=-72,3389 Vy=-142,1770
[0,000] Ball=B006 X=151,9057 Y=151,6023 Vx=-113,2869 Vy=32,0405
[0,000] Ball=B005 X=292,7678 Y=139,9001 Vx=60,9569 Vy=-51,9556
[0,000] Ball=B004 X=4,0319 Y=222,8142 Vx=129,8885 Vy=33,8539
[0,001] Ball=B003 X=47,8103 Y=318,4548 Vx=176,2168 Vy=73,6836
[0,001] Ball=B002 X=335,0892 Y=329,1904 Vx=-39,1950 Vy=-65,5938
[0,001] Ball=B001 X=142,0373 Y=320,3881 Vx=-168,0085 Vy=42,3183
[0,000] Ball=B007 X=331,6652 Y=218,3630 Vx=-72,3389 Vy=-142,1770
[0,000] Ball=B005 X=293,7397 Y=139,0718 Vx=60,9569 Vy=-51,9556
[0,000] Ball=B006 X=150,0986 Y=152,1134 Vx=-113,2869 Vy=32,0405
[0,000] Ball=B004 X=6,1030 Y=223,3540 Vx=129,8885 Vy=33,8539
[0,000] Ball=B003 X=50,6170 Y=319,6284 Vx=176,2168 Vy=73,6836
[0,001] Ball=B001 X=139,5151 Y=321,0234 Vx=-168,0085 Vy=42,3183
[0,004] Ball=B002 X=334,5003 Y=328,2048 Vx=-39,1950 Vy=-65,5938
[0,001] Ball=B007 X=330,5142 Y=216,1007 Vx=-72,3389 Vy=-142,1770
[0,000] Ball=B006 X=148,2959 Y=152,6232 Vx=-113,2869 Vy=32,0405
[0,000] Ball=B005 X=294,7100 Y=138,2447 Vx=60,9569 Vy=-51,9556
[0,000] Ball=B004 X=8,1709 Y=223,8929 Vx=129,8885 Vy=33,8539
[0,000] Ball=B003 X=53,4592 Y=320,8169 Vx=176,2168 Vy=73,6836
[0,001] Ball=B002 X=333,8620 Y=327,1366 Vx=-39,1950 Vy=-65,5938
[0,001] Ball=B001 X=136,7770 Y=321,7131 Vx=-168,0085 Vy=42,3183
[0,000] Ball=B007 X=329,4000 Y=213,9109 Vx=-72,3389 Vy=-142,1770
[0,000] Ball=B005 X=295,6485 Y=137,4448 Vx=60,9569 Vy=-51,9556
[0,000] Ball=B006 X=146,5510 Y=153,1167 Vx=-113,2869 Vy=32,0405
[0,000] Ball=B004 X=10,1704 Y=224,4141 Vx=129,8885 Vy=33,8539
[0,000] Ball=B003 X=56,1355 Y=321,9359 Vx=176,2168 Vy=73,6836
[0,001] Ball=B002 X=333,2457 Y=326,1051 Vx=-39,1950 Vy=-65,5938
[0,001] Ball=B001 X=134,1343 Y=322,3787 Vx=-168,0085 Vy=42,3183
[0,001] Ball=B007 X=328,1927 Y=211,5381 Vx=-72,3389 Vy=-142,1770
[0,001] Ball=B006 X=144,6598 Y=153,6516 Vx=-113,2869 Vy=32,0405
[0,000] Ball=B004 X=12,3388 Y=224,9792 Vx=129,8885 Vy=33,8539
[0,000] Ball=B003 X=59,0776 Y=323,1662 Vx=176,2168 Vy=73,6836
[0,000] Ball=B005 X=296,6666 Y=136,5771 Vx=60,9569 Vy=-51,9556
[0,000] Ball=B001 X=131,3637 Y=323,0766 Vx=-168,0085 Vy=42,3183
[0,001] Ball=B002 X=332,5990 Y=325,0229 Vx=-39,1950 Vy=-65,5938
[0,000] Ball=B007 X=327,0704 Y=209,3322 Vx=-72,3389 Vy=-142,1770
[0,000] Ball=B005 X=297,6116 Y=135,7716 Vx=60,9569 Vy=-51,9556
[0,000] Ball=B003 X=61,8096 Y=324,3085 Vx=176,2168 Vy=73,6836
[0,000] Ball=B006 X=142,9027 Y=154,1486 Vx=-113,2869 Vy=32,0405
[0,000] Ball=B004 X=14,3530 Y=225,5042 Vx=129,8885 Vy=33,8539
[0,001] Ball=B002 X=331,9710 Y=323,9719 Vx=-39,1950 Vy=-65,5938
[0,001] Ball=B001 X=128,6711 Y=323,7548 Vx=-168,0085 Vy=42,3183
[0,000] Ball=B007 X=325,9112 Y=207,0539 Vx=-72,3389 Vy=-142,1770
[0,000] Ball=B006 X=141,0870 Y=154,6621 Vx=-113,2869 Vy=32,0405
[0,000] Ball=B005 X=298,5895 Y=134,9381 Vx=60,9569 Vy=-51,9556
[0,000] Ball=B004 X=16,4369 Y=226,0474 Vx=129,8885 Vy=33,8539
[0,000] Ball=B003 X=64,6370 Y=325,4908 Vx=176,2168 Vy=73,6836
[0,001] Ball=B001 X=126,1530 Y=324,3890 Vx=-168,0085 Vy=42,3183
[0,001] Ball=B002 X=331,3834 Y=322,9886 Vx=-39,1950 Vy=-65,5938
[0,001] Ball=B007 X=324,6836 Y=204,6410 Vx=-72,3389 Vy=-142,1770
[0,000] Ball=B006 X=139,1646 Y=155,2058 Vx=-113,2869 Vy=32,0405
[0,000] Ball=B005 X=299,6234 Y=134,0569 Vx=60,9569 Vy=-51,9556
[0,000] Ball=B004 X=18,6404 Y=226,6217 Vx=129,8885 Vy=33,8539
[0,000] Ball=B003 X=67,6268 Y=326,7410 Vx=176,2168 Vy=73,6836
[0,001] Ball=B001 X=123,3809 Y=325,0873 Vx=-168,0085 Vy=42,3183
[0,001] Ball=B002 X=330,7368 Y=321,9065 Vx=-39,1950 Vy=-65,5938
[0,000] Ball=B007 X=323,5627 Y=202,4380 Vx=-72,3389 Vy=-142,1770
[0,001] Ball=B006 X=137,4089 Y=155,7024 Vx=-113,2869 Vy=32,0405
[0,001] Ball=B005 X=300,5679 Y=133,2518 Vx=60,9569 Vy=-51,9556
[0,001] Ball=B004 X=20,6620 Y=227,1486 Vx=129,8885 Vy=33,8539
[0,000] Ball=B003 X=70,3721 Y=327,8889 Vx=176,2168 Vy=73,6836
[0,001] Ball=B001 X=120,5249 Y=325,8067 Vx=-168,0085 Vy=42,3183
[0,001] Ball=B002 X=330,0705 Y=320,7914 Vx=-39,1950 Vy=-65,5938
[0,000] Ball=B007 X=322,4039 Y=200,1606 Vx=-72,3389 Vy=-142,1770
[0,001] Ball=B006 X=135,5946 Y=156,2155 Vx=-113,2869 Vy=32,0405
[0,000] Ball=B003 X=73,1794 Y=329,0627 Vx=176,2168 Vy=73,6836
[0,001] Ball=B005 X=301,5446 Y=132,4194 Vx=60,9569 Vy=-51,9556
[0,001] Ball=B004 X=22,7343 Y=227,6887 Vx=129,8885 Vy=33,8539
[0,001] Ball=B002 X=329,4628 Y=319,7743 Vx=-39,1950 Vy=-65,5938
[0,001] Ball=B001 X=117,9195 Y=326,4629 Vx=-168,0085 Vy=42,3183
[0,001] Ball=B007 X=321,2817 Y=197,9549 Vx=-72,3389 Vy=-142,1770
[0,000] Ball=B006 X=133,8368 Y=156,7126 Vx=-113,2869 Vy=32,0405
[0,001] Ball=B005 X=302,4937 Y=131,6104 Vx=60,9569 Vy=-51,9556
[0,000] Ball=B004 X=24,7558 Y=228,2156 Vx=129,8885 Vy=33,8539
[0,000] Ball=B003 X=75,9232 Y=330,2100 Vx=176,2168 Vy=73,6836
[0,001] Ball=B002 X=328,8750 Y=318,7906 Vx=-39,1950 Vy=-65,5938
[0,001] Ball=B001 X=115,4002 Y=327,0975 Vx=-168,0085 Vy=42,3183
[0,000] Ball=B007 X=320,1256 Y=195,6828 Vx=-72,3389 Vy=-142,1770
[0,000] Ball=B006 X=132,0271 Y=157,2245 Vx=-113,2869 Vy=32,0405
[0,001] Ball=B005 X=303,4638 Y=130,7836 Vx=60,9569 Vy=-51,9556
[0,000] Ball=B003 X=78,7280 Y=331,3828 Vx=176,2168 Vy=73,6836
[0,001] Ball=B004 X=26,8242 Y=228,7547 Vx=129,8885 Vy=33,8539
[0,001] Ball=B002 X=328,2086 Y=317,6754 Vx=-39,1950 Vy=-65,5938
[0,001] Ball=B001 X=112,5434 Y=327,8171 Vx=-168,0085 Vy=42,3183
[0,000] Ball=B007 X=318,9673 Y=193,4062 Vx=-72,3389 Vy=-142,1770
[0,001] Ball=B006 X=130,2121 Y=157,7378 Vx=-113,2869 Vy=32,0405
[0,001] Ball=B005 X=304,4403 Y=129,9512 Vx=60,9569 Vy=-51,9556
[0,000] Ball=B004 X=28,9050 Y=229,2970 Vx=129,8885 Vy=33,8539
[0,000] Ball=B003 X=81,5529 Y=332,5640 Vx=176,2168 Vy=73,6836
[0,001] Ball=B001 X=110,0231 Y=328,4519 Vx=-168,0085 Vy=42,3183
[0,001] Ball=B002 X=327,6205 Y=316,6913 Vx=-39,1950 Vy=-65,5938
[0,001] Ball=B007 X=317,8109 Y=191,1333 Vx=-72,3389 Vy=-142,1770
[0,001] Ball=B006 X=128,4013 Y=158,2499 Vx=-113,2869 Vy=32,0405
[0,001] Ball=B005 X=305,4146 Y=129,1209 Vx=60,9569 Vy=-51,9556
[0,000] Ball=B003 X=84,3677 Y=333,7410 Vx=176,2168 Vy=73,6836
[0,000] Ball=B004 X=30,9804 Y=229,8380 Vx=129,8885 Vy=33,8539
[0,001] Ball=B002 X=326,9544 Y=315,5765 Vx=-39,1950 Vy=-65,5938
[0,001] Ball=B001 X=107,1674 Y=329,1712 Vx=-168,0085 Vy=42,3183
[0,001] Ball=B007 X=316,6527 Y=188,8569 Vx=-72,3389 Vy=-142,1770
[0,000] Ball=B006 X=126,5879 Y=158,7628 Vx=-113,2869 Vy=32,0405
[0,000] Ball=B004 X=33,0595 Y=230,3799 Vx=129,8885 Vy=33,8539
[0,000] Ball=B003 X=87,1883 Y=334,9204 Vx=176,2168 Vy=73,6836
[0,001] Ball=B005 X=306,3909 Y=128,2887 Vx=60,9569 Vy=-51,9556
[0,001] Ball=B002 X=326,3465 Y=314,5593 Vx=-39,1950 Vy=-65,5938
[0,001] Ball=B001 X=109,5077 Y=328,4042 Vx=113,4142 Vy=-38,6650
[0,001] Ball=B007 X=315,4562 Y=186,5053 Vx=-72,3389 Vy=-142,1770
[0,001] Ball=B006 X=124,7139 Y=159,2928 Vx=-113,2869 Vy=32,0405
[0,001] Ball=B005 X=307,3987 Y=127,4297 Vx=60,9569 Vy=-51,9556
[0,000] Ball=B004 X=35,2078 Y=230,9398 Vx=129,8885 Vy=33,8539
[0,001] Ball=B003 X=83,9347 Y=337,9150 Vx=-161,4905 Vy=170,8636
[0,001] Ball=B002 X=325,7194 Y=313,5098 Vx=-39,1950 Vy=-65,5938
[0,001] Ball=B001 X=111,3222 Y=327,7857 Vx=113,4142 Vy=-38,6650
[0,000] Ball=B007 X=314,3004 Y=184,2337 Vx=-72,3389 Vy=-142,1770
[0,000] Ball=B006 X=122,9033 Y=159,8049 Vx=-113,2869 Vy=32,0405
[0,000] Ball=B005 X=308,3731 Y=126,5992 Vx=60,9569 Vy=-51,9556
[0,000] Ball=B003 X=81,3539 Y=340,6457 Vx=-161,4905 Vy=170,8636
[0,001] Ball=B004 X=37,2849 Y=231,4812 Vx=129,8885 Vy=33,8539
[0,001] Ball=B002 X=325,0627 Y=312,4107 Vx=-39,1950 Vy=-65,5938
[0,001] Ball=B001 X=113,2227 Y=327,1377 Vx=113,4142 Vy=-38,6650
[0,001] Ball=B007 X=313,1613 Y=181,9949 Vx=-72,3389 Vy=-142,1770
[0,001] Ball=B006 X=121,1202 Y=160,3092 Vx=-113,2869 Vy=32,0405
[0,000] Ball=B005 X=309,3328 Y=125,7812 Vx=60,9569 Vy=-51,9556
[0,000] Ball=B004 X=39,3288 Y=232,0139 Vx=129,8885 Vy=33,8539
[0,000] Ball=B003 X=78,8122 Y=343,3348 Vx=-161,4905 Vy=170,8636
[0,001] Ball=B002 X=324,4399 Y=311,3685 Vx=-39,1950 Vy=-65,5938
[0,001] Ball=B001 X=115,0247 Y=326,5234 Vx=113,4142 Vy=-38,6650
[0,000] Ball=B007 X=312,0064 Y=179,7249 Vx=-72,3389 Vy=-142,1770
[0,001] Ball=B006 X=119,3107 Y=160,8210 Vx=-113,2869 Vy=32,0405
[0,001] Ball=B005 X=310,3060 Y=124,9517 Vx=60,9569 Vy=-51,9556
[0,001] Ball=B004 X=41,4030 Y=232,5545 Vx=129,8885 Vy=33,8539
[0,000] Ball=B003 X=76,2326 Y=346,0642 Vx=-161,4905 Vy=170,8636
[0,001] Ball=B002 X=323,8508 Y=310,3826 Vx=-39,1950 Vy=-65,5938
[0,001] Ball=B001 X=116,7295 Y=325,9422 Vx=113,4142 Vy=-38,6650
[0,007] Ball=B006 X=117,5084 Y=161,3307 Vx=-113,2869 Vy=32,0405
[0,004] Ball=B007 X=310,8383 Y=177,4291 Vx=-72,3389 Vy=-142,1770
[0,004] Ball=B005 X=311,2897 Y=124,1133 Vx=60,9569 Vy=-51,9556
[0,000] Ball=B004 X=43,5033 Y=233,1019 Vx=129,8885 Vy=33,8539
[0,000] Ball=B003 X=73,6217 Y=348,8266 Vx=-161,4905 Vy=170,8636
[0,001] Ball=B002 X=323,1463 Y=309,2035 Vx=-39,1950 Vy=-65,5938
[0,001] Ball=B007 X=309,6111 Y=175,0172 Vx=-72,3389 Vy=-142,1770
[0,000] Ball=B006 X=115,5715 Y=161,8785 Vx=-113,2869 Vy=32,0405
[0,000] Ball=B005 X=312,3324 Y=123,2246 Vx=60,9569 Vy=-51,9556
[0,000] Ball=B004 X=45,7218 Y=233,6801 Vx=129,8885 Vy=33,8539
[0,000] Ball=B003 X=70,8627 Y=351,7457 Vx=-161,4905 Vy=170,8636
[0,001] Ball=B001 X=118,7695 Y=325,2467 Vx=113,4142 Vy=-38,6650
[0,001] Ball=B002 X=322,5969 Y=308,2840 Vx=-39,1950 Vy=-65,5938
[0,001] Ball=B001 X=120,3578 Y=324,7053 Vx=113,4142 Vy=-38,6650
[0,001] Ball=B007 X=308,5287 Y=172,8899 Vx=-72,3389 Vy=-142,1770
[0,000] Ball=B006 X=113,8847 Y=162,3556 Vx=-113,2869 Vy=32,0405
[0,000] Ball=B005 X=313,2363 Y=122,4542 Vx=60,9569 Vy=-51,9556
[0,000] Ball=B004 X=47,6472 Y=234,1820 Vx=129,8885 Vy=33,8539
[0,000] Ball=B003 X=68,4696 Y=354,2778 Vx=-161,4905 Vy=170,8636
[0,001] Ball=B001 X=122,1972 Y=324,0782 Vx=113,4142 Vy=-38,6650
[0,000] Ball=B002 X=321,9610 Y=307,2200 Vx=-39,1950 Vy=-65,5938
[0,001] Ball=B007 X=307,3484 Y=170,5700 Vx=-72,3389 Vy=-142,1770
[0,000] Ball=B006 X=112,0363 Y=162,8784 Vx=-113,2869 Vy=32,0405
[0,001] Ball=B005 X=314,2308 Y=121,6065 Vx=60,9569 Vy=-51,9556
[0,000] Ball=B004 X=49,7666 Y=234,7344 Vx=129,8885 Vy=33,8539
[0,000] Ball=B003 X=65,8347 Y=357,0655 Vx=-161,4905 Vy=170,8636
[0,012] Ball=B002 X=321,2513 Y=306,0322 Vx=-39,1950 Vy=-65,5938
[0,001] Ball=B001 X=124,2534 Y=323,3772 Vx=113,4142 Vy=-38,6650
[0,001] Ball=B007 X=306,1255 Y=168,1665 Vx=-72,3389 Vy=-142,1770
[0,001] Ball=B005 X=315,2613 Y=120,7282 Vx=60,9569 Vy=-51,9556
[0,000] Ball=B004 X=51,9619 Y=235,3065 Vx=129,8885 Vy=33,8539
[0,000] Ball=B003 X=63,1045 Y=359,9542 Vx=-161,4905 Vy=170,8636
[0,000] Ball=B006 X=110,1067 Y=163,4241 Vx=-113,2869 Vy=32,0405
[0,001] Ball=B002 X=320,7031 Y=305,1148 Vx=-39,1950 Vy=-65,5938
[0,001] Ball=B001 X=125,8381 Y=322,8369 Vx=113,4142 Vy=-38,6650
[0,001] Ball=B007 X=305,0127 Y=165,9795 Vx=-72,3389 Vy=-142,1770
[0,000] Ball=B005 X=316,2018 Y=119,9266 Vx=60,9569 Vy=-51,9556
[0,003] Ball=B006 X=108,3726 Y=163,9146 Vx=-113,2869 Vy=32,0405
[0,000] Ball=B003 X=60,6119 Y=362,5915 Vx=-161,4905 Vy=170,8636
[0,001] Ball=B004 X=53,9679 Y=235,8294 Vx=129,8885 Vy=33,8539
[0,001] Ball=B002 X=320,0971 Y=304,1007 Vx=-39,1950 Vy=-65,5938
[0,001] Ball=B001 X=127,5917 Y=322,2391 Vx=113,4142 Vy=-38,6650
[0,000] Ball=B007 X=303,8519 Y=163,6978 Vx=-72,3389 Vy=-142,1770
[0,000] Ball=B006 X=106,5606 Y=164,4271 Vx=-113,2869 Vy=32,0405
[0,001] Ball=B005 X=317,1773 Y=119,0951 Vx=60,9569 Vy=-51,9556
[0,000] Ball=B004 X=56,0449 Y=236,3707 Vx=129,8885 Vy=33,8539
[0,000] Ball=B003 X=58,0292 Y=365,3241 Vx=-161,4905 Vy=170,8636
[0,001] Ball=B002 X=319,4671 Y=303,0462 Vx=-39,1950 Vy=-65,5938
[0,000] Ball=B001 X=129,4144 Y=321,6177 Vx=113,4142 Vy=-38,6650
[0,002] Ball=B007 X=302,7632 Y=161,5582 Vx=-72,3389 Vy=-142,1770
[0,001] Ball=B006 X=104,8561 Y=164,9092 Vx=-113,2869 Vy=32,0405
[0,000] Ball=B005 X=318,0945 Y=118,3133 Vx=60,9569 Vy=-51,9556
[0,000] Ball=B004 X=57,9996 Y=236,8802 Vx=129,8885 Vy=33,8539
[0,000] Ball=B003 X=55,5847 Y=367,9105 Vx=-161,4905 Vy=170,8636
[0,001] Ball=B002 X=318,8324 Y=301,9841 Vx=-39,1950 Vy=-65,5938
[0,001] Ball=B001 X=131,2562 Y=320,9898 Vx=113,4142 Vy=-38,6650
[0,001] Ball=B007 X=301,5847 Y=159,2418 Vx=-72,3389 Vy=-142,1770
[0,001] Ball=B006 X=103,0102 Y=165,4312 Vx=-113,2869 Vy=32,0405
[0,000] Ball=B005 X=319,0877 Y=117,4668 Vx=60,9569 Vy=-51,9556
[0,000] Ball=B003 X=52,9679 Y=370,6792 Vx=-161,4905 Vy=170,8636
[0,000] Ball=B004 X=60,1156 Y=237,4317 Vx=129,8885 Vy=33,8539
[0,001] Ball=B001 X=133,0779 Y=320,3687 Vx=113,4142 Vy=-38,6650
[0,001] Ball=B002 X=318,2005 Y=300,9266 Vx=-39,1950 Vy=-65,5938
[0,001] Ball=B007 X=300,4322 Y=156,9768 Vx=-72,3389 Vy=-142,1770
[0,000] Ball=B006 X=101,2051 Y=165,9417 Vx=-113,2869 Vy=32,0405
[0,000] Ball=B005 X=320,0589 Y=116,6390 Vx=60,9569 Vy=-51,9556
[0,001] Ball=B004 X=62,1854 Y=237,9712 Vx=129,8885 Vy=33,8539
[0,000] Ball=B003 X=50,3935 Y=373,4029 Vx=-161,4905 Vy=170,8636
[0,001] Ball=B001 X=135,0108 Y=319,7098 Vx=113,4142 Vy=-38,6650
[0,001] Ball=B002 X=317,5328 Y=299,8092 Vx=-39,1950 Vy=-65,5938
[0,000] Ball=B007 X=299,2640 Y=154,6807 Vx=-72,3389 Vy=-142,1770
[0,000] Ball=B006 X=99,3754 Y=166,4592 Vx=-113,2869 Vy=32,0405
[0,000] Ball=B005 X=321,0436 Y=115,7997 Vx=60,9569 Vy=-51,9556
[0,000] Ball=B004 X=64,2825 Y=238,5178 Vx=129,8885 Vy=33,8539
[0,000] Ball=B003 X=47,7871 Y=376,1607 Vx=-161,4905 Vy=170,8636
[0,001] Ball=B002 X=316,9285 Y=298,7979 Vx=-39,1950 Vy=-65,5938
[0,001] Ball=B001 X=136,7614 Y=319,1130 Vx=113,4142 Vy=-38,6650
[0,001] Ball=B007 X=298,0380 Y=152,2712 Vx=-72,3389 Vy=-142,1770
[0,000] Ball=B006 X=97,4559 Y=167,0021 Vx=-113,2869 Vy=32,0405
[0,000] Ball=B005 X=322,0765 Y=114,9194 Vx=60,9569 Vy=-51,9556
[0,000] Ball=B004 X=66,4842 Y=239,0916 Vx=129,8885 Vy=33,8539
[0,000] Ball=B003 X=45,0471 Y=379,0597 Vx=-161,4905 Vy=170,8636
[0,001] Ball=B002 X=316,3131 Y=297,7680 Vx=-39,1950 Vy=-65,5938
[0,001] Ball=B001 X=138,5401 Y=318,5066 Vx=113,4142 Vy=-38,6650
[0,001] Ball=B007 X=296,9441 Y=150,1212 Vx=-72,3389 Vy=-142,1770
[0,001] Ball=B006 X=95,7432 Y=167,4865 Vx=-113,2869 Vy=32,0405
[0,001] Ball=B005 X=322,9978 Y=114,1341 Vx=60,9569 Vy=-51,9556
[0,000] Ball=B004 X=68,4473 Y=239,6033 Vx=129,8885 Vy=33,8539
[0,000] Ball=B003 X=42,5976 Y=381,6514 Vx=-161,4905 Vy=170,8636
[0,001] Ball=B002 X=315,6890 Y=296,7236 Vx=-39,1950 Vy=-65,5938
[0,001] Ball=B001 X=140,3468 Y=317,8906 Vx=113,4142 Vy=-38,6650
[0,001] Ball=B007 X=295,7036 Y=147,6830 Vx=-72,3389 Vy=-142,1770
[0,000] Ball=B006 X=93,8003 Y=168,0360 Vx=-113,2869 Vy=32,0405
[0,000] Ball=B005 X=324,0433 Y=113,2430 Vx=60,9569 Vy=-51,9556
[0,001] Ball=B004 X=70,6753 Y=240,1840 Vx=129,8885 Vy=33,8539
[0,005] Ball=B003 X=39,8271 Y=377,0687 Vx=-161,4905 Vy=-170,8636
[0,001] Ball=B001 X=142,2745 Y=317,2334 Vx=113,4142 Vy=-38,6650
[0,001] Ball=B002 X=315,0226 Y=295,6083 Vx=-39,1950 Vy=-65,5938
[0,000] Ball=B007 X=294,6290 Y=145,5709 Vx=-72,3389 Vy=-142,1770
[0,000] Ball=B006 X=92,1163 Y=168,5123 Vx=-113,2869 Vy=32,0405
[0,000] Ball=B005 X=324,9496 Y=112,4705 Vx=60,9569 Vy=-51,9556
[0,000] Ball=B004 X=72,6062 Y=240,6872 Vx=129,8885 Vy=33,8539
[0,000] Ball=B003 X=37,4370 Y=374,5399 Vx=-161,4905 Vy=-170,8636
[0,001] Ball=B002 X=314,3958 Y=294,5594 Vx=-39,1950 Vy=-65,5938
[0,001] Ball=B001 X=144,0881 Y=316,6152 Vx=113,4142 Vy=-38,6650
[0,001] Ball=B007 X=293,4737 Y=143,3003 Vx=-72,3389 Vy=-142,1770
[0,000] Ball=B006 X=90,3074 Y=169,0239 Vx=-113,2869 Vy=32,0405
[0,000] Ball=B005 X=325,9261 Y=111,6382 Vx=60,9569 Vy=-51,9556
[0,000] Ball=B004 X=74,6863 Y=241,2294 Vx=129,8885 Vy=33,8539
[0,000] Ball=B003 X=34,8516 Y=371,8044 Vx=-161,4905 Vy=-170,8636
[0,001] Ball=B001 X=145,7892 Y=316,0352 Vx=113,4142 Vy=-38,6650
[0,001] Ball=B002 X=313,8079 Y=293,5755 Vx=-39,1950 Vy=-65,5938
[0,001] Ball=B007 X=292,2758 Y=140,9458 Vx=-72,3389 Vy=-142,1770
[0,000] Ball=B006 X=88,4318 Y=169,5544 Vx=-113,2869 Vy=32,0405
[0,000] Ball=B005 X=326,9320 Y=110,7808 Vx=60,9569 Vy=-51,9556
[0,000] Ball=B003 X=32,1861 Y=368,9842 Vx=-161,4905 Vy=-170,8636
[0,000] Ball=B004 X=76,8307 Y=241,7883 Vx=129,8885 Vy=33,8539
[0,001] Ball=B001 X=147,6705 Y=315,3938 Vx=113,4142 Vy=-38,6650
[0,001] Ball=B002 X=313,1577 Y=292,4874 Vx=-39,1950 Vy=-65,5938
[0,000] Ball=B007 X=291,1893 Y=138,8104 Vx=-72,3389 Vy=-142,1770
[0,001] Ball=B006 X=86,7303 Y=170,0356 Vx=-113,2869 Vy=32,0405
[0,000] Ball=B004 X=78,7799 Y=242,2963 Vx=129,8885 Vy=33,8539
[0,000] Ball=B003 X=29,7626 Y=366,4200 Vx=-161,4905 Vy=-170,8636
[0,001] Ball=B005 X=327,8475 Y=110,0006 Vx=60,9569 Vy=-51,9556
[0,001] Ball=B002 X=312,5305 Y=291,4378 Vx=-39,1950 Vy=-65,5938
[0,001] Ball=B001 X=149,4861 Y=314,7749 Vx=113,4142 Vy=-38,6650
[0,000] Ball=B007 X=290,0315 Y=136,5348 Vx=-72,3389 Vy=-142,1770
[0,000] Ball=B006 X=84,9162 Y=170,5487 Vx=-113,2869 Vy=32,0405
[0,000] Ball=B004 X=80,8597 Y=242,8384 Vx=129,8885 Vy=33,8539
[0,000] Ball=B003 X=27,1766 Y=363,6839 Vx=-161,4905 Vy=-170,8636
[0,001] Ball=B005 X=328,8234 Y=109,1688 Vx=60,9569 Vy=-51,9556
[0,001] Ball=B002 X=311,9428 Y=290,4542 Vx=-39,1950 Vy=-65,5938
[0,001] Ball=B001 X=151,1863 Y=314,1952 Vx=113,4142 Vy=-38,6650
[0,001] Ball=B007 X=288,8716 Y=134,2551 Vx=-72,3389 Vy=-142,1770
[0,000] Ball=B006 X=83,1006 Y=171,0622 Vx=-113,2869 Vy=32,0405
[0,000] Ball=B005 X=329,8006 Y=108,3358 Vx=60,9569 Vy=-51,9556
[0,000] Ball=B003 X=24,5870 Y=360,9441 Vx=-161,4905 Vy=-170,8636
[0,000] Ball=B004 X=82,9425 Y=243,3813 Vx=129,8885 Vy=33,8539
[0,001] Ball=B002 X=311,2760 Y=289,3383 Vx=-39,1950 Vy=-65,5938
[0,001] Ball=B001 X=153,1165 Y=313,5372 Vx=113,4142 Vy=-38,6650
[0,000] Ball=B006 X=81,2914 Y=171,5739 Vx=-113,2869 Vy=32,0405
[0,000] Ball=B005 X=330,7738 Y=107,5063 Vx=60,9569 Vy=-51,9556
[0,000] Ball=B007 X=287,7158 Y=131,9836 Vx=-72,3389 Vy=-142,1770
[0,000] Ball=B004 X=85,0169 Y=243,9219 Vx=129,8885 Vy=33,8539
[0,000] Ball=B003 X=22,0080 Y=358,2154 Vx=-161,4905 Vy=-170,8636
[0,001] Ball=B001 X=154,9288 Y=312,9193 Vx=113,4142 Vy=-38,6650
[0,001] Ball=B002 X=310,6493 Y=288,2895 Vx=-39,1950 Vy=-65,5938
[0,001] Ball=B007 X=286,5596 Y=129,7111 Vx=-72,3389 Vy=-142,1770
[0,000] Ball=B005 X=331,7486 Y=106,6755 Vx=60,9569 Vy=-51,9556
[0,001] Ball=B006 X=79,4794 Y=172,0863 Vx=-113,2869 Vy=32,0405
[0,000] Ball=B004 X=87,0933 Y=244,4631 Vx=129,8885 Vy=33,8539
[0,000] Ball=B003 X=19,4259 Y=355,4834 Vx=-161,4905 Vy=-170,8636
[0,001] Ball=B002 X=310,0545 Y=287,2940 Vx=-39,1950 Vy=-65,5938
[0,001] Ball=B001 X=156,7829 Y=312,2873 Vx=113,4142 Vy=-38,6650
[0,001] Ball=B007 X=285,0847 Y=126,8122 Vx=-72,3389 Vy=-142,1770
[0,000] Ball=B006 X=77,1680 Y=172,7401 Vx=-113,2869 Vy=32,0405
[0,000] Ball=B005 X=332,9926 Y=105,6152 Vx=60,9569 Vy=-51,9556
[0,000] Ball=B004 X=89,7440 Y=245,1540 Vx=129,8885 Vy=33,8539
[0,000] Ball=B003 X=16,1304 Y=351,9966 Vx=-161,4905 Vy=-170,8636
[0,001] Ball=B002 X=309,3161 Y=286,0584 Vx=-39,1950 Vy=-65,5938
[0,001] Ball=B007 X=284,0996 Y=124,8761 Vx=-72,3389 Vy=-142,1770
[0,001] Ball=B001 X=158,7864 Y=311,6042 Vx=113,4142 Vy=-38,6650
[0,000] Ball=B006 X=75,6268 Y=173,1760 Vx=-113,2869 Vy=32,0405
[0,000] Ball=B004 X=91,5119 Y=245,6148 Vx=129,8885 Vy=33,8539
[0,000] Ball=B005 X=333,8223 Y=104,9080 Vx=60,9569 Vy=-51,9556
[0,000] Ball=B003 X=13,9325 Y=349,6711 Vx=-161,4905 Vy=-170,8636
[0,001] Ball=B001 X=160,9503 Y=310,8665 Vx=113,4142 Vy=-38,6650
[0,000] Ball=B007 X=282,7194 Y=122,1635 Vx=-72,3389 Vy=-142,1770
[0,001] Ball=B002 X=308,5683 Y=284,8070 Vx=-39,1950 Vy=-65,5938
[0,000] Ball=B004 X=93,9891 Y=246,2604 Vx=129,8885 Vy=33,8539
[0,001] Ball=B006 X=73,4651 Y=173,7874 Vx=-113,2869 Vy=32,0405
[0,000] Ball=B003 X=10,8527 Y=346,4126 Vx=-161,4905 Vy=-170,8636
[0,001] Ball=B005 X=334,9850 Y=103,9170 Vx=60,9569 Vy=-51,9556
