# Diagnostic log started at 2026-05-21T16:41:25.4628654+02:00
# Format: [timestamp_ms] Ball=ID X=x Y=y Vx=vx Vy=vy
[0,057] Ball=B002 X=191,0071 Y=295,4586 Vx=42,0566 Vy=-93,9442
[0,020] Ball=B004 X=338,5314 Y=292,6781 Vx=-57,9537 Vy=-93,4147
[0,029] Ball=B003 X=231,0116 Y=51,8304 Vx=67,0771 Vy=-207,6407
[6,669] Ball=B008 X=137,0534 Y=156,5348 Vx=-60,3053 Vy=142,8575
[4,677] Ball=B006 X=346,7770 Y=99,6078 Vx=97,5278 Vy=93,0237
[0,801] Ball=B001 X=168,2604 Y=229,6291 Vx=63,1107 Vy=-70,8199
[0,251] Ball=B005 X=320,5914 Y=257,6344 Vx=76,0301 Vy=99,2500
[4,694] Ball=B007 X=378,9287 Y=41,2958 Vx=-77,1763 Vy=-55,1570
[25,209] Ball=B008 X=135,9354 Y=159,1833 Vx=-60,3053 Vy=142,8575
[32,602] Ball=B004 X=336,6433 Y=289,6345 Vx=-57,9537 Vy=-93,4147
[35,843] Ball=B001 X=170,4879 Y=227,1295 Vx=63,1107 Vy=-70,8199
[32,491] Ball=B005 X=323,0426 Y=260,8343 Vx=76,0301 Vy=99,2500
[32,746] Ball=B003 X=233,2062 Y=45,0370 Vx=67,0771 Vy=-207,6407
[32,276] Ball=B006 X=349,4686 Y=102,1751 Vx=97,5278 Vy=93,0237
[33,248] Ball=B002 X=192,4030 Y=292,3405 Vx=42,0566 Vy=-93,9442
[27,826] Ball=B007 X=377,1434 Y=40,0199 Vx=-77,1763 Vy=-55,1570
[47,251] Ball=B006 X=350,9292 Y=103,5682 Vx=97,5278 Vy=93,0237
[47,720] Ball=B003 X=234,2105 Y=41,9280 Vx=67,0771 Vy=-207,6407
[48,226] Ball=B002 X=193,0329 Y=290,9335 Vx=42,0566 Vy=-93,9442
[42,818] Ball=B007 X=375,9864 Y=39,1930 Vx=-77,1763 Vy=-55,1570
[50,861] Ball=B001 X=171,4358 Y=226,0659 Vx=63,1107 Vy=-70,8199
[47,521] Ball=B005 X=324,1854 Y=262,3260 Vx=76,0301 Vy=99,2500
[47,604] Ball=B004 X=335,7738 Y=288,2331 Vx=-57,9537 Vy=-93,4147
[40,393] Ball=B008 X=135,0196 Y=161,3526 Vx=-60,3053 Vy=142,8575
[63,594] Ball=B004 X=336,6445 Y=290,7575 Vx=21,0111 Vy=83,1190
[58,809] Ball=B007 X=374,7523 Y=38,3110 Vx=-77,1763 Vy=-55,1570
[56,200] Ball=B008 X=134,0664 Y=163,6107 Vx=-60,3053 Vy=142,8575
[66,847] Ball=B001 X=172,4447 Y=224,9337 Vx=63,1107 Vy=-70,8199
[64,256] Ball=B002 X=193,7071 Y=289,4274 Vx=42,0566 Vy=-93,9442
[63,521] Ball=B005 X=323,1177 Y=258,8076 Vx=-33,3058 Vy=-145,1813
[63,307] Ball=B006 X=352,4951 Y=105,0618 Vx=97,5278 Vy=93,0237
[63,879] Ball=B003 X=235,2945 Y=38,5726 Vx=67,0771 Vy=-207,6407
[73,799] Ball=B007 X=373,5954 Y=37,4843 Vx=-77,1763 Vy=-55,1570
[71,190] Ball=B008 X=133,1625 Y=165,7520 Vx=-60,3053 Vy=142,8575
[78,470] Ball=B005 X=322,6199 Y=256,6374 Vx=-33,3058 Vy=-145,1813
[78,269] Ball=B006 X=353,9542 Y=106,4536 Vx=97,5278 Vy=93,0237
[81,849] Ball=B001 X=173,3914 Y=223,8713 Vx=63,1107 Vy=-70,8199
[78,751] Ball=B003 X=236,2921 Y=35,4845 Vx=67,0771 Vy=-207,6407
[78,668] Ball=B004 X=336,9612 Y=292,0105 Vx=21,0111 Vy=83,1190
[79,396] Ball=B002 X=194,3438 Y=288,0052 Vx=42,0566 Vy=-93,9442
[94,598] Ball=B004 X=337,2959 Y=293,3345 Vx=21,0111 Vy=83,1190
[95,242] Ball=B002 X=195,0102 Y=286,5166 Vx=42,0566 Vy=-93,9442
[94,489] Ball=B005 X=322,0863 Y=254,3117 Vx=-33,3058 Vy=-145,1813
[94,280] Ball=B006 X=355,5158 Y=107,9430 Vx=97,5278 Vy=93,0237
[97,857] Ball=B001 X=174,4017 Y=222,7376 Vx=63,1107 Vy=-70,8199
[87,240] Ball=B008 X=132,1945 Y=168,0450 Vx=-60,3053 Vy=142,8575
[94,780] Ball=B003 X=237,3673 Y=32,1562 Vx=67,0771 Vy=-207,6407
[89,956] Ball=B007 X=372,3485 Y=36,5930 Vx=-77,1763 Vy=-55,1570
[102,189] Ball=B008 X=131,2931 Y=170,1804 Vx=-60,3053 Vy=142,8575
[104,807] Ball=B007 X=371,2023 Y=35,7739 Vx=-77,1763 Vy=-55,1570
[109,264] Ball=B006 X=356,9772 Y=109,3369 Vx=97,5278 Vy=93,0237
[109,490] Ball=B005 X=321,5867 Y=252,1338 Vx=-33,3058 Vy=-145,1813
[110,258] Ball=B002 X=195,6418 Y=285,1059 Vx=42,0566 Vy=-93,9442
[109,787] Ball=B004 X=337,6151 Y=294,5971 Vx=21,0111 Vy=83,1190
[109,930] Ball=B003 X=238,3834 Y=29,0106 Vx=67,0771 Vy=-207,6407
[113,043] Ball=B001 X=175,3601 Y=221,6622 Vx=63,1107 Vy=-70,8199
[128,814] Ball=B001 X=176,3553 Y=220,5453 Vx=63,1107 Vy=-70,8199
[125,713] Ball=B003 X=239,4421 Y=25,7335 Vx=67,0771 Vy=-207,6407
[120,800] Ball=B007 X=369,9680 Y=34,8918 Vx=-77,1763 Vy=-55,1570
[126,240] Ball=B002 X=196,3139 Y=283,6044 Vx=42,0566 Vy=-93,9442
[125,488] Ball=B005 X=321,0539 Y=249,8111 Vx=-33,3058 Vy=-145,1813
[125,626] Ball=B004 X=337,9478 Y=295,9136 Vx=21,0111 Vy=83,1190
[125,299] Ball=B006 X=358,5409 Y=110,8284 Vx=97,5278 Vy=93,0237
[118,241] Ball=B008 X=130,3250 Y=172,4738 Vx=-60,3053 Vy=142,8575
[140,610] Ball=B004 X=338,2627 Y=297,1590 Vx=21,0111 Vy=83,1190
[140,280] Ball=B006 X=360,0021 Y=112,2221 Vx=97,5278 Vy=93,0237
[133,226] Ball=B008 X=129,4213 Y=174,6145 Vx=-60,3053 Vy=142,8575
[143,865] Ball=B001 X=177,3053 Y=219,4794 Vx=63,1107 Vy=-70,8199
[141,285] Ball=B002 X=196,9467 Y=282,1911 Vx=42,0566 Vy=-93,9442
[140,782] Ball=B003 X=240,4529 Y=22,6044 Vx=67,0771 Vy=-207,6407
[140,540] Ball=B005 X=320,5525 Y=247,6259 Vx=-33,3058 Vy=-145,1813
[135,968] Ball=B007 X=368,7974 Y=34,0551 Vx=-77,1763 Vy=-55,1570
[157,316] Ball=B002 X=197,6209 Y=280,6850 Vx=42,0566 Vy=-93,9442
[156,335] Ball=B006 X=361,5678 Y=113,7155 Vx=97,5278 Vy=93,0237
[151,883] Ball=B007 X=367,5692 Y=33,1774 Vx=-77,1763 Vy=-55,1570
[156,667] Ball=B004 X=338,6000 Y=298,4937 Vx=21,0111 Vy=83,1190
[156,576] Ball=B005 X=320,0185 Y=245,2978 Vx=-33,3058 Vy=-145,1813
[156,832] Ball=B003 X=241,5295 Y=19,2717 Vx=67,0771 Vy=-207,6407
[159,954] Ball=B001 X=178,3207 Y=218,3399 Vx=63,1107 Vy=-70,8199
[149,324] Ball=B008 X=128,4505 Y=176,9142 Vx=-60,3053 Vy=142,8575
[178,789] Ball=B001 X=179,5094 Y=217,0060 Vx=63,1107 Vy=-70,8199
[168,155] Ball=B008 X=127,3150 Y=179,6042 Vx=-60,3053 Vy=142,8575
[175,688] Ball=B003 X=242,7943 Y=15,3566 Vx=67,0771 Vy=-207,6407
[175,217] Ball=B006 X=363,4093 Y=115,4719 Vx=97,5278 Vy=93,0237
[175,449] Ball=B005 X=319,3899 Y=242,5578 Vx=-33,3058 Vy=-145,1813
[175,570] Ball=B004 X=338,9972 Y=300,0649 Vx=21,0111 Vy=83,1190
[176,236] Ball=B002 X=198,4166 Y=278,9076 Vx=42,0566 Vy=-93,9442
[170,812] Ball=B007 X=366,1083 Y=32,1333 Vx=-77,1763 Vy=-55,1570
[193,806] Ball=B001 X=180,4571 Y=215,9426 Vx=63,1107 Vy=-70,8199
[185,784] Ball=B007 X=364,9528 Y=31,3075 Vx=-77,1763 Vy=-55,1570
[183,182] Ball=B008 X=126,4087 Y=181,7511 Vx=-60,3053 Vy=142,8575
[191,241] Ball=B002 X=199,0477 Y=277,4980 Vx=42,0566 Vy=-93,9442
[190,739] Ball=B003 X=243,8038 Y=12,2314 Vx=67,0771 Vy=-207,6407
[190,502] Ball=B005 X=318,8885 Y=240,3723 Vx=-33,3058 Vy=-145,1813
[190,628] Ball=B004 X=339,3136 Y=301,3165 Vx=21,0111 Vy=83,1190
[190,300] Ball=B006 X=364,8805 Y=116,8752 Vx=97,5278 Vy=93,0237
[208,872] Ball=B001 X=181,4079 Y=214,8756 Vx=63,1107 Vy=-70,8199
[206,602] Ball=B002 X=199,6937 Y=276,0549 Vx=42,0566 Vy=-93,9442
[198,655] Ball=B008 X=125,4756 Y=183,9616 Vx=-60,3053 Vy=142,8575
[206,282] Ball=B004 X=339,6425 Y=302,6177 Vx=21,0111 Vy=83,1190
[206,176] Ball=B005 X=318,3665 Y=238,0968 Vx=-33,3058 Vy=-145,1813
[206,428] Ball=B003 X=244,8562 Y=8,9736 Vx=67,0771 Vy=-207,6407
[201,507] Ball=B007 X=363,7393 Y=30,4402 Vx=-77,1763 Vy=-55,1570
[206,059] Ball=B006 X=362,4631 Y=118,3410 Vx=-97,5278 Vy=93,0237
[222,710] Ball=B003 X=245,9484 Y=5,5929 Vx=67,0771 Vy=-207,6407
[222,241] Ball=B006 X=360,8850 Y=119,8463 Vx=-97,5278 Vy=93,0237
[217,795] Ball=B007 X=362,4823 Y=29,5418 Vx=-77,1763 Vy=-55,1570
[222,474] Ball=B005 X=317,8237 Y=235,7306 Vx=-33,3058 Vy=-145,1813
[222,608] Ball=B004 X=339,9855 Y=303,9747 Vx=21,0111 Vy=83,1190
[225,850] Ball=B001 X=182,4794 Y=213,6732 Vx=63,1107 Vy=-70,8199
[223,271] Ball=B002 X=200,3947 Y=274,4890 Vx=42,0566 Vy=-93,9442
[215,231] Ball=B008 X=124,4760 Y=186,3294 Vx=-60,3053 Vy=142,8575
[238,260] Ball=B002 X=201,0251 Y=273,0809 Vx=42,0566 Vy=-93,9442
[237,506] Ball=B005 X=317,3230 Y=233,5482 Vx=-33,3058 Vy=-145,1813
[230,222] Ball=B008 X=123,5720 Y=188,4710 Vx=-60,3053 Vy=142,8575
[232,847] Ball=B007 X=361,3206 Y=28,7116 Vx=-77,1763 Vy=-55,1570
[237,649] Ball=B004 X=340,3016 Y=305,2248 Vx=21,0111 Vy=83,1190
[237,375] Ball=B006 X=359,4089 Y=121,2543 Vx=-97,5278 Vy=93,0237
[237,800] Ball=B003 X=246,9606 Y=2,4595 Vx=67,0771 Vy=-207,6407
[240,954] Ball=B001 X=183,4327 Y=212,6035 Vx=63,1107 Vy=-70,8199
[255,960] Ball=B001 X=184,3797 Y=211,5408 Vx=63,1107 Vy=-70,8199
[252,382] Ball=B006 X=357,9454 Y=122,6502 Vx=-97,5278 Vy=93,0237
[252,727] Ball=B004 X=340,6184 Y=306,4781 Vx=21,0111 Vy=83,1190
[247,957] Ball=B007 X=360,1545 Y=27,8782 Vx=-77,1763 Vy=-55,1570
[245,359] Ball=B008 X=122,6591 Y=190,6336 Vx=-60,3053 Vy=142,8575
[253,411] Ball=B002 X=201,6623 Y=271,6575 Vx=42,0566 Vy=-93,9442
[252,940] Ball=B003 X=247,9761 Y=-0,6842 Vx=67,0771 Vy=-207,6407
[252,715] Ball=B005 X=316,8165 Y=231,3402 Vx=-33,3058 Vy=-145,1813
[268,932] Ball=B003 X=249,0488 Y=3,3205 Vx=67,0771 Vy=207,6407
[268,454] Ball=B006 X=356,3779 Y=124,1452 Vx=-97,5278 Vy=93,0237
[261,392] Ball=B008 X=121,6923 Y=192,9239 Vx=-60,3053 Vy=142,8575
[269,431] Ball=B002 X=202,3361 Y=270,1525 Vx=42,0566 Vy=-93,9442
[264,027] Ball=B007 X=358,9143 Y=26,9918 Vx=-77,1763 Vy=-55,1570
[272,066] Ball=B001 X=185,3962 Y=210,4001 Vx=63,1107 Vy=-70,8199
[268,837] Ball=B004 X=340,9569 Y=307,8172 Vx=21,0111 Vy=83,1190
[268,700] Ball=B005 X=316,2841 Y=229,0194 Vx=-33,3058 Vy=-145,1813
[284,639] Ball=B005 X=315,7532 Y=226,7055 Vx=-33,3058 Vy=-145,1813
[287,995] Ball=B001 X=186,4014 Y=209,2721 Vx=63,1107 Vy=-70,8199
[279,968] Ball=B007 X=357,6841 Y=26,1126 Vx=-77,1763 Vy=-55,1570
[277,371] Ball=B008 X=120,7286 Y=195,2067 Vx=-60,3053 Vy=142,8575
[284,910] Ball=B003 X=250,1206 Y=6,6383 Vx=67,0771 Vy=207,6407
[285,424] Ball=B002 X=203,0087 Y=268,6500 Vx=42,0566 Vy=-93,9442
[284,801] Ball=B004 X=341,2923 Y=309,1441 Vx=21,0111 Vy=83,1190
[284,469] Ball=B006 X=354,8160 Y=125,6350 Vx=-97,5278 Vy=93,0237
[303,843] Ball=B001 X=187,4016 Y=208,1498 Vx=63,1107 Vy=-70,8199
[301,262] Ball=B002 X=203,6747 Y=267,1622 Vx=42,0566 Vy=-93,9442
[300,627] Ball=B004 X=341,6248 Y=310,4595 Vx=21,0111 Vy=83,1190
[300,781] Ball=B003 X=251,1852 Y=9,9337 Vx=67,0771 Vy=207,6407
[300,319] Ball=B006 X=353,2702 Y=127,1094 Vx=-97,5278 Vy=93,0237
[295,885] Ball=B007 X=356,4556 Y=25,2346 Vx=-77,1763 Vy=-55,1570
[300,572] Ball=B005 X=315,2225 Y=224,3921 Vx=-33,3058 Vy=-145,1813
[293,288] Ball=B008 X=119,7687 Y=197,4806 Vx=-60,3053 Vy=142,8575
[315,441] Ball=B006 X=351,7953 Y=128,5162 Vx=-97,5278 Vy=93,0237
[310,982] Ball=B007 X=355,2905 Y=24,4019 Vx=-77,1763 Vy=-55,1570
[315,905] Ball=B003 X=252,1996 Y=13,0739 Vx=67,0771 Vy=207,6407
[308,453] Ball=B008 X=118,8542 Y=199,6470 Vx=-60,3053 Vy=142,8575
[319,172] Ball=B001 X=188,3691 Y=207,0641 Vx=63,1107 Vy=-70,8199
[316,584] Ball=B002 X=204,3192 Y=265,7227 Vx=42,0566 Vy=-93,9442
[316,087] Ball=B004 X=341,9496 Y=311,7445 Vx=21,0111 Vy=83,1190
[315,974] Ball=B005 X=314,7096 Y=222,1561 Vx=-33,3058 Vy=-145,1813
[326,955] Ball=B007 X=354,0577 Y=23,5209 Vx=-77,1763 Vy=-55,1570
[331,740] Ball=B004 X=342,2785 Y=313,0455 Vx=21,0111 Vy=83,1190
[331,639] Ball=B005 X=314,1878 Y=219,8818 Vx=-33,3058 Vy=-145,1813
[332,406] Ball=B002 X=204,9846 Y=264,2363 Vx=42,0566 Vy=-93,9442
[324,405] Ball=B008 X=117,8922 Y=201,9259 Vx=-60,3053 Vy=142,8575
[331,959] Ball=B003 X=253,2765 Y=16,4076 Vx=67,0771 Vy=207,6407
[335,060] Ball=B001 X=189,3718 Y=205,9389 Vx=63,1107 Vy=-70,8199
[331,710] Ball=B006 X=350,2086 Y=130,0296 Vx=-97,5278 Vy=93,0237
[346,780] Ball=B003 X=254,2706 Y=19,4849 Vx=67,0771 Vy=207,6407
[346,310] Ball=B006 X=348,7848 Y=131,3877 Vx=-97,5278 Vy=93,0237
[350,165] Ball=B001 X=190,3246 Y=204,8697 Vx=63,1107 Vy=-70,8199
[347,575] Ball=B002 X=205,6225 Y=262,8113 Vx=42,0566 Vy=-93,9442
[342,238] Ball=B007 X=352,8782 Y=22,6779 Vx=-77,1763 Vy=-55,1570
[339,634] Ball=B008 X=116,9738 Y=204,1014 Vx=-60,3053 Vy=142,8575
[346,943] Ball=B005 X=313,6781 Y=217,6600 Vx=-33,3058 Vy=-145,1813
[347,063] Ball=B004 X=342,6005 Y=314,3192 Vx=21,0111 Vy=83,1190
[362,724] Ball=B004 X=342,9295 Y=315,6209 Vx=21,0111 Vy=83,1190
[362,611] Ball=B005 X=313,1563 Y=215,3854 Vx=-33,3058 Vy=-145,1813
[357,961] Ball=B007 X=351,6648 Y=21,8107 Vx=-77,1763 Vy=-55,1570
[355,341] Ball=B008 X=116,0266 Y=206,3452 Vx=-60,3053 Vy=142,8575
[366,105] Ball=B001 X=191,3310 Y=203,7403 Vx=63,1107 Vy=-70,8199
[363,627] Ball=B002 X=206,2976 Y=261,3033 Vx=42,0566 Vy=-93,9442
[362,654] Ball=B006 X=347,1907 Y=132,9082 Vx=-97,5278 Vy=93,0237
[363,065] Ball=B003 X=255,3631 Y=22,8666 Vx=67,0771 Vy=207,6407
[377,752] Ball=B003 X=256,3482 Y=25,9160 Vx=67,0771 Vy=207,6407
[377,281] Ball=B006 X=345,7643 Y=134,2687 Vx=-97,5278 Vy=93,0237
[380,852] Ball=B001 X=192,2616 Y=202,6960 Vx=63,1107 Vy=-70,8199
[378,508] Ball=B002 X=206,9235 Y=259,9053 Vx=42,0566 Vy=-93,9442
[370,472] Ball=B008 X=115,1141 Y=208,5069 Vx=-60,3053 Vy=142,8575
[377,903] Ball=B005 X=312,6470 Y=213,1651 Vx=-33,3058 Vy=-145,1813
[373,237] Ball=B007 X=350,4858 Y=20,9681 Vx=-77,1763 Vy=-55,1570
[378,059] Ball=B004 X=343,2517 Y=316,8956 Vx=21,0111 Vy=83,1190
[393,622] Ball=B004 X=343,5787 Y=318,1891 Vx=21,0111 Vy=83,1190
[386,229] Ball=B008 X=114,1640 Y=210,7576 Vx=-60,3053 Vy=142,8575
[393,779] Ball=B005 X=312,1182 Y=210,8603 Vx=-33,3058 Vy=-145,1813
[394,551] Ball=B002 X=207,5982 Y=258,3982 Vx=42,0566 Vy=-93,9442
[393,666] Ball=B006 X=344,1662 Y=135,7930 Vx=-97,5278 Vy=93,0237
[389,224] Ball=B007 X=349,2520 Y=20,0863 Vx=-77,1763 Vy=-55,1570
[397,272] Ball=B001 X=193,2980 Y=201,5330 Vx=63,1107 Vy=-70,8199
[393,837] Ball=B003 X=257,4271 Y=29,2561 Vx=67,0771 Vy=207,6407
[408,746] Ball=B003 X=258,4271 Y=32,3515 Vx=67,0771 Vy=207,6407
[411,846] Ball=B001 X=194,2177 Y=200,5010 Vx=63,1107 Vy=-70,8199
[408,614] Ball=B004 X=343,8937 Y=319,4353 Vx=21,0111 Vy=83,1190
[408,553] Ball=B006 X=342,7142 Y=137,1779 Vx=-97,5278 Vy=93,0237
[408,786] Ball=B005 X=311,6184 Y=208,6816 Vx=-33,3058 Vy=-145,1813
[409,582] Ball=B002 X=208,2304 Y=256,9861 Vx=42,0566 Vy=-93,9442
[404,154] Ball=B007 X=348,0997 Y=19,2628 Vx=-77,1763 Vy=-55,1570
[401,609] Ball=B008 X=113,2364 Y=212,9550 Vx=-60,3053 Vy=142,8575
[417,206] Ball=B008 X=112,2959 Y=215,1830 Vx=-60,3053 Vy=142,8575
[419,821] Ball=B007 X=346,8907 Y=18,3987 Vx=-77,1763 Vy=-55,1570
[424,762] Ball=B003 X=259,5015 Y=35,6773 Vx=67,0771 Vy=207,6407
[425,283] Ball=B002 X=208,8907 Y=255,5111 Vx=42,0566 Vy=-93,9442
[424,316] Ball=B006 X=341,1770 Y=138,6441 Vx=-97,5278 Vy=93,0237
[424,661] Ball=B004 X=344,2309 Y=320,7691 Vx=21,0111 Vy=83,1190
[424,612] Ball=B005 X=311,0913 Y=206,3839 Vx=-33,3058 Vy=-145,1813
[428,032] Ball=B001 X=195,2393 Y=199,3547 Vx=63,1107 Vy=-70,8199
[440,239] Ball=B006 X=339,6241 Y=140,1253 Vx=-97,5278 Vy=93,0237
[441,216] Ball=B002 X=209,5607 Y=254,0144 Vx=42,0566 Vy=-93,9442
[440,723] Ball=B003 X=260,5721 Y=38,9913 Vx=67,0771 Vy=207,6407
[435,802] Ball=B007 X=345,6573 Y=17,5172 Vx=-77,1763 Vy=-55,1570
[440,489] Ball=B005 X=310,5625 Y=204,0788 Vx=-33,3058 Vy=-145,1813
[443,857] Ball=B001 X=196,2380 Y=198,2339 Vx=63,1107 Vy=-70,8199
[440,748] Ball=B004 X=344,5689 Y=322,1062 Vx=21,0111 Vy=83,1190
[433,359] Ball=B008 X=111,3217 Y=217,4908 Vx=-60,3053 Vy=142,8575
[456,208] Ball=B002 X=210,1913 Y=252,6059 Vx=42,0566 Vy=-93,9442
[455,579] Ball=B004 X=344,8805 Y=323,3390 Vx=21,0111 Vy=83,1190
[455,722] Ball=B003 X=261,5782 Y=42,1058 Vx=67,0771 Vy=207,6407
[448,197] Ball=B008 X=110,4269 Y=219,6105 Vx=-60,3053 Vy=142,8575
[455,361] Ball=B006 X=338,1492 Y=141,5321 Vx=-97,5278 Vy=93,0237
[455,577] Ball=B005 X=310,0600 Y=201,8884 Vx=-33,3058 Vy=-145,1813
[451,020] Ball=B007 X=344,4864 Y=16,6804 Vx=-77,1763 Vy=-55,1570
[459,053] Ball=B001 X=197,1971 Y=197,1577 Vx=63,1107 Vy=-70,8199
[471,461] Ball=B005 X=309,5310 Y=199,5824 Vx=-33,3058 Vy=-145,1813
[466,790] Ball=B007 X=343,2658 Y=15,8080 Vx=-77,1763 Vy=-55,1570
[464,192] Ball=B008 X=109,4623 Y=221,8955 Vx=-60,3053 Vy=142,8575
[471,731] Ball=B003 X=262,6520 Y=45,4299 Vx=67,0771 Vy=207,6407
[471,601] Ball=B004 X=345,2172 Y=324,6707 Vx=21,0111 Vy=83,1190
[474,858] Ball=B001 X=198,1945 Y=196,0384 Vx=63,1107 Vy=-70,8199
[471,298] Ball=B006 X=336,5949 Y=143,0146 Vx=-97,5278 Vy=93,0237
[472,378] Ball=B002 X=210,8713 Y=251,0868 Vx=42,0566 Vy=-93,9442
[487,223] Ball=B002 X=211,4956 Y=249,6922 Vx=42,0566 Vy=-93,9442
[489,818] Ball=B001 X=199,1386 Y=194,9790 Vx=63,1107 Vy=-70,8199
[486,585] Ball=B004 X=345,5320 Y=325,9161 Vx=21,0111 Vy=83,1190
[486,737] Ball=B003 X=263,6585 Y=48,5457 Vx=67,0771 Vy=207,6407
[486,532] Ball=B005 X=309,0290 Y=197,3942 Vx=-33,3058 Vy=-145,1813
[486,321] Ball=B006 X=335,1298 Y=144,4121 Vx=-97,5278 Vy=93,0237
[481,960] Ball=B007 X=342,0950 Y=14,9713 Vx=-77,1763 Vy=-55,1570
[479,355] Ball=B008 X=108,5479 Y=224,0616 Vx=-60,3053 Vy=142,8575
[497,793] Ball=B007 X=340,8731 Y=14,0980 Vx=-77,1763 Vy=-55,1570
[502,714] Ball=B003 X=264,7302 Y=51,8631 Vx=67,0771 Vy=207,6407
[502,462] Ball=B005 X=308,4985 Y=195,0817 Vx=-33,3058 Vy=-145,1813
[503,241] Ball=B002 X=212,1693 Y=248,1874 Vx=42,0566 Vy=-93,9442
[502,605] Ball=B004 X=345,8686 Y=327,2477 Vx=21,0111 Vy=83,1190
[502,282] Ball=B006 X=333,5731 Y=145,8969 Vx=-97,5278 Vy=93,0237
[495,244] Ball=B008 X=107,5897 Y=226,3316 Vx=-60,3053 Vy=142,8575
[505,963] Ball=B001 X=200,1576 Y=193,8356 Vx=63,1107 Vy=-70,8199
[521,792] Ball=B001 X=201,1565 Y=192,7146 Vx=63,1107 Vy=-70,8199
[511,171] Ball=B008 X=106,6292 Y=228,6068 Vx=-60,3053 Vy=142,8575
[519,217] Ball=B002 X=212,8412 Y=246,6865 Vx=42,0566 Vy=-93,9442
[518,715] Ball=B003 X=265,8036 Y=55,1857 Vx=67,0771 Vy=207,6407
[518,251] Ball=B006 X=332,0157 Y=147,3824 Vx=-97,5278 Vy=93,0237
[518,553] Ball=B005 X=307,9625 Y=192,7454 Vx=-33,3058 Vy=-145,1813
[513,949] Ball=B007 X=339,6262 Y=13,2068 Vx=-77,1763 Vy=-55,1570
[518,737] Ball=B004 X=346,2075 Y=328,5886 Vx=21,0111 Vy=83,1190
[536,888] Ball=B001 X=202,1092 Y=191,6455 Vx=63,1107 Vy=-70,8199
[528,877] Ball=B007 X=338,4741 Y=12,3834 Vx=-77,1763 Vy=-55,1570
[534,306] Ball=B002 X=213,4758 Y=245,2690 Vx=42,0566 Vy=-93,9442
[533,670] Ball=B004 X=346,5213 Y=329,8298 Vx=21,0111 Vy=83,1190
[533,563] Ball=B005 X=307,4626 Y=190,5663 Vx=-33,3058 Vy=-145,1813
[533,357] Ball=B006 X=330,5425 Y=148,7875 Vx=-97,5278 Vy=93,0237
[526,301] Ball=B008 X=105,7168 Y=230,7682 Vx=-60,3053 Vy=142,8575
[533,847] Ball=B003 X=266,8186 Y=58,3277 Vx=67,0771 Vy=207,6407
[542,172] Ball=B008 X=104,7598 Y=233,0354 Vx=-60,3053 Vy=142,8575
[549,581] Ball=B004 X=346,8556 Y=331,1523 Vx=21,0111 Vy=83,1190
[549,248] Ball=B006 X=328,9927 Y=150,2658 Vx=-97,5278 Vy=93,0237
[544,821] Ball=B007 X=337,2436 Y=11,5040 Vx=-77,1763 Vy=-55,1570
[552,834] Ball=B001 X=203,1156 Y=190,5162 Vx=63,1107 Vy=-70,8199
[549,841] Ball=B003 X=267,8915 Y=61,6489 Vx=67,0771 Vy=207,6407
[549,592] Ball=B005 X=306,9287 Y=188,2391 Vx=-33,3058 Vy=-145,1813
[550,476] Ball=B002 X=214,1559 Y=243,7500 Vx=42,0566 Vy=-93,9442
[565,304] Ball=B002 X=214,7795 Y=242,3569 Vx=42,0566 Vy=-93,9442
[564,543] Ball=B005 X=306,4308 Y=186,0687 Vx=-33,3058 Vy=-145,1813
[567,897] Ball=B001 X=204,0662 Y=189,4495 Vx=63,1107 Vy=-70,8199
[564,677] Ball=B004 X=347,1728 Y=332,4070 Vx=21,0111 Vy=83,1190
[559,901] Ball=B007 X=336,0798 Y=10,6723 Vx=-77,1763 Vy=-55,1570
[564,833] Ball=B003 X=268,8970 Y=64,7618 Vx=67,0771 Vy=207,6407
[564,368] Ball=B006 X=327,5180 Y=151,6723 Vx=-97,5278 Vy=93,0237
[557,325] Ball=B008 X=103,8459 Y=235,2002 Vx=-60,3053 Vy=142,8575
[580,727] Ball=B003 X=269,9631 Y=68,0618 Vx=67,0771 Vy=207,6407
[575,806] Ball=B007 X=334,8523 Y=9,7950 Vx=-77,1763 Vy=-55,1570
[581,260] Ball=B002 X=215,4505 Y=240,8580 Vx=42,0566 Vy=-93,9442
[580,631] Ball=B004 X=347,5080 Y=333,7332 Vx=21,0111 Vy=83,1190
[583,922] Ball=B001 X=205,0777 Y=188,3145 Vx=63,1107 Vy=-70,8199
[573,293] Ball=B008 X=102,8830 Y=237,4814 Vx=-60,3053 Vy=142,8575
[580,360] Ball=B006 X=325,9583 Y=153,1600 Vx=-97,5278 Vy=93,0237
[580,584] Ball=B005 X=305,8965 Y=183,7397 Vx=-33,3058 Vy=-145,1813
[595,740] Ball=B004 X=347,8254 Y=334,9890 Vx=21,0111 Vy=83,1190
[595,627] Ball=B005 X=305,3955 Y=181,5559 Vx=-33,3058 Vy=-145,1813
[596,389] Ball=B002 X=216,0868 Y=239,4366 Vx=42,0566 Vy=-93,9442
[599,001] Ball=B001 X=206,0292 Y=187,2467 Vx=63,1107 Vy=-70,8199
[595,431] Ball=B006 X=324,4885 Y=154,5619 Vx=-97,5278 Vy=93,0237
[595,918] Ball=B003 X=270,9821 Y=71,2163 Vx=67,0771 Vy=207,6407
[588,385] Ball=B008 X=101,9728 Y=239,6374 Vx=-60,3053 Vy=142,8575
[591,074] Ball=B007 X=333,6740 Y=8,9528 Vx=-77,1763 Vy=-55,1570
[614,947] Ball=B001 X=207,0356 Y=186,1174 Vx=63,1107 Vy=-70,8199
[611,866] Ball=B003 X=272,0518 Y=74,5276 Vx=67,0771 Vy=207,6407
[606,954] Ball=B007 X=332,4484 Y=8,0770 Vx=-77,1763 Vy=-55,1570
[611,754] Ball=B004 X=348,1619 Y=336,3200 Vx=21,0111 Vy=83,1190
[611,645] Ball=B005 X=304,8620 Y=179,2302 Vx=-33,3058 Vy=-145,1813
[604,379] Ball=B008 X=101,0083 Y=241,9222 Vx=-60,3053 Vy=142,8575
[612,426] Ball=B002 X=216,7613 Y=237,9301 Vx=42,0566 Vy=-93,9442
[611,450] Ball=B006 X=322,9262 Y=156,0521 Vx=-97,5278 Vy=93,0237
[626,318] Ball=B006 X=323,7151 Y=154,5624 Vx=19,6935 Vy=-57,3824
[619,304] Ball=B008 X=100,1082 Y=244,0545 Vx=-60,3053 Vy=142,8575
[626,583] Ball=B005 X=301,4441 Y=180,8088 Vx=-195,6122 Vy=63,0733
[621,920] Ball=B007 X=331,2934 Y=7,2515 Vx=-77,1763 Vy=-55,1570
[630,027] Ball=B001 X=207,9874 Y=185,0493 Vx=63,1107 Vy=-70,8199
[627,435] Ball=B002 X=217,3925 Y=236,5201 Vx=42,0566 Vy=-93,9442
[626,792] Ball=B004 X=348,4779 Y=337,5700 Vx=21,0111 Vy=83,1190
[626,984] Ball=B003 X=273,0660 Y=77,6668 Vx=67,0771 Vy=207,6407
[642,699] Ball=B003 X=274,1200 Y=80,9297 Vx=67,0771 Vy=207,6407
[642,246] Ball=B006 X=324,0288 Y=153,6484 Vx=19,6935 Vy=-57,3824
[635,189] Ball=B008 X=99,1503 Y=246,3237 Vx=-60,3053 Vy=142,8575
[637,803] Ball=B007 X=330,0676 Y=6,3754 Vx=-77,1763 Vy=-55,1570
[643,240] Ball=B002 X=218,0572 Y=235,0353 Vx=42,0566 Vy=-93,9442
[642,669] Ball=B004 X=348,8115 Y=338,8896 Vx=21,0111 Vy=83,1190
[645,915] Ball=B001 X=208,9901 Y=183,9241 Vx=63,1107 Vy=-70,8199
[642,576] Ball=B005 X=298,3157 Y=181,8175 Vx=-195,6122 Vy=63,0733
[660,805] Ball=B001 X=209,9298 Y=182,8697 Vx=63,1107 Vy=-70,8199
[657,564] Ball=B004 X=349,1244 Y=340,1276 Vx=21,0111 Vy=83,1190
[657,237] Ball=B006 X=324,3240 Y=152,7882 Vx=19,6935 Vy=-57,3824
[657,472] Ball=B005 X=295,4018 Y=182,7571 Vx=-195,6122 Vy=63,0733
[657,734] Ball=B003 X=275,1285 Y=84,0516 Vx=67,0771 Vy=207,6407
[658,253] Ball=B002 X=218,6886 Y=233,6249 Vx=42,0566 Vy=-93,9442
[652,877] Ball=B007 X=328,9042 Y=5,5440 Vx=-77,1763 Vy=-55,1570
[650,278] Ball=B008 X=98,2403 Y=248,4793 Vx=-60,3053 Vy=142,8575
[673,585] Ball=B004 X=349,4611 Y=341,4594 Vx=21,0111 Vy=83,1190
[674,228] Ball=B002 X=219,3604 Y=232,1243 Vx=42,0566 Vy=-93,9442
[673,470] Ball=B005 X=292,2726 Y=183,7660 Vx=-195,6122 Vy=63,0733
[676,846] Ball=B001 X=210,9422 Y=181,7336 Vx=63,1107 Vy=-70,8199
[666,212] Ball=B008 X=97,2794 Y=250,7556 Vx=-60,3053 Vy=142,8575
[673,757] Ball=B003 X=276,2033 Y=87,3787 Vx=67,0771 Vy=207,6407
[668,851] Ball=B007 X=327,6715 Y=4,6629 Vx=-77,1763 Vy=-55,1570
[673,313] Ball=B006 X=324,6406 Y=151,8657 Vx=19,6935 Vy=-57,3824
[688,706] Ball=B003 X=277,2060 Y=90,4826 Vx=67,0771 Vy=207,6407
[689,226] Ball=B002 X=219,9913 Y=230,7151 Vx=42,0566 Vy=-93,9442
[688,255] Ball=B006 X=324,9348 Y=151,0083 Vx=19,6935 Vy=-57,3824
[681,183] Ball=B008 X=96,3766 Y=252,8943 Vx=-60,3053 Vy=142,8575
[683,783] Ball=B007 X=326,5191 Y=3,8393 Vx=-77,1763 Vy=-55,1570
[688,631] Ball=B005 X=289,3065 Y=184,7224 Vx=-195,6122 Vy=63,0733
[688,746] Ball=B004 X=349,7796 Y=342,7196 Vx=21,0111 Vy=83,1190
[692,015] Ball=B001 X=211,8994 Y=180,6594 Vx=63,1107 Vy=-70,8199
[704,225] Ball=B006 X=325,2493 Y=150,0920 Vx=19,6935 Vy=-57,3824
[699,778] Ball=B007 X=325,2846 Y=2,9571 Vx=-77,1763 Vy=-55,1570
[697,169] Ball=B008 X=95,4126 Y=255,1780 Vx=-60,3053 Vy=142,8575
[704,712] Ball=B003 X=278,2797 Y=93,8063 Vx=67,0771 Vy=207,6407
[705,230] Ball=B002 X=220,6643 Y=229,2116 Vx=42,0566 Vy=-93,9442
[704,607] Ball=B004 X=350,1129 Y=344,0380 Vx=21,0111 Vy=83,1190
[704,569] Ball=B005 X=286,1889 Y=185,7277 Vx=-195,6122 Vy=63,0733
[707,938] Ball=B001 X=212,9043 Y=179,5317 Vx=63,1107 Vy=-70,8199
[719,461] Ball=B005 X=283,2760 Y=186,6669 Vx=-195,6122 Vy=63,0733
[719,245] Ball=B006 X=325,5451 Y=149,2300 Vx=19,6935 Vy=-57,3824
[722,814] Ball=B001 X=213,8432 Y=178,4782 Vx=63,1107 Vy=-70,8199
[720,231] Ball=B002 X=221,2952 Y=227,8025 Vx=42,0566 Vy=-93,9442
[719,738] Ball=B003 X=279,2876 Y=96,9263 Vx=67,0771 Vy=207,6407
[712,215] Ball=B008 X=94,5052 Y=257,3274 Vx=-60,3053 Vy=142,8575
[719,636] Ball=B004 X=350,4287 Y=345,2872 Vx=21,0111 Vy=83,1190
[714,943] Ball=B007 X=324,1142 Y=2,1206 Vx=-77,1763 Vy=-55,1570
[735,691] Ball=B003 X=280,3576 Y=100,2386 Vx=67,0771 Vy=207,6407
[735,234] Ball=B006 X=325,8600 Y=148,3126 Vx=19,6935 Vy=-57,3824
[728,171] Ball=B008 X=93,5430 Y=259,6068 Vx=-60,3053 Vy=142,8575
[730,796] Ball=B007 X=322,8907 Y=1,2462 Vx=-77,1763 Vy=-55,1570
[735,582] Ball=B004 X=350,7637 Y=346,6125 Vx=21,0111 Vy=83,1190
[736,240] Ball=B002 X=221,9685 Y=226,2985 Vx=42,0566 Vy=-93,9442
[735,489] Ball=B005 X=280,1405 Y=187,6779 Vx=-195,6122 Vy=63,0733
[738,839] Ball=B001 X=214,8546 Y=177,3433 Vx=63,1107 Vy=-70,8199
[743,187] Ball=B008 X=92,6375 Y=261,7518 Vx=-60,3053 Vy=142,8575
[750,580] Ball=B004 X=351,0788 Y=347,8591 Vx=21,0111 Vy=83,1190
[753,820] Ball=B001 X=215,7999 Y=176,2825 Vx=63,1107 Vy=-70,8199
[751,240] Ball=B002 X=222,5993 Y=224,8893 Vx=42,0566 Vy=-93,9442
[745,821] Ball=B007 X=321,7312 Y=0,4175 Vx=-77,1763 Vy=-55,1570
[750,499] Ball=B005 X=277,2045 Y=188,6246 Vx=-195,6122 Vy=63,0733
[750,397] Ball=B006 X=326,1586 Y=147,4425 Vx=19,6935 Vy=-57,3824
[750,874] Ball=B003 X=281,3761 Y=103,3914 Vx=67,0771 Vy=207,6407
[766,475] Ball=B005 X=274,0796 Y=189,6322 Vx=-195,6122 Vy=63,0733
[761,804] Ball=B007 X=320,4977 Y=-0,4640 Vx=-77,1763 Vy=-55,1570
[766,588] Ball=B004 X=351,4151 Y=349,1897 Vx=21,0111 Vy=83,1190
[767,243] Ball=B002 X=223,2724 Y=223,3859 Vx=42,0566 Vy=-93,9442
[766,279] Ball=B006 X=326,4714 Y=146,5311 Vx=19,6935 Vy=-57,3824
[766,765] Ball=B003 X=282,4420 Y=106,6909 Vx=67,0771 Vy=207,6407
[769,950] Ball=B001 X=216,8180 Y=175,1400 Vx=63,1107 Vy=-70,8199
[759,325] Ball=B008 X=91,6642 Y=264,0575 Vx=-60,3053 Vy=142,8575
[782,709] Ball=B003 X=283,5115 Y=110,0014 Vx=67,0771 Vy=207,6407
[775,188] Ball=B008 X=90,7077 Y=266,3235 Vx=-60,3053 Vy=142,8575
[783,226] Ball=B002 X=223,9446 Y=221,8844 Vx=42,0566 Vy=-93,9442
[777,803] Ball=B007 X=319,2629 Y=0,8825 Vx=-77,1763 Vy=55,1570
[785,843] Ball=B001 X=217,8210 Y=174,0145 Vx=63,1107 Vy=-70,8199
[782,307] Ball=B006 X=326,7870 Y=145,6114 Vx=19,6935 Vy=-57,3824
[782,530] Ball=B005 X=270,9388 Y=190,6449 Vx=-195,6122 Vy=63,0733
[782,716] Ball=B004 X=351,7540 Y=350,5303 Vx=21,0111 Vy=83,1190
[800,892] Ball=B001 X=218,7707 Y=172,9488 Vx=63,1107 Vy=-70,8199
[797,547] Ball=B005 X=268,0015 Y=191,5920 Vx=-195,6122 Vy=63,0733
[798,322] Ball=B002 X=224,5795 Y=220,4662 Vx=42,0566 Vy=-93,9442
[797,687] Ball=B004 X=352,0686 Y=351,7746 Vx=21,0111 Vy=83,1190
[797,492] Ball=B006 X=327,0861 Y=144,7400 Vx=19,6935 Vy=-57,3824
[793,043] Ball=B007 X=318,0868 Y=1,7231 Vx=-77,1763 Vy=55,1570
[797,967] Ball=B003 X=284,5350 Y=113,1697 Vx=67,0771 Vy=207,6407
[790,437] Ball=B008 X=89,7880 Y=268,5020 Vx=-60,3053 Vy=142,8575
[813,783] Ball=B003 X=285,5958 Y=116,4535 Vx=67,0771 Vy=207,6407
[806,251] Ball=B008 X=88,8344 Y=270,7610 Vx=-60,3053 Vy=142,8575
[813,647] Ball=B004 X=352,4039 Y=353,1012 Vx=21,0111 Vy=83,1190
[814,307] Ball=B002 X=225,2517 Y=218,9645 Vx=42,0566 Vy=-93,9442
[813,340] Ball=B006 X=327,3982 Y=143,8307 Vx=19,6935 Vy=-57,3824
[808,896] Ball=B007 X=316,8632 Y=2,5975 Vx=-77,1763 Vy=55,1570
[813,654] Ball=B005 X=264,8505 Y=192,6080 Vx=-195,6122 Vy=63,0733
[817,010] Ball=B001 X=219,7880 Y=171,8073 Vx=63,1107 Vy=-70,8199
[829,240] Ball=B006 X=327,7113 Y=142,9183 Vx=19,6935 Vy=-57,3824
[829,524] Ball=B005 X=261,7463 Y=193,6089 Vx=-195,6122 Vy=63,0733
[832,880] Ball=B001 X=220,7895 Y=170,6834 Vx=63,1107 Vy=-70,8199
[824,863] Ball=B007 X=315,6310 Y=3,4782 Vx=-77,1763 Vy=55,1570
[822,359] Ball=B008 X=87,8630 Y=273,0622 Vx=-60,3053 Vy=142,8575
[829,790] Ball=B003 X=286,6696 Y=119,7775 Vx=67,0771 Vy=207,6407
[830,415] Ball=B002 X=225,9292 Y=217,4513 Vx=42,0566 Vy=-93,9442
[829,879] Ball=B004 X=352,7450 Y=354,4504 Vx=21,0111 Vy=83,1190
[837,254] Ball=B008 X=86,9647 Y=275,1901 Vx=-60,3053 Vy=142,8575
[844,660] Ball=B004 X=353,0555 Y=355,6790 Vx=21,0111 Vy=83,1190
[845,311] Ball=B002 X=226,5557 Y=216,0518 Vx=42,0566 Vy=-93,9442
[844,342] Ball=B006 X=328,0087 Y=142,0517 Vx=19,6935 Vy=-57,3824
[844,569] Ball=B005 X=258,8032 Y=194,5579 Vx=-195,6122 Vy=63,0733
[847,936] Ball=B001 X=221,7397 Y=169,6171 Vx=63,1107 Vy=-70,8199
[839,976] Ball=B007 X=314,4646 Y=4,3118 Vx=-77,1763 Vy=55,1570
[844,902] Ball=B003 X=287,6833 Y=122,9155 Vx=67,0771 Vy=207,6407
[860,521] Ball=B005 X=255,6831 Y=195,5640 Vx=-195,6122 Vy=63,0733
[863,878] Ball=B001 X=222,7458 Y=168,4881 Vx=63,1107 Vy=-70,8199
[861,288] Ball=B002 X=227,2276 Y=214,5509 Vx=42,0566 Vy=-93,9442
[855,876] Ball=B007 X=313,2375 Y=5,1888 Vx=-77,1763 Vy=55,1570
[860,336] Ball=B006 X=328,3237 Y=141,1339 Vx=19,6935 Vy=-57,3824
[860,824] Ball=B003 X=288,7512 Y=126,2214 Vx=67,0771 Vy=207,6407
[860,693] Ball=B004 X=353,3924 Y=357,0117 Vx=21,0111 Vy=83,1190
[853,301] Ball=B008 X=85,9970 Y=277,4826 Vx=-60,3053 Vy=142,8575
[875,789] Ball=B003 X=289,7550 Y=129,3287 Vx=67,0771 Vy=207,6407
[870,867] Ball=B007 X=312,0806 Y=6,0156 Vx=-77,1763 Vy=55,1570
[878,896] Ball=B001 X=223,6936 Y=167,4245 Vx=63,1107 Vy=-70,8199
[868,281] Ball=B008 X=85,0937 Y=279,6225 Vx=-60,3053 Vy=142,8575
[875,568] Ball=B005 X=252,7395 Y=196,5131 Vx=-195,6122 Vy=63,0733
[875,364] Ball=B006 X=328,6197 Y=140,2715 Vx=19,6935 Vy=-57,3824
[875,693] Ball=B004 X=353,7076 Y=358,2584 Vx=21,0111 Vy=83,1190
[876,354] Ball=B002 X=227,8612 Y=213,1355 Vx=42,0566 Vy=-93,9442
[891,447] Ball=B005 X=249,6335 Y=197,5146 Vx=-195,6122 Vy=63,0733
[892,232] Ball=B002 X=228,5290 Y=211,6440 Vx=42,0566 Vy=-93,9442
[891,610] Ball=B004 X=354,0420 Y=359,5814 Vx=21,0111 Vy=83,1190
[894,857] Ball=B001 X=224,7010 Y=166,2941 Vx=63,1107 Vy=-70,8199
[891,756] Ball=B003 X=290,8261 Y=132,6443 Vx=67,0771 Vy=207,6407
[891,388] Ball=B006 X=328,9352 Y=139,3521 Vx=19,6935 Vy=-57,3824
[884,385] Ball=B008 X=84,1225 Y=281,9231 Vx=-60,3053 Vy=142,8575
[886,938] Ball=B007 X=310,8403 Y=6,9021 Vx=-77,1763 Vy=55,1570
[906,652] Ball=B004 X=354,3580 Y=360,8316 Vx=21,0111 Vy=83,1190
[906,791] Ball=B003 X=291,8345 Y=135,7658 Vx=67,0771 Vy=207,6407
[899,271] Ball=B008 X=83,2248 Y=284,0497 Vx=-60,3053 Vy=142,8575
[901,893] Ball=B007 X=309,6861 Y=7,7269 Vx=-77,1763 Vy=55,1570
[907,327] Ball=B002 X=229,1638 Y=210,2259 Vx=42,0566 Vy=-93,9442
[909,932] Ball=B001 X=225,6524 Y=165,2265 Vx=63,1107 Vy=-70,8199
[906,445] Ball=B006 X=329,2318 Y=138,4880 Vx=19,6935 Vy=-57,3824
[906,718] Ball=B005 X=250,5768 Y=196,0370 Vx=36,6069 Vy=-81,1303
[922,463] Ball=B005 X=251,1531 Y=194,7597 Vx=36,6069 Vy=-81,1303
[925,816] Ball=B001 X=226,6547 Y=164,1017 Vx=63,1107 Vy=-70,8199
[922,252] Ball=B006 X=329,5431 Y=137,5810 Vx=19,6935 Vy=-57,3824
[922,593] Ball=B004 X=354,6930 Y=362,1567 Vx=21,0111 Vy=83,1190
[923,256] Ball=B002 X=225,4420 Y=211,4566 Vx=-209,5140 Vy=62,2763
[917,924] Ball=B007 X=308,4489 Y=8,6112 Vx=-77,1763 Vy=55,1570
[922,864] Ball=B003 X=292,9127 Y=139,1035 Vx=67,0771 Vy=207,6407
[915,384] Ball=B008 X=82,2530 Y=286,3517 Vx=-60,3053 Vy=142,8575
[937,711] Ball=B003 X=293,9085 Y=142,1861 Vx=67,0771 Vy=207,6407
[937,577] Ball=B004 X=355,0078 Y=363,4022 Vx=21,0111 Vy=83,1190
[930,177] Ball=B008 X=81,3610 Y=288,4648 Vx=-60,3053 Vy=142,8575
[937,476] Ball=B005 X=251,7028 Y=193,5416 Vx=36,6069 Vy=-81,1303
[938,338] Ball=B002 X=222,2821 Y=212,3958 Vx=-209,5140 Vy=62,2763
[940,937] Ball=B001 X=227,6052 Y=163,0351 Vx=63,1107 Vy=-70,8199
[932,815] Ball=B007 X=307,2996 Y=9,4325 Vx=-77,1763 Vy=55,1570
[937,382] Ball=B006 X=329,8410 Y=136,7128 Vx=19,6935 Vy=-57,3824
[955,957] Ball=B001 X=228,5570 Y=161,9671 Vx=63,1107 Vy=-70,8199
[953,366] Ball=B002 X=219,1336 Y=213,3317 Vx=-209,5140 Vy=62,2763
[952,727] Ball=B004 X=355,3261 Y=364,6614 Vx=21,0111 Vy=83,1190
[945,371] Ball=B008 X=80,4447 Y=290,6356 Vx=-60,3053 Vy=142,8575
[952,436] Ball=B006 X=330,1375 Y=135,8490 Vx=19,6935 Vy=-57,3824
[952,665] Ball=B005 X=252,2588 Y=192,3093 Vx=36,6069 Vy=-81,1303
[947,992] Ball=B007 X=306,1284 Y=10,2696 Vx=-77,1763 Vy=55,1570
[952,915] Ball=B003 X=294,9284 Y=145,3433 Vx=67,0771 Vy=207,6407
[968,690] Ball=B003 X=295,9866 Y=148,6188 Vx=67,0771 Vy=207,6407
[968,441] Ball=B005 X=252,8363 Y=191,0294 Vx=36,6069 Vy=-81,1303
[963,773] Ball=B007 X=304,9105 Y=11,1400 Vx=-77,1763 Vy=55,1570
[961,186] Ball=B008 X=79,4910 Y=292,8948 Vx=-60,3053 Vy=142,8575
[968,256] Ball=B006 X=330,4490 Y=134,9412 Vx=19,6935 Vy=-57,3824
[968,600] Ball=B004 X=355,6596 Y=362,6807 Vx=21,0111 Vy=-83,1190
[971,846] Ball=B001 X=229,5598 Y=160,8418 Vx=63,1107 Vy=-70,8199
[969,322] Ball=B002 X=215,7905 Y=214,3254 Vx=-209,5140 Vy=62,2763
[983,421] Ball=B006 X=330,7477 Y=134,0711 Vx=19,6935 Vy=-57,3824
[978,970] Ball=B007 X=303,7376 Y=11,9783 Vx=-77,1763 Vy=55,1570
[983,765] Ball=B004 X=355,9783 Y=361,4202 Vx=21,0111 Vy=-83,1190
[976,500] Ball=B008 X=78,5675 Y=295,0825 Vx=-60,3053 Vy=142,8575
[983,787] Ball=B005 X=253,3980 Y=189,7844 Vx=36,6069 Vy=-81,1303
[987,143] Ball=B001 X=230,5252 Y=159,7584 Vx=63,1107 Vy=-70,8199
[984,542] Ball=B002 X=212,6019 Y=215,2732 Vx=-209,5140 Vy=62,2763
[984,037] Ball=B003 X=297,0160 Y=151,8055 Vx=67,0771 Vy=207,6407
[999,710] Ball=B003 X=298,0673 Y=155,0597 Vx=67,0771 Vy=207,6407
[1002,820] Ball=B001 X=231,5146 Y=158,6482 Vx=63,1107 Vy=-70,8199
[994,801] Ball=B007 X=302,5158 Y=12,8515 Vx=-77,1763 Vy=55,1570
[1000,240] Ball=B002 X=209,3128 Y=216,2509 Vx=-209,5140 Vy=62,2763
[999,278] Ball=B006 X=331,0600 Y=133,1611 Vx=19,6935 Vy=-57,3824
[999,526] Ball=B005 X=253,9742 Y=188,5074 Vx=36,6069 Vy=-81,1303
[992,254] Ball=B008 X=77,6174 Y=297,3332 Vx=-60,3053 Vy=142,8575
[999,737] Ball=B004 X=356,3139 Y=360,0926 Vx=21,0111 Vy=-83,1190
[1014,586] Ball=B005 X=254,5255 Y=187,2857 Vx=36,6069 Vy=-81,1303
[1007,332] Ball=B008 X=76,7082 Y=299,4870 Vx=-60,3053 Vy=142,8575
[1015,373] Ball=B002 X=206,1423 Y=217,1933 Vx=-209,5140 Vy=62,2763
[1014,882] Ball=B003 X=299,0850 Y=158,2101 Vx=67,0771 Vy=207,6407
[1010,017] Ball=B007 X=301,3456 Y=13,6878 Vx=-77,1763 Vy=55,1570
[1014,479] Ball=B006 X=331,3593 Y=132,2888 Vx=19,6935 Vy=-57,3824
[1014,827] Ball=B004 X=356,6309 Y=358,8384 Vx=21,0111 Vy=-83,1190
[1018,056] Ball=B001 X=232,4761 Y=157,5692 Vx=63,1107 Vy=-70,8199
[1025,866] Ball=B007 X=300,1183 Y=14,5649 Vx=-77,1763 Vy=55,1570
[1033,883] Ball=B001 X=233,4750 Y=156,4483 Vx=63,1107 Vy=-70,8199
[1030,644] Ball=B004 X=356,9632 Y=357,5237 Vx=21,0111 Vy=-83,1190
[1031,305] Ball=B002 X=202,8043 Y=218,1855 Vx=-209,5140 Vy=62,2763
[1030,813] Ball=B003 X=300,1536 Y=161,5181 Vx=67,0771 Vy=207,6407
[1023,398] Ball=B008 X=75,7392 Y=301,7823 Vx=-60,3053 Vy=142,8575
[1030,462] Ball=B006 X=331,6741 Y=131,3716 Vx=19,6935 Vy=-57,3824
[1030,683] Ball=B005 X=255,1148 Y=185,9796 Vx=36,6069 Vy=-81,1303
[1045,768] Ball=B003 X=301,1567 Y=164,6232 Vx=67,0771 Vy=207,6407
[1038,258] Ball=B008 X=74,8431 Y=303,9051 Vx=-60,3053 Vy=142,8575
[1045,543] Ball=B005 X=255,6588 Y=184,7741 Vx=36,6069 Vy=-81,1303
[1045,671] Ball=B004 X=357,2790 Y=356,2745 Vx=21,0111 Vy=-83,1190
[1040,970] Ball=B007 X=298,9526 Y=15,3980 Vx=-77,1763 Vy=55,1570
[1046,403] Ball=B002 X=199,6411 Y=219,1257 Vx=-209,5140 Vy=62,2763
[1045,545] Ball=B006 X=331,9711 Y=130,5062 Vx=19,6935 Vy=-57,3824
[1049,256] Ball=B001 X=234,4452 Y=155,3596 Vx=63,1107 Vy=-70,8199
[1061,282] Ball=B002 X=196,5241 Y=220,0522 Vx=-209,5140 Vy=62,2763
[1060,504] Ball=B006 X=332,2657 Y=129,6478 Vx=19,6935 Vy=-57,3824
[1053,459] Ball=B008 X=73,9264 Y=306,0766 Vx=-60,3053 Vy=142,8575
[1056,072] Ball=B007 X=297,7872 Y=16,2310 Vx=-77,1763 Vy=55,1570
[1061,078] Ball=B003 X=302,1837 Y=167,8024 Vx=67,0771 Vy=207,6407
[1064,241] Ball=B001 X=235,3909 Y=154,2984 Vx=63,1107 Vy=-70,8199
[1060,915] Ball=B005 X=256,2215 Y=183,5269 Vx=36,6069 Vy=-81,1303
[1061,010] Ball=B004 X=357,6013 Y=354,9996 Vx=21,0111 Vy=-83,1190
[1069,231] Ball=B008 X=72,9754 Y=308,3296 Vx=-60,3053 Vy=142,8575
[1079,866] Ball=B001 X=236,3770 Y=153,1918 Vx=63,1107 Vy=-70,8199
[1077,282] Ball=B002 X=193,1714 Y=221,0487 Vx=-209,5140 Vy=62,2763
[1076,538] Ball=B005 X=256,7934 Y=182,2595 Vx=36,6069 Vy=-81,1303
[1076,624] Ball=B004 X=357,9293 Y=353,7019 Vx=21,0111 Vy=-83,1190
[1076,935] Ball=B003 X=303,2473 Y=171,0948 Vx=67,0771 Vy=207,6407
[1072,061] Ball=B007 X=296,5532 Y=17,1129 Vx=-77,1763 Vy=55,1570
[1076,468] Ball=B006 X=332,5801 Y=128,7317 Vx=19,6935 Vy=-57,3824
[1086,158] Ball=B008 X=71,9546 Y=310,7478 Vx=-60,3053 Vy=142,8575
[1088,771] Ball=B007 X=295,2636 Y=18,0346 Vx=-77,1763 Vy=55,1570
[1093,230] Ball=B006 X=332,9102 Y=127,7699 Vx=19,6935 Vy=-57,3824
[1094,211] Ball=B002 X=189,6246 Y=222,1030 Vx=-209,5140 Vy=62,2763
[1096,818] Ball=B001 X=237,4469 Y=151,9913 Vx=63,1107 Vy=-70,8199
[1093,646] Ball=B004 X=358,2870 Y=352,2870 Vx=21,0111 Vy=-83,1190
[1093,537] Ball=B005 X=257,4157 Y=180,8803 Vx=36,6069 Vy=-81,1303
[1093,793] Ball=B003 X=304,3782 Y=174,5954 Vx=67,0771 Vy=207,6407
[1108,746] Ball=B003 X=305,3811 Y=177,7000 Vx=67,0771 Vy=207,6407
[1111,851] Ball=B001 X=238,3956 Y=150,9267 Vx=63,1107 Vy=-70,8199
[1101,233] Ball=B008 X=71,0454 Y=312,9015 Vx=-60,3053 Vy=142,8575
[1103,845] Ball=B007 X=294,1002 Y=18,8660 Vx=-77,1763 Vy=55,1570
[1108,531] Ball=B005 X=257,9645 Y=179,6639 Vx=36,6069 Vy=-81,1303
[1108,706] Ball=B004 X=358,6034 Y=351,0352 Vx=21,0111 Vy=-83,1190
[1108,386] Ball=B006 X=333,2087 Y=126,9002 Vx=19,6935 Vy=-57,3824
[1109,365] Ball=B002 X=186,4496 Y=223,0467 Vx=-209,5140 Vy=62,2763
[1123,309] Ball=B006 X=333,5026 Y=126,0439 Vx=19,6935 Vy=-57,3824
[1124,284] Ball=B002 X=183,3240 Y=223,9758 Vx=-209,5140 Vy=62,2763
[1123,547] Ball=B005 X=258,5142 Y=178,4456 Vx=36,6069 Vy=-81,1303
[1123,867] Ball=B003 X=306,3954 Y=180,8399 Vx=67,0771 Vy=207,6407
[1126,980] Ball=B001 X=239,3504 Y=149,8552 Vx=63,1107 Vy=-70,8199
[1123,748] Ball=B004 X=358,9195 Y=349,7849 Vx=21,0111 Vy=-83,1190
[1116,365] Ball=B008 X=70,1328 Y=315,0633 Vx=-60,3053 Vy=142,8575
[1119,027] Ball=B007 X=292,9285 Y=19,7034 Vx=-77,1763 Vy=55,1570
[1134,819] Ball=B007 X=291,7099 Y=20,5744 Vx=-77,1763 Vy=55,1570
[1132,210] Ball=B008 X=69,1774 Y=317,3267 Vx=-60,3053 Vy=142,8575
[1139,880] Ball=B003 X=307,4695 Y=184,1647 Vx=67,0771 Vy=207,6407
[1139,680] Ball=B005 X=259,1048 Y=177,1367 Vx=36,6069 Vy=-81,1303
[1139,800] Ball=B004 X=359,2567 Y=348,4507 Vx=21,0111 Vy=-83,1190
[1139,515] Ball=B006 X=333,8209 Y=125,1162 Vx=19,6935 Vy=-57,3824
[1143,042] Ball=B001 X=240,3641 Y=148,7177 Vx=63,1107 Vy=-70,8199
[1140,503] Ball=B002 X=179,9258 Y=224,9859 Vx=-209,5140 Vy=62,2763
[1155,239] Ball=B006 X=334,1314 Y=124,2117 Vx=19,6935 Vy=-57,3824
[1158,810] Ball=B001 X=241,3592 Y=147,6011 Vx=63,1107 Vy=-70,8199
[1155,463] Ball=B005 X=259,6826 Y=175,8563 Vx=36,6069 Vy=-81,1303
[1155,733] Ball=B003 X=308,5329 Y=187,4566 Vx=67,0771 Vy=207,6407
[1155,601] Ball=B004 X=359,5887 Y=347,1374 Vx=21,0111 Vy=-83,1190
[1150,825] Ball=B007 X=290,4744 Y=21,4573 Vx=-77,1763 Vy=55,1570
[1156,265] Ball=B002 X=176,6233 Y=225,9675 Vx=-209,5140 Vy=62,2763
[1148,290] Ball=B008 X=68,2076 Y=319,6240 Vx=-60,3053 Vy=142,8575
[1171,657] Ball=B002 X=173,3989 Y=226,9260 Vx=-209,5140 Vy=62,2763
[1170,692] Ball=B006 X=334,4357 Y=123,3249 Vx=19,6935 Vy=-57,3824
[1171,023] Ball=B004 X=359,9128 Y=345,8555 Vx=21,0111 Vy=-83,1190
[1163,653] Ball=B008 X=67,2811 Y=321,8187 Vx=-60,3053 Vy=142,8575
[1171,191] Ball=B003 X=309,5698 Y=190,6663 Vx=67,0771 Vy=207,6407
[1166,272] Ball=B007 X=289,2823 Y=22,3093 Vx=-77,1763 Vy=55,1570
[1170,964] Ball=B005 X=260,2500 Y=174,5986 Vx=36,6069 Vy=-81,1303
[1174,325] Ball=B001 X=242,3384 Y=146,5022 Vx=63,1107 Vy=-70,8199
[1186,889] Ball=B005 X=260,8330 Y=173,3067 Vx=36,6069 Vy=-81,1303
[1190,242] Ball=B001 X=243,3429 Y=145,3750 Vx=63,1107 Vy=-70,8199
[1179,617] Ball=B008 X=66,3184 Y=324,0993 Vx=-60,3053 Vy=142,8575
[1182,234] Ball=B007 X=288,0504 Y=23,1897 Vx=-77,1763 Vy=55,1570
[1187,164] Ball=B003 X=310,6411 Y=193,9828 Vx=67,0771 Vy=207,6407
[1187,688] Ball=B002 X=170,0398 Y=227,9244 Vx=-209,5140 Vy=62,2763
[1186,719] Ball=B006 X=334,7513 Y=122,4053 Vx=19,6935 Vy=-57,3824
[1187,131] Ball=B004 X=360,2512 Y=344,5166 Vx=21,0111 Vy=-83,1190
[1201,925] Ball=B005 X=261,3834 Y=172,0868 Vx=36,6069 Vy=-81,1303
[1202,039] Ball=B004 X=360,5644 Y=343,2775 Vx=21,0111 Vy=-83,1190
[1202,185] Ball=B003 X=311,6487 Y=197,1019 Vx=67,0771 Vy=207,6407
[1205,293] Ball=B001 X=244,2928 Y=144,3091 Vx=63,1107 Vy=-70,8199
[1201,730] Ball=B006 X=335,0469 Y=121,5439 Vx=19,6935 Vy=-57,3824
[1197,297] Ball=B007 X=286,8879 Y=24,0206 Vx=-77,1763 Vy=55,1570
[1202,775] Ball=B002 X=166,8797 Y=228,8637 Vx=-209,5140 Vy=62,2763
[1194,745] Ball=B008 X=65,4061 Y=326,2604 Vx=-60,3053 Vy=142,8575
[1216,794] Ball=B006 X=335,3436 Y=120,6795 Vx=19,6935 Vy=-57,3824
[1209,732] Ball=B008 X=64,5024 Y=328,4013 Vx=-60,3053 Vy=142,8575
[1217,770] Ball=B002 X=163,7375 Y=229,7977 Vx=-209,5140 Vy=62,2763
[1220,373] Ball=B001 X=245,2445 Y=143,2411 Vx=63,1107 Vy=-70,8199
[1212,372] Ball=B007 X=285,7245 Y=24,8520 Vx=-77,1763 Vy=55,1570
[1217,297] Ball=B003 X=312,6624 Y=200,2396 Vx=67,0771 Vy=207,6407
[1217,171] Ball=B004 X=360,8824 Y=342,0197 Vx=21,0111 Vy=-83,1190
[1217,072] Ball=B005 X=261,9379 Y=170,8579 Vx=36,6069 Vy=-81,1303
[1233,188] Ball=B004 X=361,2189 Y=340,6884 Vx=21,0111 Vy=-83,1190
[1233,328] Ball=B003 X=313,7377 Y=203,5685 Vx=67,0771 Vy=207,6407
[1228,412] Ball=B007 X=284,4866 Y=25,7367 Vx=-77,1763 Vy=55,1570
[1233,848] Ball=B002 X=160,3688 Y=230,7991 Vx=-209,5140 Vy=62,2763
[1233,098] Ball=B005 X=262,5245 Y=169,5577 Vx=36,6069 Vy=-81,1303
[1232,889] Ball=B006 X=335,6606 Y=119,7559 Vx=19,6935 Vy=-57,3824
[1225,874] Ball=B008 X=63,5289 Y=330,7075 Vx=-60,3053 Vy=142,8575
[1236,512] Ball=B001 X=245,9540 Y=141,6286 Vx=52,7798 Vy=-86,5535
[1252,382] Ball=B001 X=246,7920 Y=140,2544 Vx=52,7798 Vy=-86,5535
[1248,844] Ball=B006 X=335,9748 Y=118,8404 Vx=19,6935 Vy=-57,3824
[1249,069] Ball=B005 X=263,4923 Y=168,8454 Vx=51,7060 Vy=-58,1351
[1249,833] Ball=B002 X=157,0197 Y=231,7945 Vx=-209,5140 Vy=62,2763
[1244,412] Ball=B007 X=283,2518 Y=26,6193 Vx=-77,1763 Vy=55,1570
[1241,853] Ball=B008 X=62,5653 Y=332,9902 Vx=-60,3053 Vy=142,8575
[1249,431] Ball=B003 X=314,8179 Y=206,9121 Vx=67,0771 Vy=207,6407
[1249,261] Ball=B004 X=361,5566 Y=339,3525 Vx=21,0111 Vy=-83,1190
[1259,938] Ball=B007 X=282,0536 Y=27,4756 Vx=-77,1763 Vy=55,1570
[1264,867] Ball=B003 X=315,8532 Y=210,1171 Vx=67,0771 Vy=207,6407
[1264,621] Ball=B005 X=264,2964 Y=167,9413 Vx=51,7060 Vy=-58,1351
[1265,389] Ball=B002 X=153,7605 Y=232,7633 Vx=-209,5140 Vy=62,2763
[1264,853] Ball=B004 X=361,8843 Y=338,0564 Vx=21,0111 Vy=-83,1190
[1264,527] Ball=B006 X=336,2836 Y=117,9405 Vx=19,6935 Vy=-57,3824
[1268,110] Ball=B001 X=247,6221 Y=138,8931 Vx=52,7798 Vy=-86,5535
[1257,476] Ball=B008 X=61,6231 Y=335,2221 Vx=-60,3053 Vy=142,8575
[1283,871] Ball=B001 X=248,4539 Y=137,5291 Vx=52,7798 Vy=-86,5535
[1280,518] Ball=B005 X=265,1184 Y=167,0171 Vx=51,7060 Vy=-58,1351
[1273,238] Ball=B008 X=60,6727 Y=337,4736 Vx=-60,3053 Vy=142,8575
[1281,288] Ball=B002 X=150,4294 Y=233,7535 Vx=-209,5140 Vy=62,2763
[1280,792] Ball=B003 X=316,9214 Y=213,4238 Vx=67,0771 Vy=207,6407
[1280,664] Ball=B004 X=362,2164 Y=336,7422 Vx=21,0111 Vy=-83,1190
[1280,337] Ball=B006 X=336,5950 Y=117,0333 Vx=19,6935 Vy=-57,3824
[1275,893] Ball=B007 X=280,8222 Y=28,3556 Vx=-77,1763 Vy=55,1570
[1295,647] Ball=B004 X=362,5313 Y=335,4969 Vx=21,0111 Vy=-83,1190
[1296,287] Ball=B002 X=147,2870 Y=234,6875 Vx=-209,5140 Vy=62,2763
[1295,529] Ball=B005 X=265,8945 Y=166,1445 Vx=51,7060 Vy=-58,1351
[1290,874] Ball=B007 X=279,6660 Y=29,1820 Vx=-77,1763 Vy=55,1570
[1288,243] Ball=B008 X=59,7678 Y=339,6171 Vx=-60,3053 Vy=142,8575
[1298,927] Ball=B001 X=249,2486 Y=136,2258 Vx=52,7798 Vy=-86,5535
[1295,902] Ball=B003 X=317,9350 Y=216,5614 Vx=67,0771 Vy=207,6407
[1295,451] Ball=B006 X=336,8926 Y=116,1659 Vx=19,6935 Vy=-57,3824
[1314,953] Ball=B001 X=250,0944 Y=134,8388 Vx=52,7798 Vy=-86,5535
[1311,734] Ball=B004 X=362,8692 Y=334,1598 Vx=21,0111 Vy=-83,1190
[1311,405] Ball=B006 X=337,2068 Y=115,2505 Vx=19,6935 Vy=-57,3824
[1306,958] Ball=B007 X=278,4247 Y=30,0691 Vx=-77,1763 Vy=55,1570
[1304,360] Ball=B008 X=58,7958 Y=341,9198 Vx=-60,3053 Vy=142,8575
[1311,646] Ball=B005 X=266,7279 Y=165,2075 Vx=51,7060 Vy=-58,1351
[1312,497] Ball=B002 X=143,8906 Y=235,6971 Vx=-209,5140 Vy=62,2763
[1311,995] Ball=B003 X=319,0145 Y=219,9028 Vx=67,0771 Vy=207,6407
[1320,326] Ball=B008 X=57,8329 Y=344,2006 Vx=-60,3053 Vy=142,8575
[1327,858] Ball=B003 X=320,0785 Y=223,1966 Vx=67,0771 Vy=207,6407
[1327,396] Ball=B006 X=337,5218 Y=114,3329 Vx=19,6935 Vy=-57,3824
[1327,751] Ball=B004 X=363,2058 Y=332,8284 Vx=21,0111 Vy=-83,1190
[1323,053] Ball=B007 X=277,1825 Y=30,9569 Vx=-77,1763 Vy=55,1570
[1327,724] Ball=B005 X=267,5592 Y=164,2728 Vx=51,7060 Vy=-58,1351
[1331,129] Ball=B001 X=250,9482 Y=133,4386 Vx=52,7798 Vy=-86,5535
[1328,699] Ball=B002 X=140,4961 Y=236,7061 Vx=-209,5140 Vy=62,2763
[1343,601] Ball=B005 X=268,3802 Y=163,3498 Vx=51,7060 Vy=-58,1351
[1346,968] Ball=B001 X=251,7842 Y=132,0677 Vx=52,7798 Vy=-86,5535
[1336,344] Ball=B008 X=56,8669 Y=346,4890 Vx=-60,3053 Vy=142,8575
[1344,395] Ball=B002 X=137,2077 Y=237,6835 Vx=-209,5140 Vy=62,2763
[1343,514] Ball=B006 X=337,8392 Y=113,4080 Vx=19,6935 Vy=-57,3824
[1343,986] Ball=B003 X=321,1604 Y=226,5456 Vx=67,0771 Vy=207,6407
[1339,191] Ball=B007 X=275,9370 Y=31,8470 Vx=-77,1763 Vy=55,1570
[1343,981] Ball=B004 X=363,5468 Y=331,4793 Vx=21,0111 Vy=-83,1190
[1358,856] Ball=B003 X=322,1578 Y=229,6332 Vx=67,0771 Vy=207,6407
[1358,723] Ball=B004 X=363,8565 Y=330,2541 Vx=21,0111 Vy=-83,1190
[1359,380] Ball=B002 X=134,0680 Y=238,6167 Vx=-209,5140 Vy=62,2763
[1351,492] Ball=B008 X=55,9535 Y=348,6528 Vx=-60,3053 Vy=142,8575
[1362,130] Ball=B001 X=252,5845 Y=130,7553 Vx=52,7798 Vy=-86,5535
[1358,610] Ball=B006 X=338,1365 Y=112,5418 Vx=19,6935 Vy=-57,3824
[1358,850] Ball=B005 X=269,1686 Y=162,4633 Vx=51,7060 Vy=-58,1351
[1354,103] Ball=B007 X=274,7862 Y=32,6695 Vx=-77,1763 Vy=55,1570
[1367,335] Ball=B008 X=54,9981 Y=350,9161 Vx=-60,3053 Vy=142,8575
[1374,394] Ball=B006 X=338,4473 Y=111,6361 Vx=19,6935 Vy=-57,3824
[1369,951] Ball=B007 X=273,5631 Y=33,5436 Vx=-77,1763 Vy=55,1570
[1374,631] Ball=B005 X=269,9846 Y=161,5458 Vx=51,7060 Vy=-58,1351
[1375,500] Ball=B002 X=130,6906 Y=239,6207 Vx=-209,5140 Vy=62,2763
[1375,000] Ball=B003 X=323,2407 Y=232,9853 Vx=67,0771 Vy=207,6407
[1378,101] Ball=B001 X=253,4274 Y=129,3730 Vx=52,7798 Vy=-86,5535
[1375,004] Ball=B004 X=364,1986 Y=328,9007 Vx=21,0111 Vy=-83,1190
[1389,477] Ball=B005 X=270,7522 Y=160,6828 Vx=51,7060 Vy=-58,1351
[1389,624] Ball=B004 X=363,6928 Y=327,6856 Vx=-21,0111 Vy=-83,1190
[1382,454] Ball=B008 X=54,0889 Y=353,0700 Vx=-60,3053 Vy=142,8575
[1390,003] Ball=B003 X=324,2470 Y=236,1005 Vx=67,0771 Vy=207,6407
[1389,540] Ball=B006 X=338,7456 Y=110,7669 Vx=19,6935 Vy=-57,3824
[1390,542] Ball=B002 X=127,5391 Y=240,5574 Vx=-209,5140 Vy=62,2763
[1393,028] Ball=B001 X=254,2152 Y=128,0811 Vx=52,7798 Vy=-86,5535
[1385,119] Ball=B007 X=272,3925 Y=34,3803 Vx=-77,1763 Vy=55,1570
[1404,301] Ball=B006 X=339,0362 Y=109,9200 Vx=19,6935 Vy=-57,3824
[1400,120] Ball=B007 X=271,2348 Y=35,2077 Vx=-77,1763 Vy=55,1570
[1397,553] Ball=B008 X=53,1757 Y=355,2331 Vx=-60,3053 Vy=142,8575
[1404,944] Ball=B004 X=363,3709 Y=326,4122 Vx=-21,0111 Vy=-83,1190
[1408,288] Ball=B001 X=255,0207 Y=126,7602 Vx=52,7798 Vy=-86,5535
[1405,185] Ball=B003 X=325,2654 Y=239,2529 Vx=67,0771 Vy=207,6407
[1405,727] Ball=B002 X=124,3576 Y=241,5031 Vx=-209,5140 Vy=62,2763
[1404,983] Ball=B005 X=271,5540 Y=159,7813 Vx=51,7060 Vy=-58,1351
[1420,324] Ball=B006 X=339,3518 Y=109,0005 Vx=19,6935 Vy=-57,3824
[1413,353] Ball=B008 X=52,2229 Y=357,4903 Vx=-60,3053 Vy=142,8575
[1420,667] Ball=B005 X=272,3649 Y=158,8695 Vx=51,7060 Vy=-58,1351
[1420,810] Ball=B004 X=363,0376 Y=325,0934 Vx=-21,0111 Vy=-83,1190
[1424,075] Ball=B001 X=255,8539 Y=125,3937 Vx=52,7798 Vy=-86,5535
[1421,505] Ball=B002 X=121,0519 Y=242,4857 Vx=-209,5140 Vy=62,2763
[1416,112] Ball=B007 X=270,0005 Y=36,0898 Vx=-77,1763 Vy=55,1570
[1421,185] Ball=B003 X=326,3386 Y=242,5752 Vx=67,0771 Vy=207,6407
[1431,842] Ball=B007 X=268,7867 Y=36,9573 Vx=-77,1763 Vy=55,1570
[1436,833] Ball=B003 X=327,3883 Y=245,8244 Vx=67,0771 Vy=207,6407
[1437,669] Ball=B002 X=117,6654 Y=243,4923 Vx=-209,5140 Vy=62,2763
[1440,330] Ball=B001 X=256,7118 Y=123,9869 Vx=52,7798 Vy=-86,5535
[1437,098] Ball=B004 X=362,6953 Y=323,7396 Vx=-21,0111 Vy=-83,1190
[1436,994] Ball=B005 X=273,2092 Y=157,9203 Vx=51,7060 Vy=-58,1351
[1429,727] Ball=B008 X=51,2355 Y=359,8294 Vx=-60,3053 Vy=142,8575
[1436,822] Ball=B006 X=339,6767 Y=108,0537 Vx=19,6935 Vy=-57,3824
[1451,816] Ball=B003 X=328,3932 Y=248,9352 Vx=67,0771 Vy=207,6407
[1451,682] Ball=B004 X=362,3889 Y=322,5274 Vx=-21,0111 Vy=-83,1190
[1454,917] Ball=B001 X=257,4817 Y=122,7244 Vx=52,7798 Vy=-86,5535
[1444,298] Ball=B008 X=50,3568 Y=361,9110 Vx=-60,3053 Vy=142,8575
[1451,370] Ball=B006 X=339,9632 Y=107,2190 Vx=19,6935 Vy=-57,3824
[1451,704] Ball=B005 X=273,9698 Y=157,0652 Vx=51,7060 Vy=-58,1351
[1452,519] Ball=B002 X=114,5539 Y=244,4171 Vx=-209,5140 Vy=62,2763
[1447,132] Ball=B007 X=267,6065 Y=37,8007 Vx=-77,1763 Vy=55,1570
[1462,827] Ball=B007 X=266,3953 Y=38,6663 Vx=-77,1763 Vy=55,1570
[1467,750] Ball=B003 X=329,4620 Y=252,2438 Vx=67,0771 Vy=207,6407
[1467,524] Ball=B005 X=274,7877 Y=156,1455 Vx=51,7060 Vy=-58,1351
[1467,652] Ball=B004 X=362,0534 Y=321,2000 Vx=-21,0111 Vy=-83,1190
[1468,302] Ball=B002 X=111,2473 Y=245,4000 Vx=-209,5140 Vy=62,2763
[1467,395] Ball=B006 X=340,2788 Y=106,2994 Vx=19,6935 Vy=-57,3824
[1470,972] Ball=B001 X=258,3291 Y=121,3346 Vx=52,7798 Vy=-86,5535
[1460,435] Ball=B008 X=49,3836 Y=364,2163 Vx=-60,3053 Vy=142,8575
[1476,217] Ball=B008 X=48,4319 Y=366,4707 Vx=-60,3053 Vy=142,8575
[1478,851] Ball=B007 X=265,1586 Y=39,5502 Vx=-77,1763 Vy=55,1570
[1486,882] Ball=B001 X=259,1689 Y=119,9576 Vx=52,7798 Vy=-86,5535
[1483,321] Ball=B006 X=340,5925 Y=105,3855 Vx=19,6935 Vy=-57,3824
[1484,304] Ball=B002 X=107,8946 Y=246,3966 Vx=-209,5140 Vy=62,2763
[1483,749] Ball=B004 X=361,7152 Y=319,8620 Vx=-21,0111 Vy=-83,1190
[1483,670] Ball=B005 X=275,6210 Y=155,2086 Vx=51,7060 Vy=-58,1351
[1483,931] Ball=B003 X=330,5475 Y=255,6039 Vx=67,0771 Vy=207,6407
[1501,938] Ball=B001 X=259,9635 Y=118,6545 Vx=52,7798 Vy=-86,5535
[1498,518] Ball=B005 X=276,3903 Y=154,3437 Vx=51,7060 Vy=-58,1351
[1499,286] Ball=B002 X=104,7556 Y=247,3296 Vx=-209,5140 Vy=62,2763
[1498,799] Ball=B003 X=331,5448 Y=258,6910 Vx=67,0771 Vy=207,6407
[1491,287] Ball=B008 X=47,5231 Y=368,6237 Vx=-60,3053 Vy=142,8575
[1498,316] Ball=B006 X=340,8878 Y=104,5251 Vx=19,6935 Vy=-57,3824
[1494,149] Ball=B007 X=263,9780 Y=40,3940 Vx=-77,1763 Vy=55,1570
[1498,645] Ball=B004 X=361,4022 Y=318,6239 Vx=-21,0111 Vy=-83,1190
[1513,377] Ball=B006 X=341,1844 Y=103,6609 Vx=19,6935 Vy=-57,3824
[1514,370] Ball=B002 X=101,5955 Y=248,2689 Vx=-209,5140 Vy=62,2763
[1513,796] Ball=B004 X=361,0838 Y=317,3645 Vx=-21,0111 Vy=-83,1190
[1509,021] Ball=B007 X=262,8302 Y=41,2143 Vx=-77,1763 Vy=55,1570
[1513,690] Ball=B005 X=277,1748 Y=153,4616 Vx=51,7060 Vy=-58,1351
[1517,130] Ball=B001 X=260,7654 Y=117,3395 Vx=52,7798 Vy=-86,5535
[1513,932] Ball=B003 X=332,5598 Y=261,8332 Vx=67,0771 Vy=207,6407
[1506,347] Ball=B008 X=46,6149 Y=370,7752 Vx=-60,3053 Vy=142,8575
[1528,607] Ball=B005 X=277,9461 Y=152,5944 Vx=51,7060 Vy=-58,1351
[1528,869] Ball=B003 X=333,5618 Y=264,9348 Vx=67,0771 Vy=207,6407
[1531,961] Ball=B001 X=261,5481 Y=116,0559 Vx=52,7798 Vy=-86,5535
[1528,415] Ball=B006 X=341,4805 Y=102,7979 Vx=19,6935 Vy=-57,3824
[1521,367] Ball=B008 X=45,7091 Y=372,9209 Vx=-60,3053 Vy=142,8575
[1529,484] Ball=B002 X=98,4287 Y=249,2102 Vx=-209,5140 Vy=62,2763
[1528,921] Ball=B004 X=360,7660 Y=316,1073 Vx=-21,0111 Vy=-83,1190
[1524,131] Ball=B007 X=261,6640 Y=42,0477 Vx=-77,1763 Vy=55,1570
[1545,310] Ball=B002 X=95,1132 Y=250,1958 Vx=-209,5140 Vy=62,2763
[1544,803] Ball=B003 X=334,6305 Y=268,2430 Vx=67,0771 Vy=207,6407
[1547,914] Ball=B001 X=262,3901 Y=114,6751 Vx=52,7798 Vy=-86,5535
[1544,688] Ball=B004 X=360,4348 Y=314,7968 Vx=-21,0111 Vy=-83,1190
[1539,917] Ball=B007 X=260,4458 Y=42,9184 Vx=-77,1763 Vy=55,1570
[1544,378] Ball=B006 X=341,7949 Y=101,8819 Vx=19,6935 Vy=-57,3824
[1537,348] Ball=B008 X=44,7454 Y=375,2038 Vx=-60,3053 Vy=142,8575
[1544,629] Ball=B005 X=278,7745 Y=151,6630 Vx=51,7060 Vy=-58,1351
[1561,254] Ball=B002 X=91,7728 Y=251,1886 Vx=-209,5140 Vy=62,2763
[1560,772] Ball=B003 X=335,7017 Y=271,5589 Vx=67,0771 Vy=207,6407
[1555,849] Ball=B007 X=259,2162 Y=43,7972 Vx=-77,1763 Vy=55,1570
[1560,564] Ball=B005 X=279,5985 Y=150,7366 Vx=51,7060 Vy=-58,1351
[1560,437] Ball=B006 X=342,1111 Y=100,9604 Vx=19,6935 Vy=-57,3824
[1560,773] Ball=B004 X=360,0968 Y=313,4598 Vx=-21,0111 Vy=-83,1190
[1553,384] Ball=B008 X=43,7783 Y=371,7091 Vx=-60,3053 Vy=-142,8575
[1564,032] Ball=B001 X=263,2408 Y=113,2800 Vx=52,7798 Vy=-86,5535
[1568,217] Ball=B008 X=42,8839 Y=369,5903 Vx=-60,3053 Vy=-142,8575
[1578,854] Ball=B001 X=264,0231 Y=111,9971 Vx=52,7798 Vy=-86,5535
[1570,849] Ball=B007 X=258,0586 Y=44,6245 Vx=-77,1763 Vy=55,1570
[1575,642] Ball=B004 X=359,7844 Y=312,2240 Vx=-21,0111 Vy=-83,1190
[1575,536] Ball=B005 X=280,3726 Y=149,8662 Vx=51,7060 Vy=-58,1351
[1575,337] Ball=B006 X=342,4046 Y=100,1054 Vx=19,6935 Vy=-57,3824
[1575,807] Ball=B003 X=336,7102 Y=274,6811 Vx=67,0771 Vy=207,6407
[1576,406] Ball=B002 X=88,5979 Y=252,1324 Vx=-209,5140 Vy=62,2763
[1592,239] Ball=B002 X=85,2808 Y=253,1184 Vx=-209,5140 Vy=62,2763
[1591,478] Ball=B005 X=281,1969 Y=148,9394 Vx=51,7060 Vy=-58,1351
[1586,815] Ball=B007 X=256,8264 Y=45,5052 Vx=-77,1763 Vy=55,1570
[1591,755] Ball=B003 X=337,7800 Y=277,9925 Vx=67,0771 Vy=207,6407
[1591,299] Ball=B006 X=342,7189 Y=99,1895 Vx=19,6935 Vy=-57,3824
[1594,976] Ball=B001 X=264,8740 Y=110,6017 Vx=52,7798 Vy=-86,5535
[1584,481] Ball=B008 X=41,9030 Y=367,2666 Vx=-60,3053 Vy=-142,8575
[1591,982] Ball=B004 X=359,4411 Y=310,8658 Vx=-21,0111 Vy=-83,1190
[1606,727] Ball=B004 X=359,1313 Y=309,6403 Vx=-21,0111 Vy=-83,1190
[1606,865] Ball=B003 X=338,7934 Y=281,1297 Vx=67,0771 Vy=207,6407
[1606,625] Ball=B005 X=281,9801 Y=148,0589 Vx=51,7060 Vy=-58,1351
[1609,996] Ball=B001 X=265,6668 Y=109,3016 Vx=52,7798 Vy=-86,5535
[1606,434] Ball=B006 X=343,0170 Y=98,3211 Vx=19,6935 Vy=-57,3824
[1599,353] Ball=B008 X=41,0061 Y=365,1420 Vx=-60,3053 Vy=-142,8575
[1607,435] Ball=B002 X=82,0970 Y=254,0647 Vx=-209,5140 Vy=62,2763
[1602,208] Ball=B007 X=255,6384 Y=46,3542 Vx=-77,1763 Vy=55,1570
[1622,263] Ball=B006 X=343,3287 Y=97,4128 Vx=19,6935 Vy=-57,3824
[1615,200] Ball=B008 X=40,0505 Y=362,8783 Vx=-60,3053 Vy=-142,8575
[1625,851] Ball=B001 X=266,5036 Y=107,9294 Vx=52,7798 Vy=-86,5535
[1617,833] Ball=B007 X=254,4325 Y=47,2161 Vx=-77,1763 Vy=55,1570
[1623,302] Ball=B002 X=78,7727 Y=255,0528 Vx=-209,5140 Vy=62,2763
[1622,670] Ball=B004 X=358,7963 Y=308,3150 Vx=-21,0111 Vy=-83,1190
[1622,564] Ball=B005 X=282,8042 Y=147,1322 Vx=51,7060 Vy=-58,1351
[1622,909] Ball=B003 X=339,8697 Y=284,4613 Vx=67,0771 Vy=207,6407
[1637,723] Ball=B003 X=340,8634 Y=287,5373 Vx=67,0771 Vy=207,6407
[1637,251] Ball=B006 X=343,6239 Y=96,5527 Vx=19,6935 Vy=-57,3824
[1637,483] Ball=B005 X=283,5756 Y=146,2649 Vx=51,7060 Vy=-58,1351
[1637,601] Ball=B004 X=358,4826 Y=307,0740 Vx=-21,0111 Vy=-83,1190
[1630,328] Ball=B008 X=39,1382 Y=360,7171 Vx=-60,3053 Vy=-142,8575
[1632,944] Ball=B007 X=253,2663 Y=48,0495 Vx=-77,1763 Vy=55,1570
[1640,969] Ball=B001 X=267,3015 Y=106,6208 Vx=52,7798 Vy=-86,5535
[1638,444] Ball=B002 X=75,6117 Y=255,9924 Vx=-209,5140 Vy=62,2763
[1656,950] Ball=B001 X=268,1450 Y=105,2377 Vx=52,7798 Vy=-86,5535
[1654,359] Ball=B002 X=72,2658 Y=256,9870 Vx=-209,5140 Vy=62,2763
[1653,621] Ball=B005 X=284,4101 Y=145,3267 Vx=51,7060 Vy=-58,1351
[1648,949] Ball=B007 X=252,0311 Y=48,9323 Vx=-77,1763 Vy=55,1570
[1653,742] Ball=B004 X=360,8327 Y=308,7143 Vx=110,5016 Vy=62,7061
[1653,977] Ball=B003 X=337,5394 Y=286,0177 Vx=-169,6458 Vy=-54,8445
[1646,449] Ball=B008 X=38,1660 Y=358,4141 Vx=-60,3053 Vy=-142,8575
[1653,508] Ball=B006 X=343,9440 Y=95,6198 Vx=19,6935 Vy=-57,3824
[1668,866] Ball=B003 X=335,0136 Y=285,2011 Vx=-169,6458 Vy=-54,8445
[1663,954] Ball=B007 X=250,8731 Y=49,7599 Vx=-77,1763 Vy=55,1570
[1661,352] Ball=B008 X=37,2673 Y=356,2852 Vx=-60,3053 Vy=-142,8575
[1668,435] Ball=B006 X=344,2380 Y=94,7632 Vx=19,6935 Vy=-57,3824
[1668,866] Ball=B004 X=362,5039 Y=309,6626 Vx=110,5016 Vy=62,7061
[1671,990] Ball=B001 X=268,9388 Y=103,9358 Vx=52,7798 Vy=-86,5535
[1669,516] Ball=B002 X=69,0901 Y=257,9309 Vx=-209,5140 Vy=62,2763
[1668,991] Ball=B005 X=285,2048 Y=144,4332 Vx=51,7060 Vy=-58,1351
[1685,397] Ball=B006 X=344,5720 Y=93,7900 Vx=19,6935 Vy=-57,3824
[1678,349] Ball=B008 X=36,2423 Y=353,8570 Vx=-60,3053 Vy=-142,8575
[1685,747] Ball=B004 X=364,3692 Y=310,7211 Vx=110,5016 Vy=62,7061
[1686,397] Ball=B002 X=65,5533 Y=258,9822 Vx=-209,5140 Vy=62,2763
[1685,652] Ball=B005 X=286,0663 Y=143,4646 Vx=51,7060 Vy=-58,1351
[1686,016] Ball=B003 X=332,1041 Y=284,2605 Vx=-169,6458 Vy=-54,8445
[1689,121] Ball=B001 X=269,8430 Y=102,4531 Vx=52,7798 Vy=-86,5535
[1681,100] Ball=B007 X=249,5498 Y=50,7057 Vx=-77,1763 Vy=55,1570
[1696,944] Ball=B007 X=248,3271 Y=51,5795 Vx=-77,1763 Vy=55,1570
[1701,874] Ball=B003 X=329,4139 Y=283,3908 Vx=-169,6458 Vy=-54,8445
[1701,419] Ball=B006 X=344,8876 Y=92,8705 Vx=19,6935 Vy=-57,3824
[1694,367] Ball=B008 X=35,2763 Y=351,5686 Vx=-60,3053 Vy=-142,8575
[1701,680] Ball=B005 X=286,8950 Y=142,5328 Vx=51,7060 Vy=-58,1351
[1701,796] Ball=B004 X=362,2265 Y=311,7275 Vx=-110,5016 Vy=62,7061
[1702,452] Ball=B002 X=62,1896 Y=259,9820 Vx=-209,5140 Vy=62,2763
[1704,986] Ball=B001 X=270,6803 Y=101,0800 Vx=52,7798 Vy=-86,5535
[1716,588] Ball=B004 X=360,5920 Y=312,6550 Vx=-110,5016 Vy=62,7061
[1719,828] Ball=B001 X=271,4636 Y=99,7955 Vx=52,7798 Vy=-86,5535
[1717,243] Ball=B002 X=59,0907 Y=260,9032 Vx=-209,5140 Vy=62,2763
[1716,743] Ball=B003 X=326,8915 Y=282,5753 Vx=-169,6458 Vy=-54,8445
[1709,362] Ball=B008 X=34,3720 Y=349,4265 Vx=-60,3053 Vy=-142,8575
[1716,648] Ball=B005 X=287,6690 Y=141,6626 Vx=51,7060 Vy=-58,1351
[1716,439] Ball=B006 X=345,1834 Y=92,0087 Vx=19,6935 Vy=-57,3824
[1712,048] Ball=B007 X=247,1614 Y=52,4126 Vx=-77,1763 Vy=55,1570
[1735,865] Ball=B001 X=272,3101 Y=98,4073 Vx=52,7798 Vy=-86,5535
[1725,262] Ball=B008 X=33,4132 Y=347,1551 Vx=-60,3053 Vy=-142,8575
[1732,679] Ball=B004 X=358,8139 Y=313,6641 Vx=-110,5016 Vy=62,7061
[1732,652] Ball=B005 X=288,4964 Y=140,7323 Vx=51,7060 Vy=-58,1351
[1733,431] Ball=B002 X=55,6990 Y=261,9113 Vx=-209,5140 Vy=62,2763
[1732,929] Ball=B003 X=324,1454 Y=281,6875 Vx=-169,6458 Vy=-54,8445
[1727,841] Ball=B007 X=245,9425 Y=53,2837 Vx=-77,1763 Vy=55,1570
[1732,909] Ball=B006 X=345,5077 Y=91,0636 Vx=19,6935 Vy=-57,3824
[1748,553] Ball=B004 X=357,0597 Y=314,6595 Vx=-110,5016 Vy=62,7061
[1748,697] Ball=B003 X=321,4706 Y=280,8228 Vx=-169,6458 Vy=-54,8445
[1748,436] Ball=B005 X=289,3125 Y=139,8147 Vx=51,7060 Vy=-58,1351
[1748,241] Ball=B006 X=345,8096 Y=90,1838 Vx=19,6935 Vy=-57,3824
[1741,189] Ball=B008 X=32,4527 Y=344,8798 Vx=-60,3053 Vy=-142,8575
[1743,829] Ball=B007 X=244,7086 Y=54,1656 Vx=-77,1763 Vy=55,1570
[1749,266] Ball=B002 X=52,3815 Y=262,8974 Vx=-209,5140 Vy=62,2763
[1751,859] Ball=B001 X=273,1543 Y=97,0229 Vx=52,7798 Vy=-86,5535
[1756,170] Ball=B008 X=31,5493 Y=342,7397 Vx=-60,3053 Vy=-142,8575
[1764,208] Ball=B002 X=49,2510 Y=263,8279 Vx=-209,5140 Vy=62,2763
[1763,465] Ball=B005 X=290,0896 Y=138,9409 Vx=51,7060 Vy=-58,1351
[1758,808] Ball=B007 X=243,5526 Y=54,9918 Vx=-77,1763 Vy=55,1570
[1766,807] Ball=B001 X=273,9432 Y=95,7292 Vx=52,7798 Vy=-86,5535
[1763,615] Ball=B004 X=355,3955 Y=315,6039 Vx=-110,5016 Vy=62,7061
[1763,284] Ball=B006 X=346,1059 Y=89,3206 Vx=19,6935 Vy=-57,3824
[1763,772] Ball=B003 X=318,9131 Y=279,9960 Vx=-169,6458 Vy=-54,8445
[1779,444] Ball=B005 X=290,9158 Y=138,0121 Vx=51,7060 Vy=-58,1351
[1779,231] Ball=B006 X=346,4199 Y=88,4056 Vx=19,6935 Vy=-57,3824
[1772,164] Ball=B008 X=30,5848 Y=340,4549 Vx=-60,3053 Vy=-142,8575
[1779,573] Ball=B004 X=353,6319 Y=316,6047 Vx=-110,5016 Vy=62,7061
[1782,827] Ball=B001 X=274,7888 Y=94,3425 Vx=52,7798 Vy=-86,5535
[1774,815] Ball=B007 X=242,3172 Y=55,8747 Vx=-77,1763 Vy=55,1570
[1779,743] Ball=B003 X=316,2038 Y=279,1201 Vx=-169,6458 Vy=-54,8445
[1780,256] Ball=B002 X=45,8885 Y=264,8274 Vx=-209,5140 Vy=62,2763
[1796,197] Ball=B002 X=42,5487 Y=265,8201 Vx=-209,5140 Vy=62,2763
[1790,771] Ball=B007 X=241,0858 Y=56,7548 Vx=-77,1763 Vy=55,1570
[1798,801] Ball=B001 X=275,6318 Y=92,9600 Vx=52,7798 Vy=-86,5535
[1795,466] Ball=B005 X=291,7443 Y=137,0806 Vx=51,7060 Vy=-58,1351
[1788,184] Ball=B008 X=29,6187 Y=338,1662 Vx=-60,3053 Vy=-142,8575
[1795,597] Ball=B004 X=351,8613 Y=317,6095 Vx=-110,5016 Vy=62,7061
[1795,261] Ball=B006 X=346,7356 Y=87,4857 Vx=19,6935 Vy=-57,3824
[1795,735] Ball=B003 X=313,4907 Y=278,2430 Vx=-169,6458 Vy=-54,8445
[1810,545] Ball=B004 X=350,2096 Y=318,5467 Vx=-110,5016 Vy=62,7061
[1810,681] Ball=B003 X=310,9553 Y=277,4233 Vx=-169,6458 Vy=-54,8445
[1811,206] Ball=B002 X=39,4042 Y=266,7548 Vx=-209,5140 Vy=62,2763
[1810,227] Ball=B006 X=347,0304 Y=86,6269 Vx=19,6935 Vy=-57,3824
[1805,789] Ball=B007 X=239,9267 Y=57,5832 Vx=-77,1763 Vy=55,1570
[1803,189] Ball=B008 X=28,7138 Y=336,0226 Vx=-60,3053 Vy=-142,8575
[1810,472] Ball=B005 X=292,5202 Y=136,2082 Vx=51,7060 Vy=-58,1351
[1813,827] Ball=B001 X=276,4249 Y=91,6594 Vx=52,7798 Vy=-86,5535
[1820,776] Ball=B007 X=238,7701 Y=58,4098 Vx=-77,1763 Vy=55,1570
[1825,446] Ball=B005 X=293,2944 Y=135,3377 Vx=51,7060 Vy=-58,1351
[1825,225] Ball=B006 X=347,3257 Y=85,7663 Vx=19,6935 Vy=-57,3824
[1818,183] Ball=B008 X=27,8096 Y=333,8806 Vx=-60,3053 Vy=-142,8575
[1825,725] Ball=B003 X=308,4030 Y=276,5982 Vx=-169,6458 Vy=-54,8445
[1825,601] Ball=B004 X=348,5458 Y=319,4909 Vx=-110,5016 Vy=62,7061
[1828,848] Ball=B001 X=277,2177 Y=90,3593 Vx=52,7798 Vy=-86,5535
[1826,260] Ball=B002 X=36,2500 Y=267,6924 Vx=-209,5140 Vy=62,2763
[1840,677] Ball=B003 X=305,8666 Y=275,7782 Vx=-169,6458 Vy=-54,8445
[1840,543] Ball=B004 X=346,8947 Y=320,4278 Vx=-110,5016 Vy=62,7061
[1840,435] Ball=B005 X=294,0695 Y=134,4663 Vx=51,7060 Vy=-58,1351
[1843,803] Ball=B001 X=278,0071 Y=89,0648 Vx=52,7798 Vy=-86,5535
[1841,215] Ball=B002 X=33,1168 Y=268,6237 Vx=-209,5140 Vy=62,2763
[1833,190] Ball=B008 X=26,9045 Y=331,7366 Vx=-60,3053 Vy=-142,8575
[1840,296] Ball=B006 X=347,6225 Y=84,9015 Vx=19,6935 Vy=-57,3824
[1835,848] Ball=B007 X=237,6069 Y=59,2411 Vx=-77,1763 Vy=55,1570
[1850,759] Ball=B007 X=236,4562 Y=60,0635 Vx=-77,1763 Vy=55,1570
[1858,785] Ball=B001 X=278,7978 Y=87,7681 Vx=52,7798 Vy=-86,5535
[1856,206] Ball=B002 X=29,9760 Y=269,5573 Vx=-209,5140 Vy=62,2763
[1848,171] Ball=B008 X=26,0011 Y=329,5965 Vx=-60,3053 Vy=-142,8575
[1855,581] Ball=B004 X=345,2330 Y=321,3708 Vx=-110,5016 Vy=62,7061
[1855,532] Ball=B005 X=294,8501 Y=133,5886 Vx=51,7060 Vy=-58,1351
[1855,314] Ball=B006 X=347,9183 Y=84,0397 Vx=19,6935 Vy=-57,3824
[1855,784] Ball=B003 X=303,3046 Y=274,9499 Vx=-169,6458 Vy=-54,8445
[1871,478] Ball=B005 X=295,6746 Y=132,6616 Vx=51,7060 Vy=-58,1351
[1871,741] Ball=B003 X=300,5967 Y=274,0745 Vx=-169,6458 Vy=-54,8445
[1871,264] Ball=B006 X=348,2324 Y=83,1245 Vx=19,6935 Vy=-57,3824
[1872,275] Ball=B002 X=26,6092 Y=270,5580 Vx=-209,5140 Vy=62,2763
[1864,239] Ball=B008 X=25,0321 Y=327,3011 Vx=-60,3053 Vy=-142,8575
[1871,638] Ball=B004 X=343,4587 Y=322,3777 Vx=-110,5016 Vy=62,7061
[1874,886] Ball=B001 X=279,6476 Y=86,3745 Vx=52,7798 Vy=-86,5535
[1866,936] Ball=B007 X=235,2076 Y=60,9558 Vx=-77,1763 Vy=55,1570
[1890,972] Ball=B001 X=280,4966 Y=84,9822 Vx=52,7798 Vy=-86,5535
[1887,734] Ball=B004 X=341,6801 Y=323,3870 Vx=-110,5016 Vy=62,7061
[1882,955] Ball=B007 X=233,9713 Y=61,8394 Vx=-77,1763 Vy=55,1570
[1880,362] Ball=B008 X=24,0599 Y=324,9979 Vx=-60,3053 Vy=-142,8575
[1887,435] Ball=B006 X=348,5509 Y=82,1965 Vx=19,6935 Vy=-57,3824
[1888,461] Ball=B002 X=23,2180 Y=271,5660 Vx=-209,5140 Vy=62,2763
[1887,957] Ball=B003 X=297,8456 Y=273,1851 Vx=-169,6458 Vy=-54,8445
[1887,707] Ball=B005 X=296,5137 Y=131,7181 Vx=51,7060 Vy=-58,1351
[1903,859] Ball=B003 X=295,1482 Y=272,3131 Vx=-169,6458 Vy=-54,8445
[1903,397] Ball=B006 X=348,8652 Y=81,2806 Vx=19,6935 Vy=-57,3824
[1898,950] Ball=B007 X=232,7369 Y=62,7216 Vx=-77,1763 Vy=55,1570
[1903,607] Ball=B005 X=297,3358 Y=130,7938 Vx=51,7060 Vy=-58,1351
[1906,987] Ball=B001 X=281,3419 Y=83,5961 Vx=52,7798 Vy=-86,5535
[1903,742] Ball=B004 X=339,9111 Y=324,3908 Vx=-110,5016 Vy=62,7061
[1896,368] Ball=B008 X=23,0946 Y=322,7113 Vx=-60,3053 Vy=-142,8575
[1914,268] Ball=B002 X=17,8114 Y=273,1731 Vx=-209,5140 Vy=62,2763
[1913,930] Ball=B007 X=231,5808 Y=63,5479 Vx=-77,1763 Vy=55,1570
[1918,393] Ball=B006 X=349,1605 Y=80,4201 Vx=19,6935 Vy=-57,3824
[1921,966] Ball=B001 X=282,1325 Y=82,2996 Vx=52,7798 Vy=-86,5535
[1911,339] Ball=B008 X=22,1917 Y=320,5725 Vx=-60,3053 Vy=-142,8575
[1918,740] Ball=B004 X=338,2538 Y=325,3313 Vx=-110,5016 Vy=62,7061
[1918,716] Ball=B005 X=298,1171 Y=129,9154 Vx=51,7060 Vy=-58,1351
[1918,970] Ball=B003 X=292,5844 Y=271,4842 Vx=-169,6458 Vy=-54,8445
[1930,251] Ball=B002 X=14,4627 Y=274,1685 Vx=-209,5140 Vy=62,2763
[1933,674] Ball=B005 X=298,8905 Y=129,0458 Vx=51,7060 Vy=-58,1351
[1926,401] Ball=B008 X=21,2834 Y=318,4208 Vx=-60,3053 Vy=-142,8575
[1933,802] Ball=B004 X=336,5894 Y=326,2758 Vx=-110,5016 Vy=62,7061
[1933,949] Ball=B003 X=290,0433 Y=270,6627 Vx=-169,6458 Vy=-54,8445
[1929,068] Ball=B007 X=230,4125 Y=64,3829 Vx=-77,1763 Vy=55,1570
[1937,103] Ball=B001 X=282,9314 Y=80,9894 Vx=52,7798 Vy=-86,5535
[1933,534] Ball=B006 X=349,4587 Y=79,5512 Vx=19,6935 Vy=-57,3824
[1946,288] Ball=B002 X=11,1028 Y=275,1672 Vx=-209,5140 Vy=62,2763
[1948,614] Ball=B004 X=334,9527 Y=327,2046 Vx=-110,5016 Vy=62,7061
[1941,227] Ball=B008 X=20,3893 Y=316,3028 Vx=-60,3053 Vy=-142,8575
[1943,923] Ball=B007 X=229,2661 Y=65,2022 Vx=-77,1763 Vy=55,1570
[1948,387] Ball=B006 X=349,7512 Y=78,6990 Vx=19,6935 Vy=-57,3824
[1951,999] Ball=B001 X=283,7176 Y=79,7002 Vx=52,7798 Vy=-86,5535
[1948,857] Ball=B003 X=287,5143 Y=269,8451 Vx=-169,6458 Vy=-54,8445
[1948,658] Ball=B005 X=299,6652 Y=128,1747 Vx=51,7060 Vy=-58,1351
[1962,312] Ball=B002 X=7,7453 Y=276,1651 Vx=-209,5140 Vy=62,2763
[1964,756] Ball=B003 X=284,8171 Y=268,9731 Vx=-169,6458 Vy=-54,8445
[1964,621] Ball=B004 X=333,1838 Y=328,2083 Vx=-110,5016 Vy=62,7061
[1964,300] Ball=B006 X=350,0646 Y=77,7858 Vx=19,6935 Vy=-57,3824
[1967,877] Ball=B001 X=284,5556 Y=78,3258 Vx=52,7798 Vy=-86,5535
[1959,925] Ball=B007 X=228,0311 Y=66,0848 Vx=-77,1763 Vy=55,1570
[1957,327] Ball=B008 X=19,4184 Y=314,0028 Vx=-60,3053 Vy=-142,8575
[1964,537] Ball=B005 X=300,4863 Y=127,2516 Vx=51,7060 Vy=-58,1351
[1977,364] Ball=B002 X=4,5919 Y=277,1025 Vx=-209,5140 Vy=62,2763
[1980,631] Ball=B004 X=331,4148 Y=329,2122 Vx=-110,5016 Vy=62,7061
[1973,250] Ball=B008 X=18,4582 Y=311,7282 Vx=-60,3053 Vy=-142,8575
[1975,865] Ball=B007 X=226,8009 Y=66,9640 Vx=-77,1763 Vy=55,1570
[1980,329] Ball=B006 X=350,3803 Y=76,8660 Vx=19,6935 Vy=-57,3824
[1983,907] Ball=B001 X=285,4017 Y=76,9383 Vx=52,7798 Vy=-86,5535
[1980,861] Ball=B003 X=282,0849 Y=268,0898 Vx=-169,6458 Vy=-54,8445
[1980,551] Ball=B005 X=301,3143 Y=126,3206 Vx=51,7060 Vy=-58,1351
[1992,280] Ball=B002 X=1,4667 Y=278,0314 Vx=-209,5140 Vy=62,2763
[1991,938] Ball=B007 X=225,5605 Y=67,8505 Vx=-77,1763 Vy=55,1570
[1999,960] Ball=B001 X=286,2490 Y=75,5489 Vx=52,7798 Vy=-86,5535
[1996,871] Ball=B003 X=279,3689 Y=267,2118 Vx=-169,6458 Vy=-54,8445
[1996,403] Ball=B006 X=350,6968 Y=75,9437 Vx=19,6935 Vy=-57,3824
[1989,351] Ball=B008 X=17,4872 Y=309,4279 Vx=-60,3053 Vy=-142,8575
[1996,831] Ball=B004 X=329,6246 Y=330,2280 Vx=-110,5016 Vy=62,7061
[1996,618] Ball=B005 X=302,1451 Y=125,3865 Vx=51,7060 Vy=-58,1351
[2008,271] Ball=B002 X=-1,8836 Y=279,0273 Vx=-209,5140 Vy=62,2763
[2011,559] Ball=B004 X=327,9972 Y=331,1516 Vx=-110,5016 Vy=62,7061
[2014,807] Ball=B001 X=287,0326 Y=74,2639 Vx=52,7798 Vy=-86,5535
[2011,241] Ball=B006 X=350,9890 Y=75,0923 Vx=19,6935 Vy=-57,3824
[2011,468] Ball=B005 X=302,9129 Y=124,5233 Vx=51,7060 Vy=-58,1351
[2004,193] Ball=B008 X=16,5922 Y=307,3077 Vx=-60,3053 Vy=-142,8575
[2006,814] Ball=B007 X=224,4124 Y=68,6711 Vx=-77,1763 Vy=55,1570
[2011,744] Ball=B003 X=276,8456 Y=266,3961 Vx=-169,6458 Vy=-54,8445
[2024,216] Ball=B002 X=3,3407 Y=280,0203 Vx=209,5140 Vy=62,2763
[2027,376] Ball=B006 X=351,3068 Y=74,1664 Vx=19,6935 Vy=-57,3824
[2020,319] Ball=B008 X=15,6197 Y=305,0040 Vx=-60,3053 Vy=-142,8575
[2027,724] Ball=B004 X=326,2109 Y=332,1652 Vx=-110,5016 Vy=62,7061
[2027,931] Ball=B003 X=274,0996 Y=265,5083 Vx=-169,6458 Vy=-54,8445
[2030,970] Ball=B001 X=287,8857 Y=72,8649 Vx=52,7798 Vy=-86,5535
[2023,010] Ball=B007 X=223,1624 Y=69,5644 Vx=-77,1763 Vy=55,1570
[2027,761] Ball=B005 X=303,7554 Y=123,5760 Vx=51,7060 Vy=-58,1351
[2040,268] Ball=B002 X=6,7040 Y=281,0200 Vx=209,5140 Vy=62,2763
[2036,306] Ball=B008 X=14,6556 Y=302,7201 Vx=-60,3053 Vy=-142,8575
[2043,842] Ball=B003 X=271,4006 Y=264,6357 Vx=-169,6458 Vy=-54,8445
[2043,715] Ball=B004 X=324,4438 Y=333,1680 Vx=-110,5016 Vy=62,7061
[2043,612] Ball=B005 X=304,5750 Y=122,6545 Vx=51,7060 Vy=-58,1351
[2038,952] Ball=B007 X=221,9321 Y=70,4437 Vx=-77,1763 Vy=55,1570
[2047,036] Ball=B001 X=288,7336 Y=71,4743 Vx=52,7798 Vy=-86,5535
[2043,593] Ball=B006 X=351,6262 Y=73,2358 Vx=19,6935 Vy=-57,3824
[2056,223] Ball=B002 X=8,0922 Y=276,6796 Vx=107,3755 Vy=-216,4613
[2061,869] Ball=B001 X=289,5165 Y=70,1904 Vx=52,7798 Vy=-86,5535
[2058,544] Ball=B005 X=305,3470 Y=121,7865 Vx=51,7060 Vy=-58,1351
[2058,883] Ball=B003 X=268,8487 Y=263,8108 Vx=-169,6458 Vy=-54,8445
[2058,806] Ball=B004 X=322,7763 Y=334,1143 Vx=-110,5016 Vy=62,7061
[2058,544] Ball=B006 X=351,9206 Y=72,3779 Vx=19,6935 Vy=-57,3824
[2051,494] Ball=B008 X=15,4966 Y=305,3451 Vx=33,9764 Vy=114,4388
[2054,249] Ball=B007 X=220,7515 Y=71,2875 Vx=-77,1763 Vy=55,1570
[2072,224] Ball=B002 X=9,8103 Y=273,2160 Vx=107,3755 Vy=-216,4613
[2066,237] Ball=B008 X=15,9975 Y=307,0321 Vx=33,9764 Vy=114,4388
[2073,305] Ball=B006 X=352,2113 Y=71,5309 Vx=19,6935 Vy=-57,3824
[2076,881] Ball=B001 X=290,3088 Y=68,8912 Vx=52,7798 Vy=-86,5535
[2068,865] Ball=B007 X=219,6235 Y=72,0936 Vx=-77,1763 Vy=55,1570
[2073,726] Ball=B004 X=321,1276 Y=335,0498 Vx=-110,5016 Vy=62,7061
[2073,621] Ball=B005 X=306,1266 Y=120,9100 Vx=51,7060 Vy=-58,1351
[2073,932] Ball=B003 X=266,2958 Y=262,9854 Vx=-169,6458 Vy=-54,8445
[2087,278] Ball=B002 X=11,4267 Y=269,9574 Vx=107,3755 Vy=-216,4613
[2092,006] Ball=B001 X=291,1071 Y=67,5820 Vx=52,7798 Vy=-86,5535
[2081,386] Ball=B008 X=16,5122 Y=308,7658 Vx=33,9764 Vy=114,4388
[2089,469] Ball=B005 X=306,9460 Y=119,9886 Vx=51,7060 Vy=-58,1351
[2084,840] Ball=B007 X=218,3906 Y=72,9748 Vx=-77,1763 Vy=55,1570
[2089,787] Ball=B003 X=263,6060 Y=262,1158 Vx=-169,6458 Vy=-54,8445
[2089,342] Ball=B006 X=352,5271 Y=70,6106 Vx=19,6935 Vy=-57,3824
[2089,418] Ball=B004 X=319,3936 Y=336,0338 Vx=-110,5016 Vy=62,7061
[2103,258] Ball=B002 X=13,1425 Y=266,4986 Vx=107,3755 Vy=-216,4613
[2107,890] Ball=B001 X=291,9455 Y=66,2072 Vx=52,7798 Vy=-86,5535
[2104,662] Ball=B004 X=317,7091 Y=336,9897 Vx=-110,5016 Vy=62,7061
[2104,815] Ball=B003 X=261,0567 Y=261,2917 Vx=-169,6458 Vy=-54,8445
[2099,951] Ball=B007 X=217,2244 Y=73,8083 Vx=-77,1763 Vy=55,1570
[2104,635] Ball=B005 X=307,7302 Y=119,1070 Vx=51,7060 Vy=-58,1351
[2097,420] Ball=B008 X=17,0570 Y=310,6007 Vx=33,9764 Vy=114,4388
[2104,337] Ball=B006 X=352,8224 Y=69,7502 Vx=19,6935 Vy=-57,3824
[2118,278] Ball=B002 X=14,7553 Y=263,2472 Vx=107,3755 Vy=-216,4613
[2114,792] Ball=B007 X=216,0791 Y=74,6268 Vx=-77,1763 Vy=55,1570
[2119,476] Ball=B005 X=308,4975 Y=118,2442 Vx=51,7060 Vy=-58,1351
[2119,264] Ball=B006 X=353,1164 Y=68,8936 Vx=19,6935 Vy=-57,3824
[2119,612] Ball=B004 X=316,0571 Y=337,9272 Vx=-110,5016 Vy=62,7061
[2112,244] Ball=B008 X=17,5606 Y=312,2971 Vx=33,9764 Vy=114,4388
[2119,773] Ball=B003 X=258,5191 Y=260,4713 Vx=-169,6458 Vy=-54,8445
[2122,876] Ball=B001 X=292,7365 Y=64,9101 Vx=52,7798 Vy=-86,5535
[2133,292] Ball=B002 X=16,3675 Y=259,9972 Vx=107,3755 Vy=-216,4613
[2134,740] Ball=B003 X=255,9800 Y=259,6505 Vx=-169,6458 Vy=-54,8445
[2137,871] Ball=B001 X=293,5279 Y=63,6122 Vx=52,7798 Vy=-86,5535
[2127,302] Ball=B008 X=18,0723 Y=314,0204 Vx=33,9764 Vy=114,4388
[2134,372] Ball=B006 X=353,4139 Y=68,0267 Vx=19,6935 Vy=-57,3824
[2134,645] Ball=B005 X=309,2819 Y=117,3623 Vx=51,7060 Vy=-58,1351
[2134,807] Ball=B004 X=314,3781 Y=338,8800 Vx=-110,5016 Vy=62,7061
[2130,026] Ball=B007 X=214,9033 Y=75,4671 Vx=-77,1763 Vy=55,1570
[2149,285] Ball=B002 X=18,0847 Y=256,5355 Vx=107,3755 Vy=-216,4613
[2143,232] Ball=B008 X=18,6135 Y=315,8434 Vx=33,9764 Vy=114,4388
[2150,523] Ball=B005 X=310,1029 Y=116,4393 Vx=51,7060 Vy=-58,1351
[2153,887] Ball=B001 X=294,3732 Y=62,2260 Vx=52,7798 Vy=-86,5535
[2145,864] Ball=B007 X=213,6810 Y=76,3407 Vx=-77,1763 Vy=55,1570
[2150,790] Ball=B003 X=253,2572 Y=258,7702 Vx=-169,6458 Vy=-54,8445
[2150,421] Ball=B006 X=353,7300 Y=67,1058 Vx=19,6935 Vy=-57,3824
[2150,765] Ball=B004 X=312,6147 Y=339,8807 Vx=-110,5016 Vy=62,7061
[2165,291] Ball=B002 X=19,8033 Y=253,0708 Vx=107,3755 Vy=-216,4613
[2165,287] Ball=B006 X=354,0227 Y=66,2527 Vx=19,6935 Vy=-57,3824
[2158,238] Ball=B008 X=19,1233 Y=317,5606 Vx=33,9764 Vy=114,4388
[2160,875] Ball=B007 X=212,5225 Y=77,1686 Vx=-77,1763 Vy=55,1570
[2165,874] Ball=B003 X=250,6983 Y=257,9429 Vx=-169,6458 Vy=-54,8445
[2169,052] Ball=B001 X=295,1736 Y=60,9134 Vx=52,7798 Vy=-86,5535
[2165,814] Ball=B004 X=310,9517 Y=340,8243 Vx=-110,5016 Vy=62,7061
[2166,028] Ball=B005 X=310,9046 Y=115,5379 Vx=51,7060 Vy=-58,1351
[2180,451] Ball=B005 X=311,6503 Y=114,6994 Vx=51,7060 Vy=-58,1351
[2180,565] Ball=B004 X=309,3218 Y=341,7492 Vx=-110,5016 Vy=62,7061
[2180,245] Ball=B006 X=354,3173 Y=65,3944 Vx=19,6935 Vy=-57,3824
[2180,721] Ball=B003 X=248,1796 Y=257,1287 Vx=-169,6458 Vy=-54,8445
[2183,804] Ball=B001 X=295,9522 Y=59,6366 Vx=52,7798 Vy=-86,5535
[2175,882] Ball=B007 X=211,3643 Y=77,9964 Vx=-77,1763 Vy=55,1570
[2173,290] Ball=B008 X=19,6348 Y=319,2832 Vx=33,9764 Vy=114,4388
[2181,401] Ball=B002 X=21,5333 Y=249,5832 Vx=107,3755 Vy=-216,4613
[2196,363] Ball=B002 X=23,1397 Y=246,3448 Vx=107,3755 Vy=-216,4613
[2188,325] Ball=B008 X=20,1456 Y=321,0037 Vx=33,9764 Vy=114,4388
[2195,724] Ball=B004 X=307,6466 Y=342,6999 Vx=-110,5016 Vy=62,7061
[2195,627] Ball=B005 X=312,4350 Y=113,8171 Vx=51,7060 Vy=-58,1351
[2190,946] Ball=B007 X=210,2017 Y=78,8272 Vx=-77,1763 Vy=55,1570
[2195,513] Ball=B006 X=354,6180 Y=64,5183 Vx=19,6935 Vy=-57,3824
[2199,093] Ball=B001 X=296,7592 Y=58,3132 Vx=52,7798 Vy=-86,5535
[2195,993] Ball=B003 X=245,5888 Y=256,2911 Vx=-169,6458 Vy=-54,8445
[2214,953] Ball=B001 X=297,5962 Y=56,9406 Vx=52,7798 Vy=-86,5535
[2211,603] Ball=B005 X=313,2611 Y=112,8884 Vx=51,7060 Vy=-58,1351
[2211,866] Ball=B003 X=242,8959 Y=255,4205 Vx=-169,6458 Vy=-54,8445
[2212,380] Ball=B002 X=24,8597 Y=242,8775 Vx=107,3755 Vy=-216,4613
[2211,418] Ball=B006 X=354,9312 Y=63,6056 Vx=19,6935 Vy=-57,3824
[2211,754] Ball=B004 X=305,8753 Y=343,7050 Vx=-110,5016 Vy=62,7061
[2206,980] Ball=B007 X=208,9642 Y=79,7117 Vx=-77,1763 Vy=55,1570
[2204,472] Ball=B008 X=20,6942 Y=322,8517 Vx=33,9764 Vy=114,4388
[2226,378] Ball=B006 X=355,2258 Y=62,7472 Vx=19,6935 Vy=-57,3824
[2227,354] Ball=B002 X=26,4674 Y=239,6364 Vx=107,3755 Vy=-216,4613
[2226,903] Ball=B003 X=240,3449 Y=254,5958 Vx=-169,6458 Vy=-54,8445
[2219,373] Ball=B008 X=21,2005 Y=324,5569 Vx=33,9764 Vy=114,4388
[2221,988] Ball=B007 X=207,8060 Y=80,5394 Vx=-77,1763 Vy=55,1570
[2230,022] Ball=B001 X=298,3916 Y=55,6362 Vx=52,7798 Vy=-86,5535
[2226,778] Ball=B004 X=304,2151 Y=344,6471 Vx=-110,5016 Vy=62,7061
[2226,673] Ball=B005 X=314,0403 Y=112,0122 Vx=51,7060 Vy=-58,1351
[2245,963] Ball=B001 X=299,2329 Y=54,2566 Vx=52,7798 Vy=-86,5535
[2242,734] Ball=B004 X=302,4519 Y=345,6477 Vx=-110,5016 Vy=62,7061
[2242,621] Ball=B005 X=314,8649 Y=111,0852 Vx=51,7060 Vy=-58,1351
[2235,351] Ball=B008 X=21,7434 Y=326,3854 Vx=33,9764 Vy=114,4388
[2237,971] Ball=B007 X=206,5725 Y=81,4210 Vx=-77,1763 Vy=55,1570
[2243,427] Ball=B002 X=28,1933 Y=236,1572 Vx=107,3755 Vy=-216,4613
[2242,916] Ball=B003 X=237,6284 Y=253,7176 Vx=-169,6458 Vy=-54,8445
[2242,444] Ball=B006 X=355,5422 Y=61,8253 Vx=19,6935 Vy=-57,3824
[2258,667] Ball=B004 X=300,6914 Y=346,6467 Vx=-110,5016 Vy=62,7061
[2259,318] Ball=B002 X=29,8997 Y=232,7173 Vx=107,3755 Vy=-216,4613
[2258,818] Ball=B003 X=234,9307 Y=252,8455 Vx=-169,6458 Vy=-54,8445
[2258,355] Ball=B006 X=355,8556 Y=60,9123 Vx=19,6935 Vy=-57,3824
[2253,991] Ball=B007 X=205,3362 Y=82,3046 Vx=-77,1763 Vy=55,1570
[2251,384] Ball=B008 X=22,2881 Y=328,2202 Vx=33,9764 Vy=114,4388
[2258,669] Ball=B005 X=315,6947 Y=110,1522 Vx=51,7060 Vy=-58,1351
[2262,138] Ball=B001 X=300,0867 Y=52,8565 Vx=52,7798 Vy=-86,5535
[2267,244] Ball=B008 X=22,8270 Y=330,0352 Vx=33,9764 Vy=114,4388
[2274,522] Ball=B005 X=316,5143 Y=109,2306 Vx=51,7060 Vy=-58,1351
[2277,887] Ball=B001 X=300,9179 Y=51,4934 Vx=52,7798 Vy=-86,5535
[2275,298] Ball=B002 X=31,6156 Y=229,2581 Vx=107,3755 Vy=-216,4613
[2274,414] Ball=B006 X=356,1707 Y=59,9941 Vx=19,6935 Vy=-57,3824
[2269,902] Ball=B007 X=204,1082 Y=83,1822 Vx=-77,1763 Vy=55,1570
[2274,895] Ball=B003 X=232,2033 Y=251,9637 Vx=-169,6458 Vy=-54,8445
[2274,764] Ball=B004 X=298,9125 Y=347,6562 Vx=-110,5016 Vy=62,7061
[2290,580] Ball=B004 X=297,1650 Y=348,6478 Vx=-110,5016 Vy=62,7061
[2283,291] Ball=B008 X=23,3722 Y=331,8715 Vx=33,9764 Vy=114,4388
[2290,577] Ball=B005 X=317,3445 Y=108,2972 Vx=51,7060 Vy=-58,1351
[2286,003] Ball=B007 X=202,8656 Y=84,0703 Vx=-77,1763 Vy=55,1570
[2290,465] Ball=B006 X=356,4879 Y=59,0697 Vx=19,6935 Vy=-57,3824
[2291,458] Ball=B002 X=33,3507 Y=225,7602 Vx=107,3755 Vy=-216,4613
[2294,054] Ball=B001 X=301,7712 Y=50,0940 Vx=52,7798 Vy=-86,5535
[2290,962] Ball=B003 X=229,4775 Y=251,0825 Vx=-169,6458 Vy=-54,8445
[2306,267] Ball=B006 X=356,7991 Y=58,1630 Vx=19,6935 Vy=-57,3824
[2306,599] Ball=B004 X=295,3948 Y=349,6524 Vx=-110,5016 Vy=62,7061
[2309,870] Ball=B001 X=302,6059 Y=48,7252 Vx=52,7798 Vy=-86,5535
[2307,282] Ball=B002 X=35,0498 Y=222,3350 Vx=107,3755 Vy=-216,4613
[2306,780] Ball=B003 X=226,7941 Y=250,2150 Vx=-169,6458 Vy=-54,8445
[2301,955] Ball=B007 X=201,6344 Y=84,9502 Vx=-77,1763 Vy=55,1570
[2306,633] Ball=B005 X=318,1747 Y=107,3638 Vx=51,7060 Vy=-58,1351
[2299,437] Ball=B008 X=23,9208 Y=333,7193 Vx=33,9764 Vy=114,4388
[2324,838] Ball=B001 X=303,3959 Y=47,4296 Vx=52,7798 Vy=-86,5535
[2321,505] Ball=B005 X=318,9436 Y=106,4992 Vx=51,7060 Vy=-58,1351
[2316,844] Ball=B007 X=200,4854 Y=85,7714 Vx=-77,1763 Vy=55,1570
[2314,319] Ball=B008 X=24,4264 Y=335,4224 Vx=33,9764 Vy=114,4388
[2322,446] Ball=B002 X=36,6781 Y=219,0525 Vx=107,3755 Vy=-216,4613
[2321,946] Ball=B003 X=224,2213 Y=249,3832 Vx=-169,6458 Vy=-54,8445
[2321,480] Ball=B006 X=357,0987 Y=57,2900 Vx=19,6935 Vy=-57,3824
[2321,887] Ball=B004 X=293,7054 Y=350,6111 Vx=-110,5016 Vy=62,7061
[2336,778] Ball=B003 X=221,7053 Y=248,5698 Vx=-169,6458 Vy=-54,8445
[2336,641] Ball=B004 X=292,0750 Y=351,5362 Vx=-110,5016 Vy=62,7061
[2336,533] Ball=B005 X=319,7207 Y=105,6256 Vx=51,7060 Vy=-58,1351
[2331,883] Ball=B007 X=199,3247 Y=86,6009 Vx=-77,1763 Vy=55,1570
[2339,915] Ball=B001 X=304,1917 Y=46,1246 Vx=52,7798 Vy=-86,5535
[2336,429] Ball=B006 X=357,3931 Y=56,4322 Vx=19,6935 Vy=-57,3824
[2337,407] Ball=B002 X=38,2845 Y=215,8141 Vx=107,3755 Vy=-216,4613
[2329,373] Ball=B008 X=24,9379 Y=337,1451 Vx=33,9764 Vy=114,4388
[2344,253] Ball=B008 X=25,4435 Y=338,8479 Vx=33,9764 Vy=114,4388
[2352,301] Ball=B002 X=39,8837 Y=212,5903 Vx=107,3755 Vy=-216,4613
[2351,330] Ball=B006 X=357,6866 Y=55,5771 Vx=19,6935 Vy=-57,3824
[2351,671] Ball=B004 X=290,4142 Y=352,4787 Vx=-110,5016 Vy=62,7061
[2346,906] Ball=B007 X=198,1653 Y=87,4295 Vx=-77,1763 Vy=55,1570
[2351,827] Ball=B003 X=219,1521 Y=247,7444 Vx=-169,6458 Vy=-54,8445
[2354,933] Ball=B001 X=304,9844 Y=44,8247 Vx=52,7798 Vy=-86,5535
[2351,586] Ball=B005 X=320,4990 Y=104,7504 Vx=51,7060 Vy=-58,1351
[2366,830] Ball=B003 X=216,6069 Y=246,9216 Vx=-169,6458 Vy=-54,8445
[2369,931] Ball=B001 X=305,7759 Y=43,5267 Vx=52,7798 Vy=-86,5535
[2366,700] Ball=B004 X=288,7535 Y=353,4211 Vx=-110,5016 Vy=62,7061
[2361,948] Ball=B007 X=197,0044 Y=88,2592 Vx=-77,1763 Vy=55,1570
[2366,698] Ball=B005 X=321,2804 Y=103,8719 Vx=51,7060 Vy=-58,1351
[2359,485] Ball=B008 X=25,9610 Y=340,5912 Vx=33,9764 Vy=114,4388
[2366,548] Ball=B006 X=357,9863 Y=54,7039 Vx=19,6935 Vy=-57,3824
[2367,534] Ball=B002 X=41,5194 Y=209,2926 Vx=107,3755 Vy=-216,4613
[2382,266] Ball=B006 X=358,2958 Y=53,8020 Vx=19,6935 Vy=-57,3824
[2382,631] Ball=B004 X=286,9931 Y=354,4200 Vx=-110,5016 Vy=62,7061
[2385,945] Ball=B001 X=306,6211 Y=42,1406 Vx=52,7798 Vy=-86,5535
[2375,243] Ball=B008 X=26,4964 Y=342,3944 Vx=33,9764 Vy=114,4388
[2383,365] Ball=B002 X=43,2192 Y=205,8660 Vx=107,3755 Vy=-216,4613
[2377,980] Ball=B007 X=195,7703 Y=89,1412 Vx=-77,1763 Vy=55,1570
[2382,599] Ball=B005 X=322,1026 Y=102,9475 Vx=51,7060 Vy=-58,1351
[2383,121] Ball=B003 X=213,8432 Y=246,0281 Vx=-169,6458 Vy=-54,8445
[2391,151] Ball=B008 X=27,0369 Y=344,2149 Vx=33,9764 Vy=114,4388
[2399,188] Ball=B002 X=44,9181 Y=202,4411 Vx=107,3755 Vy=-216,4613
[2393,764] Ball=B007 X=194,5490 Y=90,0141 Vx=-77,1763 Vy=55,1570
[2398,697] Ball=B003 X=211,2008 Y=245,1739 Vx=-169,6458 Vy=-54,8445
[2398,568] Ball=B004 X=285,2319 Y=355,4195 Vx=-110,5016 Vy=62,7061
[2401,885] Ball=B001 X=307,4582 Y=40,7678 Vx=52,7798 Vy=-86,5535
[2398,546] Ball=B005 X=322,9271 Y=102,0204 Vx=51,7060 Vy=-58,1351
[2398,333] Ball=B006 X=358,6122 Y=52,8800 Vx=19,6935 Vy=-57,3824
[2413,602] Ball=B004 X=283,5707 Y=356,3622 Vx=-110,5016 Vy=62,7061
[2408,816] Ball=B007 X=193,3874 Y=90,8442 Vx=-77,1763 Vy=55,1570
[2413,316] Ball=B006 X=358,9073 Y=52,0202 Vx=19,6935 Vy=-57,3824
[2406,257] Ball=B008 X=27,5502 Y=345,9436 Vx=33,9764 Vy=114,4388
[2413,799] Ball=B003 X=208,6387 Y=244,3456 Vx=-169,6458 Vy=-54,8445
[2416,900] Ball=B001 X=308,2550 Y=39,4613 Vx=52,7798 Vy=-86,5535
[2414,305] Ball=B002 X=46,5415 Y=199,1686 Vx=107,3755 Vy=-216,4613
[2413,557] Ball=B005 X=323,7033 Y=101,1477 Vx=51,7060 Vy=-58,1351
[2428,511] Ball=B005 X=324,4765 Y=100,2784 Vx=51,7060 Vy=-58,1351
[2429,274] Ball=B002 X=48,1487 Y=195,9285 Vx=107,3755 Vy=-216,4613
[2428,779] Ball=B003 X=206,0976 Y=243,5240 Vx=-169,6458 Vy=-54,8445
[2431,894] Ball=B001 X=309,0464 Y=38,1635 Vx=52,7798 Vy=-86,5535
[2421,278] Ball=B008 X=28,0605 Y=347,6626 Vx=33,9764 Vy=114,4388
[2423,888] Ball=B007 X=192,2241 Y=91,6756 Vx=-77,1763 Vy=55,1570
[2428,351] Ball=B006 X=359,2034 Y=51,1575 Vx=19,6935 Vy=-57,3824
[2428,685] Ball=B004 X=281,9040 Y=357,3080 Vx=-110,5016 Vy=62,7061
[2443,374] Ball=B006 X=359,4992 Y=50,2955 Vx=19,6935 Vy=-57,3824
[2446,950] Ball=B001 X=309,8410 Y=36,8604 Vx=52,7798 Vy=-86,5535
[2438,936] Ball=B007 X=191,0628 Y=92,5056 Vx=-77,1763 Vy=55,1570
[2443,727] Ball=B004 X=280,2418 Y=358,2512 Vx=-110,5016 Vy=62,7061
[2444,380] Ball=B002 X=49,7707 Y=192,6586 Vx=107,3755 Vy=-216,4613
[2443,883] Ball=B003 X=203,5353 Y=242,6957 Vx=-169,6458 Vy=-54,8445
[2436,354] Ball=B008 X=28,5728 Y=349,3879 Vx=33,9764 Vy=114,4388
[2443,651] Ball=B005 X=325,2593 Y=99,3982 Vx=51,7060 Vy=-58,1351
[2451,256] Ball=B008 X=29,0790 Y=351,0932 Vx=33,9764 Vy=114,4388
[2458,807] Ball=B003 X=201,0035 Y=241,8772 Vx=-169,6458 Vy=-54,8445
[2461,944] Ball=B001 X=310,6324 Y=35,5626 Vx=52,7798 Vy=-86,5535
[2458,734] Ball=B005 X=326,0392 Y=98,5214 Vx=51,7060 Vy=-58,1351
[2458,892] Ball=B004 X=278,5661 Y=359,2021 Vx=-110,5016 Vy=62,7061
[2454,192] Ball=B007 X=189,8854 Y=93,3471 Vx=-77,1763 Vy=55,1570
[2458,662] Ball=B006 X=359,8003 Y=49,4181 Vx=19,6935 Vy=-57,3824
[2459,644] Ball=B002 X=51,4098 Y=189,3543 Vx=107,3755 Vy=-216,4613
[2474,369] Ball=B006 X=360,1096 Y=48,5169 Vx=19,6935 Vy=-57,3824
[2475,347] Ball=B002 X=53,0959 Y=185,9554 Vx=107,3755 Vy=-216,4613
[2474,871] Ball=B003 X=198,2781 Y=240,9961 Vx=-169,6458 Vy=-54,8445
[2467,342] Ball=B008 X=29,6256 Y=352,9341 Vx=33,9764 Vy=114,4388
[2474,743] Ball=B004 X=276,8145 Y=360,1961 Vx=-110,5016 Vy=62,7061
[2474,631] Ball=B005 X=326,8612 Y=97,5972 Vx=51,7060 Vy=-58,1351
[2477,989] Ball=B001 X=311,4793 Y=34,1737 Vx=52,7798 Vy=-86,5535
[2469,972] Ball=B007 X=188,6675 Y=94,2175 Vx=-77,1763 Vy=55,1570
[2485,811] Ball=B007 X=187,4452 Y=95,0911 Vx=-77,1763 Vy=55,1570
[2490,522] Ball=B005 X=327,6828 Y=96,6734 Vx=51,7060 Vy=-58,1351
[2493,881] Ball=B001 X=312,3180 Y=32,7983 Vx=52,7798 Vy=-86,5535
[2483,250] Ball=B008 X=30,1661 Y=354,7547 Vx=33,9764 Vy=114,4388
[2490,319] Ball=B006 X=360,4238 Y=47,6016 Vx=19,6935 Vy=-57,3824
[2490,863] Ball=B003 X=195,5652 Y=240,1190 Vx=-169,6458 Vy=-54,8445
[2490,727] Ball=B004 X=275,0483 Y=361,1983 Vx=-110,5016 Vy=62,7061
[2491,377] Ball=B002 X=54,8171 Y=182,4855 Vx=107,3755 Vy=-216,4613
[2506,391] Ball=B006 X=360,7402 Y=46,6794 Vx=19,6935 Vy=-57,3824
[2507,376] Ball=B002 X=56,5350 Y=179,0224 Vx=107,3755 Vy=-216,4613
[2506,870] Ball=B003 X=192,8497 Y=239,2412 Vx=-169,6458 Vy=-54,8445
[2499,353] Ball=B008 X=30,7132 Y=356,5974 Vx=33,9764 Vy=114,4388
[2509,990] Ball=B001 X=313,1682 Y=31,4040 Vx=52,7798 Vy=-86,5535
[2506,767] Ball=B004 X=273,2758 Y=362,2042 Vx=-110,5016 Vy=62,7061
[2506,720] Ball=B005 X=328,5202 Y=95,7319 Vx=51,7060 Vy=-58,1351
[2502,057] Ball=B007 X=186,1913 Y=95,9872 Vx=-77,1763 Vy=55,1570
[2521,574] Ball=B004 X=271,6396 Y=363,1327 Vx=-110,5016 Vy=62,7061
[2516,794] Ball=B007 X=185,0539 Y=96,8001 Vx=-77,1763 Vy=55,1570
[2524,831] Ball=B001 X=313,9515 Y=30,1195 Vx=52,7798 Vy=-86,5535
[2522,244] Ball=B002 X=58,1315 Y=175,8040 Vx=107,3755 Vy=-216,4613
[2514,215] Ball=B008 X=31,2182 Y=358,2983 Vx=33,9764 Vy=114,4388
[2521,580] Ball=B005 X=329,2888 Y=94,8678 Vx=51,7060 Vy=-58,1351
[2521,838] Ball=B003 X=190,3105 Y=238,4203 Vx=-169,6458 Vy=-54,8445
[2521,383] Ball=B006 X=361,0355 Y=45,8191 Vx=19,6935 Vy=-57,3824
[2536,705] Ball=B003 X=187,7884 Y=237,6049 Vx=-169,6458 Vy=-54,8445
[2531,784] Ball=B007 X=183,8971 Y=97,6269 Vx=-77,1763 Vy=55,1570
[2536,476] Ball=B005 X=330,0589 Y=94,0019 Vx=51,7060 Vy=-58,1351
[2529,206] Ball=B008 X=31,7275 Y=360,0138 Vx=33,9764 Vy=114,4388
[2536,270] Ball=B006 X=361,3287 Y=44,9648 Vx=19,6935 Vy=-57,3824
[2539,910] Ball=B001 X=314,7474 Y=28,8143 Vx=52,7798 Vy=-86,5535
[2536,673] Ball=B004 X=269,9711 Y=364,0795 Vx=-110,5016 Vy=62,7061
[2537,407] Ball=B002 X=59,7596 Y=172,5218 Vx=107,3755 Vy=-216,4613
[2552,220] Ball=B002 X=61,3500 Y=169,3156 Vx=107,3755 Vy=-216,4613
[2551,470] Ball=B005 X=330,8342 Y=93,1301 Vx=51,7060 Vy=-58,1351
[2551,595] Ball=B004 X=268,3223 Y=363,0643 Vx=-110,5016 Vy=-62,7061
[2544,280] Ball=B008 X=32,2376 Y=361,7319 Vx=33,9764 Vy=114,4388
[2551,345] Ball=B006 X=361,6256 Y=44,0998 Vx=19,6935 Vy=-57,3824
[2554,919] Ball=B001 X=315,5396 Y=27,5152 Vx=52,7798 Vy=-86,5535
[2546,951] Ball=B007 X=182,7266 Y=98,4634 Vx=-77,1763 Vy=55,1570
[2551,882] Ball=B003 X=185,2137 Y=236,7725 Vx=-169,6458 Vy=-54,8445
[2570,772] Ball=B001 X=316,3762 Y=26,1432 Vx=52,7798 Vy=-86,5535
[2562,751] Ball=B007 X=181,5072 Y=99,3349 Vx=-77,1763 Vy=55,1570
[2568,199] Ball=B002 X=63,0659 Y=165,8565 Vx=107,3755 Vy=-216,4613
[2560,169] Ball=B008 X=32,7796 Y=363,5572 Vx=33,9764 Vy=114,4388
[2567,224] Ball=B006 X=361,9383 Y=43,1886 Vx=19,6935 Vy=-57,3824
[2567,506] Ball=B005 X=331,6634 Y=92,1979 Vx=51,7060 Vy=-58,1351
[2567,664] Ball=B004 X=266,5502 Y=362,0587 Vx=-110,5016 Vy=-62,7061
[2567,767] Ball=B003 X=182,5187 Y=235,9013 Vx=-169,6458 Vy=-54,8445
[2583,545] Ball=B004 X=264,7918 Y=361,0609 Vx=-110,5016 Vy=-62,7061
[2583,680] Ball=B003 X=179,8193 Y=235,0286 Vx=-169,6458 Vy=-54,8445
[2583,220] Ball=B006 X=362,2533 Y=42,2707 Vx=19,6935 Vy=-57,3824
[2584,209] Ball=B002 X=64,7850 Y=162,3910 Vx=107,3755 Vy=-216,4613
[2576,178] Ball=B008 X=33,3234 Y=365,3892 Vx=33,9764 Vy=114,4388
[2578,871] Ball=B007 X=180,2631 Y=100,2241 Vx=-77,1763 Vy=55,1570
[2583,600] Ball=B005 X=332,4956 Y=91,2622 Vx=51,7060 Vy=-58,1351
[2586,906] Ball=B001 X=317,2279 Y=24,7466 Vx=52,7798 Vy=-86,5535
[2591,159] Ball=B008 X=33,8325 Y=367,1036 Vx=33,9764 Vy=114,4388
[2598,218] Ball=B006 X=362,5487 Y=41,4101 Vx=19,6935 Vy=-57,3824
[2601,789] Ball=B001 X=318,0133 Y=23,4585 Vx=52,7798 Vy=-86,5535
[2599,203] Ball=B002 X=66,3950 Y=159,1453 Vx=107,3755 Vy=-216,4613
[2598,453] Ball=B005 X=333,2635 Y=90,3988 Vx=51,7060 Vy=-58,1351
[2593,803] Ball=B007 X=179,1106 Y=101,0477 Vx=-77,1763 Vy=55,1570
[2598,596] Ball=B004 X=263,1286 Y=360,1171 Vx=-110,5016 Vy=-62,7061
[2598,895] Ball=B003 X=177,2381 Y=234,1941 Vx=-169,6458 Vy=-54,8445
[2614,218] Ball=B006 X=362,8638 Y=40,4920 Vx=19,6935 Vy=-57,3824
[2614,695] Ball=B003 X=174,5588 Y=233,3279 Vx=-169,6458 Vy=-54,8445
[2615,202] Ball=B002 X=68,1128 Y=155,6823 Vx=107,3755 Vy=-216,4613
[2609,776] Ball=B007 X=177,8779 Y=101,9287 Vx=-77,1763 Vy=55,1570
[2607,182] Ball=B008 X=34,3769 Y=368,9373 Vx=33,9764 Vy=114,4388
[2614,580] Ball=B004 X=261,3624 Y=359,1148 Vx=-110,5016 Vy=-62,7061
[2617,884] Ball=B001 X=318,8629 Y=22,0654 Vx=52,7798 Vy=-86,5535
[2614,535] Ball=B005 X=334,0951 Y=89,4639 Vx=51,7060 Vy=-58,1351
[2629,557] Ball=B004 X=259,7075 Y=358,1757 Vx=-110,5016 Vy=-62,7061
[2629,446] Ball=B005 X=334,8660 Y=88,5971 Vx=51,7060 Vy=-58,1351
[2629,699] Ball=B003 X=172,0123 Y=232,5047 Vx=-169,6458 Vy=-54,8445
[2632,805] Ball=B001 X=319,6503 Y=20,7740 Vx=52,7798 Vy=-86,5535
[2630,219] Ball=B002 X=69,7254 Y=152,4315 Vx=107,3755 Vy=-216,4613
[2622,204] Ball=B008 X=34,8873 Y=370,6564 Vx=33,9764 Vy=114,4388
[2624,813] Ball=B007 X=176,7175 Y=102,7580 Vx=-77,1763 Vy=55,1570
[2629,414] Ball=B006 X=363,1630 Y=39,6200 Vx=19,6935 Vy=-57,3824
[2646,191] Ball=B002 X=71,4403 Y=148,9744 Vx=107,3755 Vy=-216,4613
[2645,224] Ball=B006 X=363,4744 Y=38,7129 Vx=19,6935 Vy=-57,3824
[2638,162] Ball=B008 X=35,4295 Y=372,4826 Vx=33,9764 Vy=114,4388
[2648,807] Ball=B001 X=320,4949 Y=19,3889 Vx=52,7798 Vy=-86,5535
[2645,720] Ball=B003 X=169,2944 Y=231,6260 Vx=-169,6458 Vy=-54,8445
[2640,799] Ball=B007 X=175,4838 Y=103,6398 Vx=-77,1763 Vy=55,1570
[2645,471] Ball=B005 X=335,6947 Y=87,6654 Vx=51,7060 Vy=-58,1351
[2645,588] Ball=B004 X=257,9359 Y=357,1704 Vx=-110,5016 Vy=-62,7061
[2660,687] Ball=B003 X=166,7555 Y=230,8052 Vx=-169,6458 Vy=-54,8445
[2663,798] Ball=B001 X=321,2861 Y=18,0915 Vx=52,7798 Vy=-86,5535
[2660,569] Ball=B004 X=256,2805 Y=356,2310 Vx=-110,5016 Vy=-62,7061
[2655,792] Ball=B007 X=174,3266 Y=104,4668 Vx=-77,1763 Vy=55,1570
[2661,225] Ball=B002 X=73,0547 Y=145,7199 Vx=107,3755 Vy=-216,4613
[2653,187] Ball=B008 X=35,9400 Y=374,2021 Vx=33,9764 Vy=114,4388
[2660,471] Ball=B005 X=336,4702 Y=86,7934 Vx=51,7060 Vy=-58,1351
[2660,257] Ball=B006 X=363,7704 Y=37,8502 Vx=19,6935 Vy=-57,3824
[2676,516] Ball=B005 X=337,2998 Y=85,8606 Vx=51,7060 Vy=-58,1351
[2669,234] Ball=B008 X=36,4852 Y=372,1637 Vx=33,9764 Vy=-114,4388
[2676,307] Ball=B006 X=364,0865 Y=36,9292 Vx=19,6935 Vy=-57,3824
[2676,782] Ball=B003 X=164,0248 Y=229,9224 Vx=-169,6458 Vy=-54,8445
[2671,865] Ball=B007 X=173,0862 Y=105,3533 Vx=-77,1763 Vy=55,1570
[2676,663] Ball=B004 X=254,5021 Y=355,2218 Vx=-110,5016 Vy=-62,7061
[2679,976] Ball=B001 X=322,1400 Y=16,6911 Vx=52,7798 Vy=-86,5535
[2677,389] Ball=B002 X=74,7902 Y=142,2212 Vx=107,3755 Vy=-216,4613
[2695,863] Ball=B001 X=322,9785 Y=15,3161 Vx=52,7798 Vy=-86,5535
[2693,266] Ball=B002 X=76,4949 Y=138,7846 Vx=107,3755 Vy=-216,4613
[2692,295] Ball=B006 X=363,6851 Y=36,0118 Vx=-19,6935 Vy=-57,3824
[2692,636] Ball=B004 X=252,7370 Y=354,2202 Vx=-110,5016 Vy=-62,7061
[2685,254] Ball=B008 X=37,0295 Y=370,3303 Vx=33,9764 Vy=-114,4388
[2687,868] Ball=B007 X=171,8511 Y=106,2360 Vx=-77,1763 Vy=55,1570
[2692,796] Ball=B003 X=161,3081 Y=229,0441 Vx=-169,6458 Vy=-54,8445
[2692,549] Ball=B005 X=338,1289 Y=84,9285 Vx=51,7060 Vy=-58,1351
[2708,854] Ball=B003 X=158,5841 Y=228,1635 Vx=-169,6458 Vy=-54,8445
[2708,384] Ball=B006 X=363,3683 Y=35,0886 Vx=-19,6935 Vy=-57,3824
[2708,724] Ball=B004 X=250,9593 Y=353,2114 Vx=-110,5016 Vy=-62,7061
[2711,966] Ball=B001 X=323,8285 Y=13,9223 Vx=52,7798 Vy=-86,5535
[2708,624] Ball=B005 X=338,9600 Y=83,9940 Vx=51,7060 Vy=-58,1351
[2709,452] Ball=B002 X=78,2330 Y=135,2807 Vx=107,3755 Vy=-216,4613
[2701,420] Ball=B008 X=37,5787 Y=368,4803 Vx=33,9764 Vy=-114,4388
[2704,035] Ball=B007 X=170,6034 Y=107,1277 Vx=-77,1763 Vy=55,1570
[2724,834] Ball=B003 X=155,8733 Y=227,2871 Vx=-169,6458 Vy=-54,8445
[2725,370] Ball=B002 X=79,9423 Y=131,8349 Vx=107,3755 Vy=-216,4613
[2724,611] Ball=B005 X=339,7867 Y=83,0646 Vx=51,7060 Vy=-58,1351
[2720,000] Ball=B007 X=169,3713 Y=108,0083 Vx=-77,1763 Vy=55,1570
[2724,789] Ball=B004 X=249,1841 Y=352,2040 Vx=-110,5016 Vy=-62,7061
[2724,504] Ball=B006 X=363,0508 Y=34,1635 Vx=-19,6935 Vy=-57,3824
[2717,400] Ball=B008 X=38,1217 Y=366,6516 Vx=33,9764 Vy=-114,4388
[2728,089] Ball=B001 X=324,6794 Y=12,5268 Vx=52,7798 Vy=-86,5535
[2733,265] Ball=B008 X=38,6607 Y=364,8361 Vx=33,9764 Vy=-114,4388
[2735,977] Ball=B007 X=168,1383 Y=108,8895 Vx=-77,1763 Vy=55,1570
[2740,761] Ball=B004 X=247,4191 Y=351,2024 Vx=-110,5016 Vy=-62,7061
[2741,409] Ball=B002 X=81,6644 Y=128,3632 Vx=107,3755 Vy=-216,4613
[2740,440] Ball=B006 X=362,7370 Y=33,2491 Vx=-19,6935 Vy=-57,3824
[2744,074] Ball=B001 X=325,5231 Y=11,1432 Vx=52,7798 Vy=-86,5535
[2740,983] Ball=B003 X=153,1334 Y=226,4013 Vx=-169,6458 Vy=-54,8445
[2740,771] Ball=B005 X=340,6222 Y=82,1251 Vx=51,7060 Vy=-58,1351
[2756,464] Ball=B005 X=341,4336 Y=81,2129 Vx=51,7060 Vy=-58,1351
[2749,184] Ball=B008 X=39,2016 Y=363,0144 Vx=33,9764 Vy=-114,4388
[2756,258] Ball=B006 X=362,4255 Y=32,3415 Vx=-19,6935 Vy=-57,3824
[2756,735] Ball=B003 X=150,4613 Y=225,5375 Vx=-169,6458 Vy=-54,8445
[2759,843] Ball=B001 X=326,3554 Y=9,7784 Vx=52,7798 Vy=-86,5535
[2756,629] Ball=B004 X=245,6656 Y=350,2074 Vx=-110,5016 Vy=-62,7061
[2757,277] Ball=B002 X=83,3682 Y=124,9285 Vx=107,3755 Vy=-216,4613
[2751,940] Ball=B007 X=166,9063 Y=109,7700 Vx=-77,1763 Vy=55,1570
[2766,932] Ball=B007 X=165,7493 Y=110,5969 Vx=-77,1763 Vy=55,1570
[2771,602] Ball=B005 X=342,2164 Y=80,3328 Vx=51,7060 Vy=-58,1351
[2771,390] Ball=B006 X=362,1275 Y=31,4731 Vx=-19,6935 Vy=-57,3824
[2771,875] Ball=B003 X=147,8928 Y=224,7071 Vx=-169,6458 Vy=-54,8445
[2772,386] Ball=B002 X=84,9906 Y=121,6578 Vx=107,3755 Vy=-216,4613
[2774,989] Ball=B001 X=327,1548 Y=8,4674 Vx=52,7798 Vy=-86,5535
[2771,749] Ball=B004 X=243,9948 Y=349,2593 Vx=-110,5016 Vy=-62,7061
[2764,367] Ball=B008 X=39,7175 Y=361,2767 Vx=33,9764 Vy=-114,4388
[2787,292] Ball=B002 X=86,5910 Y=118,4316 Vx=107,3755 Vy=-216,4613
[2786,571] Ball=B005 X=342,9904 Y=79,4625 Vx=51,7060 Vy=-58,1351
[2789,938] Ball=B001 X=327,9438 Y=7,1735 Vx=52,7798 Vy=-86,5535
[2786,388] Ball=B006 X=361,8321 Y=30,6125 Vx=-19,6935 Vy=-57,3824
[2786,857] Ball=B003 X=145,3511 Y=223,8854 Vx=-169,6458 Vy=-54,8445
[2781,946] Ball=B007 X=164,5905 Y=111,4251 Vx=-77,1763 Vy=55,1570
[2779,338] Ball=B008 X=40,2261 Y=359,5636 Vx=33,9764 Vy=-114,4388
[2786,736] Ball=B004 X=242,3388 Y=348,3196 Vx=-110,5016 Vy=-62,7061
[2796,904] Ball=B007 X=163,4361 Y=112,2500 Vx=-77,1763 Vy=55,1570
[2801,699] Ball=B004 X=240,6855 Y=347,3813 Vx=-110,5016 Vy=-62,7061
[2794,314] Ball=B008 X=40,7349 Y=357,8497 Vx=33,9764 Vy=-114,4388
[2804,983] Ball=B001 X=328,7379 Y=5,8713 Vx=52,7798 Vy=-86,5535
[2801,412] Ball=B006 X=361,5363 Y=29,7504 Vx=-19,6935 Vy=-57,3824
[2802,394] Ball=B002 X=88,2127 Y=115,1624 Vx=107,3755 Vy=-216,4613
[2801,886] Ball=B003 X=142,8016 Y=223,0612 Vx=-169,6458 Vy=-54,8445
[2801,637] Ball=B005 X=343,7693 Y=78,5867 Vx=51,7060 Vy=-58,1351
[2816,772] Ball=B003 X=140,2764 Y=222,2448 Vx=-169,6458 Vy=-54,8445
[2817,288] Ball=B002 X=89,8118 Y=111,9387 Vx=107,3755 Vy=-216,4613
[2819,895] Ball=B001 X=329,5249 Y=4,5807 Vx=52,7798 Vy=-86,5535
[2816,576] Ball=B005 X=344,5418 Y=77,7182 Vx=51,7060 Vy=-58,1351
[2816,358] Ball=B006 X=361,2419 Y=28,8927 Vx=-19,6935 Vy=-57,3824
[2809,297] Ball=B008 X=41,2440 Y=356,1350 Vx=33,9764 Vy=-114,4388
[2811,929] Ball=B007 X=162,2765 Y=113,0788 Vx=-77,1763 Vy=55,1570
[2816,772] Ball=B004 X=239,0203 Y=346,4364 Vx=-110,5016 Vy=-62,7061
[2825,241] Ball=B008 X=41,7857 Y=354,3105 Vx=33,9764 Vy=-114,4388
[2832,640] Ball=B004 X=237,2665 Y=345,4411 Vx=-110,5016 Vy=-62,7061
[2835,914] Ball=B001 X=330,3704 Y=3,1942 Vx=52,7798 Vy=-86,5535
[2828,007] Ball=B007 X=161,0357 Y=113,9656 Vx=-77,1763 Vy=55,1570
[2832,460] Ball=B006 X=360,9248 Y=27,9688 Vx=-19,6935 Vy=-57,3824
[2832,684] Ball=B005 X=345,3747 Y=76,7818 Vx=51,7060 Vy=-58,1351
[2833,442] Ball=B002 X=91,5465 Y=108,4418 Vx=107,3755 Vy=-216,4613
[2832,947] Ball=B003 X=137,5321 Y=221,3576 Vx=-169,6458 Vy=-54,8445
[2847,513] Ball=B005 X=346,1414 Y=75,9197 Vx=51,7060 Vy=-58,1351
[2848,269] Ball=B002 X=93,1385 Y=105,2324 Vx=107,3755 Vy=-216,4613
[2847,806] Ball=B003 X=135,0114 Y=220,5427 Vx=-169,6458 Vy=-54,8445
[2847,337] Ball=B006 X=360,6318 Y=27,1151 Vx=-19,6935 Vy=-57,3824
[2842,910] Ball=B007 X=159,8855 Y=114,7877 Vx=-77,1763 Vy=55,1570
[2850,936] Ball=B001 X=331,1633 Y=1,8939 Vx=52,7798 Vy=-86,5535
[2847,699] Ball=B004 X=235,6024 Y=344,4968 Vx=-110,5016 Vy=-62,7061
[2840,315] Ball=B008 X=42,2979 Y=352,5853 Vx=33,9764 Vy=-114,4388
[2863,698] Ball=B004 X=233,8345 Y=343,4936 Vx=-110,5016 Vy=-62,7061
[2856,310] Ball=B008 X=42,8413 Y=350,7549 Vx=33,9764 Vy=-114,4388
[2858,921] Ball=B007 X=158,6498 Y=115,6708 Vx=-77,1763 Vy=55,1570
[2863,390] Ball=B006 X=360,3157 Y=26,1939 Vx=-19,6935 Vy=-57,3824
[2864,461] Ball=B002 X=94,8772 Y=101,7273 Vx=107,3755 Vy=-216,4613
[2866,979] Ball=B001 X=332,0100 Y=0,5054 Vx=52,7798 Vy=-86,5535
[2863,619] Ball=B005 X=346,9742 Y=74,9833 Vx=51,7060 Vy=-58,1351
[2864,191] Ball=B003 X=132,2318 Y=219,6441 Vx=-169,6458 Vy=-54,8445
[2879,299] Ball=B002 X=96,4704 Y=98,5155 Vx=107,3755 Vy=-216,4613
[2881,904] Ball=B001 X=332,7977 Y=-0,7864 Vx=52,7798 Vy=-86,5535
[2878,556] Ball=B005 X=347,7466 Y=74,1150 Vx=51,7060 Vy=-58,1351
[2878,958] Ball=B003 X=129,7266 Y=218,8342 Vx=-169,6458 Vy=-54,8445
[2878,884] Ball=B004 X=232,1563 Y=342,5413 Vx=-110,5016 Vy=-62,7061
[2878,557] Ball=B006 X=360,0170 Y=25,3236 Vx=-19,6935 Vy=-57,3824
[2871,513] Ball=B008 X=43,3579 Y=349,0150 Vx=33,9764 Vy=-114,4388
[2874,364] Ball=B007 X=157,4580 Y=116,5225 Vx=-77,1763 Vy=55,1570
[2887,330] Ball=B008 X=43,8953 Y=347,2051 Vx=33,9764 Vy=-114,4388
[2894,872] Ball=B003 X=127,0269 Y=217,9614 Vx=-169,6458 Vy=-54,8445
[2889,956] Ball=B007 X=156,2547 Y=117,3825 Vx=-77,1763 Vy=55,1570
[2898,001] Ball=B001 X=333,6474 Y=1,3933 Vx=52,7798 Vy=86,5535
[2894,765] Ball=B004 X=230,4015 Y=341,5455 Vx=-110,5016 Vy=-62,7061
[2894,505] Ball=B006 X=359,7029 Y=24,4085 Vx=-19,6935 Vy=-57,3824
[2895,409] Ball=B002 X=98,2002 Y=95,0282 Vx=107,3755 Vy=-216,4613
[2894,733] Ball=B005 X=348,5830 Y=73,1745 Vx=51,7060 Vy=-58,1351
[2910,271] Ball=B006 X=362,0456 Y=25,8473 Vx=95,4643 Vy=44,3378
[2910,611] Ball=B004 X=228,6504 Y=340,5518 Vx=-110,5016 Vy=-62,7061
[2910,868] Ball=B003 X=124,3132 Y=217,0841 Vx=-169,6458 Vy=-54,8445
[2910,626] Ball=B005 X=349,4047 Y=72,2506 Vx=51,7060 Vy=-58,1351
[2911,441] Ball=B002 X=99,9217 Y=91,5579 Vx=107,3755 Vy=-216,4613
[2906,064] Ball=B007 X=155,0115 Y=118,2710 Vx=-77,1763 Vy=55,1570
[2903,462] Ball=B008 X=44,4434 Y=345,3588 Vx=33,9764 Vy=-114,4388
[2913,836] Ball=B001 X=331,9181 Y=0,4981 Vx=-56,3171 Vy=-9,8129
[2921,849] Ball=B007 X=153,7934 Y=119,1416 Vx=-77,1763 Vy=55,1570
[2929,873] Ball=B001 X=331,0148 Y=0,3407 Vx=-56,3171 Vy=-9,8129
[2926,641] Ball=B004 X=226,8791 Y=339,5467 Vx=-110,5016 Vy=-62,7061
[2919,287] Ball=B008 X=44,9811 Y=343,5479 Vx=33,9764 Vy=-114,4388
[2927,325] Ball=B002 X=101,6273 Y=88,1196 Vx=107,3755 Vy=-216,4613
[2926,568] Ball=B005 X=350,2290 Y=71,3238 Vx=51,7060 Vy=-58,1351
[2926,837] Ball=B003 X=121,6041 Y=216,2083 Vx=-169,6458 Vy=-54,8445
[2926,367] Ball=B006 X=363,5823 Y=26,5611 Vx=95,4643 Vy=44,3378
[2935,205] Ball=B008 X=45,5219 Y=341,7264 Vx=33,9764 Vy=-114,4388
[2942,737] Ball=B003 X=118,9069 Y=215,3363 Vx=-169,6458 Vy=-54,8445
[2942,285] Ball=B006 X=365,1018 Y=27,2668 Vx=95,4643 Vy=44,3378
[2945,894] Ball=B001 X=330,1125 Y=0,1835 Vx=-56,3171 Vy=-9,8129
[2942,751] Ball=B004 X=225,0990 Y=338,5365 Vx=-110,5016 Vy=-62,7061
[2942,653] Ball=B005 X=351,0608 Y=70,3887 Vx=51,7060 Vy=-58,1351
[2937,996] Ball=B007 X=152,5471 Y=120,0323 Vx=-77,1763 Vy=55,1570
[2943,743] Ball=B002 X=103,3902 Y=84,5657 Vx=107,3755 Vy=-216,4613
[2959,243] Ball=B002 X=105,0544 Y=81,2108 Vx=107,3755 Vy=-216,4613
[2953,819] Ball=B007 X=151,3260 Y=120,9050 Vx=-77,1763 Vy=55,1570
[2951,314] Ball=B008 X=46,0692 Y=339,8828 Vx=33,9764 Vy=-114,4388
[2958,381] Ball=B006 X=362,4640 Y=27,9802 Vx=-95,4643 Vy=44,3378
[2958,601] Ball=B005 X=351,8853 Y=69,4616 Vx=51,7060 Vy=-58,1351
[2958,927] Ball=B003 X=116,1602 Y=214,4483 Vx=-169,6458 Vy=-54,8445
[2958,790] Ball=B004 X=223,3265 Y=337,5307 Vx=-110,5016 Vy=-62,7061
[2962,071] Ball=B001 X=329,2015 Y=0,0247 Vx=-56,3171 Vy=-9,8129
[2974,896] Ball=B003 X=113,4511 Y=213,5725 Vx=-169,6458 Vy=-54,8445
[2974,425] Ball=B006 X=360,9318 Y=28,6918 Vx=-95,4643 Vy=44,3378
[2978,009] Ball=B001 X=328,3040 Y=-0,1317 Vx=-56,3171 Vy=-9,8129
[2974,664] Ball=B005 X=352,7159 Y=68,5278 Vx=51,7060 Vy=-58,1351
[2974,785] Ball=B004 X=221,5591 Y=336,5277 Vx=-110,5016 Vy=-62,7061
[2967,403] Ball=B008 X=46,6159 Y=338,0416 Vx=33,9764 Vy=-114,4388
[2970,087] Ball=B007 X=150,0705 Y=121,8023 Vx=-77,1763 Vy=55,1570
[2975,589] Ball=B002 X=106,8096 Y=77,6724 Vx=107,3755 Vy=-216,4613
[2989,533] Ball=B005 X=353,4847 Y=67,6633 Vx=51,7060 Vy=-58,1351
[2989,647] Ball=B004 X=219,9169 Y=335,5958 Vx=-110,5016 Vy=-62,7061
[2984,863] Ball=B007 X=148,9301 Y=122,6173 Vx=-77,1763 Vy=55,1570
[2992,899] Ball=B001 X=327,4654 Y=0,1461 Vx=-56,3171 Vy=9,8129
[2989,445] Ball=B006 X=359,4979 Y=29,3577 Vx=-95,4643 Vy=44,3378
[2982,389] Ball=B008 X=47,1251 Y=336,3265 Vx=33,9764 Vy=-114,4388
[2990,018] Ball=B003 X=110,8908 Y=212,7448 Vx=-169,6458 Vy=-54,8445
[2990,421] Ball=B002 X=108,4022 Y=74,4618 Vx=107,3755 Vy=-216,4613
[3005,246] Ball=B006 X=357,9894 Y=30,0583 Vx=-95,4643 Vy=44,3378
[2998,184] Ball=B008 X=47,6617 Y=334,5191 Vx=33,9764 Vy=-114,4388
[3005,589] Ball=B004 X=218,1552 Y=334,5961 Vx=-110,5016 Vy=-62,7061
[3008,832] Ball=B001 X=326,5681 Y=0,3025 Vx=-56,3171 Vy=9,8129
[3006,247] Ball=B002 X=110,1015 Y=71,0361 Vx=107,3755 Vy=-216,4613
[3005,499] Ball=B005 X=354,3103 Y=66,7351 Vx=51,7060 Vy=-58,1351
[3000,831] Ball=B007 X=147,6978 Y=123,4981 Vx=-77,1763 Vy=55,1570
[3005,751] Ball=B003 X=108,2167 Y=211,8803 Vx=-169,6458 Vy=-54,8445
[3020,782] Ball=B003 X=105,6669 Y=211,0560 Vx=-169,6458 Vy=-54,8445
[3023,891] Ball=B001 X=325,7200 Y=0,4502 Vx=-56,3171 Vy=9,8129
[3015,885] Ball=B007 X=146,5360 Y=124,3284 Vx=-77,1763 Vy=55,1570
[3020,768] Ball=B004 X=216,4779 Y=333,6443 Vx=-110,5016 Vy=-62,7061
[3013,374] Ball=B008 X=48,1778 Y=332,7807 Vx=33,9764 Vy=-114,4388
[3021,413] Ball=B002 X=111,7300 Y=67,7532 Vx=107,3755 Vy=-216,4613
[3020,729] Ball=B005 X=355,0977 Y=65,8498 Vx=51,7060 Vy=-58,1351
[3020,577] Ball=B006 X=356,5259 Y=30,7381 Vx=-95,4643 Vy=44,3378
[3036,614] Ball=B005 X=355,9190 Y=64,9263 Vx=51,7060 Vy=-58,1351
[3036,728] Ball=B004 X=214,7145 Y=332,6436 Vx=-110,5016 Vy=-62,7061
[3036,398] Ball=B006 X=355,0155 Y=31,4396 Vx=-95,4643 Vy=44,3378
[3036,881] Ball=B003 X=102,9356 Y=210,1730 Vx=-169,6458 Vy=-54,8445
[3029,354] Ball=B008 X=48,7208 Y=330,9519 Vx=33,9764 Vy=-114,4388
[3037,405] Ball=B002 X=113,4472 Y=64,2914 Vx=107,3755 Vy=-216,4613
[3040,001] Ball=B001 X=324,8127 Y=0,6083 Vx=-56,3171 Vy=9,8129
[3032,042] Ball=B007 X=145,2890 Y=125,2196 Vx=-77,1763 Vy=55,1570
[3044,329] Ball=B008 X=49,2295 Y=329,2383 Vx=33,9764 Vy=-114,4388
[3051,866] Ball=B003 X=100,3935 Y=209,3512 Vx=-169,6458 Vy=-54,8445
[3051,614] Ball=B005 X=356,6947 Y=64,0542 Vx=51,7060 Vy=-58,1351
[3051,733] Ball=B004 X=213,0562 Y=331,7026 Vx=-110,5016 Vy=-62,7061
[3054,983] Ball=B001 X=323,9690 Y=0,7553 Vx=-56,3171 Vy=9,8129
[3046,968] Ball=B007 X=144,1371 Y=126,0428 Vx=-77,1763 Vy=55,1570
[3052,401] Ball=B002 X=115,0573 Y=61,0456 Vx=107,3755 Vy=-216,4613
[3051,512] Ball=B006 X=353,5727 Y=32,1097 Vx=-95,4643 Vy=44,3378
[3067,434] Ball=B005 X=357,5126 Y=63,1346 Vx=51,7060 Vy=-58,1351
[3068,219] Ball=B002 X=116,7553 Y=57,6225 Vx=107,3755 Vy=-216,4613
[3070,882] Ball=B001 X=323,0736 Y=0,9114 Vx=-56,3171 Vy=9,8129
[3062,796] Ball=B007 X=142,9156 Y=126,9159 Vx=-77,1763 Vy=55,1570
[3067,314] Ball=B006 X=352,0642 Y=32,8103 Vx=-95,4643 Vy=44,3378
[3067,793] Ball=B003 X=97,6915 Y=208,4776 Vx=-169,6458 Vy=-54,8445
[3060,262] Ball=B008 X=49,7709 Y=327,4148 Vx=33,9764 Vy=-114,4388
[3067,731] Ball=B004 X=211,2884 Y=330,6994 Vx=-110,5016 Vy=-62,7061
[3082,475] Ball=B004 X=209,6593 Y=329,7750 Vx=-110,5016 Vy=-62,7061
[3082,626] Ball=B003 X=95,1751 Y=207,6641 Vx=-169,6458 Vy=-54,8445
[3077,709] Ball=B007 X=141,7646 Y=127,7384 Vx=-77,1763 Vy=55,1570
[3075,110] Ball=B008 X=50,2754 Y=325,7157 Vx=33,9764 Vy=-114,4388
[3082,186] Ball=B006 X=350,4625 Y=32,4574 Vx=-106,5633 Vy=-17,4355
[3085,769] Ball=B001 X=322,2352 Y=1,0574 Vx=-56,3171 Vy=9,8129
[3083,264] Ball=B002 X=118,3713 Y=54,3649 Vx=107,3755 Vy=-216,4613
[3082,539] Ball=B005 X=358,5426 Y=63,6420 Vx=67,0738 Vy=27,3972
[3098,324] Ball=B005 X=359,6013 Y=64,0745 Vx=67,0738 Vy=27,3972
[3101,687] Ball=B001 X=321,3388 Y=1,2136 Vx=-56,3171 Vy=9,8129
[3091,055] Ball=B008 X=50,8172 Y=323,8909 Vx=33,9764 Vy=-114,4388
[3093,671] Ball=B007 X=140,5327 Y=128,6188 Vx=-77,1763 Vy=55,1570
[3098,476] Ball=B004 X=207,8911 Y=328,7716 Vx=-110,5016 Vy=-62,7061
[3098,144] Ball=B006 X=348,7620 Y=32,1792 Vx=-106,5633 Vy=-17,4355
[3099,124] Ball=B002 X=120,0743 Y=50,9317 Vx=107,3755 Vy=-216,4613
[3098,622] Ball=B003 X=92,4614 Y=206,7868 Vx=-169,6458 Vy=-54,8445
[3114,577] Ball=B003 X=89,7550 Y=205,9118 Vx=-169,6458 Vy=-54,8445
[3115,088] Ball=B002 X=121,7883 Y=47,4764 Vx=107,3755 Vy=-216,4613
[3114,119] Ball=B006 X=347,0597 Y=31,9007 Vx=-106,5633 Vy=-17,4355
[3117,700] Ball=B001 X=320,4369 Y=1,3708 Vx=-56,3171 Vy=9,8129
[3114,357] Ball=B005 X=360,6768 Y=64,5138 Vx=67,0738 Vy=27,3972
[3107,082] Ball=B008 X=51,3617 Y=322,0568 Vx=33,9764 Vy=-114,4388
[3109,760] Ball=B007 X=139,2910 Y=129,5063 Vx=-77,1763 Vy=55,1570
[3114,545] Ball=B004 X=206,1154 Y=327,7639 Vx=-110,5016 Vy=-62,7061
[3130,268] Ball=B004 X=204,3781 Y=326,7781 Vx=-110,5016 Vy=-62,7061
[3125,486] Ball=B007 X=138,0774 Y=130,3737 Vx=-77,1763 Vy=55,1570
[3133,635] Ball=B001 X=319,5396 Y=1,5271 Vx=-56,3171 Vy=9,8129
[3130,582] Ball=B003 X=87,0396 Y=205,0340 Vx=-169,6458 Vy=-54,8445
[3130,336] Ball=B005 X=361,7485 Y=64,9515 Vx=67,0738 Vy=27,3972
[3123,059] Ball=B008 X=51,9045 Y=320,2284 Vx=33,9764 Vy=-114,4388
[3131,101] Ball=B002 X=123,5078 Y=44,0099 Vx=107,3755 Vy=-216,4613
[3130,185] Ball=B006 X=345,3476 Y=31,6205 Vx=-106,5633 Vy=-17,4355
[3146,110] Ball=B006 X=343,6506 Y=31,3429 Vx=-106,5633 Vy=-17,4355
[3147,087] Ball=B002 X=125,2242 Y=40,5499 Vx=107,3755 Vy=-216,4613
[3139,054] Ball=B008 X=52,4480 Y=318,3981 Vx=33,9764 Vy=-114,4388
[3149,693] Ball=B001 X=318,6352 Y=1,6847 Vx=-56,3171 Vy=9,8129
[3146,353] Ball=B005 X=362,8229 Y=65,3904 Vx=67,0738 Vy=27,3972
[3146,472] Ball=B004 X=202,5874 Y=325,7619 Vx=-110,5016 Vy=-62,7061
[3146,686] Ball=B003 X=84,3077 Y=204,1508 Vx=-169,6458 Vy=-54,8445
[3141,765] Ball=B007 X=136,8210 Y=131,2716 Vx=-77,1763 Vy=55,1570
[3161,516] Ball=B003 X=81,7921 Y=203,3375 Vx=-169,6458 Vy=-54,8445
[3156,630] Ball=B007 X=135,6738 Y=132,0915 Vx=-77,1763 Vy=55,1570
[3154,048] Ball=B008 X=52,9574 Y=316,6822 Vx=33,9764 Vy=-114,4388
[3161,121] Ball=B006 X=342,0509 Y=31,0812 Vx=-106,5633 Vy=-17,4355
[3161,450] Ball=B004 X=200,9323 Y=324,8227 Vx=-110,5016 Vy=-62,7061
[3161,328] Ball=B005 X=363,8273 Y=65,8006 Vx=67,0738 Vy=27,3972
[3162,182] Ball=B002 X=126,8452 Y=37,2821 Vx=107,3755 Vy=-216,4613
[3164,778] Ball=B001 X=317,7857 Y=1,8328 Vx=-56,3171 Vy=9,8129
[3177,008] Ball=B002 X=128,4370 Y=34,0731 Vx=107,3755 Vy=-216,4613
[3179,631] Ball=B001 X=316,9492 Y=1,9785 Vx=-56,3171 Vy=9,8129
[3176,289] Ball=B005 X=364,8308 Y=66,2105 Vx=67,0738 Vy=27,3972
[3176,088] Ball=B006 X=340,4560 Y=30,8202 Vx=-106,5633 Vy=-17,4355
[3176,440] Ball=B004 X=199,2760 Y=323,8828 Vx=-110,5016 Vy=-62,7061
[3169,118] Ball=B008 X=53,4694 Y=314,9576 Vx=33,9764 Vy=-114,4388
[3176,660] Ball=B003 X=79,2226 Y=202,5068 Vx=-169,6458 Vy=-54,8445
[3171,741] Ball=B007 X=134,5076 Y=132,9249 Vx=-77,1763 Vy=55,1570
[3191,585] Ball=B003 X=76,6909 Y=201,6884 Vx=-169,6458 Vy=-54,8445
[3186,662] Ball=B007 X=133,3561 Y=133,7479 Vx=-77,1763 Vy=55,1570
[3184,053] Ball=B008 X=53,9768 Y=313,2485 Vx=33,9764 Vy=-114,4388
[3191,456] Ball=B004 X=197,6167 Y=322,9412 Vx=-110,5016 Vy=-62,7061
[3191,131] Ball=B006 X=338,8530 Y=30,5579 Vx=-106,5633 Vy=-17,4355
[3191,357] Ball=B005 X=365,8415 Y=66,6234 Vx=67,0738 Vy=27,3972
[3194,729] Ball=B001 X=315,3307 Y=1,1244 Vx=-87,2080 Vy=-30,4925
[3192,136] Ball=B002 X=130,0615 Y=30,7983 Vx=107,3755 Vy=-216,4613
[3206,474] Ball=B005 X=366,8553 Y=67,0375 Vx=67,0738 Vy=27,3972
[3207,235] Ball=B002 X=131,6827 Y=27,5301 Vx=107,3755 Vy=-216,4613
[3209,836] Ball=B001 X=314,0133 Y=0,6637 Vx=-87,2080 Vy=-30,4925
[3206,604] Ball=B004 X=195,9428 Y=321,9913 Vx=-110,5016 Vy=-62,7061
[3206,751] Ball=B003 X=74,1180 Y=200,8566 Vx=-169,6458 Vy=-54,8445
[3199,229] Ball=B008 X=54,4925 Y=311,5116 Vx=33,9764 Vy=-114,4388
[3206,371] Ball=B006 X=338,0277 Y=31,3343 Vx=-73,9562 Vy=25,1091
[3201,927] Ball=B007 X=132,1779 Y=134,5899 Vx=-77,1763 Vy=55,1570
[3217,782] Ball=B007 X=130,9544 Y=135,4644 Vx=-77,1763 Vy=55,1570
[3222,238] Ball=B006 X=336,8543 Y=31,7327 Vx=-73,9562 Vy=25,1091
[3215,226] Ball=B008 X=55,0360 Y=309,6810 Vx=33,9764 Vy=-114,4388
[3222,633] Ball=B004 X=194,1717 Y=320,9862 Vx=-110,5016 Vy=-62,7061
[3225,874] Ball=B001 X=312,6146 Y=0,1747 Vx=-87,2080 Vy=-30,4925
[3222,780] Ball=B003 X=71,3986 Y=199,9774 Vx=-169,6458 Vy=-54,8445
[3223,297] Ball=B002 X=133,4075 Y=24,0530 Vx=107,3755 Vy=-216,4613
[3222,541] Ball=B005 X=367,9331 Y=67,4777 Vx=67,0738 Vy=27,3972
[3237,569] Ball=B004 X=192,5211 Y=320,0496 Vx=-110,5016 Vy=-62,7061
[3238,214] Ball=B002 X=135,0091 Y=20,8242 Vx=107,3755 Vy=-216,4613
[3237,463] Ball=B005 X=368,9340 Y=67,8865 Vx=67,0738 Vy=27,3972
[3240,827] Ball=B001 X=311,3106 Y=-0,2813 Vx=-87,2080 Vy=-30,4925
[3237,731] Ball=B003 X=68,8622 Y=199,1574 Vx=-169,6458 Vy=-54,8445
[3237,275] Ball=B006 X=335,7421 Y=32,1103 Vx=-73,9562 Vy=25,1091
[3230,291] Ball=B008 X=55,5479 Y=307,9570 Vx=33,9764 Vy=-114,4388
[3232,914] Ball=B007 X=129,7865 Y=136,2991 Vx=-77,1763 Vy=55,1570
[3245,311] Ball=B008 X=56,0582 Y=306,2382 Vx=33,9764 Vy=-114,4388
[3252,379] Ball=B006 X=334,6251 Y=32,4896 Vx=-73,9562 Vy=25,1091
[3252,603] Ball=B005 X=369,9495 Y=68,3013 Vx=67,0738 Vy=27,3972
[3247,941] Ball=B007 X=128,6267 Y=137,1279 Vx=-77,1763 Vy=55,1570
[3253,384] Ball=B002 X=136,6381 Y=17,5404 Vx=107,3755 Vy=-216,4613
[3256,081] Ball=B001 X=309,9803 Y=0,4651 Vx=-87,2080 Vy=30,4925
[3252,845] Ball=B004 X=190,8331 Y=319,0917 Vx=-110,5016 Vy=-62,7061
[3253,048] Ball=B003 X=66,2638 Y=198,3174 Vx=-169,6458 Vy=-54,8445
[3268,621] Ball=B005 X=371,0238 Y=68,7401 Vx=67,0738 Vy=27,3972
[3269,392] Ball=B002 X=138,3568 Y=14,0756 Vx=107,3755 Vy=-216,4613
[3261,358] Ball=B008 X=56,6034 Y=304,4017 Vx=33,9764 Vy=-114,4388
[3268,430] Ball=B006 X=333,4380 Y=32,8926 Vx=-73,9562 Vy=25,1091
[3272,123] Ball=B001 X=308,5814 Y=0,9543 Vx=-87,2080 Vy=30,4925
[3264,106] Ball=B007 X=127,3792 Y=138,0195 Vx=-77,1763 Vy=55,1570
[3269,037] Ball=B003 X=63,5513 Y=197,4405 Vx=-169,6458 Vy=-54,8445
[3268,961] Ball=B004 X=189,0522 Y=318,0811 Vx=-110,5016 Vy=-62,7061
[3284,407] Ball=B006 X=332,2565 Y=33,2937 Vx=-73,9562 Vy=25,1091
[3284,889] Ball=B003 X=60,8622 Y=196,5712 Vx=-169,6458 Vy=-54,8445
[3288,005] Ball=B001 X=307,1964 Y=1,4385 Vx=-87,2080 Vy=30,4925
[3279,990] Ball=B007 X=126,1533 Y=138,8957 Vx=-77,1763 Vy=55,1570
[3284,668] Ball=B005 X=372,1002 Y=69,1798 Vx=67,0738 Vy=27,3972
[3284,865] Ball=B004 X=187,2948 Y=317,0838 Vx=-110,5016 Vy=-62,7061
[3285,514] Ball=B002 X=140,0880 Y=10,5855 Vx=107,3755 Vy=-216,4613
[3277,557] Ball=B008 X=57,1538 Y=302,5480 Vx=33,9764 Vy=-114,4388
[3300,316] Ball=B002 X=141,6773 Y=7,3817 Vx=107,3755 Vy=-216,4613
[3294,929] Ball=B007 X=125,0004 Y=139,7196 Vx=-77,1763 Vy=55,1570
[3292,325] Ball=B008 X=57,6556 Y=300,8579 Vx=33,9764 Vy=-114,4388
[3299,809] Ball=B004 X=185,6434 Y=316,1467 Vx=-110,5016 Vy=-62,7061
[3299,705] Ball=B005 X=373,1088 Y=69,5918 Vx=67,0738 Vy=27,3972
[3303,063] Ball=B001 X=305,8832 Y=1,8977 Vx=-87,2080 Vy=30,4925
[3299,971] Ball=B003 X=58,3034 Y=195,7439 Vx=-169,6458 Vy=-54,8445
[3299,511] Ball=B006 X=331,1394 Y=33,6730 Vx=-73,9562 Vy=25,1091
[3318,978] Ball=B001 X=304,4953 Y=2,3830 Vx=-87,2080 Vy=30,4925
[3315,886] Ball=B003 X=55,6036 Y=194,8711 Vx=-169,6458 Vy=-54,8445
[3315,421] Ball=B006 X=329,9628 Y=34,0725 Vx=-73,9562 Vy=25,1091
[3315,649] Ball=B005 X=374,1782 Y=70,0286 Vx=67,0738 Vy=27,3972
[3316,419] Ball=B002 X=143,4064 Y=3,8958 Vx=107,3755 Vy=-216,4613
[3311,079] Ball=B007 X=123,7540 Y=140,6104 Vx=-77,1763 Vy=55,1570
[3308,474] Ball=B008 X=58,2043 Y=299,0097 Vx=33,9764 Vy=-114,4388
[3315,869] Ball=B004 X=183,8687 Y=315,1396 Vx=-110,5016 Vy=-62,7061
[3331,705] Ball=B004 X=182,1189 Y=314,1467 Vx=-110,5016 Vy=-62,7061
[3326,924] Ball=B007 X=122,5311 Y=141,4844 Vx=-77,1763 Vy=55,1570
[3324,321] Ball=B008 X=58,7427 Y=297,1963 Vx=33,9764 Vy=-114,4388
[3334,962] Ball=B001 X=303,1013 Y=2,8704 Vx=-87,2080 Vy=30,4925
[3331,867] Ball=B003 X=52,8925 Y=193,9946 Vx=-169,6458 Vy=-54,8445
[3331,638] Ball=B005 X=372,9276 Y=70,4667 Vx=-67,0738 Vy=27,3972
[3332,461] Ball=B002 X=145,1290 Y=0,4232 Vx=107,3755 Vy=-216,4613
[3331,486] Ball=B006 X=328,7746 Y=34,4759 Vx=-73,9562 Vy=25,1091
[3346,353] Ball=B006 X=327,6752 Y=34,8491 Vx=-73,9562 Vy=25,1091
[3346,578] Ball=B005 X=371,9255 Y=70,8760 Vx=-67,0738 Vy=27,3972
[3349,972] Ball=B001 X=301,7923 Y=3,3281 Vx=-87,2080 Vy=30,4925
[3347,381] Ball=B002 X=146,7309 Y=-2,8061 Vx=107,3755 Vy=-216,4613
[3341,966] Ball=B007 X=121,3702 Y=142,3141 Vx=-77,1763 Vy=55,1570
[3339,361] Ball=B008 X=59,2537 Y=295,4751 Vx=33,9764 Vy=-114,4388
[3346,901] Ball=B003 X=50,3419 Y=193,1701 Vx=-169,6458 Vy=-54,8445
[3346,808] Ball=B004 X=180,4500 Y=313,1996 Vx=-110,5016 Vy=-62,7061
[3362,876] Ball=B003 X=47,6319 Y=192,2940 Vx=-169,6458 Vy=-54,8445
[3362,742] Ball=B004 X=178,6892 Y=312,2005 Vx=-110,5016 Vy=-62,7061
[3357,964] Ball=B007 X=120,1355 Y=143,1965 Vx=-77,1763 Vy=55,1570
[3365,995] Ball=B001 X=300,3950 Y=3,8167 Vx=-87,2080 Vy=30,4925
[3362,432] Ball=B006 X=326,4860 Y=35,2529 Vx=-73,9562 Vy=25,1091
[3355,382] Ball=B008 X=59,7980 Y=293,6417 Vx=33,9764 Vy=-114,4388
[3363,425] Ball=B002 X=148,4537 Y=3,4731 Vx=107,3755 Vy=216,4613
[3362,819] Ball=B005 X=370,8362 Y=71,3209 Vx=-67,0738 Vy=27,3972
[3380,884] Ball=B001 X=299,0966 Y=4,2707 Vx=-87,2080 Vy=30,4925
[3377,316] Ball=B006 X=325,3853 Y=35,6266 Vx=-73,9562 Vy=25,1091
[3377,659] Ball=B004 X=177,0410 Y=311,2651 Vx=-110,5016 Vy=-62,7061
[3372,892] Ball=B007 X=118,9835 Y=144,0198 Vx=-77,1763 Vy=55,1570
[3377,582] Ball=B005 X=369,8460 Y=71,7254 Vx=-67,0738 Vy=27,3972
[3378,344] Ball=B002 X=150,0557 Y=6,7025 Vx=107,3755 Vy=216,4613
[3377,838] Ball=B003 X=45,0936 Y=191,4733 Vx=-169,6458 Vy=-54,8445
[3370,312] Ball=B008 X=60,3053 Y=291,9332 Vx=33,9764 Vy=-114,4388
[3395,953] Ball=B001 X=297,7824 Y=4,7301 Vx=-87,2080 Vy=30,4925
[3393,356] Ball=B002 X=151,6674 Y=9,9516 Vx=107,3755 Vy=216,4613
[3392,598] Ball=B005 X=368,8389 Y=72,1367 Vx=-67,0738 Vy=27,3972
[3392,866] Ball=B003 X=42,5443 Y=190,6492 Vx=-169,6458 Vy=-54,8445
[3385,376] Ball=B008 X=60,8171 Y=290,2092 Vx=33,9764 Vy=-114,4388
[3387,984] Ball=B007 X=117,8187 Y=144,8523 Vx=-77,1763 Vy=55,1570
[3392,773] Ball=B004 X=175,3707 Y=310,3173 Vx=-110,5016 Vy=-62,7061
[3392,528] Ball=B006 X=324,2602 Y=36,0086 Vx=-73,9562 Vy=25,1091
[3403,951] Ball=B007 X=116,5866 Y=145,7329 Vx=-77,1763 Vy=55,1570
[3408,624] Ball=B005 X=367,7639 Y=72,5759 Vx=-67,0738 Vy=27,3972
[3401,355] Ball=B008 X=61,3600 Y=288,3806 Vx=33,9764 Vy=-114,4388
[3408,439] Ball=B006 X=323,0835 Y=36,4081 Vx=-73,9562 Vy=25,1091
[3412,088] Ball=B001 X=296,3753 Y=5,2222 Vx=-87,2080 Vy=30,4925
[3408,988] Ball=B003 X=39,8091 Y=189,7649 Vx=-169,6458 Vy=-54,8445
[3408,854] Ball=B004 X=173,5938 Y=309,3089 Vx=-110,5016 Vy=-62,7061
[3409,612] Ball=B002 X=153,4080 Y=13,4604 Vx=107,3755 Vy=216,4613
[3424,760] Ball=B004 X=171,8362 Y=308,3116 Vx=-110,5016 Vy=-62,7061
[3424,910] Ball=B003 X=37,1081 Y=188,8917 Vx=-169,6458 Vy=-54,8445
[3425,423] Ball=B002 X=155,1108 Y=16,8932 Vx=107,3755 Vy=216,4613
[3424,675] Ball=B005 X=366,6872 Y=73,0156 Vx=-67,0738 Vy=27,3972
[3417,397] Ball=B008 X=61,9051 Y=286,5447 Vx=33,9764 Vy=-114,4388
[3420,015] Ball=B007 X=115,3467 Y=146,6190 Vx=-77,1763 Vy=55,1570
[3424,541] Ball=B006 X=321,8926 Y=36,8124 Vx=-73,9562 Vy=25,1091
[3428,119] Ball=B001 X=294,9773 Y=5,7110 Vx=-87,2080 Vy=30,4925
[3432,270] Ball=B008 X=62,4104 Y=284,8428 Vx=33,9764 Vy=-114,4388
[3442,935] Ball=B001 X=293,6852 Y=6,1628 Vx=-87,2080 Vy=30,4925
[3439,843] Ball=B003 X=34,5748 Y=188,0727 Vx=-169,6458 Vy=-54,8445
[3439,601] Ball=B005 X=365,6861 Y=73,4245 Vx=-67,0738 Vy=27,3972
[3439,384] Ball=B006 X=320,7949 Y=37,1851 Vx=-73,9562 Vy=25,1091
[3435,008] Ball=B007 X=114,1896 Y=147,4460 Vx=-77,1763 Vy=55,1570
[3440,436] Ball=B002 X=156,7228 Y=20,1429 Vx=107,3755 Vy=216,4613
[3439,803] Ball=B004 X=170,1739 Y=307,3683 Vx=-110,5016 Vy=-62,7061
[3455,248] Ball=B002 X=158,3132 Y=23,3490 Vx=107,3755 Vy=216,4613
[3454,610] Ball=B004 X=168,5377 Y=306,4398 Vx=-110,5016 Vy=-62,7061
[3454,506] Ball=B005 X=364,6864 Y=73,8329 Vx=-67,0738 Vy=27,3972
[3449,839] Ball=B007 X=113,0450 Y=148,2640 Vx=-77,1763 Vy=55,1570
[3447,239] Ball=B008 X=62,9190 Y=283,1297 Vx=33,9764 Vy=-114,4388
[3454,307] Ball=B006 X=319,6913 Y=37,5598 Vx=-73,9562 Vy=25,1091
[3457,979] Ball=B001 X=292,3732 Y=6,6215 Vx=-87,2080 Vy=30,4925
[3454,879] Ball=B003 X=32,0239 Y=187,2481 Vx=-169,6458 Vy=-54,8445
[3470,770] Ball=B003 X=29,3283 Y=186,3766 Vx=-169,6458 Vy=-54,8445
[3471,276] Ball=B002 X=160,0342 Y=26,8184 Vx=107,3755 Vy=216,4613
[3470,304] Ball=B006 X=318,5082 Y=37,9615 Vx=-73,9562 Vy=25,1091
[3470,531] Ball=B005 X=363,6115 Y=74,2719 Vx=-67,0738 Vy=27,3972
[3470,652] Ball=B004 X=166,7650 Y=305,4338 Vx=-110,5016 Vy=-62,7061
[3465,892] Ball=B007 X=111,8060 Y=149,1495 Vx=-77,1763 Vy=55,1570
[3463,365] Ball=B008 X=63,4669 Y=281,2843 Vx=33,9764 Vy=-114,4388
[3473,919] Ball=B001 X=290,9831 Y=7,1076 Vx=-87,2080 Vy=30,4925
[3485,867] Ball=B003 X=26,7671 Y=185,5486 Vx=-169,6458 Vy=-54,8445
[3486,383] Ball=B002 X=161,6564 Y=30,0887 Vx=107,3755 Vy=216,4613
[3480,961] Ball=B007 X=110,6431 Y=149,9806 Vx=-77,1763 Vy=55,1570
[3485,752] Ball=B004 X=165,0964 Y=304,4869 Vx=-110,5016 Vy=-62,7061
[3485,427] Ball=B006 X=317,3898 Y=38,3412 Vx=-73,9562 Vy=25,1091
[3489,056] Ball=B001 X=289,6631 Y=7,5691 Vx=-87,2080 Vy=30,4925
[3485,754] Ball=B005 X=362,5905 Y=74,6890 Vx=-67,0738 Vy=27,3972
[3478,537] Ball=B008 X=63,9824 Y=279,5479 Vx=33,9764 Vy=-114,4388
[3501,502] Ball=B005 X=361,5343 Y=75,1204 Vx=-67,0738 Vy=27,3972
[3501,776] Ball=B003 X=24,0682 Y=184,6761 Vx=-169,6458 Vy=-54,8445
[3501,653] Ball=B004 X=163,3393 Y=303,4899 Vx=-110,5016 Vy=-62,7061
[3494,265] Ball=B008 X=64,5168 Y=277,7480 Vx=33,9764 Vy=-114,4388
[3501,327] Ball=B006 X=316,2138 Y=38,7404 Vx=-73,9562 Vy=25,1091
[3502,318] Ball=B002 X=163,3675 Y=33,5381 Vx=107,3755 Vy=216,4613
[3496,887] Ball=B007 X=109,4140 Y=150,8590 Vx=-77,1763 Vy=55,1570
[3505,050] Ball=B001 X=288,2683 Y=8,0568 Vx=-87,2080 Vy=30,4925
[3519,983] Ball=B001 X=286,9661 Y=8,5121 Vx=-87,2080 Vy=30,4925
[3516,424] Ball=B006 X=315,0974 Y=39,1195 Vx=-73,9562 Vy=25,1091
[3517,405] Ball=B002 X=164,9874 Y=36,8038 Vx=107,3755 Vy=216,4613
[3516,912] Ball=B003 X=21,5004 Y=183,8459 Vx=-169,6458 Vy=-54,8445
[3509,382] Ball=B008 X=65,0304 Y=276,0181 Vx=33,9764 Vy=-114,4388
[3516,842] Ball=B004 X=161,6609 Y=302,5374 Vx=-110,5016 Vy=-62,7061
[3516,733] Ball=B005 X=360,5126 Y=75,5377 Vx=-67,0738 Vy=27,3972
[3511,965] Ball=B007 X=108,2504 Y=151,6907 Vx=-77,1763 Vy=55,1570
[3527,809] Ball=B007 X=107,0276 Y=152,5645 Vx=-77,1763 Vy=55,1570
[3532,753] Ball=B003 X=18,8131 Y=182,9772 Vx=-169,6458 Vy=-54,8445
[3532,623] Ball=B004 X=159,9170 Y=301,5478 Vx=-110,5016 Vy=-62,7061
[3533,277] Ball=B002 X=166,6917 Y=40,2394 Vx=107,3755 Vy=216,4613
[3532,612] Ball=B005 X=359,4475 Y=75,9728 Vx=-67,0738 Vy=27,3972
[3535,970] Ball=B001 X=285,5718 Y=8,9996 Vx=-87,2080 Vy=30,4925
[3532,402] Ball=B006 X=313,9157 Y=39,5207 Vx=-73,9562 Vy=25,1091
[3525,390] Ball=B008 X=65,5743 Y=274,1862 Vx=33,9764 Vy=-114,4388
[3551,810] Ball=B001 X=284,1905 Y=9,4826 Vx=-87,2080 Vy=30,4925
[3541,188] Ball=B008 X=66,1110 Y=272,3784 Vx=33,9764 Vy=-114,4388
[3548,477] Ball=B005 X=358,3834 Y=76,4074 Vx=-67,0738 Vy=27,3972
[3548,265] Ball=B006 X=312,7425 Y=39,9190 Vx=-73,9562 Vy=25,1091
[3548,740] Ball=B003 X=16,1009 Y=182,1003 Vx=-169,6458 Vy=-54,8445
[3549,256] Ball=B002 X=168,4075 Y=43,6983 Vx=107,3755 Vy=216,4613
[3548,678] Ball=B004 X=158,1430 Y=300,5411 Vx=-110,5016 Vy=-62,7061
[3543,927] Ball=B007 X=105,7836 Y=153,4536 Vx=-77,1763 Vy=55,1570
[3559,785] Ball=B007 X=104,5598 Y=154,3283 Vx=-77,1763 Vy=55,1570
[3564,581] Ball=B004 X=156,3857 Y=299,5439 Vx=-110,5016 Vy=-62,7061
[3564,257] Ball=B006 X=311,5598 Y=40,3205 Vx=-73,9562 Vy=25,1091
[3565,236] Ball=B002 X=170,1233 Y=47,1573 Vx=107,3755 Vy=216,4613
[3564,831] Ball=B003 X=13,3710 Y=181,2178 Vx=-169,6458 Vy=-54,8445
[3557,304] Ball=B008 X=66,6586 Y=270,5340 Vx=33,9764 Vy=-114,4388
[3564,586] Ball=B005 X=357,3029 Y=76,8488 Vx=-67,0738 Vy=27,3972
[3567,941] Ball=B001 X=282,7837 Y=9,9745 Vx=-87,2080 Vy=30,4925
[3583,811] Ball=B001 X=281,3997 Y=10,4584 Vx=-87,2080 Vy=30,4925
[3580,461] Ball=B005 X=356,2381 Y=77,2837 Vx=-67,0738 Vy=27,3972
[3580,725] Ball=B003 X=10,6748 Y=180,3461 Vx=-169,6458 Vy=-54,8445
[3580,263] Ball=B006 X=310,3760 Y=40,7224 Vx=-73,9562 Vy=25,1091
[3581,249] Ball=B002 X=171,8427 Y=50,6235 Vx=107,3755 Vy=216,4613
[3580,691] Ball=B004 X=154,6055 Y=298,5337 Vx=-110,5016 Vy=-62,7061
[3573,301] Ball=B008 X=67,2021 Y=268,7033 Vx=33,9764 Vy=-114,4388
[3575,913] Ball=B007 X=103,3151 Y=155,2179 Vx=-77,1763 Vy=55,1570
[3589,162] Ball=B008 X=67,7410 Y=266,8882 Vx=33,9764 Vy=-114,4388
[3597,203] Ball=B002 X=173,5557 Y=54,0768 Vx=107,3755 Vy=216,4613
[3596,572] Ball=B004 X=152,8507 Y=297,5379 Vx=-110,5016 Vy=-62,7061
[3596,242] Ball=B006 X=309,1943 Y=41,1237 Vx=-73,9562 Vy=25,1091
[3596,474] Ball=B005 X=355,1640 Y=77,7224 Vx=-67,0738 Vy=27,3972
[3591,802] Ball=B007 X=102,0888 Y=156,0943 Vx=-77,1763 Vy=55,1570
[3599,832] Ball=B001 X=280,0025 Y=10,9469 Vx=-87,2080 Vy=30,4925
[3596,801] Ball=B003 X=7,9475 Y=179,4645 Vx=-169,6458 Vy=-54,8445
[3614,803] Ball=B001 X=278,6970 Y=11,4034 Vx=-87,2080 Vy=30,4925
[3611,568] Ball=B004 X=151,1936 Y=296,5976 Vx=-110,5016 Vy=-62,7061
[3604,180] Ball=B008 X=68,2513 Y=265,1696 Vx=33,9764 Vy=-114,4388
[3611,253] Ball=B006 X=308,0842 Y=41,5006 Vx=-73,9562 Vy=25,1091
[3606,806] Ball=B007 X=100,9308 Y=156,9218 Vx=-77,1763 Vy=55,1570
[3611,480] Ball=B005 X=354,1575 Y=78,1335 Vx=-67,0738 Vy=27,3972
[3611,732] Ball=B003 X=5,4145 Y=178,6456 Vx=-169,6458 Vy=-54,8445
[3612,245] Ball=B002 X=175,1709 Y=57,3328 Vx=107,3755 Vy=216,4613
[3627,232] Ball=B006 X=306,9024 Y=41,9018 Vx=-73,9562 Vy=25,1091
[3628,211] Ball=B002 X=176,8853 Y=60,7889 Vx=107,3755 Vy=216,4613
[3622,790] Ball=B007 X=99,6972 Y=157,8035 Vx=-77,1763 Vy=55,1570
[3627,725] Ball=B003 X=2,7014 Y=177,7684 Vx=-169,6458 Vy=-54,8445
[3627,481] Ball=B005 X=353,0843 Y=78,5719 Vx=-67,0738 Vy=27,3972
[3630,832] Ball=B001 X=277,2990 Y=11,8922 Vx=-87,2080 Vy=30,4925
[3620,204] Ball=B008 X=68,7957 Y=263,3357 Vx=33,9764 Vy=-114,4388
[3627,601] Ball=B004 X=149,4219 Y=295,5922 Vx=-110,5016 Vy=-62,7061
[3643,573] Ball=B004 X=147,6570 Y=294,5907 Vx=-110,5016 Vy=-62,7061
[3646,812] Ball=B001 X=275,9055 Y=12,3795 Vx=-87,2080 Vy=30,4925
[3644,219] Ball=B002 X=178,6041 Y=64,2540 Vx=107,3755 Vy=216,4613
[3636,193] Ball=B008 X=69,3390 Y=261,5061 Vx=33,9764 Vy=-114,4388
[3643,377] Ball=B006 X=305,7083 Y=42,3072 Vx=-73,9562 Vy=25,1091
[3643,977] Ball=B003 X=-0,0557 Y=176,8771 Vx=-169,6458 Vy=-54,8445
[3643,735] Ball=B005 X=351,9941 Y=79,0172 Vx=-67,0738 Vy=27,3972
[3639,076] Ball=B007 X=98,4403 Y=158,7018 Vx=-77,1763 Vy=55,1570
[3654,821] Ball=B007 X=97,2253 Y=159,5702 Vx=-77,1763 Vy=55,1570
[3659,756] Ball=B003 X=2,6768 Y=176,0117 Vx=169,6458 Vy=-54,8445
[3662,867] Ball=B001 X=274,5053 Y=12,8691 Vx=-87,2080 Vy=30,4925
[3659,624] Ball=B004 X=145,8833 Y=293,5841 Vx=-110,5016 Vy=-62,7061
[3652,257] Ball=B008 X=69,8848 Y=259,6676 Vx=33,9764 Vy=-114,4388
[3659,623] Ball=B005 X=350,9284 Y=79,4525 Vx=-67,0738 Vy=27,3972
[3659,412] Ball=B006 X=304,5225 Y=42,7098 Vx=-73,9562 Vy=25,1091
[3660,392] Ball=B002 X=180,3407 Y=67,7548 Vx=107,3755 Vy=216,4613
[3675,447] Ball=B005 X=349,8671 Y=79,8860 Vx=-67,0738 Vy=27,3972
[3675,231] Ball=B006 X=303,3526 Y=43,1070 Vx=-73,9562 Vy=25,1091
[3668,182] Ball=B008 X=70,4258 Y=257,8453 Vx=33,9764 Vy=-114,4388
[3678,823] Ball=B001 X=273,1138 Y=13,3556 Vx=-87,2080 Vy=30,4925
[3675,662] Ball=B004 X=144,1111 Y=292,5785 Vx=-110,5016 Vy=-62,7061
[3676,241] Ball=B002 X=182,0425 Y=71,1855 Vx=107,3755 Vy=216,4613
[3675,805] Ball=B003 X=5,3996 Y=175,1315 Vx=169,6458 Vy=-54,8445
[3670,887] Ball=B007 X=95,9853 Y=160,4564 Vx=-77,1763 Vy=55,1570
[3686,974] Ball=B007 X=94,7438 Y=161,3436 Vx=-77,1763 Vy=55,1570
[3691,644] Ball=B005 X=348,7807 Y=80,3298 Vx=-67,0738 Vy=27,3972
[3692,407] Ball=B002 X=183,7784 Y=74,6849 Vx=107,3755 Vy=216,4613
[3684,376] Ball=B008 X=70,9761 Y=255,9920 Vx=33,9764 Vy=-114,4388
[3691,789] Ball=B004 X=142,3290 Y=291,5672 Vx=-110,5016 Vy=-62,7061
[3695,024] Ball=B001 X=271,7010 Y=13,8496 Vx=-87,2080 Vy=30,4925
[3691,934] Ball=B003 X=8,1356 Y=174,2469 Vx=169,6458 Vy=-54,8445
[3691,466] Ball=B006 X=302,1519 Y=43,5146 Vx=-73,9562 Vy=25,1091
[3706,710] Ball=B004 X=140,6802 Y=290,6316 Vx=-110,5016 Vy=-62,7061
[3709,971] Ball=B001 X=270,3975 Y=14,3054 Vx=-87,2080 Vy=30,4925
[3701,948] Ball=B007 X=93,5881 Y=162,1696 Vx=-77,1763 Vy=55,1570
[3706,878] Ball=B003 X=10,6710 Y=173,4273 Vx=169,6458 Vy=-54,8445
[3706,415] Ball=B006 X=301,0463 Y=43,8900 Vx=-73,9562 Vy=25,1091
[3699,358] Ball=B008 X=71,4851 Y=254,2775 Vx=33,9764 Vy=-114,4388
[3706,644] Ball=B005 X=347,7745 Y=80,7408 Vx=-67,0738 Vy=27,3972
[3707,404] Ball=B002 X=185,3886 Y=77,9311 Vx=107,3755 Vy=216,4613
[3722,223] Ball=B002 X=186,9797 Y=81,1387 Vx=107,3755 Vy=216,4613
[3721,466] Ball=B005 X=346,7804 Y=81,1468 Vx=-67,0738 Vy=27,3972
[3714,195] Ball=B008 X=71,9892 Y=252,5796 Vx=33,9764 Vy=-114,4388
[3716,813] Ball=B007 X=92,4409 Y=162,9895 Vx=-77,1763 Vy=55,1570
[3721,272] Ball=B006 X=299,9476 Y=44,2631 Vx=-73,9562 Vy=25,1091
[3721,751] Ball=B003 X=13,1941 Y=172,6116 Vx=169,6458 Vy=-54,8445
[3724,859] Ball=B001 X=269,0991 Y=14,7594 Vx=-87,2080 Vy=30,4925
[3721,716] Ball=B004 X=139,0221 Y=289,6906 Vx=-110,5016 Vy=-62,7061
[3736,729] Ball=B004 X=137,3631 Y=288,7492 Vx=-110,5016 Vy=-62,7061
[3736,414] Ball=B006 X=298,8277 Y=44,6433 Vx=-73,9562 Vy=25,1091
[3736,892] Ball=B003 X=15,7625 Y=171,7813 Vx=169,6458 Vy=-54,8445
[3729,367] Ball=B008 X=72,5047 Y=250,8434 Vx=33,9764 Vy=-114,4388
[3736,657] Ball=B005 X=345,7615 Y=81,5630 Vx=-67,0738 Vy=27,3972
[3731,992] Ball=B007 X=91,2694 Y=163,8267 Vx=-77,1763 Vy=55,1570
[3740,010] Ball=B001 X=267,7779 Y=15,2213 Vx=-87,2080 Vy=30,4925
[3737,416] Ball=B002 X=188,6113 Y=84,4277 Vx=107,3755 Vy=216,4613
[3754,896] Ball=B001 X=266,4798 Y=15,6752 Vx=-87,2080 Vy=30,4925
[3752,309] Ball=B002 X=190,2102 Y=87,6512 Vx=107,3755 Vy=216,4613
[3746,887] Ball=B007 X=90,1200 Y=164,6482 Vx=-77,1763 Vy=55,1570
[3744,304] Ball=B008 X=73,0122 Y=249,1339 Vx=33,9764 Vy=-114,4388
[3751,478] Ball=B006 X=297,7136 Y=45,0215 Vx=-73,9562 Vy=25,1091
[3751,814] Ball=B004 X=135,6961 Y=287,8033 Vx=-110,5016 Vy=-62,7061
[3751,956] Ball=B003 X=18,3181 Y=170,9551 Vx=169,6458 Vy=-54,8445
[3751,697] Ball=B005 X=344,7527 Y=81,9751 Vx=-67,0738 Vy=27,3972
[3767,783] Ball=B003 X=21,0029 Y=170,0871 Vx=169,6458 Vy=-54,8445
[3760,289] Ball=B008 X=73,5553 Y=247,3046 Vx=33,9764 Vy=-114,4388
[3770,941] Ball=B001 X=265,0804 Y=16,1645 Vx=-87,2080 Vy=30,4925
[3762,930] Ball=B007 X=88,8818 Y=165,5332 Vx=-77,1763 Vy=55,1570
[3767,729] Ball=B004 X=133,9375 Y=286,8053 Vx=-110,5016 Vy=-62,7061
[3768,390] Ball=B002 X=191,9371 Y=91,1324 Vx=107,3755 Vy=216,4613
[3767,644] Ball=B005 X=343,6831 Y=82,4120 Vx=-67,0738 Vy=27,3972
[3767,437] Ball=B006 X=296,5334 Y=45,4222 Vx=-73,9562 Vy=25,1091
[3783,316] Ball=B006 X=295,3591 Y=45,8209 Vx=-73,9562 Vy=25,1091
[3784,369] Ball=B002 X=193,6527 Y=94,5909 Vx=107,3755 Vy=216,4613
[3783,619] Ball=B005 X=342,6115 Y=82,8497 Vx=-67,0738 Vy=27,3972
[3779,068] Ball=B007 X=87,6363 Y=166,4233 Vx=-77,1763 Vy=55,1570
[3787,098] Ball=B001 X=263,6714 Y=16,6572 Vx=-87,2080 Vy=30,4925
[3783,850] Ball=B004 X=132,1562 Y=285,7945 Vx=-110,5016 Vy=-62,7061
[3776,537] Ball=B008 X=74,1074 Y=245,4452 Vx=33,9764 Vy=-114,4388
[3784,133] Ball=B003 X=23,7767 Y=169,1904 Vx=169,6458 Vy=-54,8445
[3800,254] Ball=B002 X=195,3584 Y=98,0294 Vx=107,3755 Vy=216,4613
[3799,757] Ball=B003 X=26,4273 Y=168,3335 Vx=169,6458 Vy=-54,8445
[3792,233] Ball=B008 X=74,6406 Y=243,6491 Vx=33,9764 Vy=-114,4388
[3799,532] Ball=B005 X=341,5442 Y=83,2856 Vx=-67,0738 Vy=27,3972
[3794,957] Ball=B007 X=86,4100 Y=167,2997 Vx=-77,1763 Vy=55,1570
[3799,527] Ball=B006 X=294,1602 Y=46,2280 Vx=-73,9562 Vy=25,1091
[3799,881] Ball=B004 X=130,3846 Y=284,7891 Vx=-110,5016 Vy=-62,7061
[3803,203] Ball=B001 X=262,2669 Y=17,1483 Vx=-87,2080 Vy=30,4925
[3816,267] Ball=B002 X=197,0777 Y=101,4955 Vx=107,3755 Vy=216,4613
[3808,275] Ball=B008 X=75,1857 Y=241,8131 Vx=33,9764 Vy=-114,4388
[3810,901] Ball=B007 X=85,1795 Y=168,1791 Vx=-77,1763 Vy=55,1570
[3818,939] Ball=B001 X=260,8946 Y=17,6281 Vx=-87,2080 Vy=30,4925
[3816,304] Ball=B006 X=292,9334 Y=46,6445 Vx=-73,9562 Vy=25,1091
[3816,533] Ball=B005 X=340,4039 Y=83,7514 Vx=-67,0738 Vy=27,3972
[3816,811] Ball=B003 X=29,3206 Y=167,3981 Vx=169,6458 Vy=-54,8445
[3815,717] Ball=B004 X=128,6347 Y=283,7961 Vx=-110,5016 Vy=-62,7061
[3831,887] Ball=B003 X=31,8779 Y=166,5713 Vx=169,6458 Vy=-54,8445
[3831,751] Ball=B004 X=126,8630 Y=282,7907 Vx=-110,5016 Vy=-62,7061
[3831,648] Ball=B005 X=339,3901 Y=84,1655 Vx=-67,0738 Vy=27,3972
[3831,437] Ball=B006 X=291,8002 Y=47,0292 Vx=-73,9562 Vy=25,1091
[3827,163] Ball=B007 X=83,9245 Y=169,0761 Vx=-77,1763 Vy=55,1570
[3824,554] Ball=B008 X=75,7388 Y=239,9502 Vx=33,9764 Vy=-114,4388
[3832,652] Ball=B002 X=198,8373 Y=105,0426 Vx=107,3755 Vy=216,4613
[3835,035] Ball=B001 X=259,4909 Y=18,1189 Vx=-87,2080 Vy=30,4925
[3846,739] Ball=B003 X=34,3976 Y=165,7568 Vx=169,6458 Vy=-54,8445
[3849,837] Ball=B001 X=258,2001 Y=18,5702 Vx=-87,2080 Vy=30,4925
[3846,497] Ball=B005 X=338,3940 Y=84,5724 Vx=-67,0738 Vy=27,3972
[3841,860] Ball=B007 X=82,7902 Y=169,8867 Vx=-77,1763 Vy=55,1570
[3846,741] Ball=B004 X=125,2066 Y=281,8508 Vx=-110,5016 Vy=-62,7061
[3847,446] Ball=B002 X=200,4257 Y=108,2449 Vx=107,3755 Vy=216,4613
[3839,413] Ball=B008 X=76,2437 Y=238,2498 Vx=33,9764 Vy=-114,4388
[3846,542] Ball=B006 X=290,6831 Y=47,4085 Vx=-73,9562 Vy=25,1091
[3862,414] Ball=B006 X=289,5093 Y=47,8070 Vx=-73,9562 Vy=25,1091
[3862,633] Ball=B005 X=337,3118 Y=85,0144 Vx=-67,0738 Vy=27,3972
[3862,891] Ball=B003 X=37,1378 Y=164,8709 Vx=169,6458 Vy=-54,8445
[3863,416] Ball=B002 X=202,1406 Y=111,7019 Vx=107,3755 Vy=216,4613
[3858,009] Ball=B007 X=81,5439 Y=170,7775 Vx=-77,1763 Vy=55,1570
[3855,406] Ball=B008 X=76,7871 Y=236,4195 Vx=33,9764 Vy=-114,4388
[3862,803] Ball=B004 X=123,4317 Y=280,8436 Vx=-110,5016 Vy=-62,7061
[3866,196] Ball=B001 X=256,7734 Y=19,0691 Vx=-87,2080 Vy=30,4925
[3877,603] Ball=B004 X=121,7963 Y=279,9156 Vx=-110,5016 Vy=-62,7061
[3877,273] Ball=B006 X=288,4103 Y=48,1801 Vx=-73,9562 Vy=25,1091
[3877,508] Ball=B005 X=336,3140 Y=85,4220 Vx=-67,0738 Vy=27,3972
[3878,289] Ball=B002 X=203,7375 Y=114,9212 Vx=107,3755 Vy=216,4613
[3872,860] Ball=B007 X=80,3978 Y=171,5966 Vx=-77,1763 Vy=55,1570
[3870,252] Ball=B008 X=77,2915 Y=234,7205 Vx=33,9764 Vy=-114,4388
[3877,872] Ball=B003 X=39,6792 Y=164,0493 Vx=169,6458 Vy=-54,8445
[3880,854] Ball=B001 X=255,4951 Y=19,5160 Vx=-87,2080 Vy=30,4925
[3892,889] Ball=B003 X=42,2268 Y=163,2256 Vx=169,6458 Vy=-54,8445
[3895,989] Ball=B001 X=254,1753 Y=19,9775 Vx=-87,2080 Vy=30,4925
[3893,405] Ball=B002 X=205,3606 Y=118,1931 Vx=107,3755 Vy=216,4613
[3887,985] Ball=B007 X=79,2305 Y=172,4308 Vx=-77,1763 Vy=55,1570
[3885,397] Ball=B008 X=77,8060 Y=232,9874 Vx=33,9764 Vy=-114,4388
[3892,678] Ball=B005 X=335,2965 Y=85,8376 Vx=-67,0738 Vy=27,3972
[3892,795] Ball=B004 X=120,1175 Y=278,9629 Vx=-110,5016 Vy=-62,7061
[3892,577] Ball=B006 X=287,2785 Y=48,5644 Vx=-73,9562 Vy=25,1091
[3908,741] Ball=B004 X=118,3555 Y=277,9630 Vx=-110,5016 Vy=-62,7061
[3908,441] Ball=B006 X=286,1052 Y=48,9627 Vx=-73,9562 Vy=25,1091
[3901,393] Ball=B008 X=78,3495 Y=231,1568 Vx=33,9764 Vy=-114,4388
[3904,275] Ball=B007 X=77,9766 Y=173,3270 Vx=-77,1763 Vy=55,1570
[3912,305] Ball=B001 X=252,7523 Y=20,4751 Vx=-87,2080 Vy=30,4925
[3909,729] Ball=B002 X=207,1134 Y=121,7268 Vx=107,3755 Vy=216,4613
[3909,225] Ball=B003 X=44,9981 Y=162,3297 Vx=169,6458 Vy=-54,8445
[3909,212] Ball=B005 X=334,1875 Y=86,2906 Vx=-67,0738 Vy=27,3972
[3924,751] Ball=B003 X=47,6321 Y=161,4782 Vx=169,6458 Vy=-54,8445
[3924,498] Ball=B005 X=333,1623 Y=86,7093 Vx=-67,0738 Vy=27,3972
[3919,845] Ball=B007 X=76,7716 Y=174,1881 Vx=-77,1763 Vy=55,1570
[3927,888] Ball=B001 X=251,3934 Y=20,9502 Vx=-87,2080 Vy=30,4925
[3917,256] Ball=B008 X=78,8885 Y=229,3415 Vx=33,9764 Vy=-114,4388
[3924,320] Ball=B006 X=284,9309 Y=49,3614 Vx=-73,9562 Vy=25,1091
[3924,821] Ball=B004 X=116,5835 Y=276,9575 Vx=-110,5016 Vy=-62,7061
[3925,532] Ball=B002 X=208,7817 Y=125,0899 Vx=107,3755 Vy=216,4613
[3933,212] Ball=B008 X=79,4306 Y=227,5155 Vx=33,9764 Vy=-114,4388
[3941,254] Ball=B002 X=210,4984 Y=128,5507 Vx=107,3755 Vy=216,4613
[3943,879] Ball=B001 X=249,9988 Y=21,4378 Vx=-87,2080 Vy=30,4925
[3940,641] Ball=B004 X=114,8304 Y=275,9626 Vx=-110,5016 Vy=-62,7061
[3940,415] Ball=B006 X=283,7406 Y=49,7655 Vx=-73,9562 Vy=25,1091
[3940,635] Ball=B005 X=332,0888 Y=87,1478 Vx=-67,0738 Vy=27,3972
[3935,968] Ball=B007 X=75,5274 Y=175,0774 Vx=-77,1763 Vy=55,1570
[3940,949] Ball=B003 X=50,3800 Y=160,5898 Vx=169,6458 Vy=-54,8445
[3955,493] Ball=B005 X=331,0834 Y=87,5585 Vx=-67,0738 Vy=27,3972
[3955,613] Ball=B004 X=113,1760 Y=275,0238 Vx=-110,5016 Vy=-62,7061
[3955,280] Ball=B006 X=282,6412 Y=50,1388 Vx=-73,9562 Vy=25,1091
[3956,421] Ball=B002 X=212,1269 Y=131,8336 Vx=107,3755 Vy=216,4613
[3959,068] Ball=B001 X=248,6742 Y=21,9010 Vx=-87,2080 Vy=30,4925
[3956,019] Ball=B003 X=52,9366 Y=159,7633 Vx=169,6458 Vy=-54,8445
[3951,116] Ball=B007 X=74,3582 Y=175,9130 Vx=-77,1763 Vy=55,1570
[3948,509] Ball=B008 X=79,9504 Y=225,7649 Vx=33,9764 Vy=-114,4388
[3963,226] Ball=B008 X=80,4504 Y=224,0809 Vx=33,9764 Vy=-114,4388
[3970,555] Ball=B005 X=330,0730 Y=87,9712 Vx=-67,0738 Vy=27,3972
[3971,329] Ball=B002 X=213,7277 Y=135,0606 Vx=107,3755 Vy=216,4613
[3973,942] Ball=B001 X=247,3771 Y=22,3545 Vx=-87,2080 Vy=30,4925
[3971,434] Ball=B003 X=55,5516 Y=158,9179 Vx=169,6458 Vy=-54,8445
[3971,085] Ball=B006 X=281,4723 Y=50,5356 Vx=-73,9562 Vy=25,1091
[3971,426] Ball=B004 X=111,4287 Y=274,0323 Vx=-110,5016 Vy=-62,7061
[3966,656] Ball=B007 X=73,1589 Y=176,7701 Vx=-77,1763 Vy=55,1570
[3982,947] Ball=B007 X=71,9017 Y=177,6686 Vx=-77,1763 Vy=55,1570
[3987,735] Ball=B004 X=109,6265 Y=273,0096 Vx=-110,5016 Vy=-62,7061
[3990,981] Ball=B001 X=245,8912 Y=22,8741 Vx=-87,2080 Vy=30,4925
[3987,425] Ball=B006 X=280,2638 Y=50,9459 Vx=-73,9562 Vy=25,1091
[3987,917] Ball=B003 X=58,3480 Y=158,0139 Vx=169,6458 Vy=-54,8445
[3988,425] Ball=B002 X=215,5635 Y=138,7614 Vx=107,3755 Vy=216,4613
[3987,673] Ball=B005 X=328,9248 Y=88,4402 Vx=-67,0738 Vy=27,3972
[3980,492] Ball=B008 X=81,0371 Y=222,1048 Vx=33,9764 Vy=-114,4388
[4002,722] Ball=B005 X=327,9155 Y=88,8525 Vx=-67,0738 Vy=27,3972
[4003,490] Ball=B002 X=217,1809 Y=142,0221 Vx=107,3755 Vy=216,4613
[3995,458] Ball=B008 X=81,5455 Y=220,3921 Vx=33,9764 Vy=-114,4388
[4002,860] Ball=B004 X=107,9552 Y=272,0612 Vx=-110,5016 Vy=-62,7061
[3998,093] Ball=B007 X=70,7328 Y=178,5041 Vx=-77,1763 Vy=55,1570
[4002,544] Ball=B006 X=279,1457 Y=51,3256 Vx=-73,9562 Vy=25,1091
[4003,016] Ball=B003 X=60,9094 Y=157,1858 Vx=169,6458 Vy=-54,8445
[4006,204] Ball=B001 X=244,5636 Y=23,3383 Vx=-87,2080 Vy=30,4925
[4020,993] Ball=B001 X=243,2739 Y=23,7892 Vx=-87,2080 Vy=30,4925
[4012,967] Ball=B007 X=69,5850 Y=179,3244 Vx=-77,1763 Vy=55,1570
[4017,427] Ball=B006 X=278,0451 Y=51,6993 Vx=-73,9562 Vy=25,1091
[4017,909] Ball=B003 X=63,4359 Y=156,3690 Vx=169,6458 Vy=-54,8445
[4017,774] Ball=B004 X=106,3071 Y=271,1259 Vx=-110,5016 Vy=-62,7061
[4010,395] Ball=B008 X=82,0530 Y=218,6827 Vx=33,9764 Vy=-114,4388
[4018,434] Ball=B002 X=218,7857 Y=145,2571 Vx=107,3755 Vy=216,4613
[4017,679] Ball=B005 X=326,9122 Y=89,2623 Vx=-67,0738 Vy=27,3972
[4033,746] Ball=B004 X=104,5423 Y=270,1244 Vx=-110,5016 Vy=-62,7061
[4028,964] Ball=B007 X=68,3502 Y=180,2068 Vx=-77,1763 Vy=55,1570
[4034,401] Ball=B002 X=220,5001 Y=148,7132 Vx=107,3755 Vy=216,4613
[4026,370] Ball=B008 X=82,5958 Y=216,8546 Vx=33,9764 Vy=-114,4388
[4033,667] Ball=B005 X=325,8398 Y=89,7003 Vx=-67,0738 Vy=27,3972
[4033,920] Ball=B003 X=66,1522 Y=155,4909 Vx=169,6458 Vy=-54,8445
[4037,032] Ball=B001 X=241,8752 Y=24,2783 Vx=-87,2080 Vy=30,4925
[4033,463] Ball=B006 X=276,8591 Y=52,1019 Vx=-73,9562 Vy=25,1091
[4049,276] Ball=B006 X=275,6897 Y=52,4989 Vx=-73,9562 Vy=25,1091
[4044,823] Ball=B007 X=67,1263 Y=181,0815 Vx=-77,1763 Vy=55,1570
[4052,853] Ball=B001 X=240,4954 Y=24,7607 Vx=-87,2080 Vy=30,4925
[4049,516] Ball=B005 X=324,7768 Y=90,1345 Vx=-67,0738 Vy=27,3972
[4042,248] Ball=B008 X=83,1353 Y=215,0375 Vx=33,9764 Vy=-114,4388
[4050,286] Ball=B002 X=222,2058 Y=152,1519 Vx=107,3755 Vy=216,4613
[4049,643] Ball=B004 X=102,7855 Y=269,1275 Vx=-110,5016 Vy=-62,7061
[4049,880] Ball=B003 X=68,8595 Y=154,6156 Vx=169,6458 Vy=-54,8445
[4065,623] Ball=B005 X=323,6965 Y=90,5758 Vx=-67,0738 Vy=27,3972
[4065,744] Ball=B004 X=101,0065 Y=268,1180 Vx=-110,5016 Vy=-62,7061
[4066,392] Ball=B002 X=223,9352 Y=155,6381 Vx=107,3755 Vy=216,4613
[4058,365] Ball=B008 X=83,6829 Y=213,1931 Vx=33,9764 Vy=-114,4388
[4069,016] Ball=B001 X=239,0859 Y=25,2536 Vx=-87,2080 Vy=30,4925
[4065,916] Ball=B003 X=71,5801 Y=153,7361 Vx=169,6458 Vy=-54,8445
[4060,992] Ball=B007 X=65,8785 Y=181,9734 Vx=-77,1763 Vy=55,1570
[4065,449] Ball=B006 X=274,4935 Y=52,9050 Vx=-73,9562 Vy=25,1091
[4073,211] Ball=B008 X=84,1873 Y=211,4943 Vx=33,9764 Vy=-114,4388
[4083,856] Ball=B001 X=237,7917 Y=25,7061 Vx=-87,2080 Vy=30,4925
[4080,781] Ball=B003 X=74,1019 Y=152,9208 Vx=169,6458 Vy=-54,8445
[4080,777] Ball=B004 X=99,3452 Y=267,1753 Vx=-110,5016 Vy=-62,7061
[4081,431] Ball=B002 X=225,5499 Y=158,8934 Vx=107,3755 Vy=216,4613
[4080,673] Ball=B005 X=322,6870 Y=90,9881 Vx=-67,0738 Vy=27,3972
[4080,395] Ball=B006 X=273,3882 Y=53,2803 Vx=-73,9562 Vy=25,1091
[4076,067] Ball=B007 X=64,7150 Y=182,8049 Vx=-77,1763 Vy=55,1570
[4097,365] Ball=B002 X=227,2608 Y=162,3424 Vx=107,3755 Vy=216,4613
[4096,400] Ball=B006 X=272,2045 Y=53,6822 Vx=-73,9562 Vy=25,1091
[4096,622] Ball=B005 X=321,6172 Y=91,4251 Vx=-67,0738 Vy=27,3972
[4099,985] Ball=B001 X=236,3852 Y=26,1979 Vx=-87,2080 Vy=30,4925
[4092,050] Ball=B007 X=63,4815 Y=183,6864 Vx=-77,1763 Vy=55,1570
[4096,839] Ball=B004 X=97,5703 Y=266,1681 Vx=-110,5016 Vy=-62,7061
[4096,978] Ball=B003 X=76,8497 Y=152,0325 Vx=169,6458 Vy=-54,8445
[4089,447] Ball=B008 X=84,7389 Y=209,6361 Vx=33,9764 Vy=-114,4388
[4104,211] Ball=B008 X=85,2405 Y=207,9468 Vx=33,9764 Vy=-114,4388
[4106,819] Ball=B007 X=62,3417 Y=184,5011 Vx=-77,1763 Vy=55,1570
[4111,611] Ball=B004 X=95,9381 Y=265,2418 Vx=-110,5016 Vy=-62,7061
[4111,850] Ball=B003 X=79,3726 Y=151,2169 Vx=169,6458 Vy=-54,8445
[4112,361] Ball=B002 X=228,8711 Y=165,5886 Vx=107,3755 Vy=216,4613
[4115,065] Ball=B001 X=235,0701 Y=26,6577 Vx=-87,2080 Vy=30,4925
[4111,717] Ball=B005 X=320,6048 Y=91,8386 Vx=-67,0738 Vy=27,3972
[4111,506] Ball=B006 X=271,0873 Y=54,0615 Vx=-73,9562 Vy=25,1091
[4127,409] Ball=B006 X=269,9113 Y=54,4608 Vx=-73,9562 Vy=25,1091
[4122,965] Ball=B007 X=61,0956 Y=185,3916 Vx=-77,1763 Vy=55,1570
[4128,399] Ball=B002 X=230,5931 Y=169,0602 Vx=107,3755 Vy=216,4613
[4127,905] Ball=B003 X=82,0963 Y=150,3363 Vx=169,6458 Vy=-54,8445
[4127,658] Ball=B005 X=319,5355 Y=92,2754 Vx=-67,0738 Vy=27,3972
[4127,785] Ball=B004 X=94,1507 Y=264,2276 Vx=-110,5016 Vy=-62,7061
[4120,472] Ball=B008 X=85,7931 Y=206,0857 Vx=33,9764 Vy=-114,4388
[4131,024] Ball=B001 X=233,6783 Y=27,1443 Vx=-87,2080 Vy=30,4925
[4143,411] Ball=B006 X=268,7278 Y=54,8626 Vx=-73,9562 Vy=25,1091
[4136,359] Ball=B008 X=86,3328 Y=204,2676 Vx=33,9764 Vy=-114,4388
[4143,760] Ball=B004 X=92,3855 Y=263,2259 Vx=-110,5016 Vy=-62,7061
[4144,411] Ball=B002 X=232,3125 Y=172,5263 Vx=107,3755 Vy=216,4613
[4143,907] Ball=B003 X=84,8110 Y=149,4587 Vx=169,6458 Vy=-54,8445
[4143,725] Ball=B005 X=318,4578 Y=92,7156 Vx=-67,0738 Vy=27,3972
[4139,063] Ball=B007 X=59,8532 Y=186,2796 Vx=-77,1763 Vy=55,1570
[4147,135] Ball=B001 X=232,2733 Y=27,6356 Vx=-87,2080 Vy=30,4925
[4161,993] Ball=B001 X=230,9776 Y=28,0887 Vx=-87,2080 Vy=30,4925
[4153,973] Ball=B007 X=58,7025 Y=187,1019 Vx=-77,1763 Vy=55,1570
[4151,373] Ball=B008 X=86,8430 Y=202,5494 Vx=33,9764 Vy=-114,4388
[4159,426] Ball=B002 X=233,9248 Y=175,7764 Vx=107,3755 Vy=216,4613
[4158,923] Ball=B003 X=87,3584 Y=148,6352 Vx=169,6458 Vy=-54,8445
[4158,685] Ball=B005 X=317,4544 Y=93,1254 Vx=-67,0738 Vy=27,3972
[4158,802] Ball=B004 X=90,7232 Y=262,2826 Vx=-110,5016 Vy=-62,7061
[4158,475] Ball=B006 X=267,6137 Y=55,2408 Vx=-73,9562 Vy=25,1091
[4173,757] Ball=B004 X=89,0709 Y=261,3449 Vx=-110,5016 Vy=-62,7061
[4173,425] Ball=B006 X=266,5081 Y=55,6162 Vx=-73,9562 Vy=25,1091
[4177,002] Ball=B001 X=229,6687 Y=28,5463 Vx=-87,2080 Vy=30,4925
[4173,657] Ball=B005 X=316,4502 Y=93,5356 Vx=-67,0738 Vy=27,3972
[4166,393] Ball=B008 X=87,3533 Y=200,8305 Vx=33,9764 Vy=-114,4388
[4174,432] Ball=B002 X=235,5360 Y=179,0247 Vx=107,3755 Vy=216,4613
[4173,928] Ball=B003 X=89,9039 Y=147,8122 Vx=169,6458 Vy=-54,8445
[4169,123] Ball=B007 X=57,5366 Y=187,9352 Vx=-77,1763 Vy=55,1570
[4184,792] Ball=B007 X=56,3241 Y=188,8018 Vx=-77,1763 Vy=55,1570
[4182,193] Ball=B008 X=87,8901 Y=199,0224 Vx=33,9764 Vy=-114,4388
[4190,252] Ball=B002 X=237,2348 Y=182,4492 Vx=107,3755 Vy=216,4613
[4192,849] Ball=B001 X=228,2866 Y=29,0296 Vx=-87,2080 Vy=30,4925
[4189,509] Ball=B005 X=315,3869 Y=93,9699 Vx=-67,0738 Vy=27,3972
[4189,625] Ball=B004 X=87,3173 Y=260,3498 Vx=-110,5016 Vy=-62,7061
[4189,678] Ball=B006 X=265,3060 Y=56,0243 Vx=-73,9562 Vy=25,1091
[4190,070] Ball=B003 X=92,6423 Y=146,9269 Vx=169,6458 Vy=-54,8445
[4197,206] Ball=B008 X=88,4002 Y=197,3044 Vx=33,9764 Vy=-114,4388
[4204,752] Ball=B003 X=95,1330 Y=146,1217 Vx=169,6458 Vy=-54,8445
[4204,513] Ball=B005 X=314,3806 Y=94,3810 Vx=-67,0738 Vy=27,3972
[4204,698] Ball=B004 X=85,6579 Y=259,4082 Vx=-110,5016 Vy=-62,7061
[4207,877] Ball=B001 X=226,9761 Y=29,4878 Vx=-87,2080 Vy=30,4925
[4205,354] Ball=B002 X=238,8563 Y=185,7181 Vx=107,3755 Vy=216,4613
[4199,934] Ball=B007 X=55,1554 Y=189,6370 Vx=-77,1763 Vy=55,1570
[4204,586] Ball=B006 X=264,2035 Y=56,3986 Vx=-73,9562 Vy=25,1091
[4223,869] Ball=B001 X=225,5815 Y=29,9754 Vx=-87,2080 Vy=30,4925
[4215,845] Ball=B007 X=53,9276 Y=190,5145 Vx=-77,1763 Vy=55,1570
[4221,283] Ball=B002 X=240,5667 Y=189,1661 Vx=107,3755 Vy=216,4613
[4220,322] Ball=B006 X=263,0397 Y=56,7938 Vx=-73,9562 Vy=25,1091
[4220,811] Ball=B003 X=97,8575 Y=145,2409 Vx=169,6458 Vy=-54,8445
[4220,673] Ball=B004 X=83,8865 Y=258,4029 Vx=-110,5016 Vy=-62,7061
[4220,559] Ball=B005 X=313,3043 Y=94,8206 Vx=-67,0738 Vy=27,3972
[4213,389] Ball=B008 X=88,9500 Y=195,4524 Vx=33,9764 Vy=-114,4388
[4235,388] Ball=B006 X=261,9255 Y=57,1720 Vx=-73,9562 Vy=25,1091
[4235,730] Ball=B004 X=82,2226 Y=257,4588 Vx=-110,5016 Vy=-62,7061
[4235,876] Ball=B003 X=100,4132 Y=144,4147 Vx=169,6458 Vy=-54,8445
[4228,421] Ball=B008 X=89,4608 Y=193,7322 Vx=33,9764 Vy=-114,4388
[4239,061] Ball=B001 X=224,2566 Y=30,4387 Vx=-87,2080 Vy=30,4925
[4235,630] Ball=B005 X=312,2934 Y=95,2335 Vx=-67,0738 Vy=27,3972
[4236,544] Ball=B002 X=242,2054 Y=192,4696 Vx=107,3755 Vy=216,4613
[4231,199] Ball=B007 X=52,7425 Y=191,3614 Vx=-77,1763 Vy=55,1570
[4251,542] Ball=B005 X=311,2263 Y=95,6694 Vx=-67,0738 Vy=27,3972
[4252,310] Ball=B002 X=243,8981 Y=195,8821 Vx=107,3755 Vy=216,4613
[4254,907] Ball=B001 X=222,8748 Y=30,9218 Vx=-87,2080 Vy=30,4925
[4246,893] Ball=B007 X=51,5313 Y=192,2271 Vx=-77,1763 Vy=55,1570
[4244,299] Ball=B008 X=90,0003 Y=191,9151 Vx=33,9764 Vy=-114,4388
[4251,361] Ball=B006 X=260,7442 Y=57,5731 Vx=-73,9562 Vy=25,1091
[4251,913] Ball=B003 X=103,1338 Y=143,5351 Vx=169,6458 Vy=-54,8445
[4251,781] Ball=B004 X=80,4489 Y=256,4522 Vx=-110,5016 Vy=-62,7061
[4261,833] Ball=B007 X=50,3783 Y=193,0512 Vx=-77,1763 Vy=55,1570
[4266,790] Ball=B003 X=105,6576 Y=142,7192 Vx=169,6458 Vy=-54,8445
[4266,651] Ball=B004 X=78,8058 Y=255,5198 Vx=-110,5016 Vy=-62,7061
[4269,893] Ball=B001 X=221,5678 Y=31,3788 Vx=-87,2080 Vy=30,4925
[4266,333] Ball=B006 X=259,6369 Y=57,9491 Vx=-73,9562 Vy=25,1091
[4259,354] Ball=B008 X=90,5118 Y=190,1922 Vx=33,9764 Vy=-114,4388
[4266,637] Ball=B005 X=310,2137 Y=96,0830 Vx=-67,0738 Vy=27,3972
[4267,400] Ball=B002 X=245,5185 Y=199,1485 Vx=107,3755 Vy=216,4613
[4281,406] Ball=B006 X=258,5222 Y=58,3275 Vx=-73,9562 Vy=25,1091
[4281,623] Ball=B005 X=309,2086 Y=96,4936 Vx=-67,0738 Vy=27,3972
[4284,986] Ball=B001 X=220,2516 Y=31,8390 Vx=-87,2080 Vy=30,4925
[4281,755] Ball=B004 X=77,1368 Y=254,5727 Vx=-110,5016 Vy=-62,7061
[4282,415] Ball=B002 X=247,1308 Y=202,3988 Vx=107,3755 Vy=216,4613
[4274,376] Ball=B008 X=91,0222 Y=188,4731 Vx=33,9764 Vy=-114,4388
[4281,910] Ball=B003 X=108,2225 Y=141,8900 Vx=169,6458 Vy=-54,8445
[4277,064] Ball=B007 X=49,2028 Y=193,8912 Vx=-77,1763 Vy=55,1570
[4296,883] Ball=B003 X=110,7625 Y=141,0689 Vx=169,6458 Vy=-54,8445
[4296,747] Ball=B004 X=75,4802 Y=253,6326 Vx=-110,5016 Vy=-62,7061
[4299,994] Ball=B001 X=218,9427 Y=32,2967 Vx=-87,2080 Vy=30,4925
[4297,425] Ball=B002 X=248,7424 Y=205,6478 Vx=107,3755 Vy=216,4613
[4289,557] Ball=B008 X=91,5380 Y=186,7358 Vx=33,9764 Vy=-114,4388
[4292,179] Ball=B007 X=48,0363 Y=194,7250 Vx=-77,1763 Vy=55,1570
[4296,631] Ball=B006 X=257,3962 Y=58,7098 Vx=-73,9562 Vy=25,1091
[4296,668] Ball=B005 X=308,1994 Y=96,9058 Vx=-67,0738 Vy=27,3972
[4312,303] Ball=B006 X=256,2372 Y=59,1033 Vx=-73,9562 Vy=25,1091
[4312,778] Ball=B003 X=113,4592 Y=140,1971 Vx=169,6458 Vy=-54,8445
[4312,531] Ball=B005 X=307,1354 Y=97,3404 Vx=-67,0738 Vy=27,3972
[4312,655] Ball=B004 X=73,7223 Y=252,6351 Vx=-110,5016 Vy=-62,7061
[4307,886] Ball=B007 X=46,8240 Y=195,5913 Vx=-77,1763 Vy=55,1570
[4305,356] Ball=B008 X=92,0747 Y=184,9278 Vx=33,9764 Vy=-114,4388
[4315,988] Ball=B001 X=217,5479 Y=32,7844 Vx=-87,2080 Vy=30,4925
[4313,524] Ball=B002 X=250,4706 Y=209,1317 Vx=107,3755 Vy=216,4613
[4323,839] Ball=B007 X=45,5929 Y=196,4712 Vx=-77,1763 Vy=55,1570
[4328,796] Ball=B003 X=116,1767 Y=139,3185 Vx=169,6458 Vy=-54,8445
[4321,261] Ball=B008 X=92,6152 Y=183,1076 Vx=33,9764 Vy=-114,4388
[4331,902] Ball=B001 X=216,1601 Y=33,2696 Vx=-87,2080 Vy=30,4925
[4328,748] Ball=B004 X=71,9440 Y=251,6260 Vx=-110,5016 Vy=-62,7061
[4328,419] Ball=B006 X=255,0452 Y=59,5080 Vx=-73,9562 Vy=25,1091
[4329,523] Ball=B002 X=252,1890 Y=212,5958 Vx=107,3755 Vy=216,4613
[4328,766] Ball=B005 X=306,0465 Y=97,7852 Vx=-67,0738 Vy=27,3972
[4343,618] Ball=B005 X=305,0504 Y=98,1920 Vx=-67,0738 Vy=27,3972
[4343,737] Ball=B004 X=70,2878 Y=250,6861 Vx=-110,5016 Vy=-62,7061
[4344,386] Ball=B002 X=253,7849 Y=215,8130 Vx=107,3755 Vy=216,4613
[4346,990] Ball=B001 X=214,8443 Y=33,7297 Vx=-87,2080 Vy=30,4925
[4343,993] Ball=B003 X=118,7548 Y=138,4851 Vx=169,6458 Vy=-54,8445
[4343,525] Ball=B006 X=253,9280 Y=59,8873 Vx=-73,9562 Vy=25,1091
[4339,073] Ball=B007 X=44,4172 Y=197,3115 Vx=-77,1763 Vy=55,1570
[4336,467] Ball=B008 X=93,1318 Y=181,3675 Vx=33,9764 Vy=-114,4388
[4359,265] Ball=B006 X=252,7641 Y=60,2825 Vx=-73,9562 Vy=25,1091
[4352,209] Ball=B008 X=93,6666 Y=179,5660 Vx=33,9764 Vy=-114,4388
[4359,510] Ball=B005 X=303,9844 Y=98,6274 Vx=-67,0738 Vy=27,3972
[4362,866] Ball=B001 X=213,4598 Y=34,2138 Vx=-87,2080 Vy=30,4925
[4359,833] Ball=B003 X=121,4420 Y=137,6163 Vx=169,6458 Vy=-54,8445
[4354,910] Ball=B007 X=43,1949 Y=198,1850 Vx=-77,1763 Vy=55,1570
[4359,754] Ball=B004 X=68,5178 Y=249,6817 Vx=-110,5016 Vy=-62,7061
[4360,530] Ball=B002 X=255,5184 Y=219,3076 Vx=107,3755 Vy=216,4613
[4374,608] Ball=B004 X=66,8765 Y=248,7503 Vx=-110,5016 Vy=-62,7061
[4374,756] Ball=B003 X=123,9734 Y=136,7979 Vx=169,6458 Vy=-54,8445
[4375,268] Ball=B002 X=257,1008 Y=222,4978 Vx=107,3755 Vy=216,4613
[4374,518] Ball=B005 X=302,9777 Y=99,0386 Vx=-67,0738 Vy=27,3972
[4377,958] Ball=B001 X=212,1436 Y=34,6740 Vx=-87,2080 Vy=30,4925
[4374,395] Ball=B006 X=251,6451 Y=60,6624 Vx=-73,9562 Vy=25,1091
[4369,992] Ball=B007 X=42,0309 Y=199,0169 Vx=-77,1763 Vy=55,1570
[4367,443] Ball=B008 X=94,1843 Y=177,8226 Vx=33,9764 Vy=-114,4388
[4384,832] Ball=B007 X=40,8856 Y=199,8354 Vx=-77,1763 Vy=55,1570
[4389,613] Ball=B004 X=65,2185 Y=247,8095 Vx=-110,5016 Vy=-62,7061
[4392,852] Ball=B001 X=210,8449 Y=35,1281 Vx=-87,2080 Vy=30,4925
[4389,510] Ball=B005 X=301,9722 Y=99,4494 Vx=-67,0738 Vy=27,3972
[4382,262] Ball=B008 X=94,6877 Y=176,1268 Vx=33,9764 Vy=-114,4388
[4389,325] Ball=B006 X=250,5409 Y=61,0373 Vx=-73,9562 Vy=25,1091
[4389,796] Ball=B003 X=126,5250 Y=135,9731 Vx=169,6458 Vy=-54,8445
[4390,391] Ball=B002 X=258,7247 Y=225,7714 Vx=107,3755 Vy=216,4613
[4399,940] Ball=B007 X=39,7197 Y=200,6687 Vx=-77,1763 Vy=55,1570
[4397,339] Ball=B008 X=95,2000 Y=174,4014 Vx=33,9764 Vy=-114,4388
[4404,878] Ball=B003 X=129,0835 Y=135,1459 Vx=169,6458 Vy=-54,8445
[4405,395] Ball=B002 X=260,3358 Y=229,0192 Vx=107,3755 Vy=216,4613
[4404,709] Ball=B005 X=300,9527 Y=99,8658 Vx=-67,0738 Vy=27,3972
[4404,540] Ball=B006 X=249,4156 Y=61,4193 Vx=-73,9562 Vy=25,1091
[4408,069] Ball=B001 X=209,5178 Y=35,5922 Vx=-87,2080 Vy=30,4925
[4404,887] Ball=B004 X=63,5305 Y=246,8516 Vx=-110,5016 Vy=-62,7061
[4420,759] Ball=B003 X=131,7778 Y=134,2749 Vx=169,6458 Vy=-54,8445
[4415,852] Ball=B007 X=38,4917 Y=201,5464 Vx=-77,1763 Vy=55,1570
[4423,869] Ball=B001 X=208,1399 Y=36,0739 Vx=-87,2080 Vy=30,4925
[4420,319] Ball=B006 X=248,2487 Y=61,8155 Vx=-73,9562 Vy=25,1091
[4420,502] Ball=B005 X=299,8934 Y=100,2985 Vx=-67,0738 Vy=27,3972
[4420,801] Ball=B004 X=61,7720 Y=245,8537 Vx=-110,5016 Vy=-62,7061
[4413,467] Ball=B008 X=95,7480 Y=172,5556 Vx=33,9764 Vy=-114,4388
[4421,766] Ball=B002 X=262,0936 Y=232,5629 Vx=107,3755 Vy=216,4613
[4435,392] Ball=B006 X=247,1340 Y=62,1940 Vx=-73,9562 Vy=25,1091
[4435,735] Ball=B004 X=60,1218 Y=244,9172 Vx=-110,5016 Vy=-62,7061
[4438,983] Ball=B001 X=206,8218 Y=36,5348 Vx=-87,2080 Vy=30,4925
[4436,397] Ball=B002 X=263,6646 Y=235,7299 Vx=107,3755 Vy=216,4613
[4435,716] Ball=B005 X=298,8729 Y=100,7153 Vx=-67,0738 Vy=27,3972
[4431,048] Ball=B007 X=37,3189 Y=202,3845 Vx=-77,1763 Vy=55,1570
[4435,977] Ball=B003 X=134,3595 Y=133,4402 Vx=169,6458 Vy=-54,8445
[4428,450] Ball=B008 X=96,2570 Y=170,8411 Vx=33,9764 Vy=-114,4388
[4444,347] Ball=B008 X=96,7972 Y=169,0219 Vx=33,9764 Vy=-114,4388
[4451,630] Ball=B005 X=297,8055 Y=101,1513 Vx=-67,0738 Vy=27,3972
[4452,403] Ball=B002 X=265,3832 Y=239,1945 Vx=107,3755 Vy=216,4613
[4451,901] Ball=B003 X=137,0608 Y=132,5670 Vx=169,6458 Vy=-54,8445
[4451,775] Ball=B004 X=58,3493 Y=243,9114 Vx=-110,5016 Vy=-62,7061
[4446,997] Ball=B007 X=36,0879 Y=203,2643 Vx=-77,1763 Vy=55,1570
[4451,450] Ball=B006 X=245,9463 Y=62,5972 Vx=-73,9562 Vy=25,1091
[4455,024] Ball=B001 X=205,4229 Y=37,0239 Vx=-87,2080 Vy=30,4925
[4469,978] Ball=B001 X=204,1189 Y=37,4799 Vx=-87,2080 Vy=30,4925
[4461,960] Ball=B007 X=34,9332 Y=204,0896 Vx=-77,1763 Vy=55,1570
[4466,420] Ball=B006 X=244,8393 Y=62,9731 Vx=-73,9562 Vy=25,1091
[4466,758] Ball=B004 X=56,6936 Y=242,9719 Vx=-110,5016 Vy=-62,7061
[4466,984] Ball=B003 X=139,6075 Y=131,7436 Vx=169,6458 Vy=-54,8445
[4467,520] Ball=B002 X=267,0065 Y=242,4668 Vx=107,3755 Vy=216,4613
[4466,762] Ball=B005 X=296,7906 Y=101,5659 Vx=-67,0738 Vy=27,3972
[4459,489] Ball=B008 X=97,3117 Y=167,2890 Vx=33,9764 Vy=-114,4388
[4482,845] Ball=B003 X=142,3101 Y=130,8699 Vx=169,6458 Vy=-54,8445
[4482,593] Ball=B005 X=295,7288 Y=101,9996 Vx=-67,0738 Vy=27,3972
[4475,316] Ball=B008 X=97,8494 Y=165,4778 Vx=33,9764 Vy=-114,4388
[4483,409] Ball=B002 X=268,7126 Y=245,9063 Vx=107,3755 Vy=216,4613
[4486,084] Ball=B001 X=202,7206 Y=37,9688 Vx=-87,2080 Vy=30,4925
[4482,520] Ball=B006 X=243,6486 Y=63,3773 Vx=-73,9562 Vy=25,1091
[4478,077] Ball=B007 X=33,6894 Y=204,9785 Vx=-77,1763 Vy=55,1570
[4482,769] Ball=B004 X=54,9245 Y=241,9679 Vx=-110,5016 Vy=-62,7061
[4497,638] Ball=B004 X=53,2815 Y=241,0356 Vx=-110,5016 Vy=-62,7061
[4500,892] Ball=B001 X=201,4229 Y=38,4226 Vx=-87,2080 Vy=30,4925
[4492,877] Ball=B007 X=32,5472 Y=205,7948 Vx=-77,1763 Vy=55,1570
[4498,333] Ball=B002 X=270,3150 Y=249,1366 Vx=107,3755 Vy=216,4613
[4497,828] Ball=B003 X=144,8523 Y=130,0481 Vx=169,6458 Vy=-54,8445
[4490,304] Ball=B008 X=98,3586 Y=163,7626 Vx=33,9764 Vy=-114,4388
[4497,375] Ball=B006 X=242,5499 Y=63,7503 Vx=-73,9562 Vy=25,1091
[4497,756] Ball=B005 X=294,7117 Y=102,4150 Vx=-67,0738 Vy=27,3972
[4513,623] Ball=B005 X=293,6474 Y=102,8497 Vx=-67,0738 Vy=27,3972
[4506,351] Ball=B008 X=98,9038 Y=161,9262 Vx=33,9764 Vy=-114,4388
[4513,419] Ball=B006 X=241,3633 Y=64,1532 Vx=-73,9562 Vy=25,1091
[4513,896] Ball=B003 X=147,5781 Y=129,1668 Vx=169,6458 Vy=-54,8445
[4514,569] Ball=B002 X=272,0584 Y=252,6512 Vx=107,3755 Vy=216,4613
[4509,141] Ball=B007 X=31,2919 Y=206,6920 Vx=-77,1763 Vy=55,1570
[4517,214] Ball=B001 X=199,9994 Y=38,9203 Vx=-87,2080 Vy=30,4925
[4513,976] Ball=B004 X=51,4760 Y=240,0110 Vx=-110,5016 Vy=-62,7061
[4528,491] Ball=B005 X=292,6502 Y=103,2571 Vx=-67,0738 Vy=27,3972
[4529,257] Ball=B002 X=273,6355 Y=255,8305 Vx=107,3755 Vy=216,4613
[4531,860] Ball=B001 X=198,7222 Y=39,3669 Vx=-87,2080 Vy=30,4925
[4523,856] Ball=B007 X=30,1563 Y=207,5036 Vx=-77,1763 Vy=55,1570
[4528,663] Ball=B004 X=49,8531 Y=239,0901 Vx=-110,5016 Vy=-62,7061
[4528,809] Ball=B003 X=150,1079 Y=128,3490 Vx=169,6458 Vy=-54,8445
[4528,347] Ball=B006 X=240,2593 Y=64,5280 Vx=-73,9562 Vy=25,1091
[4521,293] Ball=B008 X=99,4115 Y=160,2162 Vx=33,9764 Vy=-114,4388
[4537,366] Ball=B008 X=99,9576 Y=158,3770 Vx=33,9764 Vy=-114,4388
[4544,646] Ball=B005 X=291,5667 Y=103,6996 Vx=-67,0738 Vy=27,3972
[4547,999] Ball=B001 X=197,3148 Y=39,8589 Vx=-87,2080 Vy=30,4925
[4544,908] Ball=B003 X=152,8390 Y=127,4660 Vx=169,6458 Vy=-54,8445
[4539,992] Ball=B007 X=28,9110 Y=208,3936 Vx=-77,1763 Vy=55,1570
[4544,463] Ball=B006 X=239,0675 Y=64,9327 Vx=-73,9562 Vy=25,1091
[4544,805] Ball=B004 X=48,0694 Y=238,0779 Vx=-110,5016 Vy=-62,7061
[4545,457] Ball=B002 X=275,3750 Y=259,3372 Vx=107,3755 Vy=216,4613
[4562,839] Ball=B001 X=196,0206 Y=40,3115 Vx=-87,2080 Vy=30,4925
[4554,818] Ball=B007 X=27,7668 Y=209,2113 Vx=-77,1763 Vy=55,1570
[4559,279] Ball=B006 X=237,9718 Y=65,3047 Vx=-73,9562 Vy=25,1091
[4559,505] Ball=B005 X=290,5700 Y=104,1068 Vx=-67,0738 Vy=27,3972
[4559,784] Ball=B003 X=155,3628 Y=126,6501 Vx=169,6458 Vy=-54,8445
[4560,291] Ball=B002 X=276,9678 Y=262,5481 Vx=107,3755 Vy=216,4613
[4559,649] Ball=B004 X=46,4290 Y=237,1470 Vx=-110,5016 Vy=-62,7061
[4552,258] Ball=B008 X=100,4636 Y=156,6726 Vx=33,9764 Vy=-114,4388
[4574,743] Ball=B004 X=44,7613 Y=236,2007 Vx=-110,5016 Vy=-62,7061
[4575,397] Ball=B002 X=278,5897 Y=265,8178 Vx=107,3755 Vy=216,4613
[4574,894] Ball=B003 X=157,9262 Y=125,8214 Vx=169,6458 Vy=-54,8445
[4567,377] Ball=B008 X=100,9773 Y=154,9424 Vx=33,9764 Vy=-114,4388
[4574,667] Ball=B005 X=289,5529 Y=104,5222 Vx=-67,0738 Vy=27,3972
[4578,020] Ball=B001 X=194,6966 Y=40,7744 Vx=-87,2080 Vy=30,4925
[4569,999] Ball=B007 X=26,5951 Y=210,0487 Vx=-77,1763 Vy=55,1570
[4574,462] Ball=B006 X=236,8488 Y=65,6859 Vx=-73,9562 Vy=25,1091
[4589,491] Ball=B005 X=288,5587 Y=104,9283 Vx=-67,0738 Vy=27,3972
[4592,846] Ball=B001 X=193,4037 Y=41,2265 Vx=-87,2080 Vy=30,4925
[4589,761] Ball=B003 X=160,4483 Y=125,0061 Vx=169,6458 Vy=-54,8445
[4590,274] Ball=B002 X=280,1873 Y=269,0384 Vx=107,3755 Vy=216,4613
[4584,929] Ball=B007 X=25,4430 Y=210,8721 Vx=-77,1763 Vy=55,1570
[4589,719] Ball=B004 X=43,1063 Y=235,2615 Vx=-110,5016 Vy=-62,7061
[4582,328] Ball=B008 X=101,4853 Y=153,2314 Vx=33,9764 Vy=-114,4388
[4589,464] Ball=B006 X=235,7394 Y=66,0626 Vx=-73,9562 Vy=25,1091
[4606,197] Ball=B002 X=281,8969 Y=272,4848 Vx=107,3755 Vy=216,4613
[4605,700] Ball=B003 X=163,1522 Y=124,1319 Vx=169,6458 Vy=-54,8445
[4598,175] Ball=B008 X=102,0237 Y=151,4179 Vx=33,9764 Vy=-114,4388
[4605,574] Ball=B004 X=41,3543 Y=234,2673 Vx=-110,5016 Vy=-62,7061
[4608,895] Ball=B001 X=192,0041 Y=41,7158 Vx=-87,2080 Vy=30,4925
[4600,939] Ball=B007 X=24,2073 Y=211,7552 Vx=-77,1763 Vy=55,1570
[4605,605] Ball=B005 X=287,4778 Y=105,3698 Vx=-67,0738 Vy=27,3972
[4605,437] Ball=B006 X=234,5581 Y=66,4637 Vx=-73,9562 Vy=25,1091
[4620,495] Ball=B005 X=286,4791 Y=105,7777 Vx=-67,0738 Vy=27,3972
[4623,856] Ball=B001 X=190,6994 Y=42,1720 Vx=-87,2080 Vy=30,4925
[4615,840] Ball=B007 X=23,0573 Y=212,5771 Vx=-77,1763 Vy=55,1570
[4620,306] Ball=B006 X=233,4584 Y=66,8370 Vx=-73,9562 Vy=25,1091
[4621,287] Ball=B002 X=283,5173 Y=275,7515 Vx=107,3755 Vy=216,4613
[4620,647] Ball=B004 X=39,6886 Y=233,3221 Vx=-110,5016 Vy=-62,7061
[4613,329] Ball=B008 X=102,5386 Y=149,6837 Vx=33,9764 Vy=-114,4388
[4620,869] Ball=B003 X=165,7255 Y=123,3000 Vx=169,6458 Vy=-54,8445
[4636,703] Ball=B003 X=168,4116 Y=122,4316 Vx=169,6458 Vy=-54,8445
[4636,571] Ball=B004 X=39,1730 Y=233,8752 Vx=-60,1018 Vy=0,1597
[4636,245] Ball=B006 X=232,2796 Y=67,2372 Vx=-73,9562 Vy=25,1091
[4629,192] Ball=B008 X=103,0775 Y=147,8684 Vx=33,9764 Vy=-114,4388
[4637,239] Ball=B002 X=285,2301 Y=279,2044 Vx=107,3755 Vy=216,4613
[4636,547] Ball=B005 X=285,4024 Y=106,2175 Vx=-67,0738 Vy=27,3972
[4631,876] Ball=B007 X=19,9234 Y=211,0964 Vx=-167,8960 Vy=-58,0014
[4639,981] Ball=B001 X=189,2931 Y=42,6638 Vx=-87,2080 Vy=30,4925
[4652,383] Ball=B002 X=286,8562 Y=282,4824 Vx=107,3755 Vy=216,4613
[4646,954] Ball=B007 X=17,3920 Y=210,2219 Vx=-167,8960 Vy=-58,0014
[4644,352] Ball=B008 X=103,5926 Y=146,1334 Vx=33,9764 Vy=-114,4388
[4651,891] Ball=B003 X=170,9883 Y=121,5986 Vx=169,6458 Vy=-54,8445
[4651,767] Ball=B004 X=38,2597 Y=233,8777 Vx=-60,1018 Vy=0,1597
[4655,014] Ball=B001 X=187,9822 Y=43,1221 Vx=-87,2080 Vy=30,4925
[4651,670] Ball=B005 X=284,3881 Y=106,6318 Vx=-67,0738 Vy=27,3972
[4651,453] Ball=B006 X=231,1549 Y=67,6191 Vx=-73,9562 Vy=25,1091
[4667,239] Ball=B002 X=288,4513 Y=285,6981 Vx=107,3755 Vy=216,4613
[4666,602] Ball=B004 X=37,3681 Y=233,8800 Vx=-60,1018 Vy=0,1597
[4666,432] Ball=B006 X=230,0471 Y=67,9952 Vx=-73,9562 Vy=25,1091
[4661,986] Ball=B007 X=14,8682 Y=209,3500 Vx=-167,8960 Vy=-58,0014
[4670,011] Ball=B001 X=186,6743 Y=43,5794 Vx=-87,2080 Vy=30,4925
[4659,383] Ball=B008 X=104,1033 Y=144,4134 Vx=33,9764 Vy=-114,4388
[4666,992] Ball=B003 X=173,5501 Y=120,7704 Vx=169,6458 Vy=-54,8445
[4666,923] Ball=B005 X=283,3650 Y=107,0497 Vx=-67,0738 Vy=27,3972
[4681,271] Ball=B006 X=228,9497 Y=68,3678 Vx=-73,9562 Vy=25,1091
[4681,503] Ball=B005 X=282,3871 Y=107,4491 Vx=-67,0738 Vy=27,3972
[4684,858] Ball=B001 X=185,3795 Y=44,0322 Vx=-87,2080 Vy=30,4925
[4681,771] Ball=B003 X=176,0573 Y=119,9598 Vx=169,6458 Vy=-54,8445
[4682,364] Ball=B002 X=290,0754 Y=288,9722 Vx=107,3755 Vy=216,4613
[4674,333] Ball=B008 X=104,6112 Y=142,7026 Vx=33,9764 Vy=-114,4388
[4681,740] Ball=B004 X=36,4583 Y=233,8824 Vx=-60,1018 Vy=0,1597
[4677,097] Ball=B007 X=12,3310 Y=208,4735 Vx=-167,8960 Vy=-58,0014
[4690,209] Ball=B008 X=105,1506 Y=140,8858 Vx=33,9764 Vy=-114,4388
[4700,844] Ball=B001 X=183,9855 Y=44,5196 Vx=-87,2080 Vy=30,4925
[4692,835] Ball=B007 X=9,6887 Y=207,5607 Vx=-167,8960 Vy=-58,0014
[4697,511] Ball=B005 X=281,3134 Y=107,8877 Vx=-67,0738 Vy=27,3972
[4697,712] Ball=B004 X=35,4983 Y=233,8850 Vx=-60,1018 Vy=0,1597
[4698,361] Ball=B002 X=291,7932 Y=292,4351 Vx=107,3755 Vy=216,4613
[4697,859] Ball=B003 X=178,7866 Y=119,0775 Vx=169,6458 Vy=-54,8445
[4697,397] Ball=B006 X=227,7570 Y=68,7727 Vx=-73,9562 Vy=25,1091
[4713,742] Ball=B003 X=181,4809 Y=118,2065 Vx=169,6458 Vy=-54,8445
[4713,494] Ball=B005 X=280,2414 Y=108,3256 Vx=-67,0738 Vy=27,3972
[4708,836] Ball=B007 X=7,0022 Y=206,6326 Vx=-167,8960 Vy=-58,0014
[4713,299] Ball=B006 X=226,5810 Y=69,1720 Vx=-73,9562 Vy=25,1091
[4713,643] Ball=B004 X=34,5409 Y=233,8875 Vx=-60,1018 Vy=0,1597
[4706,315] Ball=B008 X=105,6979 Y=139,0425 Vx=33,9764 Vy=-114,4388
[4714,295] Ball=B002 X=293,5040 Y=295,8840 Vx=107,3755 Vy=216,4613
[4716,971] Ball=B001 X=182,5790 Y=45,0114 Vx=-87,2080 Vy=30,4925
[4722,179] Ball=B008 X=106,2369 Y=137,2272 Vx=33,9764 Vy=-114,4388
[4729,573] Ball=B004 X=33,5835 Y=233,8901 Vx=-60,1018 Vy=0,1597
[4729,249] Ball=B006 X=225,4014 Y=69,5725 Vx=-73,9562 Vy=25,1091
[4730,231] Ball=B002 X=295,2152 Y=299,3336 Vx=107,3755 Vy=216,4613
[4732,929] Ball=B001 X=181,1874 Y=45,4980 Vx=-87,2080 Vy=30,4925
[4724,906] Ball=B007 X=4,3041 Y=205,7005 Vx=-167,8960 Vy=-58,0014
[4729,830] Ball=B003 X=184,2103 Y=117,3241 Vx=169,6458 Vy=-54,8445
[4729,625] Ball=B005 X=279,1593 Y=108,7676 Vx=-67,0738 Vy=27,3972
[4745,536] Ball=B005 X=278,0921 Y=109,2035 Vx=-67,0738 Vy=27,3972
[4748,895] Ball=B001 X=179,7951 Y=45,9848 Vx=-87,2080 Vy=30,4925
[4740,882] Ball=B007 X=1,6218 Y=204,7739 Vx=-167,8960 Vy=-58,0014
[4745,814] Ball=B003 X=186,9219 Y=116,4475 Vx=169,6458 Vy=-54,8445
[4745,731] Ball=B004 X=32,6123 Y=233,8927 Vx=-60,1018 Vy=0,1597
[4738,400] Ball=B008 X=106,7880 Y=135,3707 Vx=33,9764 Vy=-114,4388
[4745,451] Ball=B006 X=224,2032 Y=69,9793 Vx=-73,9562 Vy=25,1091
[4746,504] Ball=B002 X=296,9625 Y=302,8560 Vx=107,3755 Vy=216,4613
[4761,464] Ball=B005 X=277,0238 Y=109,6399 Vx=-67,0738 Vy=27,3972
[4761,244] Ball=B006 X=223,0352 Y=70,3758 Vx=-73,9562 Vy=25,1091
[4761,577] Ball=B004 X=31,6600 Y=233,8952 Vx=-60,1018 Vy=0,1597
[4761,727] Ball=B003 X=189,6216 Y=115,5747 Vx=169,6458 Vy=-54,8445
[4754,209] Ball=B008 X=107,3252 Y=133,5616 Vx=33,9764 Vy=-114,4388
[4762,252] Ball=B002 X=298,6535 Y=306,2649 Vx=107,3755 Vy=216,4613
[4764,930] Ball=B001 X=178,3966 Y=46,4737 Vx=-87,2080 Vy=30,4925
[4756,904] Ball=B007 X=-1,0682 Y=203,8446 Vx=-167,8960 Vy=-58,0014
[4769,160] Ball=B008 X=107,8331 Y=131,8506 Vx=33,9764 Vy=-114,4388
[4771,773] Ball=B007 X=2,4964 Y=202,9822 Vx=167,8960 Vy=-58,0014
[4779,810] Ball=B001 X=177,0990 Y=46,9275 Vx=-87,2080 Vy=30,4925
[4777,222] Ball=B002 X=300,2609 Y=309,5053 Vx=107,3755 Vy=216,4613
[4776,479] Ball=B005 X=276,0167 Y=110,0512 Vx=-67,0738 Vy=27,3972
[4776,255] Ball=B006 X=221,9250 Y=70,7528 Vx=-73,9562 Vy=25,1091
[4776,662] Ball=B004 X=30,7534 Y=233,8976 Vx=-60,1018 Vy=0,1597
[4776,804] Ball=B003 X=192,1792 Y=114,7478 Vx=169,6458 Vy=-54,8445
[4786,787] Ball=B007 X=5,0172 Y=202,1114 Vx=167,8960 Vy=-58,0014
[4791,570] Ball=B004 X=29,8574 Y=233,9000 Vx=-60,1018 Vy=0,1597
[4792,220] Ball=B002 X=301,8713 Y=312,7517 Vx=107,3755 Vy=216,4613
[4791,726] Ball=B003 X=194,7107 Y=113,9294 Vx=169,6458 Vy=-54,8445
[4794,926] Ball=B001 X=175,7807 Y=47,3884 Vx=-87,2080 Vy=30,4925
[4784,299] Ball=B008 X=108,3475 Y=130,1181 Vx=33,9764 Vy=-114,4388
[4791,400] Ball=B006 X=220,8050 Y=71,1330 Vx=-73,9562 Vy=25,1091
[4791,575] Ball=B005 X=275,0041 Y=110,4648 Vx=-67,0738 Vy=27,3972
[4807,449] Ball=B005 X=273,9394 Y=110,8997 Vx=-67,0738 Vy=27,3972
[4807,235] Ball=B006 X=219,6342 Y=71,5305 Vx=-73,9562 Vy=25,1091
[4800,174] Ball=B008 X=108,8869 Y=128,3014 Vx=33,9764 Vy=-114,4388
[4807,711] Ball=B003 X=197,4225 Y=113,0527 Vx=169,6458 Vy=-54,8445
[4808,228] Ball=B002 X=303,5902 Y=316,2170 Vx=107,3755 Vy=216,4613
[4802,808] Ball=B007 X=7,7071 Y=201,1821 Vx=167,8960 Vy=-58,0014
[4810,897] Ball=B001 X=174,3879 Y=47,8754 Vx=-87,2080 Vy=30,4925
[4807,780] Ball=B004 X=28,8830 Y=233,9026 Vx=-60,1018 Vy=0,1597
[4822,249] Ball=B006 X=218,5236 Y=71,9076 Vx=-73,9562 Vy=25,1091
[4822,719] Ball=B003 X=199,9684 Y=112,2297 Vx=169,6458 Vy=-54,8445
[4825,829] Ball=B001 X=173,0858 Y=48,3307 Vx=-87,2080 Vy=30,4925
[4823,243] Ball=B002 X=305,2024 Y=319,4670 Vx=107,3755 Vy=216,4613
[4822,605] Ball=B004 X=27,9920 Y=233,9049 Vx=-60,1018 Vy=0,1597
[4822,499] Ball=B005 X=272,9299 Y=111,3121 Vx=-67,0738 Vy=27,3972
[4817,833] Ball=B007 X=10,2298 Y=200,3107 Vx=167,8960 Vy=-58,0014
[4815,227] Ball=B008 X=109,3983 Y=126,5788 Vx=33,9764 Vy=-114,4388
[4833,778] Ball=B007 X=12,9068 Y=199,3858 Vx=167,8960 Vy=-58,0014
[4839,215] Ball=B002 X=306,9174 Y=322,9244 Vx=107,3755 Vy=216,4613
[4841,805] Ball=B001 X=171,6925 Y=48,8179 Vx=-87,2080 Vy=30,4925
[4831,274] Ball=B008 X=109,9436 Y=124,7424 Vx=33,9764 Vy=-114,4388
[4838,671] Ball=B004 X=27,0265 Y=233,9075 Vx=-60,1018 Vy=0,1597
[4838,347] Ball=B006 X=217,3329 Y=72,3118 Vx=-73,9562 Vy=25,1091
[4838,663] Ball=B005 X=271,8458 Y=111,7549 Vx=-67,0738 Vy=27,3972
[4838,718] Ball=B003 X=202,6826 Y=111,3522 Vx=169,6458 Vy=-54,8445
[4854,354] Ball=B002 X=308,5429 Y=326,2013 Vx=107,3755 Vy=216,4613
[4853,398] Ball=B006 X=216,2198 Y=72,6897 Vx=-73,9562 Vy=25,1091
[4846,347] Ball=B008 X=110,4557 Y=123,0175 Vx=33,9764 Vy=-114,4388
[4848,960] Ball=B007 X=15,4559 Y=198,5052 Vx=167,8960 Vy=-58,0014
[4853,730] Ball=B005 X=270,8375 Y=112,1667 Vx=-67,0738 Vy=27,3972
[4857,092] Ball=B001 X=170,3594 Y=49,2840 Vx=-87,2080 Vy=30,4925
[4853,991] Ball=B003 X=205,2736 Y=110,5145 Vx=169,6458 Vy=-54,8445
[4853,803] Ball=B004 X=26,1170 Y=233,9099 Vx=-60,1018 Vy=0,1597
[4868,875] Ball=B003 X=207,7988 Y=109,6982 Vx=169,6458 Vy=-54,8445
[4871,987] Ball=B001 X=169,0604 Y=49,7382 Vx=-87,2080 Vy=30,4925
[4868,753] Ball=B004 X=25,2184 Y=233,9123 Vx=-60,1018 Vy=0,1597
[4868,430] Ball=B006 X=215,1081 Y=73,0672 Vx=-73,9562 Vy=25,1091
[4864,042] Ball=B007 X=17,9880 Y=197,6305 Vx=167,8960 Vy=-58,0014
[4868,714] Ball=B005 X=269,8301 Y=112,5782 Vx=-67,0738 Vy=27,3972
[4861,507] Ball=B008 X=110,9708 Y=121,2826 Vx=33,9764 Vy=-114,4388
[4869,550] Ball=B002 X=310,1746 Y=329,4907 Vx=107,3755 Vy=216,4613
[4885,391] Ball=B002 X=311,8755 Y=332,9195 Vx=107,3755 Vy=216,4613
[4879,969] Ball=B007 X=20,6620 Y=196,7067 Vx=167,8960 Vy=-58,0014
[4884,650] Ball=B005 X=268,7613 Y=113,0148 Vx=-67,0738 Vy=27,3972
[4877,381] Ball=B008 X=111,5101 Y=119,4660 Vx=33,9764 Vy=-114,4388
[4888,027] Ball=B001 X=167,6615 Y=50,2273 Vx=-87,2080 Vy=30,4925
[4884,927] Ball=B003 X=210,5219 Y=108,8178 Vx=169,6458 Vy=-54,8445
[4884,784] Ball=B004 X=24,2549 Y=233,9149 Vx=-60,1018 Vy=0,1597
[4884,458] Ball=B006 X=213,9227 Y=73,4697 Vx=-73,9562 Vy=25,1091
[4900,647] Ball=B004 X=23,3016 Y=233,9174 Vx=-60,1018 Vy=0,1597
[4893,299] Ball=B008 X=112,0510 Y=117,6443 Vx=33,9764 Vy=-114,4388
[4903,938] Ball=B001 X=166,2740 Y=50,7125 Vx=-87,2080 Vy=30,4925
[4900,916] Ball=B003 X=213,2344 Y=107,9409 Vx=169,6458 Vy=-54,8445
[4896,003] Ball=B007 X=23,3541 Y=195,7767 Vx=167,8960 Vy=-58,0014
[4900,457] Ball=B006 X=212,7395 Y=73,8714 Vx=-73,9562 Vy=25,1091
[4901,435] Ball=B002 X=313,5983 Y=336,3925 Vx=107,3755 Vy=216,4613
[4900,671] Ball=B005 X=267,6867 Y=113,4537 Vx=-67,0738 Vy=27,3972
[4916,273] Ball=B002 X=315,1914 Y=339,6041 Vx=107,3755 Vy=216,4613
[4915,316] Ball=B006 X=211,6407 Y=74,2444 Vx=-73,9562 Vy=25,1091
[4918,904] Ball=B001 X=164,9689 Y=51,1688 Vx=-87,2080 Vy=30,4925
[4910,879] Ball=B007 X=25,8515 Y=194,9140 Vx=167,8960 Vy=-58,0014
[4915,561] Ball=B005 X=266,6879 Y=113,8617 Vx=-67,0738 Vy=27,3972
[4915,822] Ball=B003 X=215,7631 Y=107,1234 Vx=169,6458 Vy=-54,8445
[4915,874] Ball=B004 X=22,3864 Y=233,9198 Vx=-60,1018 Vy=0,1597
[4908,565] Ball=B008 X=112,5696 Y=115,8973 Vx=33,9764 Vy=-114,4388
[4931,887] Ball=B003 X=218,4885 Y=106,2423 Vx=169,6458 Vy=-54,8445
[4931,413] Ball=B006 X=210,4502 Y=74,6486 Vx=-73,9562 Vy=25,1091
[4924,352] Ball=B008 X=113,1060 Y=114,0907 Vx=33,9764 Vy=-114,4388
[4931,650] Ball=B005 X=265,6088 Y=114,3025 Vx=-67,0738 Vy=27,3972
[4935,009] Ball=B001 X=163,5644 Y=51,6599 Vx=-87,2080 Vy=30,4925
[4931,781] Ball=B004 X=21,4304 Y=233,9224 Vx=-60,1018 Vy=0,1597
[4927,000] Ball=B007 X=28,5585 Y=193,9788 Vx=167,8960 Vy=-58,0014
[4932,429] Ball=B002 X=316,9264 Y=343,1018 Vx=107,3755 Vy=216,4613
[4950,944] Ball=B001 X=162,1748 Y=52,1458 Vx=-87,2080 Vy=30,4925
[4947,624] Ball=B005 X=264,5373 Y=114,7401 Vx=-67,0738 Vy=27,3972
[4947,747] Ball=B004 X=20,4709 Y=233,9249 Vx=-60,1018 Vy=0,1597
[4947,910] Ball=B003 X=221,2066 Y=105,3636 Vx=169,6458 Vy=-54,8445
[4948,410] Ball=B002 X=318,6422 Y=346,5608 Vx=107,3755 Vy=216,4613
[4940,372] Ball=B008 X=113,6503 Y=112,2574 Vx=33,9764 Vy=-114,4388
[4942,979] Ball=B007 X=31,2411 Y=193,0521 Vx=167,8960 Vy=-58,0014
[4947,587] Ball=B006 X=209,2554 Y=75,0543 Vx=-73,9562 Vy=25,1091
[4956,907] Ball=B008 X=114,2121 Y=110,3651 Vx=33,9764 Vy=-114,4388
[4964,953] Ball=B002 X=320,4185 Y=350,1417 Vx=107,3755 Vy=216,4613
[4964,461] Ball=B003 X=224,0143 Y=104,4559 Vx=169,6458 Vy=-54,8445
[4964,222] Ball=B005 X=263,4240 Y=115,1949 Vx=-67,0738 Vy=27,3972
[4967,643] Ball=B001 X=160,7184 Y=52,6550 Vx=-87,2080 Vy=30,4925
[4959,552] Ball=B007 X=34,0239 Y=192,0907 Vx=167,8960 Vy=-58,0014
[4964,333] Ball=B004 X=19,4739 Y=233,9276 Vx=-60,1018 Vy=0,1597
[4964,228] Ball=B006 X=208,0233 Y=75,4726 Vx=-73,9562 Vy=25,1091
[4983,575] Ball=B001 X=159,3291 Y=53,1408 Vx=-87,2080 Vy=30,4925
[4975,557] Ball=B007 X=36,7108 Y=191,1625 Vx=167,8960 Vy=-58,0014
[4980,488] Ball=B003 X=226,7333 Y=103,5769 Vx=169,6458 Vy=-54,8445
[4980,024] Ball=B006 X=206,8551 Y=75,8692 Vx=-73,9562 Vy=25,1091
[4972,967] Ball=B008 X=114,7578 Y=108,5272 Vx=33,9764 Vy=-114,4388
[4980,376] Ball=B004 X=18,5097 Y=233,9301 Vx=-60,1018 Vy=0,1597
[4981,035] Ball=B002 X=322,1454 Y=353,6230 Vx=107,3755 Vy=216,4613
[4980,362] Ball=B005 X=262,3415 Y=115,6371 Vx=-67,0738 Vy=27,3972
[4988,914] Ball=B008 X=115,2996 Y=106,7023 Vx=33,9764 Vy=-114,4388
[4996,310] Ball=B004 X=17,5521 Y=233,9327 Vx=-60,1018 Vy=0,1597
[4996,212] Ball=B005 X=261,2784 Y=116,0713 Vx=-67,0738 Vy=27,3972
[4996,001] Ball=B006 X=205,6735 Y=76,2704 Vx=-73,9562 Vy=25,1091
[4996,986] Ball=B002 X=323,8582 Y=357,0757 Vx=107,3755 Vy=216,4613
[4996,551] Ball=B003 X=229,4584 Y=102,6959 Vx=169,6458 Vy=-54,8445
[4999,693] Ball=B001 X=157,9234 Y=53,6323 Vx=-87,2080 Vy=30,4925
[4991,676] Ball=B007 X=39,4174 Y=190,2275 Vx=167,8960 Vy=-58,0014
[5011,848] Ball=B003 X=232,0533 Y=101,8570 Vx=169,6458 Vy=-54,8445
[5011,422] Ball=B006 X=204,5330 Y=76,6576 Vx=-73,9562 Vy=25,1091
[5006,972] Ball=B007 X=41,9853 Y=189,3404 Vx=167,8960 Vy=-58,0014
[5004,376] Ball=B008 X=115,8250 Y=104,9328 Vx=33,9764 Vy=-114,4388
[5011,663] Ball=B005 X=260,2420 Y=116,4946 Vx=-67,0738 Vy=27,3972
[5012,421] Ball=B002 X=325,5155 Y=360,4167 Vx=107,3755 Vy=216,4613
[5015,016] Ball=B001 X=156,5871 Y=54,0995 Vx=-87,2080 Vy=30,4925
[5011,846] Ball=B004 X=16,6183 Y=233,9351 Vx=-60,1018 Vy=0,1597
[5030,164] Ball=B001 X=155,2661 Y=54,5614 Vx=-87,2080 Vy=30,4925
[5022,137] Ball=B007 X=44,5315 Y=188,4608 Vx=167,8960 Vy=-58,0014
[5026,815] Ball=B005 X=259,2257 Y=116,9098 Vx=-67,0738 Vy=27,3972
[5026,633] Ball=B006 X=203,4080 Y=77,0395 Vx=-73,9562 Vy=25,1091
[5027,612] Ball=B002 X=327,1466 Y=363,7051 Vx=107,3755 Vy=216,4613
[5026,967] Ball=B004 X=15,7095 Y=233,9376 Vx=-60,1018 Vy=0,1597
[5027,114] Ball=B003 X=234,6433 Y=101,0197 Vx=169,6458 Vy=-54,8445
[5019,593] Ball=B008 X=116,3420 Y=103,1914 Vx=33,9764 Vy=-114,4388
[5043,079] Ball=B003 X=237,3515 Y=100,1441 Vx=169,6458 Vy=-54,8445
[5035,547] Ball=B008 X=116,8840 Y=101,3657 Vx=33,9764 Vy=-114,4388
[5042,942] Ball=B004 X=14,7494 Y=233,9401 Vx=-60,1018 Vy=0,1597
[5043,600] Ball=B002 X=328,8633 Y=367,1658 Vx=107,3755 Vy=216,4613
[5042,629] Ball=B006 X=202,2250 Y=77,4412 Vx=-73,9562 Vy=25,1091
[5046,206] Ball=B001 X=153,8671 Y=55,0506 Vx=-87,2080 Vy=30,4925
[5042,922] Ball=B005 X=258,1453 Y=117,3510 Vx=-67,0738 Vy=27,3972
[5038,199] Ball=B007 X=47,2283 Y=187,5291 Vx=167,8960 Vy=-58,0014
[5058,965] Ball=B003 X=240,0465 Y=99,2729 Vx=169,6458 Vy=-54,8445
[5062,068] Ball=B001 X=152,4838 Y=55,5342 Vx=-87,2080 Vy=30,4925
[5054,056] Ball=B007 X=49,8906 Y=186,6094 Vx=167,8960 Vy=-58,0014
[5059,492] Ball=B002 X=330,5698 Y=370,6058 Vx=107,3755 Vy=216,4613
[5058,742] Ball=B005 X=257,0842 Y=117,7845 Vx=-67,0738 Vy=27,3972
[5051,469] Ball=B008 X=117,4250 Y=99,5436 Vx=33,9764 Vy=-114,4388
[5058,544] Ball=B006 X=201,0480 Y=77,8408 Vx=-73,9562 Vy=25,1091
[5058,873] Ball=B004 X=13,7919 Y=233,9427 Vx=-60,1018 Vy=0,1597
[5073,746] Ball=B005 X=256,0779 Y=118,1955 Vx=-67,0738 Vy=27,3972
[5066,591] Ball=B008 X=117,9388 Y=97,8131 Vx=33,9764 Vy=-114,4388
[5073,989] Ball=B004 X=12,8834 Y=233,9451 Vx=-60,1018 Vy=0,1597
[5074,131] Ball=B003 X=242,6195 Y=98,4411 Vx=169,6458 Vy=-54,8445
[5069,271] Ball=B007 X=52,4452 Y=185,7269 Vx=167,8960 Vy=-58,0014
[5077,301] Ball=B001 X=151,1554 Y=55,9987 Vx=-87,2080 Vy=30,4925
[5073,735] Ball=B006 X=199,9245 Y=78,2222 Vx=-73,9562 Vy=25,1091
[5074,645] Ball=B002 X=332,1969 Y=373,8859 Vx=107,3755 Vy=216,4613
[5093,068] Ball=B001 X=149,7805 Y=56,4795 Vx=-87,2080 Vy=30,4925
[5089,973] Ball=B003 X=245,3070 Y=97,5722 Vx=169,6458 Vy=-54,8445
[5089,841] Ball=B004 X=11,9307 Y=233,9476 Vx=-60,1018 Vy=0,1597
[5089,517] Ball=B006 X=198,7573 Y=78,6185 Vx=-73,9562 Vy=25,1091
[5090,505] Ball=B002 X=333,8998 Y=377,3190 Vx=107,3755 Vy=216,4613
[5085,087] Ball=B007 X=55,1006 Y=184,8096 Vx=167,8960 Vy=-58,0014
[5089,763] Ball=B005 X=255,0035 Y=118,6344 Vx=-67,0738 Vy=27,3972
[5082,579] Ball=B008 X=118,4820 Y=95,9833 Vx=33,9764 Vy=-114,4388
[5104,486] Ball=B006 X=197,6503 Y=78,9944 Vx=-73,9562 Vy=25,1091
[5104,703] Ball=B005 X=254,0015 Y=119,0436 Vx=-67,0738 Vy=27,3972
[5104,827] Ball=B004 X=11,0300 Y=233,9500 Vx=-60,1018 Vy=0,1597
[5104,974] Ball=B003 X=247,8519 Y=96,7495 Vx=169,6458 Vy=-54,8445
[5097,594] Ball=B008 X=118,9922 Y=94,2650 Vx=33,9764 Vy=-114,4388
[5105,703] Ball=B002 X=335,5317 Y=372,7104 Vx=107,3755 Vy=-216,4613
[5100,277] Ball=B007 X=57,6509 Y=183,9285 Vx=167,8960 Vy=-58,0014
[5108,388] Ball=B001 X=148,4443 Y=56,9467 Vx=-87,2080 Vy=30,4925
[5119,564] Ball=B006 X=196,5353 Y=79,3729 Vx=-73,9562 Vy=25,1091
[5123,158] Ball=B001 X=147,1563 Y=57,3970 Vx=-87,2080 Vy=30,4925
[5119,923] Ball=B004 X=10,1227 Y=233,9524 Vx=-60,1018 Vy=0,1597
[5112,550] Ball=B008 X=119,5003 Y=92,5535 Vx=33,9764 Vy=-114,4388
[5120,598] Ball=B002 X=337,1311 Y=369,4860 Vx=107,3755 Vy=-216,4613
[5120,181] Ball=B003 X=250,4316 Y=95,9155 Vx=169,6458 Vy=-54,8445
[5119,936] Ball=B005 X=252,9798 Y=119,4610 Vx=-67,0738 Vy=27,3972
[5115,421] Ball=B007 X=60,1935 Y=183,0502 Vx=167,8960 Vy=-58,0014
[5135,929] Ball=B003 X=253,1031 Y=95,0518 Vx=169,6458 Vy=-54,8445
[5139,140] Ball=B001 X=145,7625 Y=57,8844 Vx=-87,2080 Vy=30,4925
[5135,612] Ball=B006 X=195,3484 Y=79,7759 Vx=-73,9562 Vy=25,1091
[5135,892] Ball=B005 X=251,9095 Y=119,8982 Vx=-67,0738 Vy=27,3972
[5128,617] Ball=B008 X=120,0462 Y=90,7148 Vx=33,9764 Vy=-114,4388
[5136,473] Ball=B002 X=338,8357 Y=366,0497 Vx=107,3755 Vy=-216,4613
[5136,046] Ball=B004 X=9,1666 Y=233,9549 Vx=-60,1018 Vy=0,1597
[5131,368] Ball=B007 X=62,8711 Y=182,1252 Vx=167,8960 Vy=-58,0014
[5151,531] Ball=B004 X=8,2231 Y=233,9574 Vx=-60,1018 Vy=0,1597
[5152,179] Ball=B002 X=340,5221 Y=362,6501 Vx=107,3755 Vy=-216,4613
[5146,758] Ball=B007 X=65,4550 Y=181,2325 Vx=167,8960 Vy=-58,0014
[5144,154] Ball=B008 X=120,5741 Y=88,9367 Vx=33,9764 Vy=-114,4388
[5154,803] Ball=B001 X=144,3965 Y=58,3620 Vx=-87,2080 Vy=30,4925
[5151,231] Ball=B006 X=194,1933 Y=80,1681 Vx=-73,9562 Vy=25,1091
[5151,711] Ball=B003 X=255,7807 Y=94,1862 Vx=169,6458 Vy=-54,8445
[5151,527] Ball=B005 X=250,8608 Y=120,3265 Vx=-67,0738 Vy=27,3972
[5166,211] Ball=B006 X=193,0854 Y=80,5442 Vx=-73,9562 Vy=25,1091
[5159,156] Ball=B008 X=121,0838 Y=87,2200 Vx=33,9764 Vy=-114,4388
[5166,703] Ball=B003 X=258,3239 Y=93,3640 Vx=169,6458 Vy=-54,8445
[5166,452] Ball=B005 X=249,8597 Y=120,7354 Vx=-67,0738 Vy=27,3972
[5169,815] Ball=B001 X=143,0874 Y=58,8197 Vx=-87,2080 Vy=30,4925
[5166,578] Ball=B004 X=7,3186 Y=233,9598 Vx=-60,1018 Vy=0,1597
[5167,235] Ball=B002 X=342,1387 Y=359,3910 Vx=107,3755 Vy=-216,4613
[5161,879] Ball=B007 X=67,9937 Y=180,3555 Vx=167,8960 Vy=-58,0014
[5182,583] Ball=B003 X=261,0177 Y=92,4931 Vx=169,6458 Vy=-54,8445
[5177,693] Ball=B007 X=70,6487 Y=179,4383 Vx=167,8960 Vy=-58,0014
[5185,725] Ball=B001 X=141,6999 Y=59,3049 Vx=-87,2080 Vy=30,4925
[5183,217] Ball=B002 X=343,8549 Y=355,9314 Vx=107,3755 Vy=-216,4613
[5182,462] Ball=B005 X=248,7859 Y=121,1740 Vx=-67,0738 Vy=27,3972
[5182,256] Ball=B006 X=191,8987 Y=80,9471 Vx=-73,9562 Vy=25,1091
[5175,200] Ball=B008 X=121,6289 Y=85,3839 Vx=33,9764 Vy=-114,4388
[5182,592] Ball=B004 X=6,3561 Y=233,9624 Vx=-60,1018 Vy=0,1597
[5197,193] Ball=B006 X=190,7945 Y=81,3220 Vx=-73,9562 Vy=25,1091
[5190,152] Ball=B008 X=122,1370 Y=83,6728 Vx=33,9764 Vy=-114,4388
[5197,552] Ball=B004 X=5,4571 Y=233,9648 Vx=-60,1018 Vy=0,1597
[5197,522] Ball=B005 X=247,7757 Y=121,5866 Vx=-67,0738 Vy=27,3972
[5200,883] Ball=B001 X=142,0694 Y=57,6603 Vx=8,8675 Vy=-89,1804
[5198,293] Ball=B002 X=345,4737 Y=352,6680 Vx=107,3755 Vy=-216,4613
[5192,866] Ball=B007 X=73,1963 Y=178,5582 Vx=167,8960 Vy=-58,0014
[5197,975] Ball=B003 X=263,6292 Y=91,6489 Vx=169,6458 Vy=-54,8445
[5214,107] Ball=B002 X=347,1715 Y=349,2454 Vx=107,3755 Vy=-216,4613
[5213,629] Ball=B003 X=266,2847 Y=90,7904 Vx=169,6458 Vy=-54,8445
[5213,166] Ball=B006 X=189,6128 Y=81,7232 Vx=-73,9562 Vy=25,1091
[5213,504] Ball=B004 X=4,4983 Y=233,9673 Vx=-60,1018 Vy=0,1597
[5208,808] Ball=B007 X=75,8729 Y=177,6335 Vx=167,8960 Vy=-58,0014
[5213,479] Ball=B005 X=246,7054 Y=122,0238 Vx=-67,0738 Vy=27,3972
[5206,203] Ball=B008 X=120,1934 Y=84,9361 Vx=-106,4416 Vy=60,4678
[5216,901] Ball=B001 X=142,2115 Y=56,2317 Vx=8,8675 Vy=-89,1804
[5223,743] Ball=B007 X=78,3803 Y=176,7673 Vx=167,8960 Vy=-58,0014
[5221,137] Ball=B008 X=118,6038 Y=85,8391 Vx=-106,4416 Vy=60,4678
[5231,775] Ball=B001 X=142,3433 Y=54,9053 Vx=8,8675 Vy=-89,1804
[5228,449] Ball=B005 X=245,7013 Y=122,4340 Vx=-67,0738 Vy=27,3972
[5228,563] Ball=B004 X=3,5932 Y=233,9697 Vx=-60,1018 Vy=0,1597
[5229,210] Ball=B002 X=348,7933 Y=345,9758 Vx=107,3755 Vy=-216,4613
[5228,315] Ball=B006 X=188,4923 Y=82,1036 Vx=-73,9562 Vy=25,1091
[5228,974] Ball=B003 X=268,8808 Y=89,9511 Vx=169,6458 Vy=-54,8445
[5243,207] Ball=B006 X=187,3911 Y=82,4775 Vx=-73,9562 Vy=25,1091
[5243,683] Ball=B003 X=271,3833 Y=89,1421 Vx=169,6458 Vy=-54,8445
[5243,442] Ball=B005 X=244,6957 Y=122,8447 Vx=-67,0738 Vy=27,3972
[5244,220] Ball=B002 X=350,4050 Y=342,7267 Vx=107,3755 Vy=-216,4613
[5238,792] Ball=B007 X=80,9071 Y=175,8944 Vx=167,8960 Vy=-58,0014
[5243,591] Ball=B004 X=2,6900 Y=233,9721 Vx=-60,1018 Vy=0,1597
[5236,200] Ball=B008 X=117,0005 Y=86,7500 Vx=-106,4416 Vy=60,4678
[5246,836] Ball=B001 X=142,4769 Y=53,5621 Vx=8,8675 Vy=-89,1804
[5261,775] Ball=B001 X=142,6094 Y=52,2300 Vx=8,8675 Vy=-89,1804
[5258,535] Ball=B004 X=1,7919 Y=233,9745 Vx=-60,1018 Vy=0,1597
[5251,148] Ball=B008 X=115,4095 Y=87,6538 Vx=-106,4416 Vy=60,4678
[5253,766] Ball=B007 X=83,4211 Y=175,0259 Vx=167,8960 Vy=-58,0014
[5258,301] Ball=B006 X=186,2747 Y=82,8565 Vx=-73,9562 Vy=25,1091
[5258,519] Ball=B005 X=243,6844 Y=123,2578 Vx=-67,0738 Vy=27,3972
[5258,832] Ball=B003 X=273,9532 Y=88,3113 Vx=169,6458 Vy=-54,8445
[5259,279] Ball=B002 X=352,0221 Y=339,4669 Vx=107,3755 Vy=-216,4613
[5275,173] Ball=B002 X=353,7286 Y=336,0267 Vx=107,3755 Vy=-216,4613
[5274,668] Ball=B003 X=276,6397 Y=87,4427 Vx=169,6458 Vy=-54,8445
[5277,776] Ball=B001 X=142,7513 Y=50,8029 Vx=8,8675 Vy=-89,1804
[5274,434] Ball=B005 X=242,6170 Y=123,6938 Vx=-67,0738 Vy=27,3972
[5274,241] Ball=B006 X=185,0958 Y=83,2568 Vx=-73,9562 Vy=25,1091
[5267,180] Ball=B008 X=113,7029 Y=88,6233 Vx=-106,4416 Vy=60,4678
[5269,790] Ball=B007 X=86,1116 Y=174,0965 Vx=167,8960 Vy=-58,0014
[5274,588] Ball=B004 X=0,8270 Y=233,9771 Vx=-60,1018 Vy=0,1597
[5289,602] Ball=B003 X=279,1732 Y=86,6237 Vx=169,6458 Vy=-54,8445
[5284,688] Ball=B007 X=88,6128 Y=173,2324 Vx=167,8960 Vy=-58,0014
[5289,144] Ball=B006 X=183,9937 Y=83,6309 Vx=-73,9562 Vy=25,1091
[5282,090] Ball=B008 X=112,1159 Y=89,5249 Vx=-106,4416 Vy=60,4678
[5289,499] Ball=B004 X=-0,0691 Y=233,9795 Vx=-60,1018 Vy=0,1597
[5289,388] Ball=B005 X=241,6139 Y=124,1035 Vx=-67,0738 Vy=27,3972
[5292,743] Ball=B001 X=142,8840 Y=49,4681 Vx=8,8675 Vy=-89,1804
[5290,374] Ball=B002 X=355,3609 Y=332,7361 Vx=107,3755 Vy=-216,4613
[5299,744] Ball=B007 X=91,1405 Y=172,3592 Vx=167,8960 Vy=-58,0014
[5305,184] Ball=B002 X=356,9511 Y=329,5304 Vx=107,3755 Vy=-216,4613
[5307,778] Ball=B001 X=143,0173 Y=48,1273 Vx=8,8675 Vy=-89,1804
[5297,155] Ball=B008 X=110,5125 Y=90,4357 Vx=-106,4416 Vy=60,4678
[5304,699] Ball=B003 X=281,7345 Y=85,7956 Vx=169,6458 Vy=-54,8445
[5304,556] Ball=B004 X=0,9049 Y=233,9819 Vx=60,1018 Vy=0,1597
[5304,450] Ball=B005 X=240,6036 Y=124,5162 Vx=-67,0738 Vy=27,3972
[5304,239] Ball=B006 X=182,8773 Y=84,0100 Vx=-73,9562 Vy=25,1091
[5320,384] Ball=B004 X=1,8562 Y=233,9844 Vx=60,1018 Vy=0,1597
[5320,274] Ball=B005 X=239,5423 Y=124,9497 Vx=-67,0738 Vy=27,3972
[5320,533] Ball=B003 X=284,4207 Y=84,9272 Vx=169,6458 Vy=-54,8445
[5320,081] Ball=B006 X=181,7057 Y=84,4078 Vx=-73,9562 Vy=25,1091
[5323,655] Ball=B001 X=143,1581 Y=46,7114 Vx=8,8675 Vy=-89,1804
[5313,023] Ball=B008 X=108,8233 Y=91,3953 Vx=-106,4416 Vy=60,4678
[5315,758] Ball=B007 X=93,8293 Y=171,4303 Vx=167,8960 Vy=-58,0014
[5321,204] Ball=B002 X=358,6713 Y=326,0626 Vx=107,3755 Vy=-216,4613
[5339,668] Ball=B001 X=143,3001 Y=45,2835 Vx=8,8675 Vy=-89,1804
[5329,041] Ball=B008 X=107,1184 Y=92,3638 Vx=-106,4416 Vy=60,4678
[5337,083] Ball=B002 X=360,3763 Y=322,6254 Vx=107,3755 Vy=-216,4613
[5331,662] Ball=B007 X=96,4995 Y=170,5079 Vx=167,8960 Vy=-58,0014
[5336,603] Ball=B003 X=287,1469 Y=84,0459 Vx=169,6458 Vy=-54,8445
[5336,133] Ball=B006 X=180,5186 Y=84,8108 Vx=-73,9562 Vy=25,1091
[5336,544] Ball=B004 X=2,8275 Y=233,9870 Vx=60,1018 Vy=0,1597
[5336,433] Ball=B005 X=238,4585 Y=125,3924 Vx=-67,0738 Vy=27,3972
[5346,751] Ball=B007 X=99,0328 Y=169,6327 Vx=167,8960 Vy=-58,0014
[5351,685] Ball=B003 X=289,7053 Y=83,2188 Vx=169,6458 Vy=-54,8445
[5351,438] Ball=B005 X=237,4520 Y=125,8035 Vx=-67,0738 Vy=27,3972
[5351,562] Ball=B004 X=3,7301 Y=233,9894 Vx=60,1018 Vy=0,1597
[5351,247] Ball=B006 X=179,4008 Y=85,1903 Vx=-73,9562 Vy=25,1091
[5344,272] Ball=B008 X=105,4972 Y=93,2848 Vx=-106,4416 Vy=60,4678
[5354,907] Ball=B001 X=143,4352 Y=43,9243 Vx=8,8675 Vy=-89,1804
[5352,401] Ball=B002 X=362,0210 Y=319,3097 Vx=107,3755 Vy=-216,4613
[5366,404] Ball=B004 X=4,6221 Y=233,9918 Vx=60,1018 Vy=0,1597
[5366,546] Ball=B003 X=292,2263 Y=82,4038 Vx=169,6458 Vy=-54,8445
[5359,020] Ball=B008 X=103,9273 Y=94,1766 Vx=-106,4416 Vy=60,4678
[5367,070] Ball=B002 X=363,5961 Y=316,1344 Vx=107,3755 Vy=-216,4613
[5366,111] Ball=B006 X=178,3015 Y=85,5635 Vx=-73,9562 Vy=25,1091
[5366,334] Ball=B005 X=236,4529 Y=126,2116 Vx=-67,0738 Vy=27,3972
[5369,691] Ball=B001 X=143,5663 Y=42,6059 Vx=8,8675 Vy=-89,1804
[5361,741] Ball=B007 X=101,5497 Y=168,7632 Vx=167,8960 Vy=-58,0014
[5382,561] Ball=B003 X=294,9432 Y=81,5254 Vx=169,6458 Vy=-54,8445
[5385,882] Ball=B001 X=143,7099 Y=41,1620 Vx=8,8675 Vy=-89,1804
[5383,291] Ball=B002 X=365,3379 Y=312,6232 Vx=107,3755 Vy=-216,4613
[5377,865] Ball=B007 X=104,2568 Y=167,8280 Vx=167,8960 Vy=-58,0014
[5382,540] Ball=B005 X=235,3659 Y=126,6556 Vx=-67,0738 Vy=27,3972
[5382,669] Ball=B004 X=5,5997 Y=233,9944 Vx=60,1018 Vy=0,1597
[5382,338] Ball=B006 X=177,1014 Y=85,9710 Vx=-73,9562 Vy=25,1091
[5375,277] Ball=B008 X=102,1969 Y=95,1597 Vx=-106,4416 Vy=60,4678
[5397,429] Ball=B005 X=234,3673 Y=127,0635 Vx=-67,0738 Vy=27,3972
[5397,543] Ball=B004 X=6,4936 Y=233,9967 Vx=60,1018 Vy=0,1597
[5390,162] Ball=B008 X=100,6126 Y=96,0597 Vx=-106,4416 Vy=60,4678
[5398,208] Ball=B002 X=366,9396 Y=309,3943 Vx=107,3755 Vy=-216,4613
[5392,796] Ball=B007 X=106,7638 Y=166,9620 Vx=167,8960 Vy=-58,0014
[5400,819] Ball=B001 X=143,8423 Y=39,8299 Vx=8,8675 Vy=-89,1804
[5397,794] Ball=B003 X=297,5275 Y=80,6899 Vx=169,6458 Vy=-54,8445
[5397,217] Ball=B006 X=176,0011 Y=86,3445 Vx=-73,9562 Vy=25,1091
[5416,774] Ball=B001 X=143,9838 Y=38,4070 Vx=8,8675 Vy=-89,1804
[5413,207] Ball=B006 X=174,8185 Y=86,7461 Vx=-73,9562 Vy=25,1091
[5413,686] Ball=B003 X=300,2236 Y=79,8183 Vx=169,6458 Vy=-54,8445
[5414,279] Ball=B002 X=368,6653 Y=305,9154 Vx=107,3755 Vy=-216,4613
[5413,527] Ball=B005 X=233,2875 Y=127,5046 Vx=-67,0738 Vy=27,3972
[5408,856] Ball=B007 X=109,4602 Y=166,0305 Vx=167,8960 Vy=-58,0014
[5406,250] Ball=B008 X=98,9001 Y=97,0325 Vx=-106,4416 Vy=60,4678
[5413,650] Ball=B004 X=7,4617 Y=233,9993 Vx=60,1018 Vy=0,1597
[5423,653] Ball=B007 X=111,9443 Y=165,1723 Vx=167,8960 Vy=-58,0014
[5428,442] Ball=B004 X=8,3507 Y=234,0017 Vx=60,1018 Vy=0,1597
[5421,051] Ball=B008 X=97,3247 Y=97,9275 Vx=-106,4416 Vy=60,4678
[5428,590] Ball=B003 X=302,7519 Y=79,0010 Vx=169,6458 Vy=-54,8445
[5428,375] Ball=B005 X=232,2915 Y=127,9114 Vx=-67,0738 Vy=27,3972
[5428,160] Ball=B006 X=173,7126 Y=87,1215 Vx=-73,9562 Vy=25,1091
[5431,742] Ball=B001 X=144,1166 Y=37,0721 Vx=8,8675 Vy=-89,1804
[5429,150] Ball=B002 X=370,2616 Y=302,6974 Vx=107,3755 Vy=-216,4613
[5444,429] Ball=B005 X=231,2148 Y=128,3512 Vx=-67,0738 Vy=27,3972
[5444,229] Ball=B006 X=172,5242 Y=87,5250 Vx=-73,9562 Vy=25,1091
[5444,557] Ball=B004 X=9,3192 Y=234,0042 Vx=60,1018 Vy=0,1597
[5447,810] Ball=B001 X=144,2590 Y=35,6392 Vx=8,8675 Vy=-89,1804
[5445,215] Ball=B002 X=371,9869 Y=299,2192 Vx=107,3755 Vy=-216,4613
[5439,858] Ball=B007 X=114,6653 Y=164,2323 Vx=167,8960 Vy=-58,0014
[5437,256] Ball=B008 X=95,5998 Y=98,9074 Vx=-106,4416 Vy=60,4678
[5444,848] Ball=B003 X=305,5101 Y=78,1092 Vx=169,6458 Vy=-54,8445
[5460,060] Ball=B002 X=373,5809 Y=296,0059 Vx=107,3755 Vy=-216,4613
[5452,022] Ball=B008 X=94,0281 Y=99,8002 Vx=-106,4416 Vy=60,4678
[5459,562] Ball=B003 X=308,0063 Y=77,3023 Vx=169,6458 Vy=-54,8445
[5454,649] Ball=B007 X=117,1487 Y=163,3744 Vx=167,8960 Vy=-58,0014
[5462,752] Ball=B001 X=144,3915 Y=34,3066 Vx=8,8675 Vy=-89,1804
[5459,577] Ball=B004 X=10,2220 Y=234,0066 Vx=60,1018 Vy=0,1597
[5459,294] Ball=B006 X=171,4100 Y=87,9033 Vx=-73,9562 Vy=25,1091
[5459,719] Ball=B005 X=230,2062 Y=128,7632 Vx=-67,0738 Vy=27,3972
[5475,213] Ball=B006 X=170,2328 Y=88,3030 Vx=-73,9562 Vy=25,1091
[5476,200] Ball=B002 X=375,3140 Y=292,5120 Vx=107,3755 Vy=-216,4613
[5475,565] Ball=B004 X=11,1829 Y=234,0092 Vx=60,1018 Vy=0,1597
[5475,707] Ball=B003 X=310,7452 Y=76,4168 Vx=169,6458 Vy=-54,8445
[5470,788] Ball=B007 X=119,8582 Y=162,4384 Vx=167,8960 Vy=-58,0014
[5478,880] Ball=B001 X=144,5346 Y=32,8683 Vx=8,8675 Vy=-89,1804
[5475,529] Ball=B005 X=229,1288 Y=129,2033 Vx=-67,0738 Vy=27,3972
[5468,250] Ball=B008 X=92,3007 Y=100,7815 Vx=-106,4416 Vy=60,4678
[5491,325] Ball=B005 X=228,0693 Y=129,6360 Vx=-67,0738 Vy=27,3972
[5486,654] Ball=B007 X=122,5222 Y=161,5181 Vx=167,8960 Vy=-58,0014
[5491,588] Ball=B003 X=313,4393 Y=75,5458 Vx=169,6458 Vy=-54,8445
[5492,103] Ball=B002 X=377,0216 Y=289,0697 Vx=107,3755 Vy=-216,4613
[5491,145] Ball=B006 X=169,0544 Y=88,7030 Vx=-73,9562 Vy=25,1091
[5494,793] Ball=B001 X=144,6757 Y=31,4493 Vx=8,8675 Vy=-89,1804
[5491,561] Ball=B004 X=12,1443 Y=234,0117 Vx=60,1018 Vy=0,1597
[5484,316] Ball=B008 X=90,5906 Y=101,7530 Vx=-106,4416 Vy=60,4678
[5509,627] Ball=B001 X=144,8072 Y=30,1264 Vx=8,8675 Vy=-89,1804
[5506,539] Ball=B003 X=315,9757 Y=74,7259 Vx=169,6458 Vy=-54,8445
[5507,050] Ball=B002 X=374,3950 Y=285,8342 Vx=-107,3755 Vy=-216,4613
[5501,629] Ball=B007 X=125,0363 Y=160,6495 Vx=167,8960 Vy=-58,0014
[5506,157] Ball=B006 X=167,9442 Y=89,0800 Vx=-73,9562 Vy=25,1091
[5506,499] Ball=B004 X=13,0421 Y=234,0141 Vx=60,1018 Vy=0,1597
[5499,185] Ball=B008 X=89,0079 Y=102,6521 Vx=-106,4416 Vy=60,4678
[5506,459] Ball=B005 X=227,0541 Y=130,0507 Vx=-67,0738 Vy=27,3972
[5523,042] Ball=B002 X=372,6780 Y=282,3727 Vx=-107,3755 Vy=-216,4613
[5522,304] Ball=B005 X=225,9914 Y=130,4847 Vx=-67,0738 Vy=27,3972
[5515,030] Ball=B008 X=87,3214 Y=103,6102 Vx=-106,4416 Vy=60,4678
[5522,498] Ball=B004 X=14,0037 Y=234,0167 Vx=60,1018 Vy=0,1597
[5522,169] Ball=B006 X=166,7600 Y=89,4820 Vx=-73,9562 Vy=25,1091
[5517,779] Ball=B007 X=127,7479 Y=159,7128 Vx=167,8960 Vy=-58,0014
[5522,709] Ball=B003 X=318,7189 Y=73,8390 Vx=169,6458 Vy=-54,8445
[5525,867] Ball=B001 X=144,9512 Y=28,6781 Vx=8,8675 Vy=-89,1804
[5538,106] Ball=B006 X=165,5815 Y=89,8821 Vx=-73,9562 Vy=25,1091
[5541,681] Ball=B001 X=145,0914 Y=27,2678 Vx=8,8675 Vy=-89,1804
[5533,672] Ball=B007 X=130,4162 Y=158,7910 Vx=167,8960 Vy=-58,0014
[5539,114] Ball=B002 X=370,9522 Y=278,8936 Vx=-107,3755 Vy=-216,4613
[5538,626] Ball=B003 X=321,4191 Y=72,9661 Vx=169,6458 Vy=-54,8445
[5538,556] Ball=B004 X=14,9688 Y=234,0192 Vx=60,1018 Vy=0,1597
[5531,170] Ball=B008 X=85,6034 Y=104,5861 Vx=-106,4416 Vy=60,4678
[5538,546] Ball=B005 X=224,9020 Y=130,9297 Vx=-67,0738 Vy=27,3972
[5546,164] Ball=B008 X=84,0075 Y=105,4927 Vx=-106,4416 Vy=60,4678
[5553,444] Ball=B005 X=223,9028 Y=131,3379 Vx=-67,0738 Vy=27,3972
[5556,803] Ball=B001 X=145,2255 Y=25,9192 Vx=8,8675 Vy=-89,1804
[5553,243] Ball=B006 X=164,4620 Y=90,2622 Vx=-73,9562 Vy=25,1091
[5554,226] Ball=B002 X=369,3295 Y=275,6224 Vx=-107,3755 Vy=-216,4613
[5553,601] Ball=B004 X=15,8730 Y=234,0216 Vx=60,1018 Vy=0,1597
[5548,868] Ball=B007 X=132,9676 Y=157,9096 Vx=167,8960 Vy=-58,0014
[5553,739] Ball=B003 X=323,9830 Y=72,1372 Vx=169,6458 Vy=-54,8445
[5570,034] Ball=B002 X=367,6322 Y=272,2007 Vx=-107,3755 Vy=-216,4613
[5569,079] Ball=B006 X=163,2907 Y=90,6599 Vx=-73,9562 Vy=25,1091
[5564,634] Ball=B007 X=135,6148 Y=156,9951 Vx=167,8960 Vy=-58,0014
[5562,091] Ball=B008 X=82,3121 Y=106,4559 Vx=-106,4416 Vy=60,4678
[5569,497] Ball=B004 X=16,8284 Y=234,0242 Vx=60,1018 Vy=0,1597
[5572,795] Ball=B001 X=145,3673 Y=24,4930 Vx=8,8675 Vy=-89,1804
[5569,703] Ball=B003 X=326,6913 Y=71,2616 Vx=169,6458 Vy=-54,8445
[5569,505] Ball=B005 X=222,8254 Y=131,7779 Vx=-67,0738 Vy=27,3972
[5588,796] Ball=B001 X=145,5092 Y=23,0660 Vx=8,8675 Vy=-89,1804
[5585,441] Ball=B005 X=221,7567 Y=132,2145 Vx=-67,0738 Vy=27,3972
[5585,693] Ball=B003 X=329,4036 Y=70,3848 Vx=169,6458 Vy=-54,8445
[5585,568] Ball=B004 X=17,7943 Y=234,0267 Vx=60,1018 Vy=0,1597
[5578,180] Ball=B008 X=80,5996 Y=107,4287 Vx=-106,4416 Vy=60,4678
[5580,881] Ball=B007 X=138,3424 Y=156,0528 Vx=167,8960 Vy=-58,0014
[5585,352] Ball=B006 X=162,0873 Y=91,0685 Vx=-73,9562 Vy=25,1091
[5586,331] Ball=B002 X=365,8822 Y=268,6728 Vx=-107,3755 Vy=-216,4613
[5595,611] Ball=B007 X=140,8155 Y=155,1984 Vx=167,8960 Vy=-58,0014
[5600,536] Ball=B003 X=331,9219 Y=69,5706 Vx=169,6458 Vy=-54,8445
[5600,299] Ball=B005 X=220,7600 Y=132,6216 Vx=-67,0738 Vy=27,3972
[5601,066] Ball=B002 X=364,3000 Y=265,4833 Vx=-107,3755 Vy=-216,4613
[5593,039] Ball=B008 X=79,0180 Y=108,3272 Vx=-106,4416 Vy=60,4678
[5600,102] Ball=B006 X=160,9964 Y=91,4388 Vx=-73,9562 Vy=25,1091
[5600,405] Ball=B004 X=18,6860 Y=234,0291 Vx=60,1018 Vy=0,1597
[5603,676] Ball=B001 X=145,6412 Y=21,7390 Vx=8,8675 Vy=-89,1804
[5609,151] Ball=B008 X=77,3036 Y=109,3012 Vx=-106,4416 Vy=60,4678
[5616,555] Ball=B004 X=19,6566 Y=234,0317 Vx=60,1018 Vy=0,1597
[5619,799] Ball=B001 X=145,7841 Y=20,3012 Vx=8,8675 Vy=-89,1804
[5616,440] Ball=B006 X=159,7881 Y=91,8491 Vx=-73,9562 Vy=25,1091
[5616,910] Ball=B003 X=334,6997 Y=68,6726 Vx=169,6458 Vy=-54,8445
[5617,420] Ball=B002 X=362,5440 Y=261,9434 Vx=-107,3755 Vy=-216,4613
[5611,998] Ball=B007 X=143,5669 Y=154,2480 Vx=167,8960 Vy=-58,0014
[5616,700] Ball=B005 X=219,6598 Y=133,0710 Vx=-67,0738 Vy=27,3972
[5632,477] Ball=B004 X=20,6136 Y=234,0342 Vx=60,1018 Vy=0,1597
[5632,625] Ball=B003 X=337,3655 Y=67,8108 Vx=169,6458 Vy=-54,8445
[5633,141] Ball=B002 X=360,8560 Y=258,5403 Vx=-107,3755 Vy=-216,4613
[5627,715] Ball=B007 X=146,2056 Y=153,3364 Vx=167,8960 Vy=-58,0014
[5632,394] Ball=B005 X=218,6072 Y=133,5009 Vx=-67,0738 Vy=27,3972
[5632,256] Ball=B006 X=158,6184 Y=92,2462 Vx=-73,9562 Vy=25,1091
[5635,832] Ball=B001 X=145,9263 Y=18,8713 Vx=8,8675 Vy=-89,1804
[5625,244] Ball=B008 X=75,5900 Y=110,2746 Vx=-106,4416 Vy=60,4678
[5640,133] Ball=B008 X=74,0052 Y=111,1749 Vx=-106,4416 Vy=60,4678
[5647,206] Ball=B006 X=157,5128 Y=92,6216 Vx=-73,9562 Vy=25,1091
[5648,188] Ball=B002 X=359,2403 Y=255,2833 Vx=-107,3755 Vy=-216,4613
[5650,789] Ball=B001 X=146,0590 Y=17,5375 Vx=8,8675 Vy=-89,1804
[5647,635] Ball=B004 X=21,5246 Y=234,0367 Vx=60,1018 Vy=0,1597
[5647,577] Ball=B005 X=217,5889 Y=133,9169 Vx=-67,0738 Vy=27,3972
[5642,907] Ball=B007 X=148,7565 Y=152,4552 Vx=167,8960 Vy=-58,0014
[5647,832] Ball=B003 X=339,9454 Y=66,9767 Vx=169,6458 Vy=-54,8445
[5656,160] Ball=B008 X=72,2994 Y=112,1439 Vx=-106,4416 Vy=60,4678
[5663,555] Ball=B004 X=22,4814 Y=234,0392 Vx=60,1018 Vy=0,1597
[5658,773] Ball=B007 X=151,4200 Y=151,5350 Vx=167,8960 Vy=-58,0014
[5663,456] Ball=B005 X=216,5238 Y=134,3519 Vx=-67,0738 Vy=27,3972
[5663,716] Ball=B003 X=342,6400 Y=66,1056 Vx=169,6458 Vy=-54,8445
[5666,828] Ball=B001 X=146,2012 Y=16,1071 Vx=8,8675 Vy=-89,1804
[5664,310] Ball=B002 X=357,5092 Y=251,7935 Vx=-107,3755 Vy=-216,4613
[5663,334] Ball=B006 X=156,3200 Y=93,0265 Vx=-73,9562 Vy=25,1091
[5679,538] Ball=B003 X=345,3242 Y=65,2378 Vx=169,6458 Vy=-54,8445
[5679,297] Ball=B005 X=215,4613 Y=134,7859 Vx=-67,0738 Vy=27,3972
[5679,085] Ball=B006 X=155,1551 Y=93,4220 Vx=-73,9562 Vy=25,1091
[5680,067] Ball=B002 X=355,8173 Y=248,3828 Vx=-107,3755 Vy=-216,4613
[5674,714] Ball=B007 X=154,0966 Y=150,6104 Vx=167,8960 Vy=-58,0014
[5672,172] Ball=B008 X=70,5950 Y=113,1122 Vx=-106,4416 Vy=60,4678
[5682,812] Ball=B001 X=146,3429 Y=14,6816 Vx=8,8675 Vy=-89,1804
[5679,503] Ball=B004 X=23,4400 Y=234,0417 Vx=60,1018 Vy=0,1597
[5695,423] Ball=B005 X=214,3797 Y=135,2277 Vx=-67,0738 Vy=27,3972
[5695,677] Ball=B003 X=348,0622 Y=64,3527 Vx=169,6458 Vy=-54,8445
[5695,549] Ball=B004 X=24,4043 Y=234,0443 Vx=60,1018 Vy=0,1597
[5695,223] Ball=B006 X=153,9617 Y=93,8272 Vx=-73,9562 Vy=25,1091
[5698,812] Ball=B001 X=146,4848 Y=13,2547 Vx=8,8675 Vy=-89,1804
[5688,180] Ball=B008 X=68,8910 Y=114,0802 Vx=-106,4416 Vy=60,4678
[5690,874] Ball=B007 X=156,8098 Y=149,6730 Vx=167,8960 Vy=-58,0014
[5696,421] Ball=B002 X=354,0612 Y=244,8427 Vx=-107,3755 Vy=-216,4613
[5713,676] Ball=B001 X=146,6166 Y=11,9292 Vx=8,8675 Vy=-89,1804
[5703,043] Ball=B008 X=67,3090 Y=114,9789 Vx=-106,4416 Vy=60,4678
[5705,661] Ball=B007 X=159,2925 Y=148,8154 Vx=167,8960 Vy=-58,0014
[5710,127] Ball=B006 X=152,8594 Y=94,2015 Vx=-73,9562 Vy=25,1091
[5710,471] Ball=B004 X=25,3012 Y=234,0467 Vx=60,1018 Vy=0,1597
[5710,360] Ball=B005 X=213,3777 Y=135,6370 Vx=-67,0738 Vy=27,3972
[5710,613] Ball=B003 X=350,5961 Y=63,5335 Vx=169,6458 Vy=-54,8445
[5711,122] Ball=B002 X=352,4826 Y=241,6603 Vx=-107,3755 Vy=-216,4613
[5718,150] Ball=B008 X=65,7011 Y=115,8923 Vx=-106,4416 Vy=60,4678
[5725,215] Ball=B006 X=151,7435 Y=94,5803 Vx=-73,9562 Vy=25,1091
[5725,693] Ball=B003 X=353,1542 Y=62,7065 Vx=169,6458 Vy=-54,8445
[5725,449] Ball=B005 X=212,3657 Y=136,0504 Vx=-67,0738 Vy=27,3972
[5726,223] Ball=B002 X=350,8612 Y=238,3917 Vx=-107,3755 Vy=-216,4613
[5720,856] Ball=B007 X=161,8438 Y=147,9340 Vx=167,8960 Vy=-58,0014
[5728,881] Ball=B001 X=146,7514 Y=10,5732 Vx=8,8675 Vy=-89,1804
[5725,764] Ball=B004 X=26,2203 Y=234,0491 Vx=60,1018 Vy=0,1597
[5744,780] Ball=B001 X=146,8924 Y=9,1553 Vx=8,8675 Vy=-89,1804
[5736,757] Ball=B007 X=164,5134 Y=147,0118 Vx=167,8960 Vy=-58,0014
[5741,689] Ball=B003 X=355,8678 Y=61,8292 Vx=169,6458 Vy=-54,8445
[5742,205] Ball=B002 X=349,1452 Y=234,9323 Vx=-107,3755 Vy=-216,4613
[5741,569] Ball=B004 X=27,1703 Y=234,0517 Vx=60,1018 Vy=0,1597
[5741,460] Ball=B005 X=211,2918 Y=136,4890 Vx=-67,0738 Vy=27,3972
[5741,242] Ball=B006 X=150,5582 Y=94,9827 Vx=-73,9562 Vy=25,1091
[5734,261] Ball=B008 X=63,9860 Y=116,8666 Vx=-106,4416 Vy=60,4678
[5757,222] Ball=B006 X=149,3765 Y=95,3839 Vx=-73,9562 Vy=25,1091
[5757,443] Ball=B005 X=210,2198 Y=136,9269 Vx=-67,0738 Vy=27,3972
[5757,575] Ball=B004 X=28,1322 Y=234,0542 Vx=60,1018 Vy=0,1597
[5750,186] Ball=B008 X=62,2910 Y=117,8295 Vx=-106,4416 Vy=60,4678
[5757,819] Ball=B003 X=358,6044 Y=60,9445 Vx=169,6458 Vy=-54,8445
[5752,897] Ball=B007 X=167,2233 Y=146,0756 Vx=167,8960 Vy=-58,0014
[5758,326] Ball=B002 X=347,4141 Y=231,4426 Vx=-107,3755 Vy=-216,4613
[5760,931] Ball=B001 X=147,0356 Y=7,7149 Vx=8,8675 Vy=-89,1804
[5773,060] Ball=B002 X=345,8322 Y=228,2535 Vx=-107,3755 Vy=-216,4613
[5765,022] Ball=B008 X=60,7119 Y=118,7266 Vx=-106,4416 Vy=60,4678
[5767,646] Ball=B007 X=169,6995 Y=145,2202 Vx=167,8960 Vy=-58,0014
[5775,680] Ball=B001 X=147,1664 Y=6,3996 Vx=8,8675 Vy=-89,1804
[5772,342] Ball=B005 X=209,2204 Y=137,3351 Vx=-67,0738 Vy=27,3972
[5772,560] Ball=B003 X=361,1050 Y=60,1361 Vx=169,6458 Vy=-54,8445
[5772,124] Ball=B006 X=148,2743 Y=95,7582 Vx=-73,9562 Vy=25,1091
[5772,456] Ball=B004 X=29,0266 Y=234,0566 Vx=60,1018 Vy=0,1597
[5787,070] Ball=B006 X=147,1695 Y=96,1333 Vx=-73,9562 Vy=25,1091
[5782,619] Ball=B007 X=172,2133 Y=144,3517 Vx=167,8960 Vy=-58,0014
[5788,055] Ball=B002 X=344,2220 Y=225,0075 Vx=-107,3755 Vy=-216,4613
[5787,305] Ball=B005 X=208,2168 Y=137,7450 Vx=-67,0738 Vy=27,3972
[5780,102] Ball=B008 X=59,1066 Y=119,6385 Vx=-106,4416 Vy=60,4678
[5787,589] Ball=B004 X=29,9361 Y=234,0590 Vx=60,1018 Vy=0,1597
[5790,835] Ball=B001 X=147,3008 Y=5,0482 Vx=8,8675 Vy=-89,1804
[5787,757] Ball=B003 X=363,6831 Y=59,3026 Vx=169,6458 Vy=-54,8445
[5806,795] Ball=B001 X=147,4423 Y=3,6248 Vx=8,8675 Vy=-89,1804
[5803,232] Ball=B006 X=145,9737 Y=96,5392 Vx=-73,9562 Vy=25,1091
[5803,708] Ball=B003 X=366,3892 Y=58,4278 Vx=169,6458 Vy=-54,8445
[5798,796] Ball=B007 X=174,9295 Y=143,4134 Vx=167,8960 Vy=-58,0014
[5804,230] Ball=B002 X=342,4852 Y=221,5062 Vx=-107,3755 Vy=-216,4613
[5803,589] Ball=B004 X=30,8977 Y=234,0616 Vx=60,1018 Vy=0,1597
[5796,207] Ball=B008 X=57,3925 Y=120,6123 Vx=-106,4416 Vy=60,4678
[5803,489] Ball=B005 X=207,1312 Y=138,1884 Vx=-67,0738 Vy=27,3972
[5811,164] Ball=B008 X=55,8004 Y=121,5167 Vx=-106,4416 Vy=60,4678
[5818,569] Ball=B004 X=31,7981 Y=234,0640 Vx=60,1018 Vy=0,1597
[5819,236] Ball=B002 X=340,8738 Y=218,2578 Vx=-107,3755 Vy=-216,4613
[5818,480] Ball=B005 X=206,1257 Y=138,5992 Vx=-67,0738 Vy=27,3972
[5821,903] Ball=B001 X=147,5763 Y=2,2774 Vx=8,8675 Vy=-89,1804
[5818,866] Ball=B003 X=368,9606 Y=57,5964 Vx=169,6458 Vy=-54,8445
[5813,777] Ball=B007 X=177,4447 Y=142,5445 Vx=167,8960 Vy=-58,0014
[5818,683] Ball=B006 X=144,8310 Y=96,9272 Vx=-73,9562 Vy=25,1091
[5835,679] Ball=B003 X=371,8128 Y=56,6744 Vx=169,6458 Vy=-54,8445
[5830,762] Ball=B007 X=180,2964 Y=141,5593 Vx=167,8960 Vy=-58,0014
[5838,798] Ball=B001 X=147,7261 Y=0,7707 Vx=8,8675 Vy=-89,1804
[5836,211] Ball=B002 X=339,0512 Y=214,5836 Vx=-107,3755 Vy=-216,4613
[5835,459] Ball=B005 X=204,9869 Y=139,0643 Vx=-67,0738 Vy=27,3972
[5835,573] Ball=B004 X=32,8200 Y=234,0667 Vx=60,1018 Vy=0,1597
[5828,259] Ball=B008 X=53,9808 Y=122,5505 Vx=-106,4416 Vy=60,4678
[5835,465] Ball=B006 X=143,5899 Y=97,3486 Vx=-73,9562 Vy=25,1091
[5850,403] Ball=B004 X=33,7113 Y=234,0690 Vx=60,1018 Vy=0,1597
[5843,014] Ball=B008 X=52,4102 Y=123,4427 Vx=-106,4416 Vy=60,4678
[5845,718] Ball=B007 X=182,8075 Y=140,6919 Vx=167,8960 Vy=-58,0014
[5850,443] Ball=B005 X=203,9819 Y=139,4748 Vx=-67,0738 Vy=27,3972
[5850,229] Ball=B006 X=142,5019 Y=97,7180 Vx=-73,9562 Vy=25,1091
[5853,808] Ball=B001 X=147,8592 Y=-0,5679 Vx=8,8675 Vy=-89,1804
[5851,271] Ball=B002 X=337,4342 Y=211,3237 Vx=-107,3755 Vy=-216,4613
[5850,773] Ball=B003 X=374,3735 Y=55,8465 Vx=169,6458 Vy=-54,8445
[5866,070] Ball=B006 X=141,3265 Y=98,1170 Vx=-73,9562 Vy=25,1091
[5869,650] Ball=B001 X=147,9997 Y=1,4128 Vx=8,8675 Vy=89,1804
[5867,063] Ball=B002 X=335,7385 Y=207,9054 Vx=-107,3755 Vy=-216,4613
[5866,565] Ball=B003 X=377,0526 Y=54,9804 Vx=169,6458 Vy=-54,8445
[5866,394] Ball=B005 X=207,1222 Y=139,6699 Vx=140,8291 Vy=15,4476
[5861,728] Ball=B007 X=180,2746 Y=140,0634 Vx=-102,3778 Vy=-42,4669
[5866,572] Ball=B004 X=34,6831 Y=234,0716 Vx=60,1018 Vy=0,1597
[5859,258] Ball=B008 X=50,6812 Y=124,4249 Vx=-106,4416 Vy=60,4678
[5874,006] Ball=B008 X=49,1115 Y=125,3166 Vx=-106,4416 Vy=60,4678
[5881,294] Ball=B005 X=209,2205 Y=139,9000 Vx=140,8291 Vy=15,4476
[5881,414] Ball=B004 X=35,5751 Y=234,0740 Vx=60,1018 Vy=0,1597
[5876,700] Ball=B007 X=178,7418 Y=139,4276 Vx=-102,3778 Vy=-42,4669
[5881,631] Ball=B003 X=379,6084 Y=54,1541 Vx=169,6458 Vy=-54,8445
[5884,783] Ball=B001 X=148,1338 Y=2,7618 Vx=8,8675 Vy=89,1804
[5881,222] Ball=B006 X=140,2059 Y=98,4975 Vx=-73,9562 Vy=25,1091
[5882,136] Ball=B002 X=334,1200 Y=204,6425 Vx=-107,3755 Vy=-216,4613
[5899,631] Ball=B001 X=148,2656 Y=4,0865 Vx=8,8675 Vy=89,1804
[5896,536] Ball=B003 X=382,1369 Y=53,3367 Vx=169,6458 Vy=-54,8445
[5896,086] Ball=B006 X=139,1066 Y=98,8707 Vx=-73,9562 Vy=25,1091
[5889,028] Ball=B008 X=47,5124 Y=126,2250 Vx=-106,4416 Vy=60,4678
[5897,073] Ball=B002 X=332,5161 Y=201,4093 Vx=-107,3755 Vy=-216,4613
[5896,318] Ball=B005 X=211,3364 Y=140,1321 Vx=140,8291 Vy=15,4476
[5896,494] Ball=B004 X=36,4815 Y=234,0764 Vx=60,1018 Vy=0,1597
[5891,725] Ball=B007 X=177,2035 Y=138,7894 Vx=-102,3778 Vy=-42,4669
[5912,067] Ball=B006 X=137,9247 Y=99,2720 Vx=-73,9562 Vy=25,1091
[5912,547] Ball=B003 X=377,2837 Y=52,4586 Vx=-169,6458 Vy=-54,8445
[5912,419] Ball=B004 X=37,4386 Y=234,0789 Vx=60,1018 Vy=0,1597
[5907,640] Ball=B007 X=175,5742 Y=138,1136 Vx=-102,3778 Vy=-42,4669
[5913,165] Ball=B002 X=330,7882 Y=197,9259 Vx=-107,3755 Vy=-216,4613
[5912,419] Ball=B005 X=213,6038 Y=140,3808 Vx=140,8291 Vy=15,4476
[5905,140] Ball=B008 X=45,7975 Y=127,1993 Vx=-106,4416 Vy=60,4678
[5915,776] Ball=B001 X=148,4087 Y=5,5264 Vx=8,8675 Vy=89,1804
[5930,680] Ball=B001 X=148,5409 Y=6,8554 Vx=8,8675 Vy=89,1804
[5928,097] Ball=B002 X=329,1849 Y=194,6939 Vx=-107,3755 Vy=-216,4613
[5927,459] Ball=B004 X=38,3426 Y=234,0813 Vx=60,1018 Vy=0,1597
[5920,055] Ball=B008 X=44,2099 Y=128,1011 Vx=-106,4416 Vy=60,4678
[5927,374] Ball=B005 X=215,7100 Y=140,6119 Vx=140,8291 Vy=15,4476
[5927,733] Ball=B003 X=374,7075 Y=51,6257 Vx=-169,6458 Vy=-54,8445
[5927,268] Ball=B006 X=136,8004 Y=99,6537 Vx=-73,9562 Vy=25,1091
[5922,717] Ball=B007 X=174,0307 Y=137,4733 Vx=-102,3778 Vy=-42,4669
[5942,466] Ball=B004 X=39,2445 Y=234,0837 Vx=60,1018 Vy=0,1597
[5943,112] Ball=B002 X=327,5727 Y=191,4437 Vx=-107,3755 Vy=-216,4613
[5942,148] Ball=B006 X=135,7000 Y=100,0273 Vx=-73,9562 Vy=25,1091
[5937,699] Ball=B007 X=172,4968 Y=136,8371 Vx=-102,3778 Vy=-42,4669
[5935,235] Ball=B008 X=42,5941 Y=129,0191 Vx=-106,4416 Vy=60,4678
[5942,517] Ball=B005 X=217,8426 Y=140,8458 Vx=140,8291 Vy=15,4476
[5945,872] Ball=B001 X=148,6756 Y=8,2103 Vx=8,8675 Vy=89,1804
[5942,850] Ball=B003 X=372,1429 Y=50,7966 Vx=-169,6458 Vy=-54,8445
[5961,779] Ball=B001 X=148,8166 Y=9,6288 Vx=8,8675 Vy=89,1804
[5958,213] Ball=B006 X=134,5119 Y=100,4307 Vx=-73,9562 Vy=25,1091
[5953,770] Ball=B007 X=170,8515 Y=136,1546 Vx=-102,3778 Vy=-42,4669
[5951,252] Ball=B008 X=40,8892 Y=129,9876 Vx=-106,4416 Vy=60,4678
[5958,541] Ball=B005 X=220,0992 Y=141,0933 Vx=140,8291 Vy=15,4476
[5958,661] Ball=B004 X=40,2178 Y=234,0863 Vx=60,1018 Vy=0,1597
[5959,305] Ball=B002 X=325,8339 Y=187,9385 Vx=-107,3755 Vy=-216,4613
[5958,678] Ball=B003 X=369,4578 Y=49,9285 Vx=-169,6458 Vy=-54,8445
[5975,187] Ball=B002 X=324,1286 Y=184,5006 Vx=-107,3755 Vy=-216,4613
[5974,541] Ball=B004 X=41,1722 Y=234,0889 Vx=60,1018 Vy=0,1597
[5967,158] Ball=B008 X=39,1962 Y=130,9494 Vx=-106,4416 Vy=60,4678
[5969,777] Ball=B007 X=169,2128 Y=135,4748 Vx=-102,3778 Vy=-42,4669
[5977,812] Ball=B001 X=148,9588 Y=11,0588 Vx=8,8675 Vy=89,1804
[5974,722] Ball=B003 X=366,7359 Y=49,0486 Vx=-169,6458 Vy=-54,8445
[5974,471] Ball=B005 X=222,3425 Y=141,3394 Vx=140,8291 Vy=15,4476
[5974,323] Ball=B006 X=133,3204 Y=100,8352 Vx=-73,9562 Vy=25,1091
[5983,103] Ball=B008 X=37,4991 Y=131,9134 Vx=-106,4416 Vy=60,4678
[5990,404] Ball=B005 X=224,5863 Y=141,5855 Vx=140,8291 Vy=15,4476
[5990,517] Ball=B004 X=42,1324 Y=234,0914 Vx=60,1018 Vy=0,1597
[5985,734] Ball=B007 X=167,5791 Y=134,7972 Vx=-102,3778 Vy=-42,4669
[5991,335] Ball=B002 X=322,3947 Y=181,0052 Vx=-107,3755 Vy=-216,4613
[5993,932] Ball=B001 X=149,1018 Y=12,4963 Vx=8,8675 Vy=89,1804
[5990,837] Ball=B003 X=364,0022 Y=48,1648 Vx=-169,6458 Vy=-54,8445
[5990,372] Ball=B006 X=132,1413 Y=101,2356 Vx=-73,9562 Vy=25,1091
[6009,642] Ball=B001 X=149,2411 Y=13,8973 Vx=8,8675 Vy=89,1804
[6006,071] Ball=B006 X=130,9726 Y=101,6323 Vx=-73,9562 Vy=25,1091
[6006,548] Ball=B003 X=361,3369 Y=47,3031 Vx=-169,6458 Vy=-54,8445
[6001,635] Ball=B007 X=165,9512 Y=134,1219 Vx=-102,3778 Vy=-42,4669
[6006,599] Ball=B004 X=43,0948 Y=234,0940 Vx=60,1018 Vy=0,1597
[6007,251] Ball=B002 X=320,6857 Y=177,5600 Vx=-107,3755 Vy=-216,4613
[5999,275] Ball=B008 X=35,7775 Y=132,8914 Vx=-106,4416 Vy=60,4678
[6006,599] Ball=B005 X=226,8672 Y=141,8357 Vx=140,8291 Vy=15,4476
[6021,303] Ball=B005 X=228,9377 Y=142,0628 Vx=140,8291 Vy=15,4476
[6014,023] Ball=B008 X=34,2079 Y=133,7831 Vx=-106,4416 Vy=60,4678
[6021,556] Ball=B004 X=43,9980 Y=234,0964 Vx=60,1018 Vy=0,1597
[6022,202] Ball=B002 X=319,0803 Y=174,3236 Vx=-107,3755 Vy=-216,4613
[6016,777] Ball=B007 X=164,4010 Y=133,4789 Vx=-102,3778 Vy=-42,4669
[6021,772] Ball=B003 X=358,7542 Y=46,4682 Vx=-169,6458 Vy=-54,8445
[6024,873] Ball=B001 X=149,3761 Y=15,2557 Vx=8,8675 Vy=89,1804
[6021,373] Ball=B006 X=129,8408 Y=102,0166 Vx=-73,9562 Vy=25,1091
[6036,207] Ball=B006 X=128,7438 Y=102,3890 Vx=-73,9562 Vy=25,1091
[6037,189] Ball=B002 X=317,4711 Y=171,0797 Vx=-107,3755 Vy=-216,4613
[6031,769] Ball=B007 X=162,8662 Y=132,8423 Vx=-102,3778 Vy=-42,4669
[6036,697] Ball=B003 X=356,2223 Y=45,6496 Vx=-169,6458 Vy=-54,8445
[6036,506] Ball=B005 X=231,0790 Y=142,2977 Vx=140,8291 Vy=15,4476
[6036,684] Ball=B004 X=44,9072 Y=234,0988 Vx=60,1018 Vy=0,1597
[6029,293] Ball=B008 X=32,5824 Y=134,7065 Vx=-106,4416 Vy=60,4678
[6039,938] Ball=B001 X=149,5095 Y=16,5972 Vx=8,8675 Vy=89,1804
[6051,536] Ball=B004 X=45,7998 Y=234,1012 Vx=60,1018 Vy=0,1597
[6044,162] Ball=B008 X=30,9997 Y=135,6056 Vx=-106,4416 Vy=60,4678
[6046,770] Ball=B007 X=161,3304 Y=132,2052 Vx=-102,3778 Vy=-42,4669
[6054,800] Ball=B001 X=149,6415 Y=17,9246 Vx=8,8675 Vy=89,1804
[6051,539] Ball=B005 X=233,1960 Y=142,5299 Vx=140,8291 Vy=15,4476
[6051,793] Ball=B003 X=353,6612 Y=44,8217 Vx=-169,6458 Vy=-54,8445
[6051,324] Ball=B006 X=127,6258 Y=102,7686 Vx=-73,9562 Vy=25,1091
[6052,310] Ball=B002 X=315,8474 Y=167,8064 Vx=-107,3755 Vy=-216,4613
[6060,140] Ball=B008 X=29,2990 Y=136,5718 Vx=-106,4416 Vy=60,4678
[6067,684] Ball=B003 X=350,9654 Y=43,9502 Vx=-169,6458 Vy=-54,8445
[6062,771] Ball=B007 X=159,6923 Y=131,5257 Vx=-102,3778 Vy=-42,4669
[6070,801] Ball=B001 X=149,7834 Y=19,3516 Vx=8,8675 Vy=89,1804
[6067,233] Ball=B006 X=126,4492 Y=103,1681 Vx=-73,9562 Vy=25,1091
[6068,213] Ball=B002 X=314,1399 Y=164,3641 Vx=-107,3755 Vy=-216,4613
[6067,525] Ball=B005 X=235,4380 Y=142,7758 Vx=140,8291 Vy=15,4476
[6067,646] Ball=B004 X=46,7680 Y=234,1037 Vx=60,1018 Vy=0,1597
[6083,436] Ball=B005 X=237,6879 Y=143,0226 Vx=140,8291 Vy=15,4476
[6086,790] Ball=B001 X=149,9252 Y=20,7774 Vx=8,8675 Vy=89,1804
[6084,207] Ball=B002 X=312,4226 Y=160,9022 Vx=-107,3755 Vy=-216,4613
[6083,237] Ball=B006 X=125,2656 Y=103,5699 Vx=-73,9562 Vy=25,1091
[6083,718] Ball=B003 X=348,2453 Y=43,0708 Vx=-169,6458 Vy=-54,8445
[6078,887] Ball=B007 X=158,0423 Y=130,8413 Vx=-102,3778 Vy=-42,4669
[6083,677] Ball=B004 X=47,7316 Y=234,1063 Vx=60,1018 Vy=0,1597
[6076,287] Ball=B008 X=27,5803 Y=137,5481 Vx=-106,4416 Vy=60,4678
[6099,362] Ball=B005 X=239,9308 Y=143,2687 Vx=140,8291 Vy=15,4476
[6094,810] Ball=B007 X=156,4197 Y=130,1682 Vx=-102,3778 Vy=-42,4669
[6092,214] Ball=B008 X=25,8849 Y=138,5112 Vx=-106,4416 Vy=60,4678
[6099,281] Ball=B006 X=124,0790 Y=103,9728 Vx=-73,9562 Vy=25,1091
[6100,327] Ball=B002 X=310,6916 Y=157,4126 Vx=-107,3755 Vy=-216,4613
[6102,925] Ball=B001 X=150,0683 Y=22,2163 Vx=8,8675 Vy=89,1804
[6099,685] Ball=B004 X=48,6936 Y=234,1088 Vx=60,1018 Vy=0,1597
[6099,823] Ball=B003 X=345,5132 Y=42,1875 Vx=-169,6458 Vy=-54,8445
[6115,215] Ball=B006 X=122,9007 Y=104,3728 Vx=-73,9562 Vy=25,1091
[6115,695] Ball=B003 X=342,8206 Y=41,3170 Vx=-169,6458 Vy=-54,8445
[6118,808] Ball=B001 X=150,2091 Y=23,6328 Vx=8,8675 Vy=89,1804
[6115,578] Ball=B004 X=49,6488 Y=234,1114 Vx=60,1018 Vy=0,1597
[6116,233] Ball=B002 X=308,9837 Y=153,9695 Vx=-107,3755 Vy=-216,4613
[6110,802] Ball=B007 X=154,7749 Y=129,4860 Vx=-102,3778 Vy=-42,4669
[6108,200] Ball=B008 X=24,1834 Y=139,4779 Vx=-106,4416 Vy=60,4678
[6115,565] Ball=B005 X=242,2127 Y=143,5190 Vx=140,8291 Vy=15,4476
[6124,162] Ball=B008 X=22,4845 Y=140,4430 Vx=-106,4416 Vy=60,4678
[6134,801] Ball=B001 X=150,3509 Y=25,0590 Vx=8,8675 Vy=89,1804
[6126,787] Ball=B007 X=153,1385 Y=128,8071 Vx=-102,3778 Vy=-42,4669
[6132,222] Ball=B002 X=307,2669 Y=150,5087 Vx=-107,3755 Vy=-216,4613
[6131,585] Ball=B004 X=50,6109 Y=234,1139 Vx=60,1018 Vy=0,1597
[6131,732] Ball=B003 X=340,0999 Y=40,4375 Vx=-169,6458 Vy=-54,8445
[6131,477] Ball=B005 X=244,4536 Y=143,7648 Vx=140,8291 Vy=15,4476
[6131,342] Ball=B006 X=121,7079 Y=104,7778 Vx=-73,9562 Vy=25,1091
[6141,765] Ball=B007 X=151,6050 Y=128,1710 Vx=-102,3778 Vy=-42,4669
[6146,550] Ball=B004 X=51,5103 Y=234,1163 Vx=60,1018 Vy=0,1597
[6146,444] Ball=B005 X=246,5614 Y=143,9960 Vx=140,8291 Vy=15,4476
[6146,707] Ball=B003 X=337,5595 Y=39,6162 Vx=-169,6458 Vy=-54,8445
[6146,244] Ball=B006 X=120,6059 Y=105,1520 Vx=-73,9562 Vy=25,1091
[6147,230] Ball=B002 X=305,6554 Y=147,2600 Vx=-107,3755 Vy=-216,4613
[6139,256] Ball=B008 X=20,8777 Y=141,3558 Vx=-106,4416 Vy=60,4678
[6149,898] Ball=B001 X=150,4848 Y=26,4054 Vx=8,8675 Vy=89,1804
[6156,625] Ball=B007 X=150,0838 Y=127,5400 Vx=-102,3778 Vy=-42,4669
[6161,298] Ball=B005 X=248,6532 Y=144,2254 Vx=140,8291 Vy=15,4476
[6161,566] Ball=B003 X=335,0387 Y=38,8012 Vx=-169,6458 Vy=-54,8445
[6161,126] Ball=B006 X=119,5052 Y=105,5257 Vx=-73,9562 Vy=25,1091
[6164,700] Ball=B001 X=150,6161 Y=27,7254 Vx=8,8675 Vy=89,1804
[6154,073] Ball=B008 X=19,3006 Y=142,2517 Vx=-106,4416 Vy=60,4678
[6162,120] Ball=B002 X=304,0565 Y=144,0367 Vx=-107,3755 Vy=-216,4613
[6161,478] Ball=B004 X=52,4075 Y=234,1187 Vx=60,1018 Vy=0,1597
[6169,748] Ball=B008 X=17,6323 Y=143,1994 Vx=-106,4416 Vy=60,4678
[6177,147] Ball=B004 X=53,3493 Y=234,1212 Vx=60,1018 Vy=0,1597
[6177,292] Ball=B003 X=332,3709 Y=37,9388 Vx=-169,6458 Vy=-54,8445
[6176,829] Ball=B006 X=118,3439 Y=105,9200 Vx=-73,9562 Vy=25,1091
[6177,065] Ball=B005 X=250,8738 Y=144,4690 Vx=140,8291 Vy=15,4476
[6180,421] Ball=B001 X=150,7555 Y=29,1275 Vx=8,8675 Vy=89,1804
[6172,516] Ball=B007 X=148,4568 Y=126,8652 Vx=-102,3778 Vy=-42,4669
[6177,792] Ball=B002 X=302,3739 Y=140,6447 Vx=-107,3755 Vy=-216,4613
[6191,986] Ball=B006 X=117,2230 Y=106,3005 Vx=-73,9562 Vy=25,1091
[6192,976] Ball=B002 X=300,7434 Y=137,3578 Vx=-107,3755 Vy=-216,4613
[6184,946] Ball=B008 X=16,0144 Y=144,1185 Vx=-106,4416 Vy=60,4678
[6192,348] Ball=B004 X=54,2629 Y=234,1236 Vx=60,1018 Vy=0,1597
[6195,600] Ball=B001 X=150,8901 Y=30,4811 Vx=8,8675 Vy=89,1804
[6187,587] Ball=B007 X=146,9139 Y=126,2251 Vx=-102,3778 Vy=-42,4669
[6192,260] Ball=B005 X=253,0136 Y=144,7037 Vx=140,8291 Vy=15,4476
[6192,515] Ball=B003 X=329,7883 Y=37,1038 Vx=-169,6458 Vy=-54,8445
[6211,587] Ball=B001 X=151,0318 Y=31,9068 Vx=8,8675 Vy=89,1804
[6203,574] Ball=B007 X=145,2772 Y=125,5462 Vx=-102,3778 Vy=-42,4669
[6208,595] Ball=B003 X=327,0604 Y=36,2220 Vx=-169,6458 Vy=-54,8445
[6208,132] Ball=B006 X=116,0288 Y=106,7059 Vx=-73,9562 Vy=25,1091
[6208,471] Ball=B004 X=55,2319 Y=234,1262 Vx=60,1018 Vy=0,1597
[6201,084] Ball=B008 X=14,2966 Y=145,0944 Vx=-106,4416 Vy=60,4678
[6208,377] Ball=B005 X=255,2833 Y=144,9527 Vx=140,8291 Vy=15,4476
[6209,208] Ball=B002 X=299,0004 Y=133,8440 Vx=-107,3755 Vy=-216,4613
[6223,035] Ball=B006 X=114,9267 Y=107,0801 Vx=-73,9562 Vy=25,1091
[6224,016] Ball=B002 X=297,4104 Y=130,6388 Vx=-107,3755 Vy=-216,4613
[6223,267] Ball=B005 X=257,3803 Y=145,1827 Vx=140,8291 Vy=15,4476
[6226,628] Ball=B001 X=151,1652 Y=33,2482 Vx=8,8675 Vy=89,1804
[6216,003] Ball=B008 X=12,7087 Y=145,9965 Vx=-106,4416 Vy=60,4678
[6223,405] Ball=B004 X=56,1295 Y=234,1286 Vx=60,1018 Vy=0,1597
[6218,621] Ball=B007 X=143,7366 Y=124,9072 Vx=-102,3778 Vy=-42,4669
[6223,542] Ball=B003 X=324,5247 Y=35,4022 Vx=-169,6458 Vy=-54,8445
[6231,798] Ball=B008 X=11,0275 Y=146,9515 Vx=-106,4416 Vy=60,4678
[6242,441] Ball=B001 X=151,3054 Y=34,6584 Vx=8,8675 Vy=89,1804
[6239,306] Ball=B004 X=57,0812 Y=234,1311 Vx=60,1018 Vy=0,1597
[6234,533] Ball=B007 X=142,1077 Y=124,2315 Vx=-102,3778 Vy=-42,4669
[6239,574] Ball=B003 X=321,8049 Y=34,5229 Vx=-169,6458 Vy=-54,8445
[6239,330] Ball=B005 X=259,6425 Y=145,4308 Vx=140,8291 Vy=15,4476
[6240,102] Ball=B002 X=295,6832 Y=127,1567 Vx=-107,3755 Vy=-216,4613
[6239,128] Ball=B006 X=113,7365 Y=107,4842 Vx=-73,9562 Vy=25,1091
[6255,028] Ball=B002 X=294,0806 Y=123,9260 Vx=-107,3755 Vy=-216,4613
[6246,993] Ball=B008 X=9,4100 Y=147,8704 Vx=-106,4416 Vy=60,4678
[6254,064] Ball=B006 X=112,6319 Y=107,8592 Vx=-73,9562 Vy=25,1091
[6257,647] Ball=B001 X=151,4403 Y=36,0145 Vx=8,8675 Vy=89,1804
[6254,560] Ball=B003 X=319,2627 Y=33,7010 Vx=-169,6458 Vy=-54,8445
[6249,768] Ball=B007 X=140,5480 Y=123,5845 Vx=-102,3778 Vy=-42,4669
[6254,555] Ball=B004 X=58,0016 Y=234,1336 Vx=60,1018 Vy=0,1597
[6254,380] Ball=B005 X=261,7620 Y=145,6633 Vx=140,8291 Vy=15,4476
[6264,624] Ball=B007 X=139,0270 Y=122,9536 Vx=-102,3778 Vy=-42,4669
[6269,295] Ball=B005 X=263,8624 Y=145,8937 Vx=140,8291 Vy=15,4476
[6269,564] Ball=B003 X=316,7173 Y=32,8781 Vx=-169,6458 Vy=-54,8445
[6269,433] Ball=B004 X=58,8958 Y=234,1359 Vx=60,1018 Vy=0,1597
[6269,176] Ball=B006 X=111,5142 Y=108,2387 Vx=-73,9562 Vy=25,1091
[6272,800] Ball=B001 X=151,5746 Y=37,3658 Vx=8,8675 Vy=89,1804
[6270,208] Ball=B002 X=292,4506 Y=120,6401 Vx=-107,3755 Vy=-216,4613
[6262,229] Ball=B008 X=7,7883 Y=148,7917 Vx=-106,4416 Vy=60,4678
[6280,580] Ball=B007 X=137,3935 Y=122,2760 Vx=-102,3778 Vy=-42,4669
[6286,017] Ball=B002 X=290,7531 Y=117,2181 Vx=-107,3755 Vy=-216,4613
[6285,050] Ball=B006 X=110,3403 Y=108,6373 Vx=-73,9562 Vy=25,1091
[6288,631] Ball=B001 X=151,7150 Y=38,7777 Vx=8,8675 Vy=89,1804
[6285,461] Ball=B004 X=59,8556 Y=234,1385 Vx=60,1018 Vy=0,1597
[6278,076] Ball=B008 X=6,1015 Y=149,7499 Vx=-106,4416 Vy=60,4678
[6285,357] Ball=B005 X=266,1244 Y=146,1418 Vx=140,8291 Vy=15,4476
[6285,751] Ball=B003 X=313,9712 Y=31,9904 Vx=-169,6458 Vy=-54,8445
[6300,305] Ball=B004 X=60,7512 Y=234,1409 Vx=60,1018 Vy=0,1597
[6303,550] Ball=B001 X=151,8473 Y=40,1081 Vx=8,8675 Vy=89,1804
[6292,928] Ball=B008 X=4,5206 Y=150,6479 Vx=-106,4416 Vy=60,4678
[6300,970] Ball=B002 X=289,1475 Y=113,9812 Vx=-107,3755 Vy=-216,4613
[6300,086] Ball=B006 X=109,2283 Y=109,0148 Vx=-73,9562 Vy=25,1091
[6300,556] Ball=B003 X=311,4597 Y=31,1784 Vx=-169,6458 Vy=-54,8445
[6295,640] Ball=B007 X=135,8517 Y=121,6365 Vx=-102,3778 Vy=-42,4669
[6300,364] Ball=B005 X=268,2378 Y=146,3737 Vx=140,8291 Vy=15,4476
[6316,248] Ball=B005 X=270,4746 Y=146,6190 Vx=140,8291 Vy=15,4476
[6316,498] Ball=B003 X=308,7553 Y=30,3041 Vx=-169,6458 Vy=-54,8445
[6316,368] Ball=B004 X=61,7167 Y=234,1434 Vx=60,1018 Vy=0,1597
[6311,586] Ball=B007 X=134,2191 Y=120,9593 Vx=-102,3778 Vy=-42,4669
[6316,067] Ball=B006 X=107,3461 Y=109,0814 Vx=-109,2622 Vy=8,2345
[6309,006] Ball=B008 X=2,8093 Y=151,6202 Vx=-106,4416 Vy=60,4678
[6317,130] Ball=B002 X=287,4215 Y=110,5017 Vx=-107,3755 Vy=-216,4613
[6319,730] Ball=B001 X=151,9908 Y=41,5511 Vx=8,8675 Vy=89,1804
[6332,001] Ball=B002 X=285,8156 Y=107,2645 Vx=-107,3755 Vy=-216,4613
[6331,025] Ball=B006 X=105,7119 Y=109,2046 Vx=-109,2622 Vy=8,2345
[6334,605] Ball=B001 X=152,1227 Y=42,8777 Vx=8,8675 Vy=89,1804
[6326,601] Ball=B007 X=133,7721 Y=120,8427 Vx=-38,8270 Vy=-12,0926
[6331,528] Ball=B003 X=306,2053 Y=29,4797 Vx=-169,6458 Vy=-54,8445
[6323,997] Ball=B008 X=1,2136 Y=152,5266 Vx=-106,4416 Vy=60,4678
[6331,277] Ball=B005 X=272,5912 Y=146,8512 Vx=140,8291 Vy=15,4476
[6331,461] Ball=B004 X=62,6238 Y=234,1458 Vx=60,1018 Vy=0,1597
[6346,114] Ball=B005 X=274,6806 Y=147,0804 Vx=140,8291 Vy=15,4476
[6341,453] Ball=B007 X=133,1955 Y=120,6631 Vx=-38,8270 Vy=-12,0926
[6346,390] Ball=B003 X=303,6841 Y=28,6647 Vx=-169,6458 Vy=-54,8445
[6345,935] Ball=B006 X=104,0828 Y=109,3274 Vx=-109,2622 Vy=8,2345
[6338,880] Ball=B008 X=-0,3705 Y=153,4265 Vx=-106,4416 Vy=60,4678
[6349,516] Ball=B001 X=152,2549 Y=44,2075 Vx=8,8675 Vy=89,1804
[6347,016] Ball=B002 X=284,2033 Y=104,0141 Vx=-107,3755 Vy=-216,4613
[6346,380] Ball=B004 X=63,5204 Y=234,1482 Vx=60,1018 Vy=0,1597
[6364,566] Ball=B001 X=152,3884 Y=45,5495 Vx=8,8675 Vy=89,1804
[6361,996] Ball=B002 X=282,5948 Y=100,7715 Vx=-107,3755 Vy=-216,4613
[6356,600] Ball=B007 X=132,6073 Y=120,4799 Vx=-38,8270 Vy=-12,0926
[6353,996] Ball=B008 X=1,6090 Y=154,3406 Vx=106,4416 Vy=60,4678
[6361,549] Ball=B004 X=64,4322 Y=234,1507 Vx=60,1018 Vy=0,1597
[6361,442] Ball=B005 X=276,8394 Y=147,3172 Vx=140,8291 Vy=15,4476
[6361,223] Ball=B006 X=102,4123 Y=109,4533 Vx=-109,2622 Vy=8,2345
[6361,622] Ball=B003 X=301,1001 Y=27,8293 Vx=-169,6458 Vy=-54,8445
[6377,248] Ball=B005 X=279,0652 Y=147,5613 Vx=140,8291 Vy=15,4476
[6377,520] Ball=B003 X=298,4031 Y=26,9574 Vx=-169,6458 Vy=-54,8445
[6377,054] Ball=B006 X=100,6826 Y=109,5836 Vx=-109,2622 Vy=8,2345
[6372,609] Ball=B007 X=131,9857 Y=120,2863 Vx=-38,8270 Vy=-12,0926
[6377,529] Ball=B004 X=65,3894 Y=234,1532 Vx=60,1018 Vy=0,1597
[6378,181] Ball=B002 X=280,8569 Y=97,2680 Vx=-107,3755 Vy=-216,4613
[6380,788] Ball=B001 X=152,5322 Y=46,9963 Vx=8,8675 Vy=89,1804
[6370,154] Ball=B008 X=3,3289 Y=155,3177 Vx=106,4416 Vy=60,4678
[6394,020] Ball=B002 X=279,1562 Y=93,8396 Vx=-107,3755 Vy=-216,4613
[6393,392] Ball=B004 X=66,3460 Y=234,1557 Vx=60,1018 Vy=0,1597
[6393,286] Ball=B005 X=281,3239 Y=147,8091 Vx=140,8291 Vy=15,4476
[6393,077] Ball=B006 X=98,9319 Y=109,7156 Vx=-109,2622 Vy=8,2345
[6396,653] Ball=B001 X=152,6729 Y=48,4111 Vx=8,8675 Vy=89,1804
[6393,563] Ball=B003 X=295,6813 Y=26,0775 Vx=-169,6458 Vy=-54,8445
[6386,111] Ball=B008 X=5,0274 Y=156,2825 Vx=106,4416 Vy=60,4678
[6388,833] Ball=B007 X=131,3558 Y=120,0901 Vx=-38,8270 Vy=-12,0926
[6408,509] Ball=B003 X=293,1460 Y=25,2578 Vx=-169,6458 Vy=-54,8445
[6400,984] Ball=B008 X=6,6105 Y=157,1818 Vx=106,4416 Vy=60,4678
[6408,385] Ball=B004 X=67,2470 Y=234,1581 Vx=60,1018 Vy=0,1597
[6403,678] Ball=B007 X=130,7794 Y=119,9106 Vx=-38,8270 Vy=-12,0926
[6411,703] Ball=B001 X=152,8063 Y=49,7533 Vx=8,8675 Vy=89,1804
[6409,167] Ball=B002 X=277,5297 Y=90,5607 Vx=-107,3755 Vy=-216,4613
[6408,471] Ball=B005 X=283,4456 Y=148,0418 Vx=140,8291 Vy=15,4476
[6408,042] Ball=B006 X=97,2973 Y=109,8388 Vx=-109,2622 Vy=8,2345
[6422,897] Ball=B006 X=95,6738 Y=109,9611 Vx=-109,2622 Vy=8,2345
[6426,486] Ball=B001 X=152,9374 Y=51,0716 Vx=8,8675 Vy=89,1804
[6423,133] Ball=B005 X=285,5272 Y=148,2701 Vx=140,8291 Vy=15,4476
[6423,901] Ball=B002 X=275,9477 Y=87,3714 Vx=-107,3755 Vy=-216,4613
[6418,641] Ball=B007 X=130,1984 Y=119,7297 Vx=-38,8270 Vy=-12,0926
[6423,429] Ball=B004 X=68,1513 Y=234,1605 Vx=60,1018 Vy=0,1597
[6416,099] Ball=B008 X=8,2193 Y=158,0958 Vx=106,4416 Vy=60,4678
[6423,776] Ball=B003 X=290,5558 Y=24,4204 Vx=-169,6458 Vy=-54,8445
[6434,484] Ball=B007 X=129,5833 Y=119,5381 Vx=-38,8270 Vy=-12,0926
[6439,407] Ball=B003 X=287,9043 Y=23,5632 Vx=-169,6458 Vy=-54,8445
[6431,921] Ball=B008 X=9,9034 Y=159,0525 Vx=106,4416 Vy=60,4678
[6442,645] Ball=B001 X=153,0807 Y=52,5128 Vx=8,8675 Vy=89,1804
[6439,408] Ball=B004 X=69,1117 Y=234,1631 Vx=60,1018 Vy=0,1597
[6439,086] Ball=B006 X=93,9048 Y=110,0944 Vx=-109,2622 Vy=8,2345
[6440,117] Ball=B002 X=274,2065 Y=83,8613 Vx=-107,3755 Vy=-216,4613
[6439,424] Ball=B005 X=287,8144 Y=148,5210 Vx=140,8291 Vy=15,4476
[6453,892] Ball=B006 X=92,2872 Y=110,2164 Vx=-109,2622 Vy=8,2345
[6449,445] Ball=B007 X=129,0024 Y=119,3572 Vx=-38,8270 Vy=-12,0926
[6454,967] Ball=B002 X=272,6120 Y=80,6468 Vx=-107,3755 Vy=-216,4613
[6457,669] Ball=B001 X=153,2140 Y=53,8525 Vx=8,8675 Vy=89,1804
[6447,043] Ball=B008 X=11,5130 Y=159,9669 Vx=106,4416 Vy=60,4678
[6454,586] Ball=B003 X=285,3291 Y=22,7307 Vx=-169,6458 Vy=-54,8445
[6454,391] Ball=B004 X=70,0121 Y=234,1655 Vx=60,1018 Vy=0,1597
[6454,141] Ball=B005 X=289,8940 Y=148,7491 Vx=140,8291 Vy=15,4476
[6469,396] Ball=B004 X=70,9139 Y=234,1679 Vx=60,1018 Vy=0,1597
[6461,999] Ball=B008 X=13,1050 Y=160,8713 Vx=106,4416 Vy=60,4678
[6469,544] Ball=B003 X=282,7916 Y=21,9104 Vx=-169,6458 Vy=-54,8445
[6464,627] Ball=B007 X=128,4129 Y=119,1736 Vx=-38,8270 Vy=-12,0926
[6472,674] Ball=B001 X=153,3470 Y=55,1908 Vx=8,8675 Vy=89,1804
[6470,080] Ball=B002 X=270,9892 Y=77,3755 Vx=-107,3755 Vy=-216,4613
[6469,104] Ball=B006 X=90,6250 Y=110,3416 Vx=-109,2622 Vy=8,2345
[6469,336] Ball=B005 X=292,0340 Y=148,9839 Vx=140,8291 Vy=15,4476
[6484,361] Ball=B004 X=71,8133 Y=234,1703 Vx=60,1018 Vy=0,1597
[6485,014] Ball=B002 X=269,3857 Y=74,1429 Vx=-107,3755 Vy=-216,4613
[6484,264] Ball=B005 X=294,1352 Y=149,2143 Vx=140,8291 Vy=15,4476
[6484,141] Ball=B006 X=88,9821 Y=110,4654 Vx=-109,2622 Vy=8,2345
[6479,692] Ball=B007 X=127,8280 Y=118,9914 Vx=-38,8270 Vy=-12,0926
[6484,619] Ball=B003 X=280,2341 Y=21,0836 Vx=-169,6458 Vy=-54,8445
[6487,719] Ball=B001 X=153,4804 Y=56,5324 Vx=8,8675 Vy=89,1804
[6477,149] Ball=B008 X=14,7176 Y=161,7874 Vx=106,4416 Vy=60,4678
[6503,435] Ball=B001 X=153,6198 Y=57,9339 Vx=8,8675 Vy=89,1804
[6500,347] Ball=B003 X=277,5660 Y=20,2210 Vx=-169,6458 Vy=-54,8445
[6500,216] Ball=B004 X=72,7663 Y=234,1728 Vx=60,1018 Vy=0,1597
[6492,829] Ball=B008 X=16,3866 Y=162,7355 Vx=106,4416 Vy=60,4678
[6500,118] Ball=B005 X=296,3690 Y=149,4594 Vx=140,8291 Vy=15,4476
[6499,909] Ball=B006 X=87,2591 Y=110,5953 Vx=-109,2622 Vy=8,2345
[6500,891] Ball=B002 X=267,6808 Y=70,7059 Vx=-107,3755 Vy=-216,4613
[6495,465] Ball=B007 X=127,2156 Y=118,8007 Vx=-38,8270 Vy=-12,0926
[6510,584] Ball=B007 X=126,6286 Y=118,6179 Vx=-38,8270 Vy=-12,0926
[6507,987] Ball=B008 X=18,0000 Y=163,6520 Vx=106,4416 Vy=60,4678
[6516,033] Ball=B002 X=266,0550 Y=67,4285 Vx=-107,3755 Vy=-216,4613
[6515,533] Ball=B003 X=274,9897 Y=19,3881 Vx=-169,6458 Vy=-54,8445
[6515,078] Ball=B006 X=85,6018 Y=110,7202 Vx=-109,2622 Vy=8,2345
[6515,411] Ball=B004 X=73,6796 Y=234,1752 Vx=60,1018 Vy=0,1597
[6515,303] Ball=B005 X=298,5075 Y=149,6939 Vx=140,8291 Vy=15,4476
[6518,658] Ball=B001 X=153,7548 Y=59,2916 Vx=8,8675 Vy=89,1804
[6534,595] Ball=B001 X=153,8961 Y=60,7128 Vx=8,8675 Vy=89,1804
[6531,361] Ball=B004 X=74,6382 Y=234,1778 Vx=60,1018 Vy=0,1597
[6531,038] Ball=B006 X=83,8579 Y=110,8516 Vx=-109,2622 Vy=8,2345
[6531,269] Ball=B005 X=300,7559 Y=149,9406 Vx=140,8291 Vy=15,4476
[6531,526] Ball=B003 X=272,2766 Y=18,5110 Vx=-169,6458 Vy=-54,8445
[6532,043] Ball=B002 X=264,3358 Y=63,9627 Vx=-107,3755 Vy=-216,4613
[6524,009] Ball=B008 X=19,7055 Y=164,6209 Vx=106,4416 Vy=60,4678
[6526,622] Ball=B007 X=126,0058 Y=118,4239 Vx=-38,8270 Vy=-12,0926
[6546,497] Ball=B003 X=269,7369 Y=17,6899 Vx=-169,6458 Vy=-54,8445
[6547,018] Ball=B002 X=262,7279 Y=60,7213 Vx=-107,3755 Vy=-216,4613
[6539,002] Ball=B008 X=21,3014 Y=165,5275 Vx=106,4416 Vy=60,4678
[6549,816] Ball=B001 X=154,0311 Y=62,0703 Vx=8,8675 Vy=89,1804
[6546,251] Ball=B006 X=82,1958 Y=110,9769 Vx=-109,2622 Vy=8,2345
[6546,596] Ball=B004 X=75,5538 Y=234,1802 Vx=60,1018 Vy=0,1597
[6546,564] Ball=B005 X=302,9099 Y=150,1768 Vx=140,8291 Vy=15,4476
[6541,831] Ball=B007 X=125,4154 Y=118,2400 Vx=-38,8270 Vy=-12,0926
[6561,904] Ball=B002 X=261,1296 Y=57,4993 Vx=-107,3755 Vy=-216,4613
[6561,153] Ball=B005 X=304,9645 Y=150,4022 Vx=140,8291 Vy=15,4476
[6561,414] Ball=B003 X=267,2062 Y=16,8718 Vx=-169,6458 Vy=-54,8445
[6564,553] Ball=B001 X=154,1617 Y=63,3845 Vx=8,8675 Vy=89,1804
[6561,314] Ball=B004 X=76,4384 Y=234,1825 Vx=60,1018 Vy=0,1597
[6556,615] Ball=B007 X=124,8414 Y=118,0612 Vx=-38,8270 Vy=-12,0926
[6561,075] Ball=B006 X=80,5760 Y=111,0990 Vx=-109,2622 Vy=8,2345
[6554,141] Ball=B008 X=22,9128 Y=166,4429 Vx=106,4416 Vy=60,4678
[6569,824] Ball=B008 X=24,5820 Y=167,3912 Vx=106,4416 Vy=60,4678
[6572,438] Ball=B007 X=124,2270 Y=117,8699 Vx=-38,8270 Vy=-12,0926
[6577,229] Ball=B004 X=77,3949 Y=234,1851 Vx=60,1018 Vy=0,1597
[6576,919] Ball=B006 X=78,8449 Y=111,2294 Vx=-109,2622 Vy=8,2345
[6580,493] Ball=B001 X=154,3031 Y=64,8061 Vx=8,8675 Vy=89,1804
[6577,982] Ball=B002 X=259,4032 Y=54,0189 Vx=-107,3755 Vy=-216,4613
[6577,535] Ball=B003 X=264,4713 Y=15,9876 Vx=-169,6458 Vy=-54,8445
[6577,347] Ball=B005 X=307,2451 Y=150,6524 Vx=140,8291 Vy=15,4476
[6592,378] Ball=B003 X=261,9534 Y=15,1736 Vx=-169,6458 Vy=-54,8445
[6595,484] Ball=B001 X=154,4360 Y=66,1429 Vx=8,8675 Vy=89,1804
[6592,126] Ball=B005 X=309,3263 Y=150,8807 Vx=140,8291 Vy=15,4476
[6584,859] Ball=B008 X=26,1824 Y=168,3003 Vx=106,4416 Vy=60,4678
[6592,927] Ball=B002 X=257,7984 Y=50,7837 Vx=-107,3755 Vy=-216,4613
[6591,952] Ball=B006 X=77,2024 Y=111,3532 Vx=-109,2622 Vy=8,2345
[6587,503] Ball=B007 X=123,6420 Y=117,6877 Vx=-38,8270 Vy=-12,0926
[6592,288] Ball=B004 X=78,3000 Y=234,1875 Vx=60,1018 Vy=0,1597
[6600,980] Ball=B008 X=27,8984 Y=169,2752 Vx=106,4416 Vy=60,4678
[6608,340] Ball=B005 X=311,6097 Y=151,1311 Vx=140,8291 Vy=15,4476
[6609,143] Ball=B002 X=256,0573 Y=47,2738 Vx=-107,3755 Vy=-216,4613
[6608,503] Ball=B004 X=79,2746 Y=234,1901 Vx=60,1018 Vy=0,1597
[6608,704] Ball=B003 X=259,1835 Y=14,2781 Vx=-169,6458 Vy=-54,8445
[6611,632] Ball=B001 X=154,5792 Y=67,5830 Vx=8,8675 Vy=89,1804
[6603,790] Ball=B007 X=123,0097 Y=117,4907 Vx=-38,8270 Vy=-12,0926
[6608,049] Ball=B006 X=75,4441 Y=111,4857 Vx=-109,2622 Vy=8,2345
[6624,508] Ball=B003 X=256,5027 Y=13,4115 Vx=-169,6458 Vy=-54,8445
[6627,625] Ball=B001 X=154,7210 Y=69,0093 Vx=8,8675 Vy=89,1804
[6619,612] Ball=B007 X=122,3953 Y=117,2994 Vx=-38,8270 Vy=-12,0926
[6624,492] Ball=B004 X=80,2355 Y=234,1926 Vx=60,1018 Vy=0,1597
[6624,382] Ball=B005 X=313,8690 Y=151,3789 Vx=140,8291 Vy=15,4476
[6617,103] Ball=B008 X=29,6146 Y=170,2501 Vx=106,4416 Vy=60,4678
[6625,048] Ball=B002 X=254,3494 Y=43,8309 Vx=-107,3755 Vy=-216,4613
[6624,071] Ball=B006 X=73,6930 Y=111,6177 Vx=-109,2622 Vy=8,2345
[6639,893] Ball=B006 X=71,9643 Y=111,7480 Vx=-109,2622 Vy=8,2345
[6632,948] Ball=B008 X=31,3011 Y=171,2082 Vx=106,4416 Vy=60,4678
[6635,562] Ball=B007 X=121,7761 Y=117,1065 Vx=-38,8270 Vy=-12,0926
[6643,592] Ball=B001 X=154,8626 Y=70,4332 Vx=8,8675 Vy=89,1804
[6640,369] Ball=B004 X=81,1897 Y=234,1952 Vx=60,1018 Vy=0,1597
[6640,259] Ball=B005 X=316,1049 Y=151,6242 Vx=140,8291 Vy=15,4476
[6640,514] Ball=B003 X=253,7872 Y=12,5336 Vx=-169,6458 Vy=-54,8445
[6641,158] Ball=B002 X=252,6196 Y=40,3436 Vx=-107,3755 Vy=-216,4613
[6655,865] Ball=B002 X=251,0406 Y=37,1605 Vx=-107,3755 Vy=-216,4613
[6658,469] Ball=B001 X=154,9945 Y=71,7600 Vx=8,8675 Vy=89,1804
[6650,449] Ball=B007 X=121,1980 Y=116,9265 Vx=-38,8270 Vy=-12,0926
[6655,034] Ball=B006 X=70,3099 Y=111,8727 Vx=-109,2622 Vy=8,2345
[6655,259] Ball=B005 X=318,2173 Y=151,8559 Vx=140,8291 Vy=15,4476
[6655,521] Ball=B003 X=251,2412 Y=11,7105 Vx=-169,6458 Vy=-54,8445
[6655,390] Ball=B004 X=82,0925 Y=234,1976 Vx=60,1018 Vy=0,1597
[6648,006] Ball=B008 X=32,9039 Y=172,1187 Vx=106,4416 Vy=60,4678
[6662,874] Ball=B008 X=34,4864 Y=173,0177 Vx=106,4416 Vy=60,4678
[6671,289] Ball=B002 X=249,3843 Y=33,8215 Vx=-107,3755 Vy=-216,4613
[6670,650] Ball=B006 X=68,6037 Y=112,0013 Vx=-109,2622 Vy=8,2345
[6666,202] Ball=B007 X=120,5864 Y=116,7360 Vx=-38,8270 Vy=-12,0926
[6671,009] Ball=B004 X=83,0313 Y=234,2001 Vx=60,1018 Vy=0,1597
[6670,903] Ball=B005 X=320,4205 Y=152,0976 Vx=140,8291 Vy=15,4476
[6674,264] Ball=B001 X=155,1346 Y=73,1686 Vx=8,8675 Vy=89,1804
[6671,040] Ball=B003 X=248,6086 Y=10,8594 Vx=-169,6458 Vy=-54,8445
[6689,595] Ball=B001 X=155,2706 Y=74,5358 Vx=8,8675 Vy=89,1804
[6686,245] Ball=B005 X=322,5811 Y=152,3346 Vx=140,8291 Vy=15,4476
[6686,503] Ball=B003 X=245,9853 Y=10,0113 Vx=-169,6458 Vy=-54,8445
[6681,681] Ball=B007 X=119,9854 Y=116,5488 Vx=-38,8270 Vy=-12,0926
[6679,074] Ball=B008 X=36,2108 Y=173,9973 Vx=106,4416 Vy=60,4678
[6686,471] Ball=B004 X=83,9605 Y=234,2025 Vx=60,1018 Vy=0,1597
[6686,059] Ball=B006 X=66,9201 Y=112,1281 Vx=-109,2622 Vy=8,2345
[6687,265] Ball=B002 X=247,6689 Y=30,3634 Vx=-107,3755 Vy=-216,4613
[6697,575] Ball=B007 X=119,3683 Y=116,3566 Vx=-38,8270 Vy=-12,0926
[6702,511] Ball=B003 X=242,9801 Y=5,6331 Vx=-183,6698 Vy=-224,3741
[6703,014] Ball=B002 X=246,2270 Y=29,9658 Vx=-95,6888 Vy=-75,1866
[6702,387] Ball=B004 X=84,9171 Y=234,2051 Vx=60,1018 Vy=0,1597
[6702,375] Ball=B005 X=324,8527 Y=152,5838 Vx=140,8291 Vy=15,4476
[6702,159] Ball=B006 X=65,1610 Y=112,2607 Vx=-109,2622 Vy=8,2345
[6695,102] Ball=B008 X=37,9169 Y=174,9665 Vx=106,4416 Vy=60,4678
[6705,862] Ball=B001 X=155,4137 Y=75,9753 Vx=8,8675 Vy=89,1804
[6717,247] Ball=B005 X=326,9468 Y=152,8135 Vx=140,8291 Vy=15,4476
[6720,605] Ball=B001 X=155,5455 Y=77,3013 Vx=8,8675 Vy=89,1804
[6712,595] Ball=B007 X=118,7851 Y=116,1750 Vx=-38,8270 Vy=-12,0926
[6717,057] Ball=B006 X=63,5332 Y=112,3834 Vx=-109,2622 Vy=8,2345
[6710,101] Ball=B008 X=39,5134 Y=175,8735 Vx=106,4416 Vy=60,4678
[6717,495] Ball=B004 X=85,8252 Y=234,2075 Vx=60,1018 Vy=0,1597
[6718,200] Ball=B002 X=244,7737 Y=28,8239 Vx=-95,6888 Vy=-75,1866
[6717,686] Ball=B003 X=240,1930 Y=2,2283 Vx=-183,6698 Vy=-224,3741
[6733,274] Ball=B005 X=329,2039 Y=153,0610 Vx=140,8291 Vy=15,4476
[6725,994] Ball=B008 X=41,2049 Y=176,8344 Vx=106,4416 Vy=60,4678
[6733,062] Ball=B006 X=61,7844 Y=112,5152 Vx=-109,2622 Vy=8,2345
[6733,540] Ball=B003 X=237,2810 Y=-1,3290 Vx=-183,6698 Vy=-224,3741
[6728,637] Ball=B007 X=118,1622 Y=115,9810 Vx=-38,8270 Vy=-12,0926
[6734,074] Ball=B002 X=243,2548 Y=27,6305 Vx=-95,6888 Vy=-75,1866
[6736,690] Ball=B001 X=155,6882 Y=78,7358 Vx=8,8675 Vy=89,1804
[6733,529] Ball=B004 X=86,7888 Y=234,2100 Vx=60,1018 Vy=0,1597
[6749,184] Ball=B005 X=331,4446 Y=153,3068 Vx=140,8291 Vy=15,4476
[6749,957] Ball=B002 X=241,7350 Y=26,4363 Vx=-95,6888 Vy=-75,1866
[6741,920] Ball=B008 X=42,9003 Y=177,7975 Vx=106,4416 Vy=60,4678
[6752,597] Ball=B001 X=155,8292 Y=80,1544 Vx=8,8675 Vy=89,1804
[6749,497] Ball=B003 X=234,3502 Y=3,5803 Vx=-183,6698 Vy=224,3741
[6749,373] Ball=B004 X=87,7411 Y=234,2126 Vx=60,1018 Vy=0,1597
[6744,591] Ball=B007 X=117,5428 Y=115,7881 Vx=-38,8270 Vy=-12,0926
[6749,051] Ball=B006 X=60,0373 Y=112,6469 Vx=-109,2622 Vy=8,2345
[6764,384] Ball=B004 X=88,6432 Y=234,2150 Vx=60,1018 Vy=0,1597
[6764,052] Ball=B006 X=58,3985 Y=112,7704 Vx=-109,2622 Vy=8,2345
[6759,622] Ball=B007 X=116,9592 Y=115,6063 Vx=-38,8270 Vy=-12,0926
[6765,059] Ball=B002 X=240,2899 Y=25,3008 Vx=-95,6888 Vy=-75,1866
[6764,560] Ball=B003 X=231,5836 Y=6,9601 Vx=-183,6698 Vy=224,3741
[6757,038] Ball=B008 X=44,5094 Y=178,7116 Vx=106,4416 Vy=60,4678
[6767,677] Ball=B001 X=155,9629 Y=81,4992 Vx=8,8675 Vy=89,1804
[6764,326] Ball=B005 X=333,5772 Y=153,5407 Vx=140,8291 Vy=15,4476
[6772,806] Ball=B008 X=46,1878 Y=179,6651 Vx=106,4416 Vy=60,4678
[6783,441] Ball=B001 X=156,1027 Y=82,9050 Vx=8,8675 Vy=89,1804
[6780,355] Ball=B003 X=226,5977 Y=6,1121 Vx=-292,6199 Vy=-5,1394
[6780,871] Ball=B002 X=240,5765 Y=27,9031 Vx=-4,8971 Vy=116,0747
[6775,467] Ball=B007 X=116,3440 Y=115,4147 Vx=-38,8270 Vy=-12,0926
[6779,921] Ball=B006 X=56,6645 Y=112,9011 Vx=-109,2622 Vy=8,2345
[6780,252] Ball=B004 X=89,5970 Y=234,2175 Vx=60,1018 Vy=0,1597
[6780,136] Ball=B005 X=335,8036 Y=153,7850 Vx=140,8291 Vy=15,4476
[6787,838] Ball=B008 X=47,7879 Y=180,5741 Vx=106,4416 Vy=60,4678
[6794,896] Ball=B006 X=55,0284 Y=113,0244 Vx=-109,2622 Vy=8,2345
[6795,129] Ball=B005 X=337,9151 Y=154,0166 Vx=140,8291 Vy=15,4476
[6795,894] Ball=B002 X=240,5029 Y=29,6469 Vx=-4,8971 Vy=116,0747
[6790,473] Ball=B007 X=115,7613 Y=115,2333 Vx=-38,8270 Vy=-12,0926
[6798,604] Ball=B001 X=156,2372 Y=84,2573 Vx=8,8675 Vy=89,1804
[6795,364] Ball=B004 X=90,5052 Y=234,2199 Vx=60,1018 Vy=0,1597
[6795,502] Ball=B003 X=222,1654 Y=6,0342 Vx=-292,6199 Vy=-5,1394
[6810,031] Ball=B006 X=53,3747 Y=113,1490 Vx=-109,2622 Vy=8,2345
[6811,013] Ball=B002 X=240,4289 Y=31,4018 Vx=-4,8971 Vy=116,0747
[6813,615] Ball=B001 X=156,3703 Y=85,5960 Vx=8,8675 Vy=89,1804
[6810,521] Ball=B003 X=217,7703 Y=5,9570 Vx=-292,6199 Vy=-5,1394
[6805,610] Ball=B007 X=115,1736 Y=115,0502 Vx=-38,8270 Vy=-12,0926
[6803,013] Ball=B008 X=49,4031 Y=181,4916 Vx=106,4416 Vy=60,4678
[6810,410] Ball=B004 X=91,4095 Y=234,2223 Vx=60,1018 Vy=0,1597
[6810,308] Ball=B005 X=340,0528 Y=154,2511 Vx=140,8291 Vy=15,4476
[6825,507] Ball=B003 X=213,3854 Y=5,8800 Vx=-292,6199 Vy=-5,1394
[6825,047] Ball=B006 X=51,7339 Y=113,2727 Vx=-109,2622 Vy=8,2345
[6828,623] Ball=B001 X=156,5034 Y=86,9344 Vx=8,8675 Vy=89,1804
[6818,000] Ball=B008 X=50,9983 Y=182,3979 Vx=106,4416 Vy=60,4678
[6825,299] Ball=B005 X=342,1639 Y=154,4826 Vx=140,8291 Vy=15,4476
[6820,627] Ball=B007 X=114,5905 Y=114,8686 Vx=-38,8270 Vy=-12,0926
[6826,125] Ball=B002 X=240,3549 Y=33,1560 Vx=-4,8971 Vy=116,0747
[6825,413] Ball=B004 X=92,3112 Y=234,2247 Vx=60,1018 Vy=0,1597
[6835,452] Ball=B007 X=114,0150 Y=114,6894 Vx=-38,8270 Vy=-12,0926
[6840,244] Ball=B004 X=93,2026 Y=234,2271 Vx=60,1018 Vy=0,1597
[6840,149] Ball=B005 X=344,2553 Y=154,7120 Vx=140,8291 Vy=15,4476
[6839,948] Ball=B006 X=50,1058 Y=113,3954 Vx=-109,2622 Vy=8,2345
[6840,938] Ball=B002 X=240,2824 Y=34,8753 Vx=-4,8971 Vy=116,0747
[6843,536] Ball=B001 X=156,6356 Y=88,2644 Vx=8,8675 Vy=89,1804
[6832,902] Ball=B008 X=52,5845 Y=183,2990 Vx=106,4416 Vy=60,4678
[6840,446] Ball=B003 X=209,0136 Y=5,8032 Vx=-292,6199 Vy=-5,1394
[6856,335] Ball=B003 X=204,3648 Y=5,7216 Vx=-292,6199 Vy=-5,1394
[6859,453] Ball=B001 X=156,7768 Y=89,6838 Vx=8,8675 Vy=89,1804
[6848,826] Ball=B008 X=54,2795 Y=184,2618 Vx=106,4416 Vy=60,4678
[6855,899] Ball=B006 X=48,3630 Y=113,5267 Vx=-109,2622 Vy=8,2345
[6851,530] Ball=B007 X=113,3906 Y=114,4949 Vx=-38,8270 Vy=-12,0926
[6856,962] Ball=B002 X=240,2039 Y=36,7353 Vx=-4,8971 Vy=116,0747
[6856,213] Ball=B005 X=346,5175 Y=154,9602 Vx=140,8291 Vy=15,4476
[6856,335] Ball=B004 X=94,1697 Y=234,2297 Vx=60,1018 Vy=0,1597
[6872,002] Ball=B002 X=240,1302 Y=38,4810 Vx=-4,8971 Vy=116,0747
[6871,025] Ball=B006 X=46,7104 Y=113,6513 Vx=-109,2622 Vy=8,2345
[6871,346] Ball=B005 X=348,6487 Y=155,1939 Vx=140,8291 Vy=15,4476
[6871,598] Ball=B003 X=199,8980 Y=5,6431 Vx=-292,6199 Vy=-5,1394
[6871,583] Ball=B004 X=95,0861 Y=234,2321 Vx=60,1018 Vy=0,1597
[6864,194] Ball=B008 X=55,9153 Y=185,1911 Vx=106,4416 Vy=60,4678
[6874,832] Ball=B001 X=156,9131 Y=91,0553 Vx=8,8675 Vy=89,1804
[6866,810] Ball=B007 X=112,7974 Y=114,3101 Vx=-38,8270 Vy=-12,0926
[6881,590] Ball=B007 X=112,2236 Y=114,1314 Vx=-38,8270 Vy=-12,0926
[6878,998] Ball=B008 X=57,4910 Y=186,0863 Vx=106,4416 Vy=60,4678
[6886,392] Ball=B004 X=95,9762 Y=234,2345 Vx=60,1018 Vy=0,1597
[6886,533] Ball=B003 X=195,5279 Y=5,5664 Vx=-292,6199 Vy=-5,1394
[6889,627] Ball=B001 X=157,0443 Y=92,3747 Vx=8,8675 Vy=89,1804
[6887,145] Ball=B002 X=240,0561 Y=40,2389 Vx=-4,8971 Vy=116,0747
[6886,391] Ball=B005 X=350,7675 Y=155,4264 Vx=140,8291 Vy=15,4476
[6886,180] Ball=B006 X=45,0544 Y=113,7761 Vx=-109,2622 Vy=8,2345
[6900,908] Ball=B006 X=43,4453 Y=113,8973 Vx=-109,2622 Vy=8,2345
[6901,246] Ball=B004 X=96,8689 Y=234,2368 Vx=60,1018 Vy=0,1597
[6901,905] Ball=B002 X=239,9838 Y=41,9520 Vx=-4,8971 Vy=116,0747
[6901,161] Ball=B005 X=352,8475 Y=155,6545 Vx=140,8291 Vy=15,4476
[6904,613] Ball=B001 X=157,1772 Y=93,7112 Vx=8,8675 Vy=89,1804
[6893,984] Ball=B008 X=59,0862 Y=186,9925 Vx=106,4416 Vy=60,4678
[6896,679] Ball=B007 X=111,6376 Y=113,9489 Vx=-38,8270 Vy=-12,0926
[6901,609] Ball=B003 X=191,1164 Y=5,4889 Vx=-292,6199 Vy=-5,1394
[6917,490] Ball=B003 X=186,4697 Y=5,4073 Vx=-292,6199 Vy=-5,1394
[6917,356] Ball=B004 X=97,8372 Y=234,2394 Vx=60,1018 Vy=0,1597
[6920,597] Ball=B001 X=157,3190 Y=95,1366 Vx=8,8675 Vy=89,1804
[6909,972] Ball=B008 X=60,7880 Y=187,9592 Vx=106,4416 Vy=60,4678
[6918,136] Ball=B002 X=239,9043 Y=43,8361 Vx=-4,8971 Vy=116,0747
[6917,381] Ball=B005 X=355,1318 Y=155,9051 Vx=140,8291 Vy=15,4476
[6917,181] Ball=B006 X=41,6672 Y=114,0313 Vx=-109,2622 Vy=8,2345
[6912,950] Ball=B007 X=111,0059 Y=113,7522 Vx=-38,8270 Vy=-12,0926
[6929,590] Ball=B007 X=110,3599 Y=113,5510 Vx=-38,8270 Vy=-12,0926
[6926,988] Ball=B008 X=62,5991 Y=188,9881 Vx=106,4416 Vy=60,4678
[6934,055] Ball=B006 X=39,8235 Y=114,1703 Vx=-109,2622 Vy=8,2345
[6937,734] Ball=B001 X=157,4709 Y=96,6649 Vx=8,8675 Vy=89,1804
[6934,390] Ball=B005 X=357,5271 Y=156,1678 Vx=140,8291 Vy=15,4476
[6934,709] Ball=B003 X=181,4304 Y=5,3188 Vx=-292,6199 Vy=-5,1394
[6935,150] Ball=B002 X=239,8210 Y=45,8110 Vx=-4,8971 Vy=116,0747
[6934,586] Ball=B004 X=98,8727 Y=234,2421 Vx=60,1018 Vy=0,1597
[6945,442] Ball=B007 X=109,7444 Y=113,3593 Vx=-38,8270 Vy=-12,0926
[6942,841] Ball=B008 X=64,2865 Y=189,9467 Vx=106,4416 Vy=60,4678
[6950,385] Ball=B003 X=176,8434 Y=5,2382 Vx=-292,6199 Vy=-5,1394
[6950,141] Ball=B005 X=359,7453 Y=156,4111 Vx=140,8291 Vy=15,4476
[6950,974] Ball=B002 X=239,7435 Y=47,6478 Vx=-4,8971 Vy=116,0747
[6950,335] Ball=B004 X=99,8193 Y=234,2447 Vx=60,1018 Vy=0,1597
[6953,582] Ball=B001 X=157,6115 Y=98,0783 Vx=8,8675 Vy=89,1804
[6950,014] Ball=B006 X=38,0798 Y=114,3017 Vx=-109,2622 Vy=8,2345
[6965,363] Ball=B004 X=100,7224 Y=234,2471 Vx=60,1018 Vy=0,1597
[6966,018] Ball=B002 X=239,6698 Y=49,3940 Vx=-4,8971 Vy=116,0747
[6960,595] Ball=B007 X=109,1560 Y=113,1760 Vx=-38,8270 Vy=-12,0926
[6965,582] Ball=B003 X=172,3965 Y=5,1601 Vx=-292,6199 Vy=-5,1394
[6968,691] Ball=B001 X=157,7454 Y=99,4257 Vx=8,8675 Vy=89,1804
[6965,353] Ball=B005 X=361,8877 Y=156,6461 Vx=140,8291 Vy=15,4476
[6965,138] Ball=B006 X=36,4273 Y=114,4262 Vx=-109,2622 Vy=8,2345
[6958,082] Ball=B008 X=65,9089 Y=190,8683 Vx=106,4416 Vy=60,4678
[6980,241] Ball=B004 X=101,6166 Y=234,2494 Vx=60,1018 Vy=0,1597
[6972,858] Ball=B008 X=67,4816 Y=191,7618 Vx=106,4416 Vy=60,4678
[6980,142] Ball=B005 X=363,9703 Y=156,8746 Vx=140,8291 Vy=15,4476
[6981,005] Ball=B002 X=239,5964 Y=51,1335 Vx=-4,8971 Vy=116,0747
[6983,601] Ball=B001 X=157,8777 Y=100,7554 Vx=8,8675 Vy=89,1804
[6975,636] Ball=B007 X=108,5720 Y=112,9941 Vx=-38,8270 Vy=-12,0926
[6980,623] Ball=B003 X=167,9953 Y=5,0828 Vx=-292,6199 Vy=-5,1394
[6980,154] Ball=B006 X=34,7865 Y=114,5499 Vx=-109,2622 Vy=8,2345
[6999,512] Ball=B001 X=158,0187 Y=102,1742 Vx=8,8675 Vy=89,1804
[6995,943] Ball=B006 X=33,0614 Y=114,6799 Vx=-109,2622 Vy=8,2345
[6996,422] Ball=B003 X=163,3722 Y=5,0016 Vx=-292,6199 Vy=-5,1394
[6996,293] Ball=B004 X=102,5814 Y=234,2520 Vx=60,1018 Vy=0,1597
[6996,194] Ball=B005 X=366,2309 Y=157,1225 Vx=140,8291 Vy=15,4476
[6988,999] Ball=B008 X=69,1998 Y=192,7378 Vx=106,4416 Vy=60,4678
[6997,237] Ball=B002 X=239,5169 Y=53,0177 Vx=-4,8971 Vy=116,0747
[6991,973] Ball=B007 X=107,9377 Y=112,7966 Vx=-38,8270 Vy=-12,0926
[7011,931] Ball=B006 X=31,3147 Y=114,8115 Vx=-109,2622 Vy=8,2345
[7012,272] Ball=B004 X=103,5417 Y=234,2546 Vx=60,1018 Vy=0,1597
[7012,925] Ball=B002 X=239,4401 Y=54,8386 Vx=-4,8971 Vy=116,0747
[7012,429] Ball=B003 X=158,6881 Y=4,9193 Vx=-292,6199 Vy=-5,1394
[7004,910] Ball=B008 X=70,8933 Y=193,6999 Vx=106,4416 Vy=60,4678
[7012,277] Ball=B005 X=368,4958 Y=157,3710 Vx=140,8291 Vy=15,4476
[7015,641] Ball=B001 X=158,1618 Y=103,6127 Vx=8,8675 Vy=89,1804
[7007,624] Ball=B007 X=107,3300 Y=112,6073 Vx=-38,8270 Vy=-12,0926
[7027,875] Ball=B002 X=239,3669 Y=56,5739 Vx=-4,8971 Vy=116,0747
[7022,448] Ball=B007 X=106,7544 Y=112,4281 Vx=-38,8270 Vy=-12,0926
[7026,909] Ball=B006 X=29,6780 Y=114,9349 Vx=-109,2622 Vy=8,2345
[7019,855] Ball=B008 X=72,4841 Y=194,6036 Vx=106,4416 Vy=60,4678
[7027,266] Ball=B004 X=104,4430 Y=234,2569 Vx=60,1018 Vy=0,1597
[7030,521] Ball=B001 X=158,2937 Y=104,9397 Vx=8,8675 Vy=89,1804
[7027,169] Ball=B005 X=370,5931 Y=157,6010 Vx=140,8291 Vy=15,4476
[7027,436] Ball=B003 X=154,2967 Y=4,8422 Vx=-292,6199 Vy=-5,1394
[7043,275] Ball=B004 X=105,4050 Y=234,2595 Vx=60,1018 Vy=0,1597
[7042,943] Ball=B006 X=27,9263 Y=115,0669 Vx=-109,2622 Vy=8,2345
[7038,496] Ball=B007 X=106,1313 Y=112,2340 Vx=-38,8270 Vy=-12,0926
[7043,429] Ball=B003 X=149,6171 Y=4,7600 Vx=-292,6199 Vy=-5,1394
[7046,553] Ball=B001 X=158,4359 Y=106,3695 Vx=8,8675 Vy=89,1804
[7035,929] Ball=B008 X=74,1950 Y=195,5756 Vx=106,4416 Vy=60,4678
[7043,293] Ball=B005 X=372,8639 Y=157,8501 Vx=140,8291 Vy=15,4476
[7044,057] Ball=B002 X=239,2877 Y=58,4522 Vx=-4,8971 Vy=116,0747
[7058,262] Ball=B004 X=106,3059 Y=234,2619 Vx=60,1018 Vy=0,1597
[7058,905] Ball=B002 X=239,2150 Y=60,1757 Vx=-4,8971 Vy=116,0747
[7058,410] Ball=B003 X=145,2332 Y=4,6830 Vx=-292,6199 Vy=-5,1394
[7058,542] Ball=B005 X=375,0113 Y=158,0857 Vx=140,8291 Vy=15,4476
[7061,947] Ball=B001 X=158,5724 Y=107,7423 Vx=8,8675 Vy=89,1804
[7054,016] Ball=B007 X=105,5287 Y=112,0463 Vx=-38,8270 Vy=-12,0926
[7051,412] Ball=B008 X=75,8430 Y=196,5118 Vx=106,4416 Vy=60,4678
[7058,572] Ball=B006 X=26,2185 Y=115,1956 Vx=-109,2622 Vy=8,2345
[7069,593] Ball=B007 X=104,9239 Y=111,8580 Vx=-38,8270 Vy=-12,0926
[7074,526] Ball=B003 X=140,5174 Y=4,6002 Vx=-292,6199 Vy=-5,1394
[7074,063] Ball=B006 X=24,5259 Y=115,3232 Vx=-109,2622 Vy=8,2345
[7077,641] Ball=B001 X=158,7115 Y=109,1418 Vx=8,8675 Vy=89,1804
[7074,306] Ball=B005 X=371,7799 Y=158,3292 Vx=-140,8291 Vy=15,4476
[7074,493] Ball=B004 X=107,2814 Y=234,2645 Vx=60,1018 Vy=0,1597
[7075,150] Ball=B002 X=239,1354 Y=62,0614 Vx=-4,8971 Vy=116,0747
[7067,116] Ball=B008 X=77,5147 Y=197,4614 Vx=106,4416 Vy=60,4678
[7081,824] Ball=B008 X=79,0801 Y=198,3507 Vx=106,4416 Vy=60,4678
[7084,443] Ball=B007 X=104,3473 Y=111,6784 Vx=-38,8270 Vy=-12,0926
[7089,877] Ball=B002 X=239,0633 Y=63,7709 Vx=-4,8971 Vy=116,0747
[7089,400] Ball=B003 X=136,1649 Y=4,5238 Vx=-292,6199 Vy=-5,1394
[7092,521] Ball=B001 X=158,8435 Y=110,4690 Vx=8,8675 Vy=89,1804
[7089,282] Ball=B004 X=108,1703 Y=234,2668 Vx=60,1018 Vy=0,1597
[7088,949] Ball=B006 X=22,8994 Y=115,4458 Vx=-109,2622 Vy=8,2345
[7089,193] Ball=B005 X=369,6834 Y=158,5591 Vx=-140,8291 Vy=15,4476
[7104,108] Ball=B005 X=367,5830 Y=158,7895 Vx=-140,8291 Vy=15,4476
[7104,226] Ball=B004 X=109,0684 Y=234,2692 Vx=60,1018 Vy=0,1597
[7099,450] Ball=B007 X=103,7647 Y=111,4969 Vx=-38,8270 Vy=-12,0926
[7103,910] Ball=B006 X=21,2647 Y=115,5690 Vx=-109,2622 Vy=8,2345
[7104,975] Ball=B002 X=238,9893 Y=65,5234 Vx=-4,8971 Vy=116,0747
[7107,570] Ball=B001 X=158,9770 Y=111,8110 Vx=8,8675 Vy=89,1804
[7104,389] Ball=B003 X=131,7790 Y=4,4467 Vx=-292,6199 Vy=-5,1394
[7096,997] Ball=B008 X=80,6952 Y=199,2682 Vx=106,4416 Vy=60,4678
[7119,367] Ball=B003 X=127,3963 Y=4,3697 Vx=-292,6199 Vy=-5,1394
[7119,250] Ball=B004 X=109,9713 Y=234,2716 Vx=60,1018 Vy=0,1597
[7119,908] Ball=B002 X=238,9162 Y=67,2567 Vx=-4,8971 Vy=116,0747
[7119,148] Ball=B005 X=365,4648 Y=159,0219 Vx=-140,8291 Vy=15,4476
[7111,952] Ball=B008 X=82,2871 Y=200,1725 Vx=106,4416 Vy=60,4678
[7114,615] Ball=B007 X=103,1758 Y=111,3135 Vx=-38,8270 Vy=-12,0926
[7122,636] Ball=B001 X=159,1105 Y=113,1546 Vx=8,8675 Vy=89,1804
[7119,113] Ball=B006 X=19,6036 Y=115,6941 Vx=-109,2622 Vy=8,2345
[7138,567] Ball=B001 X=159,2518 Y=114,5752 Vx=8,8675 Vy=89,1804
[7130,543] Ball=B007 X=102,5575 Y=111,1209 Vx=-38,8270 Vy=-12,0926
[7135,982] Ball=B002 X=238,8375 Y=69,1225 Vx=-4,8971 Vy=116,0747
[7135,345] Ball=B004 X=110,9387 Y=234,2742 Vx=60,1018 Vy=0,1597
[7135,256] Ball=B005 X=363,1963 Y=159,2707 Vx=-140,8291 Vy=15,4476
[7128,051] Ball=B008 X=84,0007 Y=201,1460 Vx=106,4416 Vy=60,4678
[7135,172] Ball=B006 X=17,8490 Y=115,8264 Vx=-109,2622 Vy=8,2345
[7135,694] Ball=B003 X=122,6184 Y=4,2858 Vx=-292,6199 Vy=-5,1394
[7143,980] Ball=B008 X=85,6961 Y=202,1091 Vx=106,4416 Vy=60,4678
[7151,260] Ball=B005 X=360,9427 Y=159,5179 Vx=-140,8291 Vy=15,4476
[7152,027] Ball=B002 X=238,7589 Y=70,9849 Vx=-4,8971 Vy=116,0747
[7146,606] Ball=B007 X=101,9337 Y=110,9267 Vx=-38,8270 Vy=-12,0926
[7151,083] Ball=B006 X=16,1105 Y=115,9574 Vx=-109,2622 Vy=8,2345
[7151,554] Ball=B003 X=117,9774 Y=4,2043 Vx=-292,6199 Vy=-5,1394
[7151,493] Ball=B004 X=111,9092 Y=234,2768 Vx=60,1018 Vy=0,1597
[7154,801] Ball=B001 X=159,3958 Y=116,0231 Vx=8,8675 Vy=89,1804
[7167,413] Ball=B003 X=113,3372 Y=4,1228 Vx=-292,6199 Vy=-5,1394
[7162,494] Ball=B007 X=101,3169 Y=110,7345 Vx=-38,8270 Vy=-12,0926
[7166,964] Ball=B006 X=14,3753 Y=116,0882 Vx=-109,2622 Vy=8,2345
[7170,626] Ball=B001 X=159,5361 Y=117,4344 Vx=8,8675 Vy=89,1804
[7168,097] Ball=B002 X=238,6802 Y=72,8503 Vx=-4,8971 Vy=116,0747
[7167,461] Ball=B004 X=112,8689 Y=234,2793 Vx=60,1018 Vy=0,1597
[7160,079] Ball=B008 X=87,4098 Y=203,0827 Vx=106,4416 Vy=60,4678
[7167,331] Ball=B005 X=358,6794 Y=159,7662 Vx=-140,8291 Vy=15,4476
[7178,529] Ball=B007 X=100,6943 Y=110,5406 Vx=-38,8270 Vy=-12,0926
[7175,932] Ball=B008 X=89,0972 Y=204,0412 Vx=106,4416 Vy=60,4678
[7183,974] Ball=B002 X=238,6025 Y=74,6931 Vx=-4,8971 Vy=116,0747
[7183,302] Ball=B005 X=356,4301 Y=160,0129 Vx=-140,8291 Vy=15,4476
[7183,088] Ball=B006 X=12,6135 Y=116,2210 Vx=-109,2622 Vy=8,2345
[7186,729] Ball=B001 X=159,6789 Y=118,8704 Vx=8,8675 Vy=89,1804
[7183,684] Ball=B003 X=108,5755 Y=4,0392 Vx=-292,6199 Vy=-5,1394
[7183,490] Ball=B004 X=113,8323 Y=234,2819 Vx=60,1018 Vy=0,1597
[7201,585] Ball=B001 X=159,8106 Y=120,1952 Vx=8,8675 Vy=89,1804
[7193,573] Ball=B007 X=100,1102 Y=110,3587 Vx=-38,8270 Vy=-12,0926
[7198,501] Ball=B003 X=104,2397 Y=3,9630 Vx=-292,6199 Vy=-5,1394
[7198,038] Ball=B006 X=10,9801 Y=116,3441 Vx=-109,2622 Vy=8,2345
[7191,061] Ball=B008 X=90,7075 Y=204,9560 Vx=106,4416 Vy=60,4678
[7199,171] Ball=B002 X=238,5281 Y=76,4571 Vx=-4,8971 Vy=116,0747
[7198,583] Ball=B004 X=114,7394 Y=234,2843 Vx=60,1018 Vy=0,1597
[7198,360] Ball=B005 X=354,3095 Y=160,2455 Vx=-140,8291 Vy=15,4476
[7214,913] Ball=B002 X=238,4510 Y=78,2843 Vx=-4,8971 Vy=116,0747
[7217,519] Ball=B001 X=159,9519 Y=121,6162 Vx=8,8675 Vy=89,1804
[7214,171] Ball=B005 X=352,0828 Y=160,4898 Vx=-140,8291 Vy=15,4476
[7206,899] Ball=B008 X=92,3934 Y=205,9137 Vx=106,4416 Vy=60,4678
[7214,299] Ball=B004 X=115,6840 Y=234,2868 Vx=60,1018 Vy=0,1597
[7214,558] Ball=B003 X=99,5412 Y=3,8805 Vx=-292,6199 Vy=-5,1394
[7209,636] Ball=B007 X=99,4865 Y=110,1645 Vx=-38,8270 Vy=-12,0926
[7214,167] Ball=B006 X=9,2178 Y=116,4769 Vx=-109,2622 Vy=8,2345
[7231,030] Ball=B002 X=238,3720 Y=80,1550 Vx=-4,8971 Vy=116,0747
[7230,057] Ball=B006 X=7,4817 Y=116,6077 Vx=-109,2622 Vy=8,2345
[7233,642] Ball=B001 X=160,0949 Y=123,0541 Vx=8,8675 Vy=89,1804
[7230,544] Ball=B003 X=94,8633 Y=3,7984 Vx=-292,6199 Vy=-5,1394
[7225,708] Ball=B007 X=98,8624 Y=109,9701 Vx=-38,8270 Vy=-12,0926
[7230,497] Ball=B004 X=116,6575 Y=234,2894 Vx=60,1018 Vy=0,1597
[7223,119] Ball=B008 X=94,1199 Y=206,8946 Vx=106,4416 Vy=60,4678
[7230,405] Ball=B005 X=349,7966 Y=160,7405 Vx=-140,8291 Vy=15,4476
[7246,235] Ball=B004 X=117,6033 Y=234,2919 Vx=60,1018 Vy=0,1597
[7246,121] Ball=B005 X=347,5833 Y=160,9833 Vx=-140,8291 Vy=15,4476
[7245,911] Ball=B006 X=5,7494 Y=116,7383 Vx=-109,2622 Vy=8,2345
[7246,897] Ball=B002 X=238,2943 Y=81,9968 Vx=-4,8971 Vy=116,0747
[7241,501] Ball=B007 X=98,2492 Y=109,7791 Vx=-38,8270 Vy=-12,0926
[7249,529] Ball=B001 X=160,2358 Y=124,4709 Vx=8,8675 Vy=89,1804
[7238,900] Ball=B008 X=95,7996 Y=207,8488 Vx=106,4416 Vy=60,4678
[7246,441] Ball=B003 X=90,2116 Y=3,7167 Vx=-292,6199 Vy=-5,1394
[7265,591] Ball=B001 X=160,3782 Y=125,9033 Vx=8,8675 Vy=89,1804
[7262,500] Ball=B003 X=85,5126 Y=3,6341 Vx=-292,6199 Vy=-5,1394
[7254,973] Ball=B008 X=97,5104 Y=208,8207 Vx=106,4416 Vy=60,4678
[7263,103] Ball=B002 X=238,2150 Y=83,8781 Vx=-4,8971 Vy=116,0747
[7262,348] Ball=B005 X=345,2981 Y=161,2340 Vx=-140,8291 Vy=15,4476
[7262,282] Ball=B006 X=3,9607 Y=116,8731 Vx=-109,2622 Vy=8,2345
[7262,636] Ball=B004 X=118,5891 Y=234,2945 Vx=60,1018 Vy=0,1597
[7257,856] Ball=B007 X=97,6142 Y=109,5814 Vx=-38,8270 Vy=-12,0926
[7273,584] Ball=B007 X=97,0036 Y=109,3912 Vx=-38,8270 Vy=-12,0926
[7279,017] Ball=B002 X=238,1370 Y=85,7252 Vx=-4,8971 Vy=116,0747
[7270,997] Ball=B008 X=99,2161 Y=209,7896 Vx=106,4416 Vy=60,4678
[7278,159] Ball=B006 X=2,2259 Y=117,0038 Vx=-109,2622 Vy=8,2345
[7278,693] Ball=B003 X=80,7740 Y=3,5509 Vx=-292,6199 Vy=-5,1394
[7278,445] Ball=B005 X=343,0312 Y=161,4826 Vx=-140,8291 Vy=15,4476
[7278,649] Ball=B004 X=119,5516 Y=234,2971 Vx=60,1018 Vy=0,1597
[7281,892] Ball=B001 X=160,5228 Y=127,3571 Vx=8,8675 Vy=89,1804
[7293,234] Ball=B005 X=340,9486 Y=161,7111 Vx=-140,8291 Vy=15,4476
[7294,002] Ball=B002 X=238,0637 Y=87,4646 Vx=-4,8971 Vy=116,0747
[7296,603] Ball=B001 X=160,6532 Y=128,6690 Vx=8,8675 Vy=89,1804
[7293,370] Ball=B004 X=120,4363 Y=234,2994 Vx=60,1018 Vy=0,1597
[7288,703] Ball=B007 X=96,4165 Y=109,2083 Vx=-38,8270 Vy=-12,0926
[7293,159] Ball=B006 X=0,5870 Y=117,1273 Vx=-109,2622 Vy=8,2345
[7293,631] Ball=B003 X=76,4029 Y=3,4741 Vx=-292,6199 Vy=-5,1394
[7286,106] Ball=B008 X=100,8243 Y=210,7032 Vx=106,4416 Vy=60,4678
[7304,629] Ball=B007 X=95,7982 Y=109,0157 Vx=-38,8270 Vy=-12,0926
[7310,056] Ball=B002 X=237,9851 Y=89,3280 Vx=-4,8971 Vy=116,0747
[7309,562] Ball=B003 X=71,7412 Y=3,3922 Vx=-292,6199 Vy=-5,1394
[7312,670] Ball=B001 X=160,7957 Y=130,1019 Vx=8,8675 Vy=89,1804
[7309,328] Ball=B005 X=338,6819 Y=161,9597 Vx=-140,8291 Vy=15,4476
[7302,136] Ball=B008 X=101,5248 Y=210,4624 Vx=50,0278 Vy=-7,4066
[7309,537] Ball=B004 X=122,1682 Y=235,2166 Vx=100,8451 Vy=49,1801
[7309,205] Ball=B006 X=-1,1662 Y=117,2595 Vx=-109,2622 Vy=8,2345
[7320,563] Ball=B007 X=95,1795 Y=108,8231 Vx=-38,8270 Vy=-12,0926
[7317,957] Ball=B008 X=102,3162 Y=210,3452 Vx=50,0278 Vy=-7,4066
[7325,046] Ball=B006 X=1,7309 Y=117,3899 Vx=109,2622 Vy=8,2345
[7325,582] Ball=B003 X=67,0534 Y=3,3099 Vx=-292,6199 Vy=-5,1394
[7326,114] Ball=B002 X=237,9064 Y=91,1920 Vx=-4,8971 Vy=116,0747
[7325,533] Ball=B004 X=123,7813 Y=236,0033 Vx=100,8451 Vy=49,1801
[7325,425] Ball=B005 X=336,4151 Y=162,2084 Vx=-140,8291 Vy=15,4476
[7328,953] Ball=B001 X=160,9401 Y=131,5540 Vx=8,8675 Vy=89,1804
[7339,907] Ball=B006 X=3,3545 Y=117,5123 Vx=109,2622 Vy=8,2345
[7340,130] Ball=B005 X=334,3441 Y=162,4355 Vx=-140,8291 Vy=15,4476
[7340,394] Ball=B003 X=62,7192 Y=3,2338 Vx=-292,6199 Vy=-5,1394
[7335,496] Ball=B007 X=94,5997 Y=108,6425 Vx=-38,8270 Vy=-12,0926
[7343,520] Ball=B001 X=161,0692 Y=132,8531 Vx=8,8675 Vy=89,1804
[7340,359] Ball=B004 X=125,2763 Y=236,7324 Vx=100,8451 Vy=49,1801
[7341,010] Ball=B002 X=237,8335 Y=92,9210 Vx=-4,8971 Vy=116,0747
[7333,026] Ball=B008 X=103,0701 Y=210,2336 Vx=50,0278 Vy=-7,4066
[7356,989] Ball=B002 X=237,7552 Y=94,7758 Vx=-4,8971 Vy=116,0747
[7356,243] Ball=B005 X=332,0751 Y=162,6844 Vx=-140,8291 Vy=15,4476
[7348,970] Ball=B008 X=103,8677 Y=210,1155 Vx=50,0278 Vy=-7,4066
[7351,645] Ball=B007 X=93,9750 Y=108,4479 Vx=-38,8270 Vy=-12,0926
[7356,435] Ball=B004 X=126,8975 Y=237,5231 Vx=100,8451 Vy=49,1801
[7359,678] Ball=B001 X=161,2125 Y=134,2941 Vx=8,8675 Vy=89,1804
[7356,587] Ball=B003 X=57,9807 Y=3,1506 Vx=-292,6199 Vy=-5,1394
[7356,238] Ball=B006 X=5,1390 Y=117,6468 Vx=109,2622 Vy=8,2345
[7370,901] Ball=B006 X=6,7410 Y=117,7675 Vx=109,2622 Vy=8,2345
[7374,509] Ball=B001 X=161,3440 Y=135,6167 Vx=8,8675 Vy=89,1804
[7371,242] Ball=B004 X=128,3907 Y=238,2512 Vx=100,8451 Vy=49,1801
[7371,499] Ball=B003 X=53,6172 Y=3,0739 Vx=-292,6199 Vy=-5,1394
[7371,347] Ball=B005 X=329,9479 Y=162,9177 Vx=-140,8291 Vy=15,4476
[7366,679] Ball=B007 X=93,3890 Y=108,2654 Vx=-38,8270 Vy=-12,0926
[7364,138] Ball=B008 X=104,6266 Y=210,0031 Vx=50,0278 Vy=-7,4066
[7372,183] Ball=B002 X=237,6808 Y=96,5395 Vx=-4,8971 Vy=116,0747
[7379,864] Ball=B008 X=105,4133 Y=209,8867 Vx=50,0278 Vy=-7,4066
[7387,291] Ball=B004 X=130,0092 Y=239,0405 Vx=100,8451 Vy=49,1801
[7387,944] Ball=B002 X=237,6036 Y=98,3685 Vx=-4,8971 Vy=116,0747
[7387,196] Ball=B005 X=327,7159 Y=163,1626 Vx=-140,8291 Vy=15,4476
[7382,524] Ball=B007 X=92,7738 Y=108,0738 Vx=-38,8270 Vy=-12,0926
[7387,454] Ball=B003 X=48,9484 Y=2,9919 Vx=-292,6199 Vy=-5,1394
[7390,644] Ball=B001 X=161,4871 Y=137,0556 Vx=8,8675 Vy=89,1804
[7387,073] Ball=B006 X=8,5080 Y=117,9007 Vx=109,2622 Vy=8,2345
[7403,375] Ball=B003 X=44,2898 Y=2,9101 Vx=-292,6199 Vy=-5,1394
[7395,844] Ball=B008 X=106,2127 Y=209,7683 Vx=50,0278 Vy=-7,4066
[7406,515] Ball=B001 X=161,6278 Y=138,4710 Vx=8,8675 Vy=89,1804
[7404,016] Ball=B002 X=237,5249 Y=100,2344 Vx=-4,8971 Vy=116,0747
[7403,047] Ball=B006 X=10,2534 Y=118,0322 Vx=109,2622 Vy=8,2345
[7403,346] Ball=B005 X=325,4415 Y=163,4120 Vx=-140,8291 Vy=15,4476
[7403,466] Ball=B004 X=131,6404 Y=239,8361 Vx=100,8451 Vy=49,1801
[7398,758] Ball=B007 X=92,1434 Y=107,8775 Vx=-38,8270 Vy=-12,0926
[7417,930] Ball=B006 X=11,8795 Y=118,1548 Vx=109,2622 Vy=8,2345
[7413,478] Ball=B007 X=91,5719 Y=107,6995 Vx=-38,8270 Vy=-12,0926
[7410,908] Ball=B008 X=106,9664 Y=209,6567 Vx=50,0278 Vy=-7,4066
[7418,315] Ball=B004 X=133,1379 Y=240,5664 Vx=100,8451 Vy=49,1801
[7418,353] Ball=B005 X=323,3286 Y=163,6438 Vx=-140,8291 Vy=15,4476
[7419,190] Ball=B002 X=237,4506 Y=101,9957 Vx=-4,8971 Vy=116,0747
[7418,691] Ball=B003 X=39,8078 Y=2,8314 Vx=-292,6199 Vy=-5,1394
[7421,828] Ball=B001 X=161,7636 Y=139,8366 Vx=8,8675 Vy=89,1804
[7437,588] Ball=B001 X=161,9033 Y=141,2410 Vx=8,8675 Vy=89,1804
[7429,578] Ball=B007 X=90,9468 Y=107,5048 Vx=-38,8270 Vy=-12,0926
[7435,015] Ball=B002 X=237,3731 Y=103,8327 Vx=-4,8971 Vy=116,0747
[7434,516] Ball=B003 X=35,1773 Y=2,7501 Vx=-292,6199 Vy=-5,1394
[7434,371] Ball=B005 X=321,0722 Y=163,8913 Vx=-140,8291 Vy=15,4476
[7427,098] Ball=B008 X=107,7763 Y=209,5368 Vx=50,0278 Vy=-7,4066
[7434,160] Ball=B006 X=13,6529 Y=118,2884 Vx=109,2622 Vy=8,2345
[7434,674] Ball=B004 X=134,7876 Y=241,3709 Vx=100,8451 Vy=49,1801
[7450,361] Ball=B003 X=30,5408 Y=2,6686 Vx=-292,6199 Vy=-5,1394
[7449,894] Ball=B006 X=15,3720 Y=118,4180 Vx=109,2622 Vy=8,2345
[7450,125] Ball=B005 X=318,8537 Y=164,1347 Vx=-140,8291 Vy=15,4476
[7445,459] Ball=B007 X=90,3301 Y=107,3127 Vx=-38,8270 Vy=-12,0926
[7453,495] Ball=B001 X=162,0444 Y=142,6607 Vx=8,8675 Vy=89,1804
[7442,871] Ball=B008 X=108,5654 Y=209,4200 Vx=50,0278 Vy=-7,4066
[7450,265] Ball=B004 X=136,3599 Y=242,1376 Vx=100,8451 Vy=49,1801
[7450,922] Ball=B002 X=237,2952 Y=105,6790 Vx=-4,8971 Vy=116,0747
[7465,918] Ball=B002 X=237,2218 Y=107,4195 Vx=-4,8971 Vy=116,0747
[7465,314] Ball=B004 X=137,8775 Y=242,8777 Vx=100,8451 Vy=49,1801
[7465,021] Ball=B006 X=17,0249 Y=118,5425 Vx=109,2622 Vy=8,2345
[7465,253] Ball=B005 X=316,7231 Y=164,3684 Vx=-140,8291 Vy=15,4476
[7468,622] Ball=B001 X=162,1786 Y=144,0098 Vx=8,8675 Vy=89,1804
[7460,621] Ball=B007 X=89,7415 Y=107,1294 Vx=-38,8270 Vy=-12,0926
[7458,012] Ball=B008 X=109,3229 Y=209,3079 Vx=50,0278 Vy=-7,4066
[7465,548] Ball=B003 X=26,0966 Y=2,5906 Vx=-292,6199 Vy=-5,1394
[7472,844] Ball=B008 X=110,0649 Y=209,1980 Vx=50,0278 Vy=-7,4066
[7480,378] Ball=B003 X=21,7571 Y=2,5144 Vx=-292,6199 Vy=-5,1394
[7475,490] Ball=B007 X=89,1641 Y=106,9496 Vx=-38,8270 Vy=-12,0926
[7483,521] Ball=B001 X=162,3107 Y=145,3384 Vx=8,8675 Vy=89,1804
[7479,957] Ball=B006 X=18,6567 Y=118,6655 Vx=109,2622 Vy=8,2345
[7480,179] Ball=B005 X=314,6211 Y=164,5989 Vx=-140,8291 Vy=15,4476
[7480,297] Ball=B004 X=139,3884 Y=243,6146 Vx=100,8451 Vy=49,1801
[7480,946] Ball=B002 X=237,1482 Y=109,1642 Vx=-4,8971 Vy=116,0747
[7496,247] Ball=B005 X=312,3585 Y=164,8471 Vx=-140,8291 Vy=15,4476
[7496,366] Ball=B004 X=141,0089 Y=244,4048 Vx=100,8451 Vy=49,1801
[7497,020] Ball=B002 X=237,0695 Y=111,0298 Vx=-4,8971 Vy=116,0747
[7499,622] Ball=B001 X=162,4535 Y=146,7743 Vx=8,8675 Vy=89,1804
[7488,991] Ball=B008 X=110,8727 Y=209,0784 Vx=50,0278 Vy=-7,4066
[7496,143] Ball=B006 X=20,4253 Y=118,7988 Vx=109,2622 Vy=8,2345
[7496,616] Ball=B003 X=17,0055 Y=2,4309 Vx=-292,6199 Vy=-5,1394
[7491,618] Ball=B007 X=88,5380 Y=106,7546 Vx=-38,8270 Vy=-12,0926
[7511,363] Ball=B003 X=12,6902 Y=2,3551 Vx=-292,6199 Vy=-5,1394
[7511,222] Ball=B004 X=142,5070 Y=245,1355 Vx=100,8451 Vy=49,1801
[7506,593] Ball=B007 X=87,9565 Y=106,5735 Vx=-38,8270 Vy=-12,0926
[7511,055] Ball=B006 X=22,0545 Y=118,9216 Vx=109,2622 Vy=8,2345
[7504,103] Ball=B008 X=111,6287 Y=208,9665 Vx=50,0278 Vy=-7,4066
[7514,735] Ball=B001 X=162,5875 Y=148,1221 Vx=8,8675 Vy=89,1804
[7512,166] Ball=B002 X=236,9953 Y=112,7879 Vx=-4,8971 Vy=116,0747
[7511,615] Ball=B005 X=310,1940 Y=165,0845 Vx=-140,8291 Vy=15,4476
[7528,019] Ball=B002 X=236,9177 Y=114,6279 Vx=-4,8971 Vy=116,0747
[7530,615] Ball=B001 X=162,7283 Y=149,5383 Vx=8,8675 Vy=89,1804
[7527,278] Ball=B005 X=307,9882 Y=165,3265 Vx=-140,8291 Vy=15,4476
[7527,086] Ball=B006 X=23,8062 Y=119,0536 Vx=109,2622 Vy=8,2345
[7522,629] Ball=B007 X=87,3339 Y=106,3796 Vx=-38,8270 Vy=-12,0926
[7527,625] Ball=B003 X=7,9315 Y=2,2715 Vx=-292,6199 Vy=-5,1394
[7520,103] Ball=B008 X=112,4292 Y=208,8480 Vx=50,0278 Vy=-7,4066
[7527,500] Ball=B004 X=144,1486 Y=245,9360 Vx=100,8451 Vy=49,1801
[7542,490] Ball=B003 X=3,5820 Y=2,1951 Vx=-292,6199 Vy=-5,1394
[7537,569] Ball=B007 X=86,7538 Y=106,1989 Vx=-38,8270 Vy=-12,0926
[7542,366] Ball=B004 X=145,6478 Y=246,6672 Vx=100,8451 Vy=49,1801
[7534,966] Ball=B008 X=113,1727 Y=208,7379 Vx=50,0278 Vy=-7,4066
[7542,127] Ball=B006 X=25,4496 Y=119,1775 Vx=109,2622 Vy=8,2345
[7542,354] Ball=B005 X=305,8652 Y=165,5594 Vx=-140,8291 Vy=15,4476
[7543,242] Ball=B002 X=236,8431 Y=116,3951 Vx=-4,8971 Vy=116,0747
[7545,845] Ball=B001 X=162,8633 Y=150,8965 Vx=8,8675 Vy=89,1804
[7561,544] Ball=B001 X=163,0026 Y=152,2965 Vx=8,8675 Vy=89,1804
[7550,931] Ball=B008 X=113,9715 Y=208,6196 Vx=50,0278 Vy=-7,4066
[7558,469] Ball=B003 X=-1,0940 Y=2,1130 Vx=-292,6199 Vy=-5,1394
[7558,007] Ball=B006 X=27,1846 Y=119,3082 Vx=109,2622 Vy=8,2345
[7559,002] Ball=B002 X=236,7659 Y=118,2244 Vx=-4,8971 Vy=116,0747
[7558,363] Ball=B004 X=147,2610 Y=247,4539 Vx=100,8451 Vy=49,1801
[7553,660] Ball=B007 X=86,1290 Y=106,0043 Vx=-38,8270 Vy=-12,0926
[7558,245] Ball=B005 X=303,6272 Y=165,8049 Vx=-140,8291 Vy=15,4476
[7574,268] Ball=B005 X=301,3708 Y=166,0524 Vx=-140,8291 Vy=15,4476
[7577,625] Ball=B001 X=163,1452 Y=153,7306 Vx=8,8675 Vy=89,1804
[7569,606] Ball=B007 X=85,5099 Y=105,8115 Vx=-38,8270 Vy=-12,0926
[7575,043] Ball=B002 X=236,6874 Y=120,0864 Vx=-4,8971 Vy=116,0747
[7567,013] Ball=B008 X=114,7760 Y=208,5005 Vx=50,0278 Vy=-7,4066
[7574,636] Ball=B003 X=4,7308 Y=2,0299 Vx=292,6199 Vy=-5,1394
[7574,166] Ball=B006 X=28,9502 Y=119,4413 Vx=109,2622 Vy=8,2345
[7574,550] Ball=B004 X=148,8931 Y=248,2498 Vx=100,8451 Vy=49,1801
[7590,037] Ball=B006 X=30,6842 Y=119,5720 Vx=109,2622 Vy=8,2345
[7590,511] Ball=B003 X=9,3760 Y=1,9483 Vx=292,6199 Vy=-5,1394
[7585,616] Ball=B007 X=84,8883 Y=105,6179 Vx=-38,8270 Vy=-12,0926
[7593,709] Ball=B001 X=163,2878 Y=155,1651 Vx=8,8675 Vy=89,1804
[7590,356] Ball=B005 X=299,1051 Y=166,3009 Vx=-140,8291 Vy=15,4476
[7591,121] Ball=B002 X=236,6086 Y=121,9526 Vx=-4,8971 Vy=116,0747
[7583,145] Ball=B008 X=115,5830 Y=208,3810 Vx=50,0278 Vy=-7,4066
[7590,598] Ball=B004 X=150,5118 Y=249,0392 Vx=100,8451 Vy=49,1801
[7601,566] Ball=B007 X=84,2690 Y=105,4250 Vx=-38,8270 Vy=-12,0926
[7606,364] Ball=B004 X=152,1017 Y=249,8146 Vx=100,8451 Vy=49,1801
[7607,010] Ball=B002 X=236,5308 Y=123,7969 Vx=-4,8971 Vy=116,0747
[7599,090] Ball=B008 X=116,3789 Y=208,2632 Vx=50,0278 Vy=-7,4066
[7606,330] Ball=B005 X=296,8554 Y=166,5477 Vx=-140,8291 Vy=15,4476
[7606,629] Ball=B003 X=14,0925 Y=1,8655 Vx=292,6199 Vy=-5,1394
[7606,227] Ball=B006 X=32,4533 Y=119,7053 Vx=109,2622 Vy=8,2345
[7609,808] Ball=B001 X=163,4305 Y=156,6008 Vx=8,8675 Vy=89,1804
[7624,601] Ball=B001 X=163,5617 Y=157,9199 Vx=8,8675 Vy=89,1804
[7621,253] Ball=B005 X=294,7538 Y=166,7782 Vx=-140,8291 Vy=15,4476
[7616,595] Ball=B007 X=83,6855 Y=105,2433 Vx=-38,8270 Vy=-12,0926
[7621,030] Ball=B006 X=34,0706 Y=119,8272 Vx=109,2622 Vy=8,2345
[7621,474] Ball=B004 X=153,6254 Y=250,5577 Vx=100,8451 Vy=49,1801
[7622,190] Ball=B002 X=236,4565 Y=125,5590 Vx=-4,8971 Vy=116,0747
[7621,540] Ball=B003 X=18,4559 Y=1,7889 Vx=292,6199 Vy=-5,1394
[7614,259] Ball=B008 X=117,1271 Y=208,1525 Vx=50,0278 Vy=-7,4066
[7636,997] Ball=B002 X=236,3840 Y=127,2775 Vx=-4,8971 Vy=116,0747
[7636,364] Ball=B004 X=155,1270 Y=251,2900 Vx=100,8451 Vy=49,1801
[7636,509] Ball=B003 X=22,8359 Y=1,7119 Vx=292,6199 Vy=-5,1394
[7628,984] Ball=B008 X=117,8763 Y=208,0415 Vx=50,0278 Vy=-7,4066
[7636,276] Ball=B005 X=292,6381 Y=167,0103 Vx=-140,8291 Vy=15,4476
[7631,686] Ball=B007 X=83,0995 Y=105,0608 Vx=-38,8270 Vy=-12,0926
[7636,143] Ball=B006 X=35,7220 Y=119,9516 Vx=109,2622 Vy=8,2345
[7639,774] Ball=B001 X=163,6963 Y=159,2732 Vx=8,8675 Vy=89,1804
[7651,021] Ball=B006 X=37,3475 Y=120,0741 Vx=109,2622 Vy=8,2345
[7654,601] Ball=B001 X=163,8277 Y=160,5954 Vx=8,8675 Vy=89,1804
[7646,583] Ball=B007 X=82,5211 Y=104,8806 Vx=-38,8270 Vy=-12,0926
[7651,376] Ball=B004 X=156,6409 Y=252,0283 Vx=100,8451 Vy=49,1801
[7643,998] Ball=B008 X=118,6274 Y=207,9303 Vx=50,0278 Vy=-7,4066
[7652,110] Ball=B002 X=236,3100 Y=129,0319 Vx=-4,8971 Vy=116,0747
[7651,354] Ball=B005 X=290,5146 Y=167,2432 Vx=-140,8291 Vy=15,4476
[7651,621] Ball=B003 X=27,2580 Y=1,6343 Vx=292,6199 Vy=-5,1394
[7659,794] Ball=B008 X=119,4176 Y=207,8133 Vx=50,0278 Vy=-7,4066
[7667,336] Ball=B003 X=31,8565 Y=1,5535 Vx=292,6199 Vy=-5,1394
[7666,874] Ball=B006 X=39,0798 Y=120,2047 Vx=109,2622 Vy=8,2345
[7662,427] Ball=B007 X=81,9060 Y=104,6890 Vx=-38,8270 Vy=-12,0926
[7667,311] Ball=B004 X=158,2479 Y=252,8119 Vx=100,8451 Vy=49,1801
[7667,202] Ball=B005 X=288,2829 Y=167,4880 Vx=-140,8291 Vy=15,4476
[7668,094] Ball=B002 X=236,2317 Y=130,8872 Vx=-4,8971 Vy=116,0747
[7670,755] Ball=B001 X=163,9706 Y=162,0317 Vx=8,8675 Vy=89,1804
[7683,196] Ball=B005 X=286,0306 Y=167,7350 Vx=-140,8291 Vy=15,4476
[7683,965] Ball=B002 X=236,1540 Y=132,7295 Vx=-4,8971 Vy=116,0747
[7682,994] Ball=B006 X=40,8410 Y=120,3374 Vx=109,2622 Vy=8,2345
[7686,577] Ball=B001 X=164,1113 Y=163,4470 Vx=8,8675 Vy=89,1804
[7678,558] Ball=B007 X=81,2796 Y=104,4940 Vx=-38,8270 Vy=-12,0926
[7683,417] Ball=B004 X=159,8722 Y=253,6041 Vx=100,8451 Vy=49,1801
[7676,076] Ball=B008 X=120,2322 Y=207,6927 Vx=50,0278 Vy=-7,4066
[7683,557] Ball=B003 X=36,6034 Y=1,4701 Vx=292,6199 Vy=-5,1394
[7699,062] Ball=B006 X=42,5965 Y=120,4697 Vx=109,2622 Vy=8,2345
[7692,034] Ball=B008 X=121,0305 Y=207,5746 Vx=50,0278 Vy=-7,4066
[7699,324] Ball=B005 X=283,7592 Y=167,9842 Vx=-140,8291 Vy=15,4476
[7702,676] Ball=B001 X=164,2540 Y=164,8827 Vx=8,8675 Vy=89,1804
[7699,671] Ball=B003 X=41,3185 Y=1,3873 Vx=292,6199 Vy=-5,1394
[7700,242] Ball=B002 X=236,0743 Y=134,6188 Vx=-4,8971 Vy=116,0747
[7699,534] Ball=B004 X=161,4975 Y=254,3967 Vx=100,8451 Vy=49,1801
[7695,108] Ball=B007 X=80,6370 Y=104,2938 Vx=-38,8270 Vy=-12,0926
[7716,994] Ball=B002 X=235,9923 Y=136,5618 Vx=-4,8971 Vy=116,0747
[7716,358] Ball=B004 X=163,1940 Y=255,2241 Vx=100,8451 Vy=49,1801
[7711,577] Ball=B007 X=79,9976 Y=104,0947 Vx=-38,8270 Vy=-12,0926
[7719,611] Ball=B001 X=164,4042 Y=166,3930 Vx=8,8675 Vy=89,1804
[7716,513] Ball=B003 X=46,2467 Y=1,3008 Vx=292,6199 Vy=-5,1394
[7708,994] Ball=B008 X=121,8790 Y=207,4489 Vx=50,0278 Vy=-7,4066
[7716,276] Ball=B005 X=281,3718 Y=168,2461 Vx=-140,8291 Vy=15,4476
[7716,062] Ball=B006 X=44,4541 Y=120,6097 Vx=109,2622 Vy=8,2345
[7733,009] Ball=B002 X=235,9138 Y=138,4221 Vx=-4,8971 Vy=116,0747
[7735,605] Ball=B001 X=164,5460 Y=167,8194 Vx=8,8675 Vy=89,1804
[7724,975] Ball=B008 X=122,6785 Y=207,3306 Vx=50,0278 Vy=-7,4066
[7732,262] Ball=B005 X=279,1205 Y=168,4930 Vx=-140,8291 Vy=15,4476
[7732,402] Ball=B004 X=164,8120 Y=256,0131 Vx=100,8451 Vy=49,1801
[7727,618] Ball=B007 X=79,3748 Y=103,9007 Vx=-38,8270 Vy=-12,0926
[7732,542] Ball=B003 X=50,9372 Y=1,2184 Vx=292,6199 Vy=-5,1394
[7732,071] Ball=B006 X=46,2033 Y=120,7416 Vx=109,2622 Vy=8,2345
[7742,571] Ball=B007 X=78,7942 Y=103,7199 Vx=-38,8270 Vy=-12,0926
[7747,027] Ball=B006 X=47,8374 Y=120,8647 Vx=109,2622 Vy=8,2345
[7748,019] Ball=B002 X=235,8403 Y=140,1645 Vx=-4,8971 Vy=116,0747
[7747,384] Ball=B004 X=166,3228 Y=256,7499 Vx=100,8451 Vy=49,1801
[7747,274] Ball=B005 X=277,0064 Y=168,7249 Vx=-140,8291 Vy=15,4476
[7739,995] Ball=B008 X=123,4299 Y=207,2193 Vx=50,0278 Vy=-7,4066
[7747,608] Ball=B003 X=55,3458 Y=1,1409 Vx=292,6199 Vy=-5,1394
[7750,709] Ball=B001 X=164,6800 Y=169,1663 Vx=8,8675 Vy=89,1804
[7763,359] Ball=B004 X=167,9338 Y=257,5356 Vx=100,8451 Vy=49,1801
[7763,256] Ball=B005 X=274,7558 Y=168,9718 Vx=-140,8291 Vy=15,4476
[7766,612] Ball=B001 X=164,8210 Y=170,5846 Vx=8,8675 Vy=89,1804
[7755,990] Ball=B008 X=124,2301 Y=207,1009 Vx=50,0278 Vy=-7,4066
[7763,526] Ball=B003 X=60,0038 Y=1,0591 Vx=292,6199 Vy=-5,1394
[7758,693] Ball=B007 X=78,1682 Y=103,5249 Vx=-38,8270 Vy=-12,0926
[7763,152] Ball=B006 X=49,5993 Y=120,9975 Vx=109,2622 Vy=8,2345
[7764,194] Ball=B002 X=235,7611 Y=142,0421 Vx=-4,8971 Vy=116,0747
[7779,045] Ball=B006 X=51,3357 Y=121,1284 Vx=109,2622 Vy=8,2345
[7774,594] Ball=B007 X=77,5509 Y=103,3326 Vx=-38,8270 Vy=-12,0926
[7779,273] Ball=B005 X=272,5000 Y=169,2192 Vx=-140,8291 Vy=15,4476
[7782,634] Ball=B001 X=164,9631 Y=172,0135 Vx=8,8675 Vy=89,1804
[7779,552] Ball=B003 X=64,6935 Y=0,9768 Vx=292,6199 Vy=-5,1394
[7779,414] Ball=B004 X=169,5530 Y=258,3252 Vx=100,8451 Vy=49,1801
[7772,023] Ball=B008 X=125,0322 Y=206,9821 Vx=50,0278 Vy=-7,4066
[7780,068] Ball=B002 X=235,6834 Y=143,8846 Vx=-4,8971 Vy=116,0747
[7795,005] Ball=B002 X=235,6102 Y=145,6183 Vx=-4,8971 Vy=116,0747
[7789,589] Ball=B007 X=76,9686 Y=103,1513 Vx=-38,8270 Vy=-12,0926
[7794,516] Ball=B003 X=69,0721 Y=0,8999 Vx=292,6199 Vy=-5,1394
[7794,387] Ball=B004 X=171,0629 Y=259,0616 Vx=100,8451 Vy=49,1801
[7787,001] Ball=B008 X=125,7815 Y=206,8712 Vx=50,0278 Vy=-7,4066
[7797,707] Ball=B001 X=165,0967 Y=173,3577 Vx=8,8675 Vy=89,1804
[7794,144] Ball=B006 X=52,9850 Y=121,2527 Vx=109,2622 Vy=8,2345
[7794,426] Ball=B005 X=270,3660 Y=169,4533 Vx=-140,8291 Vy=15,4476
[7810,128] Ball=B005 X=268,1548 Y=169,6958 Vx=-140,8291 Vy=15,4476
[7813,482] Ball=B001 X=165,2366 Y=174,7645 Vx=8,8675 Vy=89,1804
[7810,413] Ball=B003 X=73,7240 Y=0,8182 Vx=292,6199 Vy=-5,1394
[7805,498] Ball=B007 X=76,3509 Y=102,9589 Vx=-38,8270 Vy=-12,0926
[7810,937] Ball=B002 X=235,5322 Y=147,4677 Vx=-4,8971 Vy=116,0747
[7802,904] Ball=B008 X=126,5771 Y=206,7534 Vx=50,0278 Vy=-7,4066
[7810,306] Ball=B004 X=172,6682 Y=259,8445 Vx=100,8451 Vy=49,1801
[7809,979] Ball=B006 X=54,7157 Y=121,3831 Vx=109,2622 Vy=8,2345
[7825,929] Ball=B006 X=56,4583 Y=121,5144 Vx=109,2622 Vy=8,2345
[7826,261] Ball=B004 X=174,2772 Y=260,6291 Vx=100,8451 Vy=49,1801
[7818,876] Ball=B008 X=127,3761 Y=206,6351 Vx=50,0278 Vy=-7,4066
[7821,493] Ball=B007 X=75,7299 Y=102,7655 Vx=-38,8270 Vy=-12,0926
[7829,530] Ball=B001 X=165,3789 Y=176,1957 Vx=8,8675 Vy=89,1804
[7826,958] Ball=B002 X=235,4537 Y=149,3273 Vx=-4,8971 Vy=116,0747
[7826,452] Ball=B003 X=78,4172 Y=0,7357 Vx=292,6199 Vy=-5,1394
[7826,210] Ball=B005 X=265,8899 Y=169,9443 Vx=-140,8291 Vy=15,4476
[7840,998] Ball=B006 X=56,9964 Y=122,7169 Vx=62,1762 Vy=54,0434
[7844,569] Ball=B001 X=165,5123 Y=177,5368 Vx=8,8675 Vy=89,1804
[7841,477] Ball=B003 X=82,8137 Y=0,6585 Vx=292,6199 Vy=-5,1394
[7841,236] Ball=B005 X=263,7738 Y=170,1764 Vx=-140,8291 Vy=15,4476
[7836,584] Ball=B007 X=76,8219 Y=100,9506 Vx=45,9277 Vy=-94,5486
[7834,043] Ball=B008 X=128,1350 Y=206,5227 Vx=50,0278 Vy=-7,4066
[7841,440] Ball=B004 X=175,8080 Y=261,3756 Vx=100,8451 Vy=49,1801
[7842,009] Ball=B002 X=235,3800 Y=151,0744 Vx=-4,8971 Vy=116,0747
[7851,596] Ball=B007 X=77,5113 Y=99,5312 Vx=45,9277 Vy=-94,5486
[7857,024] Ball=B002 X=235,3065 Y=152,8172 Vx=-4,8971 Vy=116,0747
[7848,997] Ball=B008 X=128,8831 Y=206,4120 Vx=50,0278 Vy=-7,4066
[7856,399] Ball=B004 X=177,3165 Y=262,1113 Vx=100,8451 Vy=49,1801
[7856,361] Ball=B005 X=261,6438 Y=170,4100 Vx=-140,8291 Vy=15,4476
[7859,721] Ball=B001 X=165,6466 Y=178,8881 Vx=8,8675 Vy=89,1804
[7856,627] Ball=B003 X=87,2468 Y=0,5806 Vx=292,6199 Vy=-5,1394
[7856,162] Ball=B006 X=57,9393 Y=123,5364 Vx=62,1762 Vy=54,0434
[7872,332] Ball=B003 X=91,8425 Y=0,4999 Vx=292,6199 Vy=-5,1394
[7872,198] Ball=B004 X=178,9097 Y=262,8883 Vx=100,8451 Vy=49,1801
[7867,444] Ball=B007 X=78,2392 Y=98,0328 Vx=45,9277 Vy=-94,5486
[7872,114] Ball=B005 X=259,4253 Y=170,6534 Vx=-140,8291 Vy=15,4476
[7872,134] Ball=B006 X=58,9324 Y=124,3996 Vx=62,1762 Vy=54,0434
[7865,141] Ball=B008 X=129,6907 Y=206,2924 Vx=50,0278 Vy=-7,4066
[7873,310] Ball=B002 X=235,2267 Y=154,7076 Vx=-4,8971 Vy=116,0747
[7875,785] Ball=B001 X=165,7891 Y=180,3207 Vx=8,8675 Vy=89,1804
[7887,248] Ball=B005 X=257,2941 Y=170,8872 Vx=-140,8291 Vy=15,4476
[7890,604] Ball=B001 X=165,9205 Y=181,6422 Vx=8,8675 Vy=89,1804
[7888,018] Ball=B002 X=235,1547 Y=156,4149 Vx=-4,8971 Vy=116,0747
[7887,121] Ball=B006 X=59,8610 Y=125,2068 Vx=62,1762 Vy=54,0434
[7880,066] Ball=B008 X=130,4374 Y=206,1819 Vx=50,0278 Vy=-7,4066
[7882,695] Ball=B007 X=78,9396 Y=96,5909 Vx=45,9277 Vy=-94,5486
[7887,480] Ball=B004 X=180,4509 Y=263,6399 Vx=100,8451 Vy=49,1801
[7887,684] Ball=B003 X=96,3345 Y=0,4210 Vx=292,6199 Vy=-5,1394
[7898,595] Ball=B007 X=79,6699 Y=95,0875 Vx=45,9277 Vy=-94,5486
[7903,516] Ball=B003 X=100,9674 Y=0,3397 Vx=292,6199 Vy=-5,1394
[7895,998] Ball=B008 X=131,2344 Y=206,0639 Vx=50,0278 Vy=-7,4066
[7903,085] Ball=B006 X=60,8568 Y=126,0723 Vx=62,1762 Vy=54,0434
[7906,657] Ball=B001 X=166,0628 Y=183,0738 Vx=8,8675 Vy=89,1804
[7904,062] Ball=B002 X=235,0762 Y=158,2772 Vx=-4,8971 Vy=116,0747
[7903,319] Ball=B005 X=255,0307 Y=171,1354 Vx=-140,8291 Vy=15,4476
[7903,873] Ball=B004 X=182,1040 Y=264,4461 Vx=100,8451 Vy=49,1801
[7921,591] Ball=B001 X=166,1953 Y=184,4055 Vx=8,8675 Vy=89,1804
[7918,358] Ball=B004 X=183,5647 Y=265,1585 Vx=100,8451 Vy=49,1801
[7919,005] Ball=B002 X=232,2681 Y=158,2494 Vx=-152,4392 Vy=21,0020
[7910,974] Ball=B008 X=131,9836 Y=205,9530 Vx=50,0278 Vy=-7,4066
[7918,269] Ball=B005 X=255,4916 Y=173,0200 Vx=-4,6364 Vy=103,2070
[7918,071] Ball=B006 X=61,7886 Y=126,8822 Vx=62,1762 Vy=54,0434
[7918,546] Ball=B003 X=105,3659 Y=0,2624 Vx=292,6199 Vy=-5,1394
[7913,639] Ball=B007 X=80,3608 Y=93,6651 Vx=45,9277 Vy=-94,5486
[7935,022] Ball=B002 X=229,8266 Y=158,5857 Vx=-152,4392 Vy=21,0020
[7934,273] Ball=B005 X=255,4174 Y=174,6717 Vx=-4,6364 Vy=103,2070
[7926,992] Ball=B008 X=132,7849 Y=205,8343 Vx=50,0278 Vy=-7,4066
[7934,537] Ball=B003 X=110,0449 Y=0,1802 Vx=292,6199 Vy=-5,1394
[7929,599] Ball=B007 X=81,0938 Y=92,1563 Vx=45,9277 Vy=-94,5486
[7934,085] Ball=B006 X=62,7843 Y=127,7477 Vx=62,1762 Vy=54,0434
[7934,424] Ball=B004 X=185,1849 Y=265,9486 Vx=100,8451 Vy=49,1801
[7937,756] Ball=B001 X=166,3386 Y=185,8473 Vx=8,8675 Vy=89,1804
[7944,473] Ball=B007 X=81,7769 Y=90,7500 Vx=45,9277 Vy=-94,5486
[7941,879] Ball=B008 X=133,5297 Y=205,7240 Vx=50,0278 Vy=-7,4066
[7949,166] Ball=B005 X=255,3483 Y=176,2088 Vx=-4,6364 Vy=103,2070
[7952,611] Ball=B001 X=166,4703 Y=187,1721 Vx=8,8675 Vy=89,1804
[7949,655] Ball=B003 X=114,4688 Y=0,1025 Vx=292,6199 Vy=-5,1394
[7949,523] Ball=B004 X=186,7076 Y=266,6912 Vx=100,8451 Vy=49,1801
[7949,206] Ball=B006 X=63,7244 Y=128,5648 Vx=62,1762 Vy=54,0434
[7950,184] Ball=B002 X=227,5152 Y=158,9042 Vx=-152,4392 Vy=21,0020
[7957,881] Ball=B008 X=134,3303 Y=205,6055 Vx=50,0278 Vy=-7,4066
[7965,277] Ball=B004 X=188,2963 Y=267,4659 Vx=100,8451 Vy=49,1801
[7964,954] Ball=B006 X=64,7036 Y=129,4159 Vx=62,1762 Vy=54,0434
[7965,937] Ball=B002 X=225,1138 Y=159,2350 Vx=-152,4392 Vy=21,0020
[7968,603] Ball=B001 X=166,6122 Y=188,5982 Vx=8,8675 Vy=89,1804
[7965,267] Ball=B005 X=255,2737 Y=177,8705 Vx=-4,6364 Vy=103,2070
[7965,519] Ball=B003 X=119,1111 Y=0,0210 Vx=292,6199 Vy=-5,1394
[7960,599] Ball=B007 X=82,5176 Y=89,2252 Vx=45,9277 Vy=-94,5486
[7980,836] Ball=B002 X=222,8427 Y=159,5479 Vx=-152,4392 Vy=21,0020
[7980,336] Ball=B003 X=123,4465 Y=-0,0551 Vx=292,6199 Vy=-5,1394
[7980,095] Ball=B005 X=255,2049 Y=179,4009 Vx=-4,6364 Vy=103,2070
[7983,455] Ball=B001 X=166,7439 Y=189,9227 Vx=8,8675 Vy=89,1804
[7980,239] Ball=B004 X=189,8052 Y=268,2018 Vx=100,8451 Vy=49,1801
[7979,921] Ball=B006 X=65,6342 Y=130,2248 Vx=62,1762 Vy=54,0434
[7975,678] Ball=B007 X=83,2101 Y=87,7994 Vx=45,9277 Vy=-94,5486
[7972,860] Ball=B008 X=135,0796 Y=205,4946 Vx=50,0278 Vy=-7,4066
[7994,915] Ball=B006 X=66,5664 Y=131,0350 Vx=62,1762 Vy=54,0434
[7995,133] Ball=B005 X=255,1352 Y=180,9528 Vx=-4,6364 Vy=103,2070
[7998,549] Ball=B001 X=166,8777 Y=191,2689 Vx=8,8675 Vy=89,1804
[7995,975] Ball=B002 X=220,5347 Y=159,8659 Vx=-152,4392 Vy=21,0020
[7987,956] Ball=B008 X=135,8349 Y=205,3828 Vx=50,0278 Vy=-7,4066
[7995,366] Ball=B004 X=191,3306 Y=268,9457 Vx=100,8451 Vy=49,1801
[7990,596] Ball=B007 X=83,8953 Y=86,3890 Vx=45,9277 Vy=-94,5486
[7995,535] Ball=B003 X=127,8942 Y=0,0781 Vx=292,6199 Vy=5,1394
[8011,047] Ball=B006 X=67,5694 Y=131,9068 Vx=62,1762 Vy=54,0434
[8011,266] Ball=B005 X=255,0604 Y=182,6179 Vx=-4,6364 Vy=103,2070
[8014,621] Ball=B001 X=167,0202 Y=192,7021 Vx=8,8675 Vy=89,1804
[8011,503] Ball=B004 X=192,9579 Y=269,7393 Vx=100,8451 Vy=49,1801
[8004,109] Ball=B008 X=136,6430 Y=205,2631 Vx=50,0278 Vy=-7,4066
[8011,647] Ball=B003 X=132,6089 Y=0,1609 Vx=292,6199 Vy=5,1394
[8006,846] Ball=B007 X=84,6416 Y=84,8526 Vx=45,9277 Vy=-94,5486
[8012,061] Ball=B002 X=218,0827 Y=160,2037 Vx=-152,4392 Vy=21,0020
[8026,506] Ball=B003 X=136,9566 Y=0,2373 Vx=292,6199 Vy=5,1394
[8027,017] Ball=B002 X=215,8029 Y=160,5178 Vx=-152,4392 Vy=21,0020
[8021,589] Ball=B007 X=85,3187 Y=83,4586 Vx=45,9277 Vy=-94,5486
[8019,000] Ball=B008 X=137,3879 Y=205,1528 Vx=50,0278 Vy=-7,4066
[8026,288] Ball=B005 X=254,9908 Y=184,1684 Vx=-4,6364 Vy=103,2070
[8029,691] Ball=B001 X=167,1539 Y=194,0461 Vx=8,8675 Vy=89,1804
[8026,600] Ball=B004 X=194,4805 Y=270,4818 Vx=100,8451 Vy=49,1801
[8026,331] Ball=B006 X=68,5197 Y=132,7329 Vx=62,1762 Vy=54,0434
[8034,853] Ball=B008 X=136,7978 Y=205,5516 Vx=-30,4436 Vy=22,6203
[8042,414] Ball=B003 X=141,6119 Y=0,3190 Vx=292,6199 Vy=5,1394
[8041,944] Ball=B006 X=69,4905 Y=133,5767 Vx=62,1762 Vy=54,0434
[8045,524] Ball=B001 X=168,2735 Y=195,0927 Vx=63,9269 Vy=68,6357
[8042,238] Ball=B005 X=254,9168 Y=185,8145 Vx=-4,6364 Vy=103,2070
[8037,575] Ball=B007 X=86,0529 Y=81,9472 Vx=45,9277 Vy=-94,5486
[8042,286] Ball=B004 X=196,0622 Y=271,2532 Vx=100,8451 Vy=49,1801
[8042,891] Ball=B002 X=213,3832 Y=160,8512 Vx=-152,4392 Vy=21,0020
[8052,440] Ball=B007 X=86,7356 Y=80,5418 Vx=45,9277 Vy=-94,5486
[8057,226] Ball=B004 X=197,5689 Y=271,9880 Vx=100,8451 Vy=49,1801
[8060,485] Ball=B001 X=169,2299 Y=196,1195 Vx=63,9269 Vy=68,6357
[8057,912] Ball=B002 X=211,0931 Y=161,1667 Vx=-152,4392 Vy=21,0020
[8057,015] Ball=B006 X=70,4276 Y=134,3912 Vx=62,1762 Vy=54,0434
[8057,539] Ball=B003 X=146,0379 Y=0,3968 Vx=292,6199 Vy=5,1394
[8050,007] Ball=B008 X=136,3365 Y=205,8943 Vx=-30,4436 Vy=22,6203
[8057,155] Ball=B005 X=254,8477 Y=187,3541 Vx=-4,6364 Vy=103,2070
[8073,243] Ball=B005 X=254,7731 Y=189,0143 Vx=-4,6364 Vy=103,2070
[8073,027] Ball=B006 X=71,4232 Y=135,2565 Vx=62,1762 Vy=54,0434
[8065,977] Ball=B008 X=135,8503 Y=206,2556 Vx=-30,4436 Vy=22,6203
[8068,595] Ball=B007 X=87,4776 Y=79,0143 Vx=45,9277 Vy=-94,5486
[8073,455] Ball=B004 X=199,2055 Y=272,7861 Vx=100,8451 Vy=49,1801
[8074,104] Ball=B002 X=208,6249 Y=161,5068 Vx=-152,4392 Vy=21,0020
[8073,643] Ball=B003 X=150,7373 Y=0,4793 Vx=292,6199 Vy=5,1394
[8076,808] Ball=B001 X=170,2733 Y=197,2399 Vx=63,9269 Vy=68,6357
[8083,462] Ball=B007 X=88,1604 Y=77,6087 Vx=45,9277 Vy=-94,5486
[8088,161] Ball=B005 X=254,7039 Y=190,5540 Vx=-4,6364 Vy=103,2070
[8091,738] Ball=B001 X=171,2278 Y=198,2647 Vx=63,9269 Vy=68,6357
[8088,644] Ball=B003 X=155,1397 Y=0,5566 Vx=292,6199 Vy=5,1394
[8081,044] Ball=B008 X=135,3916 Y=206,5964 Vx=-30,4436 Vy=22,6203
[8089,201] Ball=B002 X=206,3235 Y=161,8238 Vx=-152,4392 Vy=21,0020
[8088,225] Ball=B006 X=72,3681 Y=136,0779 Vx=62,1762 Vy=54,0434
[8088,250] Ball=B004 X=200,6975 Y=273,5137 Vx=100,8451 Vy=49,1801
[8105,224] Ball=B004 X=202,4092 Y=274,3485 Vx=100,8451 Vy=49,1801
[8105,223] Ball=B005 X=254,6248 Y=192,3149 Vx=-4,6364 Vy=103,2070
[8097,949] Ball=B008 X=134,8770 Y=206,9788 Vx=-30,4436 Vy=22,6203
[8105,099] Ball=B006 X=73,4173 Y=136,9898 Vx=62,1762 Vy=54,0434
[8108,675] Ball=B001 X=172,3105 Y=199,4271 Vx=63,9269 Vy=68,6357
[8100,744] Ball=B007 X=88,9541 Y=75,9747 Vx=45,9277 Vy=-94,5486
[8106,231] Ball=B002 X=203,7276 Y=162,1815 Vx=-152,4392 Vy=21,0020
[8105,730] Ball=B003 X=160,1395 Y=0,6445 Vx=292,6199 Vy=5,1394
[8115,531] Ball=B007 X=89,6332 Y=74,5766 Vx=45,9277 Vy=-94,5486
[8120,454] Ball=B003 X=164,4476 Y=0,7201 Vx=292,6199 Vy=5,1394
[8120,968] Ball=B002 X=201,4810 Y=162,4910 Vx=-152,4392 Vy=21,0020
[8120,029] Ball=B006 X=74,3456 Y=137,7967 Vx=62,1762 Vy=54,0434
[8123,688] Ball=B001 X=173,2700 Y=200,4573 Vx=63,9269 Vy=68,6357
[8120,339] Ball=B005 X=254,5547 Y=193,8750 Vx=-4,6364 Vy=103,2070
[8113,059] Ball=B008 X=134,4170 Y=207,3206 Vx=-30,4436 Vy=22,6203
[8120,465] Ball=B004 X=203,9462 Y=275,0981 Vx=100,8451 Vy=49,1801
[8139,613] Ball=B001 X=174,2883 Y=201,5505 Vx=63,9269 Vy=68,6357
[8131,593] Ball=B007 X=90,3710 Y=73,0579 Vx=45,9277 Vy=-94,5486
[8136,373] Ball=B004 X=205,5503 Y=275,8803 Vx=100,8451 Vy=49,1801
[8137,043] Ball=B002 X=199,0305 Y=162,8286 Vx=-152,4392 Vy=21,0020
[8136,138] Ball=B006 X=75,3472 Y=138,6673 Vx=62,1762 Vy=54,0434
[8136,363] Ball=B005 X=254,4804 Y=195,5288 Vx=-4,6364 Vy=103,2070
[8136,625] Ball=B003 X=169,1798 Y=0,8032 Vx=292,6199 Vy=5,1394
[8129,281] Ball=B008 X=133,9231 Y=207,6875 Vx=-30,4436 Vy=22,6203
[8151,244] Ball=B005 X=254,4114 Y=197,0646 Vx=-4,6364 Vy=103,2070
[8152,019] Ball=B002 X=196,7477 Y=163,1431 Vx=-152,4392 Vy=21,0020
[8143,981] Ball=B008 X=133,4756 Y=208,0201 Vx=-30,4436 Vy=22,6203
[8151,076] Ball=B006 X=76,2760 Y=139,4746 Vx=62,1762 Vy=54,0434
[8151,487] Ball=B004 X=207,0747 Y=276,6238 Vx=100,8451 Vy=49,1801
[8151,634] Ball=B003 X=173,5719 Y=0,8804 Vx=292,6199 Vy=5,1394
[8154,746] Ball=B001 X=175,2557 Y=202,5893 Vx=63,9269 Vy=68,6357
[8146,722] Ball=B007 X=91,0658 Y=71,6275 Vx=45,9277 Vy=-94,5486
[8161,448] Ball=B007 X=91,7420 Y=70,2353 Vx=45,9277 Vy=-94,5486
[8166,237] Ball=B004 X=208,5621 Y=277,3491 Vx=100,8451 Vy=49,1801
[8166,890] Ball=B002 X=194,4808 Y=163,4554 Vx=-152,4392 Vy=21,0020
[8158,859] Ball=B008 X=133,0226 Y=208,3566 Vx=-30,4436 Vy=22,6203
[8166,413] Ball=B003 X=177,8965 Y=0,9563 Vx=292,6199 Vy=5,1394
[8166,013] Ball=B006 X=77,2046 Y=140,2818 Vx=62,1762 Vy=54,0434
[8166,240] Ball=B005 X=254,3419 Y=198,6124 Vx=-4,6364 Vy=103,2070
[8169,748] Ball=B001 X=176,2147 Y=203,6189 Vx=63,9269 Vy=68,6357
[8181,963] Ball=B006 X=78,1963 Y=141,1438 Vx=62,1762 Vy=54,0434
[8177,515] Ball=B007 X=92,4800 Y=68,7161 Vx=45,9277 Vy=-94,5486
[8182,474] Ball=B003 X=182,5963 Y=1,0389 Vx=292,6199 Vy=5,1394
[8185,575] Ball=B001 X=177,2265 Y=204,7052 Vx=63,9269 Vy=68,6357
[8182,235] Ball=B005 X=254,2677 Y=200,2632 Vx=-4,6364 Vy=103,2070
[8182,995] Ball=B002 X=192,0255 Y=163,7937 Vx=-152,4392 Vy=21,0020
[8182,359] Ball=B004 X=210,1880 Y=278,1421 Vx=100,8451 Vy=49,1801
[8175,035] Ball=B008 X=132,5302 Y=208,7225 Vx=-30,4436 Vy=22,6203
[8189,964] Ball=B008 X=132,0757 Y=209,0602 Vx=-30,4436 Vy=22,6203
[8197,381] Ball=B004 X=211,7029 Y=278,8808 Vx=100,8451 Vy=49,1801
[8198,103] Ball=B002 X=189,7226 Y=164,1110 Vx=-152,4392 Vy=21,0020
[8197,345] Ball=B005 X=254,1977 Y=201,8226 Vx=-4,6364 Vy=103,2070
[8197,660] Ball=B003 X=187,0401 Y=1,1169 Vx=292,6199 Vy=5,1394
[8200,765] Ball=B001 X=178,1976 Y=205,7478 Vx=63,9269 Vy=68,6357
[8192,800] Ball=B007 X=93,1820 Y=67,2709 Vx=45,9277 Vy=-94,5486
[8197,192] Ball=B006 X=79,1433 Y=141,9668 Vx=62,1762 Vy=54,0434
[8213,437] Ball=B003 X=191,6567 Y=1,1980 Vx=292,6199 Vy=5,1394
[8213,306] Ball=B004 X=213,3088 Y=279,6640 Vx=100,8451 Vy=49,1801
[8212,962] Ball=B006 X=80,1238 Y=142,8191 Vx=62,1762 Vy=54,0434
[8216,576] Ball=B001 X=179,2083 Y=206,8330 Vx=63,9269 Vy=68,6357
[8208,500] Ball=B007 X=93,9031 Y=65,7865 Vx=45,9277 Vy=-94,5486
[8213,412] Ball=B005 X=254,1232 Y=203,4808 Vx=-4,6364 Vy=103,2070
[8206,137] Ball=B008 X=131,5833 Y=209,4260 Vx=-30,4436 Vy=22,6203
[8214,387] Ball=B002 X=187,2403 Y=164,4530 Vx=-152,4392 Vy=21,0020
[8223,587] Ball=B007 X=94,5960 Y=64,3601 Vx=45,9277 Vy=-94,5486
[8228,381] Ball=B004 X=214,8290 Y=280,4054 Vx=100,8451 Vy=49,1801
[8229,032] Ball=B002 X=185,0078 Y=164,7606 Vx=-152,4392 Vy=21,0020
[8221,003] Ball=B008 X=131,1307 Y=209,7623 Vx=-30,4436 Vy=22,6203
[8231,721] Ball=B001 X=180,1765 Y=207,8724 Vx=63,9269 Vy=68,6357
[8228,154] Ball=B006 X=81,0684 Y=143,6401 Vx=62,1762 Vy=54,0434
[8228,377] Ball=B005 X=254,0538 Y=205,0253 Vx=-4,6364 Vy=103,2070
[8228,690] Ball=B003 X=196,1200 Y=1,2764 Vx=292,6199 Vy=5,1394
[8243,524] Ball=B003 X=200,4603 Y=1,3526 Vx=292,6199 Vy=5,1394
[8244,030] Ball=B002 X=182,7217 Y=165,0755 Vx=-152,4392 Vy=21,0020
[8238,608] Ball=B007 X=95,2859 Y=62,9398 Vx=45,9277 Vy=-94,5486
[8243,401] Ball=B004 X=216,3438 Y=281,1441 Vx=100,8451 Vy=49,1801
[8246,649] Ball=B001 X=181,1307 Y=208,8970 Vx=63,9269 Vy=68,6357
[8243,101] Ball=B006 X=81,9977 Y=144,4480 Vx=62,1762 Vy=54,0434
[8243,319] Ball=B005 X=253,9845 Y=206,5675 Vx=-4,6364 Vy=103,2070
[8236,125] Ball=B008 X=130,6704 Y=210,1044 Vx=-30,4436 Vy=22,6203
[8259,239] Ball=B005 X=253,9107 Y=208,2104 Vx=-4,6364 Vy=103,2070
[8259,357] Ball=B004 X=217,9528 Y=281,9288 Vx=100,8451 Vy=49,1801
[8254,647] Ball=B007 X=96,0203 Y=61,4279 Vx=45,9277 Vy=-94,5486
[8252,058] Ball=B008 X=130,1853 Y=210,4648 Vx=-30,4436 Vy=22,6203
[8262,701] Ball=B001 X=182,1570 Y=209,9988 Vx=63,9269 Vy=68,6357
[8259,604] Ball=B003 X=205,1661 Y=1,4353 Vx=292,6199 Vy=5,1394
[8259,243] Ball=B006 X=83,0013 Y=145,3203 Vx=62,1762 Vy=54,0434
[8260,168] Ball=B002 X=180,2614 Y=165,4145 Vx=-152,4392 Vy=21,0020
[8266,985] Ball=B008 X=129,7309 Y=210,8024 Vx=-30,4436 Vy=22,6203
[8274,376] Ball=B004 X=219,4673 Y=282,6674 Vx=100,8451 Vy=49,1801
[8269,600] Ball=B007 X=96,7093 Y=60,0096 Vx=45,9277 Vy=-94,5486
[8274,061] Ball=B006 X=83,9227 Y=146,1211 Vx=62,1762 Vy=54,0434
[8275,066] Ball=B002 X=177,9904 Y=165,7274 Vx=-152,4392 Vy=21,0020
[8274,563] Ball=B003 X=209,5433 Y=1,5122 Vx=292,6199 Vy=5,1394
[8274,385] Ball=B005 X=253,8405 Y=209,7737 Vx=-4,6364 Vy=103,2070
[8277,740] Ball=B001 X=183,1183 Y=211,0310 Vx=63,9269 Vy=68,6357
[8289,359] Ball=B003 X=213,8728 Y=1,5882 Vx=292,6199 Vy=5,1394
[8281,873] Ball=B008 X=129,2776 Y=211,1392 Vx=-30,4436 Vy=22,6203
[8288,949] Ball=B006 X=84,8484 Y=146,9257 Vx=62,1762 Vy=54,0434
[8292,538] Ball=B001 X=184,0644 Y=212,0467 Vx=63,9269 Vy=68,6357
[8289,201] Ball=B005 X=253,7718 Y=211,3028 Vx=-4,6364 Vy=103,2070
[8284,542] Ball=B007 X=97,3956 Y=58,5967 Vx=45,9277 Vy=-94,5486
[8289,983] Ball=B002 X=175,7165 Y=166,0406 Vx=-152,4392 Vy=21,0020
[8289,349] Ball=B004 X=220,9775 Y=283,4039 Vx=100,8451 Vy=49,1801
[8305,195] Ball=B004 X=222,5753 Y=284,1831 Vx=100,8451 Vy=49,1801
[8305,847] Ball=B002 X=173,2982 Y=166,3738 Vx=-152,4392 Vy=21,0020
[8300,424] Ball=B007 X=98,1249 Y=57,0952 Vx=45,9277 Vy=-94,5486
[8305,103] Ball=B005 X=253,6981 Y=212,9439 Vx=-4,6364 Vy=103,2070
[8308,484] Ball=B001 X=185,0837 Y=213,1412 Vx=63,9269 Vy=68,6357
[8305,003] Ball=B006 X=85,8410 Y=147,7885 Vx=62,1762 Vy=54,0434
[8305,386] Ball=B003 X=218,5628 Y=1,6706 Vx=292,6199 Vy=5,1394
[8298,026] Ball=B008 X=128,7859 Y=211,5046 Vx=-30,4436 Vy=22,6203
[8320,378] Ball=B003 X=222,9495 Y=1,7476 Vx=292,6199 Vy=5,1394
[8323,476] Ball=B001 X=186,0420 Y=214,1701 Vx=63,9269 Vy=68,6357
[8315,684] Ball=B007 X=98,8258 Y=55,6524 Vx=45,9277 Vy=-94,5486
[8320,368] Ball=B005 X=253,6273 Y=214,5194 Vx=-4,6364 Vy=103,2070
[8313,087] Ball=B008 X=128,3274 Y=211,8453 Vx=-30,4436 Vy=22,6203
[8321,139] Ball=B002 X=170,9670 Y=166,6950 Vx=-152,4392 Vy=21,0020
[8320,508] Ball=B004 X=224,1196 Y=284,9362 Vx=100,8451 Vy=49,1801
[8320,726] Ball=B006 X=86,8241 Y=148,6430 Vx=62,1762 Vy=54,0434
[8332,463] Ball=B007 X=99,5964 Y=54,0661 Vx=45,9277 Vy=-94,5486
[8336,917] Ball=B006 X=87,8308 Y=149,5181 Vx=62,1762 Vy=54,0434
[8337,908] Ball=B002 X=168,4108 Y=167,0472 Vx=-152,4392 Vy=21,0020
[8337,421] Ball=B003 X=227,9368 Y=1,8352 Vx=292,6199 Vy=5,1394
[8329,897] Ball=B008 X=127,8156 Y=212,2255 Vx=-30,4436 Vy=22,6203
[8337,292] Ball=B004 X=225,8122 Y=285,7617 Vx=100,8451 Vy=49,1801
[8337,195] Ball=B005 X=253,5493 Y=216,2561 Vx=-4,6364 Vy=103,2070
[8340,549] Ball=B001 X=187,1335 Y=215,3420 Vx=63,9269 Vy=68,6357
[8353,176] Ball=B005 X=253,4752 Y=217,9053 Vx=-4,6364 Vy=103,2070
[8353,004] Ball=B006 X=88,8310 Y=150,3874 Vx=62,1762 Vy=54,0434
[8356,581] Ball=B001 X=188,1584 Y=216,4423 Vx=63,9269 Vy=68,6357
[8346,024] Ball=B008 X=127,3246 Y=212,5903 Vx=-30,4436 Vy=22,6203
[8353,562] Ball=B003 X=232,6599 Y=1,9182 Vx=292,6199 Vy=5,1394
[8353,497] Ball=B004 X=227,4464 Y=286,5586 Vx=100,8451 Vy=49,1801
[8354,146] Ball=B002 X=165,9355 Y=167,3882 Vx=-152,4392 Vy=21,0020
[8348,720] Ball=B007 X=100,3431 Y=52,5289 Vx=45,9277 Vy=-94,5486
[8364,615] Ball=B007 X=101,0731 Y=51,0261 Vx=45,9277 Vy=-94,5486
[8369,070] Ball=B006 X=89,8300 Y=151,2557 Vx=62,1762 Vy=54,0434
[8369,544] Ball=B003 X=237,3366 Y=2,0003 Vx=292,6199 Vy=5,1394
[8369,302] Ball=B005 X=253,4004 Y=219,5697 Vx=-4,6364 Vy=103,2070
[8372,692] Ball=B001 X=189,1883 Y=217,5481 Vx=63,9269 Vy=68,6357
[8370,097] Ball=B002 X=163,5039 Y=167,7232 Vx=-152,4392 Vy=21,0020
[8369,461] Ball=B004 X=229,0563 Y=287,3437 Vx=100,8451 Vy=49,1801
[8362,076] Ball=B008 X=126,8360 Y=212,9534 Vx=-30,4436 Vy=22,6203
[8379,585] Ball=B007 X=101,7606 Y=49,6107 Vx=45,9277 Vy=-94,5486
[8387,612] Ball=B001 X=190,1421 Y=218,5721 Vx=63,9269 Vy=68,6357
[8385,024] Ball=B002 X=161,2286 Y=168,0367 Vx=-152,4392 Vy=21,0020
[8384,062] Ball=B006 X=90,7621 Y=152,0659 Vx=62,1762 Vy=54,0434
[8384,293] Ball=B005 X=253,3309 Y=221,1169 Vx=-4,6364 Vy=103,2070
[8377,074] Ball=B008 X=126,3794 Y=213,2927 Vx=-30,4436 Vy=22,6203
[8384,608] Ball=B003 X=241,7448 Y=2,0777 Vx=292,6199 Vy=5,1394
[8384,557] Ball=B004 X=230,5787 Y=288,0862 Vx=100,8451 Vy=49,1801
[8400,394] Ball=B003 X=246,3636 Y=2,1589 Vx=292,6199 Vy=5,1394
[8400,142] Ball=B005 X=253,2574 Y=222,7525 Vx=-4,6364 Vy=103,2070
[8400,264] Ball=B004 X=232,1626 Y=288,8586 Vx=100,8451 Vy=49,1801
[8400,921] Ball=B002 X=158,8052 Y=168,3706 Vx=-152,4392 Vy=21,0020
[8395,508] Ball=B007 X=102,4919 Y=48,1051 Vx=45,9277 Vy=-94,5486
[8403,536] Ball=B001 X=191,1600 Y=219,6651 Vx=63,9269 Vy=68,6357
[8399,988] Ball=B006 X=91,7524 Y=152,9267 Vx=62,1762 Vy=54,0434
[8392,927] Ball=B008 X=125,8967 Y=213,6513 Vx=-30,4436 Vy=22,6203
[8415,994] Ball=B002 X=156,5076 Y=168,6871 Vx=-152,4392 Vy=21,0020
[8415,488] Ball=B003 X=250,7808 Y=2,2364 Vx=292,6199 Vy=5,1394
[8415,024] Ball=B006 X=92,6872 Y=153,7392 Vx=62,1762 Vy=54,0434
[8418,611] Ball=B001 X=192,1237 Y=220,6998 Vx=63,9269 Vy=68,6357
[8415,484] Ball=B004 X=233,6971 Y=289,6069 Vx=100,8451 Vy=49,1801
[8408,095] Ball=B008 X=125,4350 Y=213,9944 Vx=-30,4436 Vy=22,6203
[8415,380] Ball=B005 X=253,1868 Y=224,3253 Vx=-4,6364 Vy=103,2070
[8410,823] Ball=B007 X=103,1954 Y=46,6571 Vx=45,9277 Vy=-94,5486
[8423,971] Ball=B008 X=124,9517 Y=214,3535 Vx=-30,4436 Vy=22,6203
[8426,581] Ball=B007 X=103,9191 Y=45,1672 Vx=45,9277 Vy=-94,5486
[8432,057] Ball=B002 X=154,0589 Y=169,0245 Vx=-152,4392 Vy=21,0020
[8431,079] Ball=B006 X=93,6855 Y=154,6069 Vx=62,1762 Vy=54,0434
[8431,491] Ball=B004 X=235,3117 Y=290,3944 Vx=100,8451 Vy=49,1801
[8434,730] Ball=B001 X=193,1542 Y=221,8061 Vx=63,9269 Vy=68,6357
[8431,380] Ball=B005 X=253,1126 Y=225,9767 Vx=-4,6364 Vy=103,2070
[8431,696] Ball=B003 X=255,5235 Y=2,3197 Vx=292,6199 Vy=5,1394
[8450,613] Ball=B001 X=194,1695 Y=222,8962 Vx=63,9269 Vy=68,6357
[8447,258] Ball=B005 X=253,0390 Y=227,6153 Vx=-4,6364 Vy=103,2070
[8447,385] Ball=B004 X=236,9145 Y=291,1760 Vx=100,8451 Vy=49,1801
[8448,040] Ball=B002 X=151,6225 Y=169,3602 Vx=-152,4392 Vy=21,0020
[8447,077] Ball=B006 X=94,6802 Y=155,4715 Vx=62,1762 Vy=54,0434
[8440,016] Ball=B008 X=124,4632 Y=214,7165 Vx=-30,4436 Vy=22,6203
[8442,626] Ball=B007 X=104,6560 Y=43,6501 Vx=45,9277 Vy=-94,5486
[8447,680] Ball=B003 X=260,2008 Y=2,4019 Vx=292,6199 Vy=5,1394
[8462,873] Ball=B002 X=149,3614 Y=169,6717 Vx=-152,4392 Vy=21,0020
[8457,466] Ball=B007 X=105,3375 Y=42,2471 Vx=45,9277 Vy=-94,5486
[8462,281] Ball=B004 X=238,4167 Y=291,9086 Vx=100,8451 Vy=49,1801
[8462,013] Ball=B006 X=95,6088 Y=156,2786 Vx=62,1762 Vy=54,0434
[8454,959] Ball=B008 X=124,0083 Y=215,0545 Vx=-30,4436 Vy=22,6203
[8462,242] Ball=B005 X=252,9695 Y=229,1618 Vx=-4,6364 Vy=103,2070
[8465,605] Ball=B001 X=195,1280 Y=223,9253 Vx=63,9269 Vy=68,6357
[8462,693] Ball=B003 X=264,5112 Y=2,4776 Vx=292,6199 Vy=5,1394
[8478,522] Ball=B003 X=269,2257 Y=2,5604 Vx=292,6199 Vy=5,1394
[8470,986] Ball=B008 X=123,5204 Y=215,4170 Vx=-30,4436 Vy=22,6203
[8478,389] Ball=B004 X=240,0412 Y=292,7008 Vx=100,8451 Vy=49,1801
[8478,278] Ball=B005 X=252,8952 Y=230,8168 Vx=-4,6364 Vy=103,2070
[8481,658] Ball=B001 X=196,1542 Y=225,0271 Vx=63,9269 Vy=68,6357
[8478,180] Ball=B006 X=96,6141 Y=157,1524 Vx=62,1762 Vy=54,0434
[8479,216] Ball=B002 X=146,8700 Y=170,0149 Vx=-152,4392 Vy=21,0020
[8473,844] Ball=B007 X=106,0898 Y=40,6985 Vx=45,9277 Vy=-94,5486
[8485,984] Ball=B008 X=123,0638 Y=215,7562 Vx=-30,4436 Vy=22,6203
[8494,022] Ball=B002 X=144,6131 Y=170,3259 Vx=-152,4392 Vy=21,0020
[8493,385] Ball=B004 X=241,5534 Y=293,4383 Vx=100,8451 Vy=49,1801
[8493,535] Ball=B003 X=273,6189 Y=2,6376 Vx=292,6199 Vy=5,1394
[8493,381] Ball=B005 X=252,8251 Y=232,3756 Vx=-4,6364 Vy=103,2070
[8488,712] Ball=B007 X=106,7726 Y=39,2928 Vx=45,9277 Vy=-94,5486
[8493,165] Ball=B006 X=97,5458 Y=157,9623 Vx=62,1762 Vy=54,0434
[8496,737] Ball=B001 X=197,1181 Y=226,0620 Vx=63,9269 Vy=68,6357
[8512,522] Ball=B001 X=198,1272 Y=227,1454 Vx=63,9269 Vy=68,6357
[8509,169] Ball=B005 X=252,7519 Y=234,0050 Vx=-4,6364 Vy=103,2070
[8504,506] Ball=B007 X=107,4980 Y=37,7996 Vx=45,9277 Vy=-94,5486
[8509,941] Ball=B002 X=142,1863 Y=170,6602 Vx=-152,4392 Vy=21,0020
[8509,458] Ball=B003 X=278,2783 Y=2,7194 Vx=292,6199 Vy=5,1394
[8509,321] Ball=B004 X=243,1605 Y=294,2221 Vx=100,8451 Vy=49,1801
[8508,990] Ball=B006 X=98,5297 Y=158,8175 Vx=62,1762 Vy=54,0434
[8501,939] Ball=B008 X=122,5780 Y=216,1172 Vx=-30,4436 Vy=22,6203
[8516,978] Ball=B008 X=122,1202 Y=216,4573 Vx=-30,4436 Vy=22,6203
[8524,384] Ball=B004 X=244,6795 Y=294,9628 Vx=100,8451 Vy=49,1801
[8524,529] Ball=B003 X=282,6884 Y=2,7968 Vx=292,6199 Vy=5,1394
[8525,042] Ball=B002 X=139,8843 Y=170,9774 Vx=-152,4392 Vy=21,0020
[8527,638] Ball=B001 X=199,0935 Y=228,1829 Vx=63,9269 Vy=68,6357
[8524,357] Ball=B005 X=252,6815 Y=235,5725 Vx=-4,6364 Vy=103,2070
[8519,689] Ball=B007 X=108,1953 Y=36,3640 Vx=45,9277 Vy=-94,5486
[8524,141] Ball=B006 X=99,4717 Y=159,6363 Vx=62,1762 Vy=54,0434
[8538,876] Ball=B006 X=100,3878 Y=160,4326 Vx=62,1762 Vy=54,0434
[8542,474] Ball=B001 X=200,0419 Y=229,2012 Vx=63,9269 Vy=68,6357
[8534,540] Ball=B007 X=108,8774 Y=34,9599 Vx=45,9277 Vy=-94,5486
[8539,527] Ball=B003 X=287,0771 Y=2,8739 Vx=292,6199 Vy=5,1394
[8540,084] Ball=B002 X=137,5914 Y=171,2933 Vx=-152,4392 Vy=21,0020
[8532,053] Ball=B008 X=121,6613 Y=216,7983 Vx=-30,4436 Vy=22,6203
[8539,356] Ball=B005 X=252,6120 Y=237,1205 Vx=-4,6364 Vy=103,2070
[8539,243] Ball=B004 X=246,1780 Y=295,6936 Vx=100,8451 Vy=49,1801
[8547,840] Ball=B008 X=121,1807 Y=217,1554 Vx=-30,4436 Vy=22,6203
[8554,910] Ball=B006 X=101,3848 Y=161,2991 Vx=62,1762 Vy=54,0434
[8558,489] Ball=B001 X=201,0658 Y=230,3004 Vx=63,9269 Vy=68,6357
[8555,226] Ball=B005 X=252,5384 Y=238,7584 Vx=-4,6364 Vy=103,2070
[8555,989] Ball=B002 X=135,1667 Y=171,6273 Vx=-152,4392 Vy=21,0020
[8550,562] Ball=B007 X=109,6132 Y=33,4450 Vx=45,9277 Vy=-94,5486
[8555,590] Ball=B003 X=291,7776 Y=2,9565 Vx=292,6199 Vy=5,1394
[8555,238] Ball=B004 X=247,7909 Y=296,4802 Vx=100,8451 Vy=49,1801
[8571,486] Ball=B003 X=296,4286 Y=3,0382 Vx=292,6199 Vy=5,1394
[8574,603] Ball=B001 X=202,0959 Y=231,4064 Vx=63,9269 Vy=68,6357
[8572,013] Ball=B002 X=132,7241 Y=171,9638 Vx=-152,4392 Vy=21,0020
[8566,589] Ball=B007 X=110,3493 Y=31,9297 Vx=45,9277 Vy=-94,5486
[8564,074] Ball=B008 X=120,6864 Y=217,5227 Vx=-30,4436 Vy=22,6203
[8571,356] Ball=B005 X=252,4636 Y=240,4231 Vx=-4,6364 Vy=103,2070
[8571,471] Ball=B004 X=249,4280 Y=297,2786 Vx=100,8451 Vy=49,1801
[8571,210] Ball=B006 X=102,3983 Y=162,1800 Vx=62,1762 Vy=54,0434
[8579,973] Ball=B008 X=120,2024 Y=217,8823 Vx=-30,4436 Vy=22,6203
[8588,029] Ball=B002 X=130,2827 Y=172,3002 Vx=-152,4392 Vy=21,0020
[8582,626] Ball=B007 X=111,0858 Y=30,4134 Vx=45,9277 Vy=-94,5486
[8587,075] Ball=B006 X=103,3847 Y=163,0375 Vx=62,1762 Vy=54,0434
[8587,267] Ball=B005 X=252,3899 Y=242,0653 Vx=-4,6364 Vy=103,2070
[8587,391] Ball=B004 X=251,0335 Y=298,0615 Vx=100,8451 Vy=49,1801
[8587,794] Ball=B003 X=301,2009 Y=3,1220 Vx=292,6199 Vy=5,1394
[8590,902] Ball=B001 X=203,1378 Y=232,5251 Vx=63,9269 Vy=68,6357
[8603,849] Ball=B002 X=132,4401 Y=174,2058 Vx=90,0026 Vy=104,4908
[8606,455] Ball=B001 X=204,1321 Y=233,5926 Vx=63,9269 Vy=68,6357
[8603,361] Ball=B003 X=305,7560 Y=3,2020 Vx=292,6199 Vy=5,1394
[8603,120] Ball=B005 X=252,3164 Y=243,7014 Vx=-4,6364 Vy=103,2070
[8603,239] Ball=B004 X=252,6316 Y=298,8409 Vx=100,8451 Vy=49,1801
[8598,535] Ball=B007 X=111,8165 Y=28,9092 Vx=45,9277 Vy=-94,5486
[8603,106] Ball=B006 X=101,0568 Y=162,7589 Vx=-99,4517 Vy=-1,6158
[8596,054] Ball=B008 X=119,7128 Y=218,2461 Vx=-30,4436 Vy=22,6203
[8610,914] Ball=B008 X=119,2604 Y=218,5822 Vx=-30,4436 Vy=22,6203
[8618,190] Ball=B005 X=252,2465 Y=245,2567 Vx=-4,6364 Vy=103,2070
[8617,989] Ball=B006 X=99,5767 Y=162,7349 Vx=-99,4517 Vy=-1,6158
[8619,169] Ball=B002 X=133,8191 Y=175,8068 Vx=90,0026 Vy=104,4908
[8618,529] Ball=B004 X=254,1735 Y=299,5929 Vx=100,8451 Vy=49,1801
[8613,760] Ball=B007 X=112,5158 Y=27,4697 Vx=45,9277 Vy=-94,5486
[8621,787] Ball=B001 X=205,1122 Y=234,6449 Vx=63,9269 Vy=68,6357
[8618,696] Ball=B003 X=310,2436 Y=3,2808 Vx=292,6199 Vy=5,1394
[8633,444] Ball=B003 X=314,5588 Y=3,3566 Vx=292,6199 Vy=5,1394
[8636,553] Ball=B001 X=206,0561 Y=235,6584 Vx=63,9269 Vy=68,6357
[8633,206] Ball=B005 X=252,1769 Y=246,8065 Vx=-4,6364 Vy=103,2070
[8633,332] Ball=B004 X=255,6664 Y=300,3209 Vx=100,8451 Vy=49,1801
[8633,012] Ball=B006 X=98,0826 Y=162,7106 Vx=-99,4517 Vy=-1,6158
[8628,562] Ball=B007 X=113,1956 Y=26,0702 Vx=45,9277 Vy=-94,5486
[8633,992] Ball=B002 X=135,1531 Y=177,3556 Vx=90,0026 Vy=104,4908
[8626,048] Ball=B008 X=118,7997 Y=218,9245 Vx=-30,4436 Vy=22,6203
[8648,967] Ball=B006 X=96,4959 Y=162,6848 Vx=-99,4517 Vy=-1,6158
[8649,304] Ball=B004 X=257,2771 Y=301,1064 Vx=100,8451 Vy=49,1801
[8649,204] Ball=B005 X=252,1027 Y=248,4576 Vx=-4,6364 Vy=103,2070
[8652,573] Ball=B001 X=207,0802 Y=236,7579 Vx=63,9269 Vy=68,6357
[8644,562] Ball=B007 X=113,9305 Y=24,5574 Vx=45,9277 Vy=-94,5486
[8641,963] Ball=B008 X=118,3152 Y=219,2845 Vx=-30,4436 Vy=22,6203
[8649,510] Ball=B003 X=319,2602 Y=3,4392 Vx=292,6199 Vy=5,1394
[8650,019] Ball=B002 X=136,5957 Y=179,0303 Vx=90,0026 Vy=104,4908
[8665,847] Ball=B002 X=138,0201 Y=180,6841 Vx=90,0026 Vy=104,4908
[8665,089] Ball=B005 X=252,0290 Y=250,0970 Vx=-4,6364 Vy=103,2070
[8668,450] Ball=B001 X=208,0952 Y=237,8476 Vx=63,9269 Vy=68,6357
[8657,824] Ball=B008 X=117,8323 Y=219,6433 Vx=-30,4436 Vy=22,6203
[8665,363] Ball=B003 X=323,8991 Y=3,5207 Vx=292,6199 Vy=5,1394
[8660,461] Ball=B007 X=114,6606 Y=23,0542 Vx=45,9277 Vy=-94,5486
[8665,246] Ball=B004 X=258,8848 Y=301,8905 Vx=100,8451 Vy=49,1801
[8665,027] Ball=B006 X=94,8987 Y=162,6589 Vx=-99,4517 Vy=-1,6158
[8680,303] Ball=B003 X=328,2706 Y=3,5974 Vx=292,6199 Vy=5,1394
[8680,175] Ball=B004 X=260,3903 Y=302,6247 Vx=100,8451 Vy=49,1801
[8675,396] Ball=B007 X=115,3465 Y=21,6421 Vx=45,9277 Vy=-94,5486
[8680,091] Ball=B005 X=251,9595 Y=251,6453 Vx=-4,6364 Vy=103,2070
[8679,874] Ball=B006 X=93,4221 Y=162,6349 Vx=-99,4517 Vy=-1,6158
[8672,901] Ball=B008 X=117,3733 Y=219,9844 Vx=-30,4436 Vy=22,6203
[8683,586] Ball=B001 X=209,0628 Y=238,8865 Vx=63,9269 Vy=68,6357
[8681,053] Ball=B002 X=139,3888 Y=182,2731 Vx=90,0026 Vy=104,4908
[8699,550] Ball=B001 X=210,0833 Y=239,9822 Vx=63,9269 Vy=68,6357
[8695,986] Ball=B006 X=91,8197 Y=162,6088 Vx=-99,4517 Vy=-1,6158
[8696,967] Ball=B002 X=140,8210 Y=183,9359 Vx=90,0026 Vy=104,4908
[8689,017] Ball=B008 X=116,8827 Y=220,3489 Vx=-30,4436 Vy=22,6203
[8696,336] Ball=B005 X=251,8842 Y=253,3220 Vx=-4,6364 Vy=103,2070
[8696,409] Ball=B004 X=262,0274 Y=303,4230 Vx=100,8451 Vy=49,1801
[8691,729] Ball=B007 X=116,0967 Y=20,0979 Vx=45,9277 Vy=-94,5486
[8696,677] Ball=B003 X=333,0624 Y=3,6816 Vx=292,6199 Vy=5,1394
[8703,923] Ball=B008 X=116,4289 Y=220,6861 Vx=-30,4436 Vy=22,6203
[8714,556] Ball=B001 X=211,0426 Y=241,0121 Vx=63,9269 Vy=68,6357
[8711,968] Ball=B002 X=142,1712 Y=185,5034 Vx=90,0026 Vy=104,4908
[8711,470] Ball=B003 X=337,3911 Y=3,7576 Vx=292,6199 Vy=5,1394
[8706,632] Ball=B007 X=116,7812 Y=18,6888 Vx=45,9277 Vy=-94,5486
[8711,090] Ball=B006 X=90,3176 Y=162,5844 Vx=-99,4517 Vy=-1,6158
[8711,471] Ball=B004 X=263,5464 Y=304,1638 Vx=100,8451 Vy=49,1801
[8711,415] Ball=B005 X=251,8143 Y=254,8782 Vx=-4,6364 Vy=103,2070
[8726,455] Ball=B003 X=341,7758 Y=3,8346 Vx=292,6199 Vy=5,1394
[8726,201] Ball=B005 X=251,7457 Y=256,4042 Vx=-4,6364 Vy=103,2070
[8718,927] Ball=B008 X=115,9721 Y=221,0255 Vx=-30,4436 Vy=22,6203
[8726,332] Ball=B004 X=265,0450 Y=304,8947 Vx=100,8451 Vy=49,1801
[8721,539] Ball=B007 X=117,4658 Y=17,2793 Vx=45,9277 Vy=-94,5486
[8727,051] Ball=B002 X=143,5288 Y=187,0795 Vx=90,0026 Vy=104,4908
[8726,129] Ball=B006 X=88,8220 Y=162,5601 Vx=-99,4517 Vy=-1,6158
[8729,701] Ball=B001 X=212,0108 Y=242,0517 Vx=63,9269 Vy=68,6357
[8740,961] Ball=B006 X=87,3469 Y=162,5362 Vx=-99,4517 Vy=-1,6158
[8736,519] Ball=B007 X=118,1538 Y=15,8630 Vx=45,9277 Vy=-94,5486
[8741,193] Ball=B005 X=251,6762 Y=257,9516 Vx=-4,6364 Vy=103,2070
[8742,047] Ball=B002 X=144,8784 Y=188,6464 Vx=90,0026 Vy=104,4908
[8744,644] Ball=B001 X=212,9661 Y=243,0773 Vx=63,9269 Vy=68,6357
[8734,067] Ball=B008 X=115,5112 Y=221,3680 Vx=-30,4436 Vy=22,6203
[8741,462] Ball=B004 X=266,5707 Y=305,6387 Vx=100,8451 Vy=49,1801
[8741,603] Ball=B003 X=346,2084 Y=3,9125 Vx=292,6199 Vy=5,1394
[8757,298] Ball=B004 X=268,1677 Y=306,4176 Vx=100,8451 Vy=49,1801
[8756,976] Ball=B006 X=85,7542 Y=162,5103 Vx=-99,4517 Vy=-1,6158
[8760,557] Ball=B001 X=213,9833 Y=244,1694 Vx=63,9269 Vy=68,6357
[8757,463] Ball=B003 X=350,8495 Y=3,9940 Vx=292,6199 Vy=5,1394
[8757,222] Ball=B005 X=251,6019 Y=259,6058 Vx=-4,6364 Vy=103,2070
[8758,047] Ball=B002 X=146,3184 Y=190,3182 Vx=90,0026 Vy=104,4908
[8752,627] Ball=B007 X=118,8936 Y=14,3401 Vx=45,9277 Vy=-94,5486
[8749,909] Ball=B008 X=115,0289 Y=221,7263 Vx=-30,4436 Vy=22,6203
[8768,387] Ball=B007 X=119,6174 Y=12,8499 Vx=45,9277 Vy=-94,5486
[8773,308] Ball=B003 X=355,4856 Y=4,0754 Vx=292,6199 Vy=5,1394
[8773,182] Ball=B004 X=269,7696 Y=307,1988 Vx=100,8451 Vy=49,1801
[8773,076] Ball=B005 X=251,5284 Y=261,2420 Vx=-4,6364 Vy=103,2070
[8773,851] Ball=B002 X=147,7409 Y=191,9696 Vx=90,0026 Vy=104,4908
[8776,446] Ball=B001 X=214,9991 Y=245,2601 Vx=63,9269 Vy=68,6357
[8765,816] Ball=B008 X=114,5447 Y=222,0861 Vx=-30,4436 Vy=22,6203
[8772,958] Ball=B006 X=84,1647 Y=162,4845 Vx=-99,4517 Vy=-1,6158
[8791,488] Ball=B001 X=215,9606 Y=246,2923 Vx=63,9269 Vy=68,6357
[8781,074] Ball=B008 X=114,0801 Y=222,4313 Vx=-30,4436 Vy=22,6203
[8783,784] Ball=B007 X=120,3246 Y=11,3942 Vx=45,9277 Vy=-94,5486
[8788,786] Ball=B003 X=360,0152 Y=4,1550 Vx=292,6199 Vy=5,1394
[8788,333] Ball=B006 X=82,6356 Y=162,4596 Vx=-99,4517 Vy=-1,6158
[8789,319] Ball=B002 X=149,1330 Y=193,5859 Vx=90,0026 Vy=104,4908
[8788,564] Ball=B005 X=251,4566 Y=262,8405 Vx=-4,6364 Vy=103,2070
[8788,687] Ball=B004 X=271,3331 Y=307,9613 Vx=100,8451 Vy=49,1801
[8797,773] Ball=B008 X=113,5718 Y=222,8090 Vx=-30,4436 Vy=22,6203
[8808,414] Ball=B001 X=217,0427 Y=247,4542 Vx=63,9269 Vy=68,6357
[8805,073] Ball=B005 X=251,3800 Y=264,5443 Vx=-4,6364 Vy=103,2070
[8805,192] Ball=B004 X=272,9976 Y=308,7730 Vx=100,8451 Vy=49,1801
[8805,843] Ball=B002 X=150,6201 Y=195,3124 Vx=90,0026 Vy=104,4908
[8804,871] Ball=B006 X=80,9909 Y=162,4329 Vx=-99,4517 Vy=-1,6158
[8805,400] Ball=B003 X=364,8625 Y=4,2401 Vx=292,6199 Vy=5,1394
[8800,493] Ball=B007 X=121,0920 Y=9,8143 Vx=45,9277 Vy=-94,5486
[8813,904] Ball=B008 X=113,0807 Y=223,1739 Vx=-30,4436 Vy=22,6203
[8821,441] Ball=B003 X=369,5708 Y=4,3228 Vx=292,6199 Vy=5,1394
[8821,955] Ball=B002 X=152,0703 Y=196,9960 Vx=90,0026 Vy=104,4908
[8816,532] Ball=B007 X=121,8286 Y=8,2979 Vx=45,9277 Vy=-94,5486
[8821,331] Ball=B004 X=274,6252 Y=309,5667 Vx=100,8451 Vy=49,1801
[8820,999] Ball=B006 X=79,3870 Y=162,4069 Vx=-99,4517 Vy=-1,6158
[8821,222] Ball=B005 X=251,3052 Y=266,2110 Vx=-4,6364 Vy=103,2070
[8824,579] Ball=B001 X=218,0761 Y=248,5637 Vx=63,9269 Vy=68,6357
[8839,538] Ball=B001 X=219,0322 Y=249,5903 Vx=63,9269 Vy=68,6357
[8836,194] Ball=B005 X=251,2357 Y=267,7563 Vx=-4,6364 Vy=103,2070
[8835,983] Ball=B006 X=77,8969 Y=162,3826 Vx=-99,4517 Vy=-1,6158
[8836,323] Ball=B004 X=276,1370 Y=310,3040 Vx=100,8451 Vy=49,1801
[8831,553] Ball=B007 X=122,5185 Y=6,8776 Vx=45,9277 Vy=-94,5486
[8837,064] Ball=B002 X=153,4301 Y=198,5747 Vx=90,0026 Vy=104,4908
[8829,029] Ball=B008 X=112,6202 Y=223,5160 Vx=-30,4436 Vy=22,6203
[8836,562] Ball=B003 X=373,9956 Y=4,4005 Vx=292,6199 Vy=5,1394
[8851,317] Ball=B004 X=277,6490 Y=311,0414 Vx=100,8451 Vy=49,1801
[8851,968] Ball=B002 X=154,7715 Y=200,1321 Vx=90,0026 Vy=104,4908
[8851,456] Ball=B003 X=378,3533 Y=4,4771 Vx=292,6199 Vy=5,1394
[8854,574] Ball=B001 X=219,9935 Y=250,6224 Vx=63,9269 Vy=68,6357
[8843,971] Ball=B008 X=112,1653 Y=223,8540 Vx=-30,4436 Vy=22,6203
[8851,034] Ball=B006 X=76,4000 Y=162,3583 Vx=-99,4517 Vy=-1,6158
[8846,582] Ball=B007 X=123,2088 Y=5,4567 Vx=45,9277 Vy=-94,5486
[8851,432] Ball=B005 X=251,1651 Y=269,3289 Vx=-4,6364 Vy=103,2070
[8866,976] Ball=B006 X=74,8146 Y=162,3326 Vx=-99,4517 Vy=-1,6158
[8859,927] Ball=B008 X=111,6796 Y=224,2149 Vx=-30,4436 Vy=22,6203
[8867,973] Ball=B002 X=156,2120 Y=201,8044 Vx=90,0026 Vy=104,4908
[8867,225] Ball=B005 X=251,0919 Y=270,9589 Vx=-4,6364 Vy=103,2070
[8867,481] Ball=B003 X=383,0431 Y=4,5594 Vx=292,6199 Vy=5,1394
[8862,560] Ball=B007 X=123,9426 Y=3,9460 Vx=45,9277 Vy=-94,5486
[8867,351] Ball=B004 X=279,2661 Y=311,8300 Vx=100,8451 Vy=49,1801
[8870,554] Ball=B001 X=221,0151 Y=251,7192 Vx=63,9269 Vy=68,6357
[8883,181] Ball=B005 X=251,0179 Y=272,6056 Vx=-4,6364 Vy=103,2070
[8878,519] Ball=B007 X=124,6755 Y=2,4371 Vx=45,9277 Vy=-94,5486
[8875,920] Ball=B008 X=111,1927 Y=224,5767 Vx=-30,4436 Vy=22,6203
[8883,320] Ball=B004 X=280,8765 Y=312,6154 Vx=100,8451 Vy=49,1801
[8883,980] Ball=B002 X=157,6528 Y=203,4771 Vx=90,0026 Vy=104,4908
[8886,577] Ball=B001 X=222,0394 Y=252,8190 Vx=63,9269 Vy=68,6357
[8883,009] Ball=B006 X=73,2199 Y=162,3067 Vx=-99,4517 Vy=-1,6158
[8883,477] Ball=B003 X=375,3193 Y=4,6416 Vx=-292,6199 Vy=5,1394
[8901,558] Ball=B001 X=222,9971 Y=253,8472 Vx=63,9269 Vy=68,6357
[8898,964] Ball=B002 X=159,0013 Y=205,0427 Vx=90,0026 Vy=104,4908
[8898,493] Ball=B003 X=370,9254 Y=4,7188 Vx=-292,6199 Vy=5,1394
[8897,991] Ball=B006 X=71,7301 Y=162,2825 Vx=-99,4517 Vy=-1,6158
[8898,441] Ball=B004 X=282,4013 Y=313,3590 Vx=100,8451 Vy=49,1801
[8891,055] Ball=B008 X=110,7319 Y=224,9191 Vx=-30,4436 Vy=22,6203
[8898,338] Ball=B005 X=250,9476 Y=274,1700 Vx=-4,6364 Vy=103,2070
[8893,829] Ball=B007 X=125,3787 Y=0,9896 Vx=45,9277 Vy=-94,5486
[8909,525] Ball=B007 X=126,0995 Y=-0,4944 Vx=45,9277 Vy=-94,5486
[8914,203] Ball=B005 X=250,8741 Y=275,8074 Vx=-4,6364 Vy=103,2070
[8914,325] Ball=B004 X=284,0031 Y=314,1401 Vx=100,8451 Vy=49,1801
[8913,998] Ball=B006 X=70,1381 Y=162,2566 Vx=-99,4517 Vy=-1,6158
[8906,955] Ball=B008 X=110,2479 Y=225,2787 Vx=-30,4436 Vy=22,6203
[8914,993] Ball=B002 X=160,4440 Y=206,7177 Vx=90,0026 Vy=104,4908
[8914,574] Ball=B003 X=366,2199 Y=4,8015 Vx=-292,6199 Vy=5,1394
[8917,683] Ball=B001 X=224,0279 Y=254,9540 Vx=63,9269 Vy=68,6357
[8921,831] Ball=B008 X=109,7950 Y=225,6152 Vx=-30,4436 Vy=22,6203
[8929,366] Ball=B003 X=361,8914 Y=4,8775 Vx=-292,6199 Vy=5,1394
[8932,474] Ball=B001 X=224,9734 Y=255,9691 Vx=63,9269 Vy=68,6357
[8929,145] Ball=B005 X=250,8048 Y=277,3495 Vx=-4,6364 Vy=103,2070
[8929,262] Ball=B004 X=285,5095 Y=314,8748 Vx=100,8451 Vy=49,1801
[8928,942] Ball=B006 X=68,6519 Y=162,2324 Vx=-99,4517 Vy=-1,6158
[8929,922] Ball=B002 X=161,7877 Y=208,2776 Vx=90,0026 Vy=104,4908
[8924,494] Ball=B007 X=126,7871 Y=1,4155 Vx=45,9277 Vy=94,5486
[8945,956] Ball=B002 X=163,2307 Y=209,9529 Vx=90,0026 Vy=104,4908
[8944,975] Ball=B006 X=67,0574 Y=162,2065 Vx=-99,4517 Vy=-1,6158
[8940,524] Ball=B007 X=127,5233 Y=2,9310 Vx=45,9277 Vy=94,5486
[8948,574] Ball=B001 X=226,0027 Y=257,0742 Vx=63,9269 Vy=68,6357
[8945,344] Ball=B004 X=287,1312 Y=315,6657 Vx=100,8451 Vy=49,1801
[8938,005] Ball=B008 X=109,3026 Y=225,9811 Vx=-30,4436 Vy=22,6203
[8945,294] Ball=B005 X=250,7299 Y=279,0162 Vx=-4,6364 Vy=103,2070
[8945,552] Ball=B003 X=357,1550 Y=4,9607 Vx=-292,6199 Vy=5,1394
[8964,534] Ball=B001 X=227,0229 Y=258,1696 Vx=63,9269 Vy=68,6357
[8961,293] Ball=B004 X=288,7396 Y=316,4500 Vx=100,8451 Vy=49,1801
[8961,947] Ball=B002 X=164,6699 Y=211,6238 Vx=90,0026 Vy=104,4908
[8960,982] Ball=B006 X=65,4654 Y=162,1807 Vx=-99,4517 Vy=-1,6158
[8953,937] Ball=B008 X=108,8176 Y=226,3415 Vx=-30,4436 Vy=22,6203
[8961,468] Ball=B003 X=352,4975 Y=5,0425 Vx=-292,6199 Vy=5,1394
[8961,223] Ball=B005 X=251,2250 Y=281,1604 Vx=20,9205 Vy=125,6803
[8956,556] Ball=B007 X=128,2596 Y=4,4468 Vx=45,9277 Vy=94,5486
[8971,514] Ball=B007 X=128,9466 Y=5,8611 Vx=45,9277 Vy=94,5486
[8976,310] Ball=B004 X=290,2540 Y=317,1886 Vx=100,8451 Vy=49,1801
[8976,456] Ball=B003 X=348,1119 Y=5,1195 Vx=-292,6199 Vy=5,1394
[8976,211] Ball=B005 X=251,5385 Y=283,0442 Vx=20,9205 Vy=125,6803
[8968,932] Ball=B008 X=108,3611 Y=226,6807 Vx=-30,4436 Vy=22,6203
[8976,073] Ball=B006 X=63,9647 Y=162,1563 Vx=-99,4517 Vy=-1,6158
[8979,647] Ball=B001 X=227,5630 Y=258,8322 Vx=46,4406 Vy=53,2592
[8977,057] Ball=B002 X=166,0299 Y=213,2027 Vx=90,0026 Vy=104,4908
[8991,961] Ball=B002 X=167,3712 Y=214,7600 Vx=90,0026 Vy=104,4908
[8991,455] Ball=B003 X=343,7232 Y=5,1966 Vx=-292,6199 Vy=5,1394
[8990,995] Ball=B006 X=62,4806 Y=162,1322 Vx=-99,4517 Vy=-1,6158
[8983,942] Ball=B008 X=107,9041 Y=227,0202 Vx=-30,4436 Vy=22,6203
[8994,585] Ball=B001 X=228,2567 Y=259,6278 Vx=46,4406 Vy=53,2592
[8991,243] Ball=B005 X=251,8530 Y=284,9333 Vx=20,9205 Vy=125,6803
[8991,357] Ball=B004 X=291,7715 Y=317,9286 Vx=100,8451 Vy=49,1801
[8986,574] Ball=B007 X=129,6383 Y=7,2850 Vx=45,9277 Vy=94,5486
[9006,185] Ball=B005 X=252,1656 Y=286,8112 Vx=20,9205 Vy=125,6803
[9006,450] Ball=B003 X=339,3351 Y=5,2736 Vx=-292,6199 Vy=5,1394
[9001,520] Ball=B007 X=130,3247 Y=8,6981 Vx=45,9277 Vy=94,5486
[9005,986] Ball=B006 X=60,9897 Y=162,1080 Vx=-99,4517 Vy=-1,6158
[9006,417] Ball=B004 X=293,2902 Y=318,6693 Vx=100,8451 Vy=49,1801
[9009,660] Ball=B001 X=228,9568 Y=260,4306 Vx=46,4406 Vy=53,2592
[8999,028] Ball=B008 X=107,4448 Y=227,3614 Vx=-30,4436 Vy=22,6203
[9007,082] Ball=B002 X=168,7322 Y=216,3400 Vx=90,0026 Vy=104,4908
[9021,337] Ball=B003 X=334,9790 Y=5,3502 Vx=-292,6199 Vy=5,1394
[9013,820] Ball=B008 X=106,9945 Y=227,6960 Vx=-30,4436 Vy=22,6203
[9024,483] Ball=B001 X=229,6452 Y=261,2201 Vx=46,4406 Vy=53,2592
[9021,249] Ball=B004 X=294,7859 Y=319,3987 Vx=100,8451 Vy=49,1801
[9020,927] Ball=B006 X=59,5038 Y=162,0838 Vx=-99,4517 Vy=-1,6158
[9021,153] Ball=B005 X=252,4787 Y=288,6924 Vx=20,9205 Vy=125,6803
[9022,531] Ball=B002 X=170,1227 Y=217,9543 Vx=90,0026 Vy=104,4908
[9017,128] Ball=B007 X=131,0416 Y=10,1739 Vx=45,9277 Vy=94,5486
[9029,909] Ball=B008 X=106,5047 Y=228,0600 Vx=-30,4436 Vy=22,6203
[9037,199] Ball=B005 X=252,8144 Y=290,7090 Vx=20,9205 Vy=125,6803
[9036,987] Ball=B006 X=57,9066 Y=162,0579 Vx=-99,4517 Vy=-1,6158
[9032,550] Ball=B007 X=131,7498 Y=11,6319 Vx=45,9277 Vy=94,5486
[9040,718] Ball=B001 X=230,3992 Y=262,0848 Vx=46,4406 Vy=53,2592
[9037,629] Ball=B003 X=330,2116 Y=5,4339 Vx=-292,6199 Vy=5,1394
[9038,138] Ball=B002 X=171,5274 Y=219,5851 Vx=90,0026 Vy=104,4908
[9037,585] Ball=B004 X=296,4333 Y=320,2021 Vx=100,8451 Vy=49,1801
[9052,240] Ball=B004 X=297,9111 Y=320,9228 Vx=100,8451 Vy=49,1801
[9052,379] Ball=B003 X=325,8958 Y=5,5097 Vx=-292,6199 Vy=5,1394
[9055,487] Ball=B001 X=231,0850 Y=262,8714 Vx=46,4406 Vy=53,2592
[9044,862] Ball=B008 X=106,0495 Y=228,3982 Vx=-30,4436 Vy=22,6203
[9052,178] Ball=B005 X=253,1278 Y=292,5917 Vx=20,9205 Vy=125,6803
[9051,973] Ball=B006 X=56,4162 Y=162,0337 Vx=-99,4517 Vy=-1,6158
[9052,925] Ball=B002 X=172,8583 Y=221,1303 Vx=90,0026 Vy=104,4908
[9047,606] Ball=B007 X=132,4413 Y=13,0555 Vx=45,9277 Vy=94,5486
[9059,769] Ball=B008 X=105,5957 Y=228,7354 Vx=-30,4436 Vy=22,6203
[9067,167] Ball=B004 X=299,4165 Y=321,6569 Vx=100,8451 Vy=49,1801
[9066,843] Ball=B006 X=54,9375 Y=162,0096 Vx=-99,4517 Vy=-1,6158
[9067,827] Ball=B002 X=174,1994 Y=222,6873 Vx=90,0026 Vy=104,4908
[9070,445] Ball=B001 X=231,7797 Y=263,6680 Vx=46,4406 Vy=53,2592
[9062,426] Ball=B007 X=133,1220 Y=14,4567 Vx=45,9277 Vy=94,5486
[9067,101] Ball=B005 X=253,4400 Y=294,4672 Vx=20,9205 Vy=125,6803
[9067,354] Ball=B003 X=321,5133 Y=5,5867 Vx=-292,6199 Vy=5,1394
[9082,120] Ball=B005 X=253,7542 Y=296,3546 Vx=20,9205 Vy=125,6803
[9077,450] Ball=B007 X=133,8120 Y=15,8771 Vx=45,9277 Vy=94,5486
[9085,512] Ball=B001 X=232,4794 Y=264,4705 Vx=46,4406 Vy=53,2592
[9082,507] Ball=B003 X=317,0794 Y=5,6645 Vx=-292,6199 Vy=5,1394
[9082,042] Ball=B006 X=53,4258 Y=161,9851 Vx=-99,4517 Vy=-1,6158
[9083,076] Ball=B002 X=175,5719 Y=224,2807 Vx=90,0026 Vy=104,4908
[9075,097] Ball=B008 X=105,1290 Y=229,0821 Vx=-30,4436 Vy=22,6203
[9082,507] Ball=B004 X=300,9636 Y=322,4114 Vx=100,8451 Vy=49,1801
[9098,201] Ball=B005 X=254,0906 Y=298,3759 Vx=20,9205 Vy=125,6803
[9098,313] Ball=B004 X=302,5574 Y=323,1887 Vx=100,8451 Vy=49,1801
[9093,539] Ball=B007 X=134,5509 Y=17,3984 Vx=45,9277 Vy=94,5486
[9098,001] Ball=B006 X=51,8387 Y=161,9593 Vx=-99,4517 Vy=-1,6158
[9098,994] Ball=B002 X=177,0046 Y=225,9440 Vx=90,0026 Vy=104,4908
[9090,970] Ball=B008 X=104,6458 Y=229,4412 Vx=-30,4436 Vy=22,6203
[9098,510] Ball=B003 X=312,3964 Y=5,7468 Vx=-292,6199 Vy=5,1394
[9102,023] Ball=B001 X=233,2462 Y=265,3498 Vx=46,4406 Vy=53,2592
[9116,408] Ball=B001 X=233,9142 Y=266,1159 Vx=46,4406 Vy=53,2592
[9113,312] Ball=B003 X=308,0651 Y=5,8229 Vx=-292,6199 Vy=5,1394
[9108,401] Ball=B007 X=135,2335 Y=18,8035 Vx=45,9277 Vy=94,5486
[9113,837] Ball=B002 X=178,3405 Y=227,4950 Vx=90,0026 Vy=104,4908
[9113,102] Ball=B005 X=254,4024 Y=300,2487 Vx=20,9205 Vy=125,6803
[9105,823] Ball=B008 X=104,1936 Y=229,7772 Vx=-30,4436 Vy=22,6203
[9112,884] Ball=B006 X=50,3585 Y=161,9352 Vx=-99,4517 Vy=-1,6158
[9113,228] Ball=B004 X=304,0615 Y=323,9222 Vx=100,8451 Vy=49,1801
[9120,918] Ball=B008 X=103,7341 Y=230,1186 Vx=-30,4436 Vy=22,6203
[9128,313] Ball=B004 X=305,5828 Y=324,6641 Vx=100,8451 Vy=49,1801
[9128,203] Ball=B005 X=254,7183 Y=302,1466 Vx=20,9205 Vy=125,6803
[9127,997] Ball=B006 X=48,8556 Y=161,9108 Vx=-99,4517 Vy=-1,6158
[9128,481] Ball=B003 X=303,6264 Y=5,9008 Vx=-292,6199 Vy=5,1394
[9128,998] Ball=B002 X=179,7050 Y=229,0791 Vx=90,0026 Vy=104,4908
[9123,642] Ball=B007 X=135,9335 Y=20,2445 Vx=45,9277 Vy=94,5486
[9131,667] Ball=B001 X=234,6229 Y=266,9286 Vx=46,4406 Vy=53,2592
[9144,094] Ball=B005 X=255,0507 Y=304,1436 Vx=20,9205 Vy=125,6803
[9144,216] Ball=B004 X=307,1865 Y=325,4462 Vx=100,8451 Vy=49,1801
[9136,827] Ball=B008 X=103,2497 Y=230,4785 Vx=-30,4436 Vy=22,6203
[9143,921] Ball=B006 X=47,2719 Y=161,8851 Vx=-99,4517 Vy=-1,6158
[9139,469] Ball=B007 X=136,6604 Y=21,7411 Vx=45,9277 Vy=94,5486
[9144,392] Ball=B003 X=298,9705 Y=5,9826 Vx=-292,6199 Vy=5,1394
[9147,573] Ball=B001 X=235,3616 Y=267,7758 Vx=46,4406 Vy=53,2592
[9144,988] Ball=B002 X=181,1442 Y=230,7500 Vx=90,0026 Vy=104,4908
[9159,992] Ball=B002 X=182,4945 Y=232,3177 Vx=90,0026 Vy=104,4908
[9162,600] Ball=B001 X=236,0594 Y=268,5761 Vx=46,4406 Vy=53,2592
[9151,972] Ball=B008 X=102,7886 Y=230,8211 Vx=-30,4436 Vy=22,6203
[9159,013] Ball=B006 X=45,7711 Y=161,8607 Vx=-99,4517 Vy=-1,6158
[9159,722] Ball=B003 X=294,4845 Y=6,0614 Vx=-292,6199 Vy=5,1394
[9154,803] Ball=B007 X=137,3647 Y=23,1909 Vx=45,9277 Vy=94,5486
[9159,490] Ball=B005 X=255,3728 Y=306,0787 Vx=20,9205 Vy=125,6803
[9159,817] Ball=B004 X=308,7598 Y=326,2135 Vx=100,8451 Vy=49,1801
[9170,534] Ball=B007 X=138,0871 Y=24,6781 Vx=45,9277 Vy=94,5486
[9175,969] Ball=B002 X=183,9325 Y=233,9872 Vx=90,0026 Vy=104,4908
[9175,002] Ball=B006 X=44,1808 Y=161,8349 Vx=-99,4517 Vy=-1,6158
[9178,581] Ball=B001 X=236,8016 Y=269,4273 Vx=46,4406 Vy=53,2592
[9175,318] Ball=B004 X=310,3230 Y=326,9758 Vx=100,8451 Vy=49,1801
[9175,244] Ball=B005 X=255,7024 Y=308,0586 Vx=20,9205 Vy=125,6803
[9168,042] Ball=B008 X=102,2994 Y=231,1846 Vx=-30,4436 Vy=22,6203
[9175,563] Ball=B003 X=289,8492 Y=6,1428 Vx=-292,6199 Vy=5,1394
[9190,207] Ball=B004 X=311,8244 Y=327,7080 Vx=100,8451 Vy=49,1801
[9193,539] Ball=B001 X=237,4962 Y=270,2239 Vx=46,4406 Vy=53,2592
[9190,206] Ball=B005 X=256,0154 Y=309,9391 Vx=20,9205 Vy=125,6803
[9182,941] Ball=B008 X=101,8458 Y=231,5216 Vx=-30,4436 Vy=22,6203
[9190,487] Ball=B003 X=285,4820 Y=6,2195 Vx=-292,6199 Vy=5,1394
[9185,579] Ball=B007 X=138,7781 Y=26,1006 Vx=45,9277 Vy=94,5486
[9191,024] Ball=B002 X=185,2875 Y=235,5604 Vx=90,0026 Vy=104,4908
[9190,095] Ball=B006 X=42,6797 Y=161,8105 Vx=-99,4517 Vy=-1,6158
[9205,982] Ball=B006 X=41,0999 Y=161,7848 Vx=-99,4517 Vy=-1,6158
[9206,969] Ball=B002 X=186,7226 Y=237,2264 Vx=90,0026 Vy=104,4908
[9201,548] Ball=B007 X=139,5115 Y=27,6105 Vx=45,9277 Vy=94,5486
[9206,481] Ball=B003 X=280,8021 Y=6,3017 Vx=-292,6199 Vy=5,1394
[9198,957] Ball=B008 X=101,3583 Y=231,8839 Vx=-30,4436 Vy=22,6203
[9206,318] Ball=B005 X=256,3525 Y=311,9640 Vx=20,9205 Vy=125,6803
[9206,535] Ball=B004 X=313,4711 Y=328,5111 Vx=100,8451 Vy=49,1801
[9209,674] Ball=B001 X=238,2456 Y=271,0833 Vx=46,4406 Vy=53,2592
[9222,426] Ball=B003 X=276,1366 Y=6,3836 Vx=-292,6199 Vy=5,1394
[9222,182] Ball=B005 X=256,6843 Y=313,9577 Vx=20,9205 Vy=125,6803
[9222,301] Ball=B004 X=315,0611 Y=329,2865 Vx=100,8451 Vy=49,1801
[9221,980] Ball=B006 X=39,5087 Y=161,7590 Vx=-99,4517 Vy=-1,6158
[9222,972] Ball=B002 X=188,1629 Y=238,8986 Vx=90,0026 Vy=104,4908
[9215,007] Ball=B008 X=100,8696 Y=232,2469 Vx=-30,4436 Vy=22,6203
[9225,646] Ball=B001 X=238,9873 Y=271,9339 Vx=46,4406 Vy=53,2592
[9217,620] Ball=B007 X=140,2497 Y=29,1300 Vx=45,9277 Vy=94,5486
[9238,806] Ball=B002 X=189,5879 Y=240,5530 Vx=90,0026 Vy=104,4908
[9233,384] Ball=B007 X=140,9737 Y=30,6205 Vx=45,9277 Vy=94,5486
[9238,176] Ball=B004 X=316,6620 Y=330,0672 Vx=100,8451 Vy=49,1801
[9230,794] Ball=B008 X=100,3890 Y=232,6040 Vx=-30,4436 Vy=22,6203
[9241,505] Ball=B001 X=239,7238 Y=272,7785 Vx=46,4406 Vy=53,2592
[9237,934] Ball=B006 X=37,9221 Y=161,7332 Vx=-99,4517 Vy=-1,6158
[9238,410] Ball=B003 X=271,4589 Y=6,4658 Vx=-292,6199 Vy=5,1394
[9238,211] Ball=B005 X=257,0197 Y=315,9723 Vx=20,9205 Vy=125,6803
[9254,334] Ball=B003 X=266,7996 Y=6,5476 Vx=-292,6199 Vy=5,1394
[9254,851] Ball=B002 X=191,0321 Y=242,2296 Vx=90,0026 Vy=104,4908
[9253,876] Ball=B006 X=36,3367 Y=161,7074 Vx=-99,4517 Vy=-1,6158
[9249,462] Ball=B007 X=141,7121 Y=32,1407 Vx=45,9277 Vy=94,5486
[9254,323] Ball=B004 X=318,2903 Y=330,8613 Vx=100,8451 Vy=49,1801
[9254,208] Ball=B005 X=257,3544 Y=317,9829 Vx=20,9205 Vy=125,6803
[9257,564] Ball=B001 X=240,4696 Y=273,6338 Vx=46,4406 Vy=53,2592
[9247,047] Ball=B008 X=99,8942 Y=232,9717 Vx=-30,4436 Vy=22,6203
[9272,552] Ball=B001 X=241,1656 Y=274,4320 Vx=46,4406 Vy=53,2592
[9269,962] Ball=B002 X=192,3921 Y=243,8086 Vx=90,0026 Vy=104,4908
[9269,210] Ball=B005 X=257,6682 Y=319,8684 Vx=20,9205 Vy=125,6803
[9261,942] Ball=B008 X=99,4408 Y=233,3086 Vx=-30,4436 Vy=22,6203
[9269,022] Ball=B006 X=34,8303 Y=161,6830 Vx=-99,4517 Vy=-1,6158
[9264,598] Ball=B007 X=142,4073 Y=33,5718 Vx=45,9277 Vy=94,5486
[9269,522] Ball=B003 X=262,3548 Y=6,6257 Vx=-292,6199 Vy=5,1394
[9269,388] Ball=B004 X=319,8095 Y=331,6022 Vx=100,8451 Vy=49,1801
[9285,320] Ball=B004 X=321,4161 Y=332,3857 Vx=100,8451 Vy=49,1801
[9288,559] Ball=B001 X=241,9090 Y=275,2845 Vx=46,4406 Vy=53,2592
[9280,543] Ball=B007 X=143,1396 Y=35,0793 Vx=45,9277 Vy=94,5486
[9286,093] Ball=B002 X=193,8439 Y=245,4941 Vx=90,0026 Vy=104,4908
[9285,170] Ball=B006 X=33,2244 Y=161,6569 Vx=-99,4517 Vy=-1,6158
[9278,117] Ball=B008 X=98,9483 Y=233,6745 Vx=-30,4436 Vy=22,6203
[9285,653] Ball=B003 X=257,6348 Y=6,7086 Vx=-292,6199 Vy=5,1394
[9285,404] Ball=B005 X=258,0070 Y=321,9037 Vx=20,9205 Vy=125,6803
[9300,975] Ball=B006 X=31,6526 Y=161,6313 Vx=-99,4517 Vy=-1,6158
[9301,325] Ball=B004 X=323,0302 Y=333,1728 Vx=100,8451 Vy=49,1801
[9301,460] Ball=B003 X=253,0095 Y=6,7898 Vx=-292,6199 Vy=5,1394
[9304,590] Ball=B001 X=242,6536 Y=276,1384 Vx=46,4406 Vy=53,2592
[9301,262] Ball=B005 X=258,3388 Y=323,8967 Vx=20,9205 Vy=125,6803
[9302,101] Ball=B002 X=195,2847 Y=247,1668 Vx=90,0026 Vy=104,4908
[9296,880] Ball=B007 X=143,8899 Y=36,6240 Vx=45,9277 Vy=94,5486
[9294,272] Ball=B008 X=98,4565 Y=234,0399 Vx=-30,4436 Vy=22,6203
[9312,520] Ball=B007 X=144,6082 Y=38,1027 Vx=45,9277 Vy=94,5486
[9320,552] Ball=B001 X=243,3948 Y=276,9885 Vx=46,4406 Vy=53,2592
[9317,457] Ball=B003 X=248,3283 Y=6,8720 Vx=-292,6199 Vy=5,1394
[9309,932] Ball=B008 X=97,9798 Y=234,3942 Vx=-30,4436 Vy=22,6203
[9317,283] Ball=B005 X=258,6739 Y=325,9101 Vx=20,9205 Vy=125,6803
[9318,049] Ball=B002 X=196,7200 Y=248,8332 Vx=90,0026 Vy=104,4908
[9317,412] Ball=B004 X=324,6525 Y=333,9640 Vx=100,8451 Vy=49,1801
[9317,097] Ball=B006 X=30,0492 Y=161,6053 Vx=-99,4517 Vy=-1,6158
[9332,299] Ball=B004 X=326,1537 Y=334,6961 Vx=100,8451 Vy=49,1801
[9335,548] Ball=B001 X=244,0912 Y=277,7871 Vx=46,4406 Vy=53,2592
[9327,530] Ball=B007 X=145,2976 Y=39,5220 Vx=45,9277 Vy=94,5486
[9324,922] Ball=B008 X=97,5234 Y=234,7332 Vx=-30,4436 Vy=22,6203
[9332,570] Ball=B003 X=243,9058 Y=6,9497 Vx=-292,6199 Vy=5,1394
[9332,377] Ball=B005 X=258,9897 Y=327,8073 Vx=20,9205 Vy=125,6803
[9332,161] Ball=B006 X=28,5572 Y=161,5810 Vx=-99,4517 Vy=-1,6158
[9333,428] Ball=B002 X=198,1039 Y=250,4398 Vx=90,0026 Vy=104,4908
[9347,102] Ball=B005 X=259,2977 Y=329,6577 Vx=20,9205 Vy=125,6803
[9347,354] Ball=B003 X=239,5801 Y=7,0257 Vx=-292,6199 Vy=5,1394
[9347,869] Ball=B002 X=199,4039 Y=251,9491 Vx=90,0026 Vy=104,4908
[9350,474] Ball=B001 X=244,7844 Y=278,5821 Vx=46,4406 Vy=53,2592
[9342,456] Ball=B007 X=145,9831 Y=40,9331 Vx=45,9277 Vy=94,5486
[9346,926] Ball=B006 X=27,0827 Y=161,5571 Vx=-99,4517 Vy=-1,6158
[9347,259] Ball=B004 X=327,6625 Y=335,4319 Vx=100,8451 Vy=49,1801
[9339,869] Ball=B008 X=97,0684 Y=235,0713 Vx=-30,4436 Vy=22,6203
[9358,500] Ball=B007 X=146,7199 Y=42,4500 Vx=45,9277 Vy=94,5486
[9355,905] Ball=B008 X=96,5802 Y=235,4341 Vx=-30,4436 Vy=22,6203
[9362,971] Ball=B006 X=25,4870 Y=161,5312 Vx=-99,4517 Vy=-1,6158
[9363,313] Ball=B004 X=329,2815 Y=336,2215 Vx=100,8451 Vy=49,1801
[9363,540] Ball=B003 X=234,8642 Y=7,1085 Vx=-292,6199 Vy=5,1394
[9366,570] Ball=B001 X=245,5320 Y=279,4394 Vx=46,4406 Vy=53,2592
[9364,059] Ball=B002 X=200,8611 Y=253,6408 Vx=90,0026 Vy=104,4908
[9363,302] Ball=B005 X=259,6367 Y=331,6938 Vx=20,9205 Vy=125,6803
[9378,959] Ball=B002 X=202,2021 Y=255,1977 Vx=90,0026 Vy=104,4908
[9377,982] Ball=B006 X=23,9941 Y=161,5069 Vx=-99,4517 Vy=-1,6158
[9381,563] Ball=B001 X=246,2282 Y=280,2379 Vx=46,4406 Vy=53,2592
[9378,347] Ball=B004 X=330,7976 Y=336,9608 Vx=100,8451 Vy=49,1801
[9378,486] Ball=B003 X=230,4700 Y=7,1857 Vx=-292,6199 Vy=5,1394
[9378,297] Ball=B005 X=259,9485 Y=333,5674 Vx=20,9205 Vy=125,6803
[9371,025] Ball=B008 X=96,1199 Y=235,7761 Vx=-30,4436 Vy=22,6203
[9373,564] Ball=B007 X=147,4118 Y=43,8744 Vx=45,9277 Vy=94,5486
[9394,955] Ball=B002 X=203,6418 Y=256,8691 Vx=90,0026 Vy=104,4908
[9386,917] Ball=B008 X=95,6361 Y=236,1356 Vx=-30,4436 Vy=22,6203
[9397,559] Ball=B001 X=246,9710 Y=281,0898 Vx=46,4406 Vy=53,2592
[9389,542] Ball=B007 X=148,1456 Y=45,3850 Vx=45,9277 Vy=94,5486
[9394,475] Ball=B003 X=225,7912 Y=7,2679 Vx=-292,6199 Vy=5,1394
[9394,237] Ball=B005 X=260,2839 Y=335,5819 Vx=20,9205 Vy=125,6803
[9394,347] Ball=B004 X=332,4110 Y=337,7477 Vx=100,8451 Vy=49,1801
[9394,033] Ball=B006 X=22,3978 Y=161,4810 Vx=-99,4517 Vy=-1,6158
[9409,958] Ball=B002 X=204,9921 Y=258,4368 Vx=90,0026 Vy=104,4908
[9401,926] Ball=B008 X=95,1791 Y=236,4751 Vx=-30,4436 Vy=22,6203
[9409,094] Ball=B006 X=20,8999 Y=161,4566 Vx=-99,4517 Vy=-1,6158
[9409,425] Ball=B005 X=260,6016 Y=337,4906 Vx=20,9205 Vy=125,6803
[9409,683] Ball=B003 X=221,3412 Y=7,3460 Vx=-292,6199 Vy=5,1394
[9412,800] Ball=B001 X=247,6789 Y=281,9016 Vx=46,4406 Vy=53,2592
[9409,579] Ball=B004 X=333,9471 Y=338,4968 Vx=100,8451 Vy=49,1801
[9404,795] Ball=B007 X=148,8462 Y=46,8273 Vx=45,9277 Vy=94,5486
[9417,914] Ball=B008 X=94,6924 Y=236,8368 Vx=-30,4436 Vy=22,6203
[9425,316] Ball=B004 X=335,5341 Y=339,2707 Vx=100,8451 Vy=49,1801
[9428,565] Ball=B001 X=248,4110 Y=282,7412 Vx=46,4406 Vy=53,2592
[9425,580] Ball=B003 X=216,6892 Y=7,4277 Vx=-292,6199 Vy=5,1394
[9426,087] Ball=B002 X=206,4437 Y=260,1222 Vx=90,0026 Vy=104,4908
[9420,734] Ball=B007 X=149,5782 Y=48,3342 Vx=45,9277 Vy=94,5486
[9425,194] Ball=B006 X=19,2988 Y=161,4306 Vx=-99,4517 Vy=-1,6158
[9425,349] Ball=B005 X=260,9347 Y=339,4919 Vx=20,9205 Vy=125,6803
[9439,858] Ball=B006 X=17,8405 Y=161,4069 Vx=-99,4517 Vy=-1,6158
[9432,823] Ball=B008 X=94,2385 Y=237,1740 Vx=-30,4436 Vy=22,6203
[9443,469] Ball=B001 X=249,1031 Y=283,5349 Vx=46,4406 Vy=53,2592
[9440,207] Ball=B005 X=261,2456 Y=341,3593 Vx=20,9205 Vy=125,6803
[9440,966] Ball=B002 X=207,7830 Y=261,6770 Vx=90,0026 Vy=104,4908
[9435,602] Ball=B007 X=150,2611 Y=49,7400 Vx=45,9277 Vy=94,5486
[9440,399] Ball=B004 X=337,0552 Y=340,0126 Vx=100,8451 Vy=49,1801
[9440,540] Ball=B003 X=212,3119 Y=7,5046 Vx=-292,6199 Vy=5,1394
[9451,343] Ball=B007 X=150,9840 Y=51,2282 Vx=45,9277 Vy=94,5486
[9456,024] Ball=B005 X=261,5765 Y=343,3471 Vx=20,9205 Vy=125,6803
[9456,144] Ball=B004 X=338,6430 Y=340,7869 Vx=100,8451 Vy=49,1801
[9459,394] Ball=B001 X=249,8427 Y=284,3831 Vx=46,4406 Vy=53,2592
[9456,809] Ball=B002 X=209,2089 Y=263,3325 Vx=90,0026 Vy=104,4908
[9448,837] Ball=B008 X=93,7510 Y=237,5363 Vx=-30,4436 Vy=22,6203
[9455,907] Ball=B006 X=16,2443 Y=161,3810 Vx=-99,4517 Vy=-1,6158
[9456,379] Ball=B003 X=207,6769 Y=7,5860 Vx=-292,6199 Vy=5,1394
[9470,844] Ball=B006 X=14,7589 Y=161,3569 Vx=-99,4517 Vy=-1,6158
[9471,822] Ball=B002 X=210,5600 Y=264,9011 Vx=90,0026 Vy=104,4908
[9471,186] Ball=B004 X=340,1599 Y=341,5266 Vx=100,8451 Vy=49,1801
[9471,334] Ball=B003 X=203,3007 Y=7,6629 Vx=-292,6199 Vy=5,1394
[9463,825] Ball=B008 X=93,2947 Y=237,8753 Vx=-30,4436 Vy=22,6203
[9471,105] Ball=B005 X=261,8920 Y=345,2426 Vx=20,9205 Vy=125,6803
[9474,457] Ball=B001 X=250,5421 Y=285,1852 Vx=46,4406 Vy=53,2592
[9466,439] Ball=B007 X=151,6774 Y=52,6556 Vx=45,9277 Vy=94,5486
[9482,509] Ball=B007 X=152,4154 Y=54,1749 Vx=45,9277 Vy=94,5486
[9487,190] Ball=B005 X=262,2285 Y=347,2642 Vx=20,9205 Vy=125,6803
[9490,548] Ball=B001 X=251,2895 Y=286,0423 Vx=46,4406 Vy=53,2592
[9487,529] Ball=B003 X=198,5619 Y=7,7461 Vx=-292,6199 Vy=5,1394
[9487,390] Ball=B004 X=341,7940 Y=342,3235 Vx=100,8451 Vy=49,1801
[9488,041] Ball=B002 X=212,0198 Y=266,5959 Vx=90,0026 Vy=104,4908
[9480,059] Ball=B008 X=92,8005 Y=238,2425 Vx=-30,4436 Vy=22,6203
[9487,202] Ball=B006 X=13,1320 Y=161,3304 Vx=-99,4517 Vy=-1,6158
[9495,913] Ball=B008 X=92,3179 Y=238,6011 Vx=-30,4436 Vy=22,6203
[9503,955] Ball=B002 X=213,4521 Y=268,2586 Vx=90,0026 Vy=104,4908
[9503,313] Ball=B004 X=343,3997 Y=343,1066 Vx=100,8451 Vy=49,1801
[9502,992] Ball=B006 X=11,5616 Y=161,3049 Vx=-99,4517 Vy=-1,6158
[9503,466] Ball=B003 X=193,8982 Y=7,8280 Vx=-292,6199 Vy=5,1394
[9506,573] Ball=B001 X=252,0338 Y=286,8959 Vx=46,4406 Vy=53,2592
[9498,572] Ball=B007 X=153,1531 Y=55,6937 Vx=45,9277 Vy=94,5486
[9503,243] Ball=B005 X=262,5643 Y=349,2817 Vx=20,9205 Vy=125,6803
[9519,970] Ball=B002 X=214,8934 Y=269,9321 Vx=90,0026 Vy=104,4908
[9522,569] Ball=B001 X=252,7766 Y=287,7478 Vx=46,4406 Vy=53,2592
[9519,232] Ball=B005 X=262,8988 Y=351,2912 Vx=20,9205 Vy=125,6803
[9511,968] Ball=B008 X=91,8291 Y=238,9643 Vx=-30,4436 Vy=22,6203
[9519,036] Ball=B006 X=9,9660 Y=161,2790 Vx=-99,4517 Vy=-1,6158
[9519,507] Ball=B003 X=189,2044 Y=7,9105 Vx=-292,6199 Vy=5,1394
[9514,655] Ball=B007 X=153,8918 Y=57,2143 Vx=45,9277 Vy=94,5486
[9519,443] Ball=B004 X=345,0264 Y=343,8999 Vx=100,8451 Vy=49,1801
[9533,980] Ball=B006 X=8,4799 Y=161,2549 Vx=-99,4517 Vy=-1,6158
[9534,451] Ball=B003 X=184,8319 Y=7,9873 Vx=-292,6199 Vy=5,1394
[9534,319] Ball=B004 X=346,5265 Y=344,6315 Vx=100,8451 Vy=49,1801
[9534,212] Ball=B005 X=263,2122 Y=353,1738 Vx=20,9205 Vy=125,6803
[9537,586] Ball=B001 X=253,4740 Y=288,5476 Vx=46,4406 Vy=53,2592
[9529,564] Ball=B007 X=154,5766 Y=58,6240 Vx=45,9277 Vy=94,5486
[9526,955] Ball=B008 X=91,3728 Y=239,3033 Vx=-30,4436 Vy=22,6203
[9534,994] Ball=B002 X=216,2457 Y=271,5020 Vx=90,0026 Vy=104,4908
[9544,532] Ball=B007 X=155,2640 Y=60,0391 Vx=45,9277 Vy=94,5486
[9541,937] Ball=B008 X=90,9167 Y=239,6422 Vx=-30,4436 Vy=22,6203
[9550,067] Ball=B002 X=217,6023 Y=273,0770 Vx=90,0026 Vy=104,4908
[9549,365] Ball=B005 X=263,5292 Y=355,0784 Vx=20,9205 Vy=125,6803
[9552,787] Ball=B001 X=254,1800 Y=289,3572 Vx=46,4406 Vy=53,2592
[9549,221] Ball=B006 X=6,9641 Y=161,2302 Vx=-99,4517 Vy=-1,6158
[9549,478] Ball=B004 X=348,0552 Y=345,3770 Vx=100,8451 Vy=49,1801
[9550,001] Ball=B003 X=180,2814 Y=8,0672 Vx=-292,6199 Vy=5,1394
[9564,864] Ball=B006 X=5,4085 Y=161,2050 Vx=-99,4517 Vy=-1,6158
[9565,204] Ball=B004 X=349,6411 Y=346,1504 Vx=100,8451 Vy=49,1801
[9560,428] Ball=B007 X=155,9941 Y=61,5421 Vx=45,9277 Vy=94,5486
[9565,360] Ball=B003 X=175,7869 Y=8,1461 Vx=-292,6199 Vy=5,1394
[9568,478] Ball=B001 X=254,9087 Y=290,1928 Vx=46,4406 Vy=53,2592
[9565,884] Ball=B002 X=219,0259 Y=274,7297 Vx=90,0026 Vy=104,4908
[9565,132] Ball=B005 X=263,8591 Y=357,0599 Vx=20,9205 Vy=125,6803
[9557,938] Ball=B008 X=90,4296 Y=240,0041 Vx=-30,4436 Vy=22,6203
[9572,774] Ball=B008 X=89,9779 Y=240,3397 Vx=-30,4436 Vy=22,6203
[9580,308] Ball=B003 X=171,4127 Y=8,2230 Vx=-292,6199 Vy=5,1394
[9575,393] Ball=B007 X=156,6814 Y=62,9570 Vx=45,9277 Vy=94,5486
[9583,431] Ball=B001 X=255,6031 Y=290,9892 Vx=46,4406 Vy=53,2592
[9580,849] Ball=B002 X=220,3728 Y=276,2935 Vx=90,0026 Vy=104,4908
[9579,876] Ball=B006 X=3,9154 Y=161,1807 Vx=-99,4517 Vy=-1,6158
[9580,106] Ball=B005 X=264,1723 Y=358,9419 Vx=20,9205 Vy=125,6803
[9580,220] Ball=B004 X=351,1555 Y=346,8889 Vx=100,8451 Vy=49,1801
[9590,515] Ball=B007 X=157,3758 Y=64,3867 Vx=45,9277 Vy=94,5486
[9595,311] Ball=B004 X=352,6772 Y=347,6311 Vx=100,8451 Vy=49,1801
[9594,985] Ball=B006 X=2,4128 Y=161,1563 Vx=-99,4517 Vy=-1,6158
[9595,213] Ball=B005 X=264,4884 Y=360,8405 Vx=20,9205 Vy=125,6803
[9595,479] Ball=B003 X=166,9734 Y=8,3009 Vx=-292,6199 Vy=5,1394
[9595,985] Ball=B002 X=221,7350 Y=277,8750 Vx=90,0026 Vy=104,4908
[9588,028] Ball=B008 X=89,5135 Y=240,6848 Vx=-30,4436 Vy=22,6203
[9598,568] Ball=B001 X=256,3061 Y=291,7954 Vx=46,4406 Vy=53,2592
[9611,435] Ball=B003 X=162,3046 Y=8,3829 Vx=-292,6199 Vy=5,1394
[9611,943] Ball=B002 X=223,1713 Y=279,5424 Vx=90,0026 Vy=104,4908
[9603,914] Ball=B008 X=89,0299 Y=241,0441 Vx=-30,4436 Vy=22,6203
[9614,671] Ball=B001 X=257,0539 Y=292,6530 Vx=46,4406 Vy=53,2592
[9611,322] Ball=B005 X=264,8244 Y=362,8589 Vx=20,9205 Vy=125,6803
[9611,441] Ball=B004 X=354,3039 Y=348,4244 Vx=100,8451 Vy=49,1801
[9606,708] Ball=B007 X=158,1196 Y=65,9178 Vx=45,9277 Vy=94,5486
[9611,182] Ball=B006 X=0,8020 Y=161,1301 Vx=-99,4517 Vy=-1,6158
[9627,185] Ball=B005 X=265,1572 Y=364,8587 Vx=20,9205 Vy=125,6803
[9627,949] Ball=B002 X=224,6119 Y=281,2149 Vx=90,0026 Vy=104,4908
[9622,526] Ball=B007 X=158,8461 Y=67,4134 Vx=45,9277 Vy=94,5486
[9626,986] Ball=B006 X=-0,7697 Y=161,1046 Vx=-99,4517 Vy=-1,6158
[9627,333] Ball=B004 X=355,9066 Y=349,2060 Vx=100,8451 Vy=49,1801
[9620,020] Ball=B008 X=88,5396 Y=241,4085 Vx=-30,4436 Vy=22,6203
[9627,555] Ball=B003 X=157,5874 Y=8,4658 Vx=-292,6199 Vy=5,1394
[9630,573] Ball=B001 X=257,7924 Y=293,5000 Vx=46,4406 Vy=53,2592
[9642,099] Ball=B005 X=265,4692 Y=366,7331 Vx=20,9205 Vy=125,6803
[9642,358] Ball=B003 X=153,2558 Y=8,5419 Vx=-292,6199 Vy=5,1394
[9634,836] Ball=B008 X=88,0885 Y=241,7436 Vx=-30,4436 Vy=22,6203
[9642,889] Ball=B002 X=225,9566 Y=282,7761 Vx=90,0026 Vy=104,4908
[9645,481] Ball=B001 X=258,4847 Y=294,2940 Vx=46,4406 Vy=53,2592
[9642,325] Ball=B004 X=357,4184 Y=349,9433 Vx=100,8451 Vy=49,1801
[9637,552] Ball=B007 X=159,5362 Y=68,8341 Vx=45,9277 Vy=94,5486
[9641,911] Ball=B006 X=1,4843 Y=161,0805 Vx=99,4517 Vy=-1,6158
[9660,537] Ball=B001 X=259,1839 Y=295,0958 Vx=46,4406 Vy=53,2592
[9657,309] Ball=B004 X=358,9294 Y=350,6801 Vx=100,8451 Vy=49,1801
[9657,450] Ball=B003 X=148,8394 Y=8,6194 Vx=-292,6199 Vy=5,1394
[9657,972] Ball=B002 X=227,3140 Y=284,3521 Vx=90,0026 Vy=104,4908
[9650,021] Ball=B008 X=87,6262 Y=242,0871 Vx=-30,4436 Vy=22,6203
[9652,690] Ball=B007 X=160,2315 Y=70,2654 Vx=45,9277 Vy=94,5486
[9657,363] Ball=B005 X=265,7886 Y=368,6515 Vx=20,9205 Vy=125,6803
[9657,193] Ball=B006 X=3,0042 Y=161,0558 Vx=99,4517 Vy=-1,6158
[9672,056] Ball=B005 X=266,0959 Y=370,4980 Vx=20,9205 Vy=125,6803
[9671,848] Ball=B006 X=4,4616 Y=161,0321 Vx=99,4517 Vy=-1,6158
[9672,322] Ball=B003 X=144,4877 Y=8,6959 Vx=-292,6199 Vy=5,1394
[9664,799] Ball=B008 X=87,1763 Y=242,4214 Vx=-30,4436 Vy=22,6203
[9667,417] Ball=B007 X=160,9078 Y=71,6578 Vx=45,9277 Vy=94,5486
[9672,863] Ball=B002 X=228,6543 Y=285,9081 Vx=90,0026 Vy=104,4908
[9672,220] Ball=B004 X=360,4332 Y=351,4135 Vx=100,8451 Vy=49,1801
[9675,458] Ball=B001 X=259,8769 Y=295,8905 Vx=46,4406 Vy=53,2592
[9682,512] Ball=B007 X=161,6011 Y=73,0849 Vx=45,9277 Vy=94,5486
[9687,307] Ball=B004 X=361,9546 Y=352,1555 Vx=100,8451 Vy=49,1801
[9687,957] Ball=B002 X=230,0128 Y=287,4852 Vx=90,0026 Vy=104,4908
[9687,206] Ball=B005 X=266,4129 Y=372,4022 Vx=20,9205 Vy=125,6803
[9687,080] Ball=B006 X=5,9765 Y=161,0075 Vx=99,4517 Vy=-1,6158
[9690,658] Ball=B001 X=260,5828 Y=296,7001 Vx=46,4406 Vy=53,2592
[9679,942] Ball=B008 X=86,7153 Y=242,7639 Vx=-30,4436 Vy=22,6203
[9687,741] Ball=B003 X=139,9758 Y=8,7751 Vx=-292,6199 Vy=5,1394
[9706,542] Ball=B001 X=261,3203 Y=297,5458 Vx=46,4406 Vy=53,2592
[9703,446] Ball=B003 X=135,3802 Y=8,8558 Vx=-292,6199 Vy=5,1394
[9703,959] Ball=B002 X=231,4530 Y=289,1573 Vx=90,0026 Vy=104,4908
[9703,322] Ball=B004 X=363,5697 Y=352,9431 Vx=100,8451 Vy=49,1801
[9695,935] Ball=B008 X=86,2285 Y=243,1257 Vx=-30,4436 Vy=22,6203
[9703,302] Ball=B005 X=266,7497 Y=374,4252 Vx=20,9205 Vy=125,6803
[9703,085] Ball=B006 X=7,5682 Y=160,9816 Vx=99,4517 Vy=-1,6158
[9698,639] Ball=B007 X=162,3418 Y=74,6098 Vx=45,9277 Vy=94,5486
[9714,342] Ball=B007 X=163,0629 Y=76,0943 Vx=45,9277 Vy=94,5486
[9719,088] Ball=B006 X=9,1598 Y=160,9558 Vx=99,4517 Vy=-1,6158
[9722,662] Ball=B001 X=262,0691 Y=298,4046 Vx=46,4406 Vy=53,2592
[9719,314] Ball=B005 X=267,0846 Y=371,9876 Vx=20,9205 Vy=-125,6803
[9719,444] Ball=B004 X=365,1955 Y=353,7360 Vx=100,8451 Vy=49,1801
[9719,585] Ball=B003 X=130,6574 Y=8,9388 Vx=-292,6199 Vy=5,1394
[9712,066] Ball=B008 X=85,7373 Y=243,4906 Vx=-30,4436 Vy=22,6203
[9720,006] Ball=B002 X=232,8972 Y=290,8340 Vx=90,0026 Vy=104,4908
[9726,906] Ball=B008 X=85,2856 Y=243,8262 Vx=-30,4436 Vy=22,6203
[9734,188] Ball=B005 X=267,3958 Y=370,1183 Vx=20,9205 Vy=-125,6803
[9734,951] Ball=B002 X=232,8494 Y=292,0341 Vx=24,7042 Vy=87,5447
[9734,452] Ball=B003 X=126,3073 Y=9,0152 Vx=-292,6199 Vy=5,1394
[9734,334] Ball=B004 X=362,4985 Y=354,4682 Vx=-100,8451 Vy=49,1801
[9734,002] Ball=B006 X=10,6430 Y=160,9317 Vx=99,4517 Vy=-1,6158
[9737,574] Ball=B001 X=263,7937 Y=299,4666 Vx=87,6818 Vy=63,9619
[9729,563] Ball=B007 X=163,7621 Y=77,5336 Vx=45,9277 Vy=94,5486
[9753,588] Ball=B001 X=265,1976 Y=300,4908 Vx=87,6818 Vy=63,9619
[9745,564] Ball=B007 X=164,4969 Y=79,0463 Vx=45,9277 Vy=94,5486
[9750,358] Ball=B004 X=360,8825 Y=355,2563 Vx=-100,8451 Vy=49,1801
[9750,041] Ball=B006 X=12,2380 Y=160,9058 Vx=99,4517 Vy=-1,6158
[9751,032] Ball=B002 X=233,2466 Y=293,4419 Vx=24,7042 Vy=87,5447
[9750,526] Ball=B003 X=121,6035 Y=9,0978 Vx=-292,6199 Vy=5,1394
[9743,004] Ball=B008 X=84,7955 Y=244,1904 Vx=-30,4436 Vy=22,6203
[9750,367] Ball=B005 X=267,7343 Y=368,0849 Vx=20,9205 Vy=-125,6803
[9769,543] Ball=B001 X=266,5967 Y=301,5113 Vx=87,6818 Vy=63,9619
[9765,979] Ball=B006 X=13,8231 Y=160,8800 Vx=99,4517 Vy=-1,6158
[9766,204] Ball=B005 X=268,0656 Y=366,0945 Vx=20,9205 Vy=-125,6803
[9766,982] Ball=B002 X=233,6407 Y=294,8383 Vx=24,7042 Vy=87,5447
[9758,946] Ball=B008 X=84,3102 Y=244,5510 Vx=-30,4436 Vy=22,6203
[9761,556] Ball=B007 X=165,2314 Y=80,5585 Vx=45,9277 Vy=94,5486
[9766,355] Ball=B004 X=359,2692 Y=356,0431 Vx=-100,8451 Vy=49,1801
[9766,491] Ball=B003 X=116,9318 Y=9,1798 Vx=-292,6199 Vy=5,1394
[9777,546] Ball=B007 X=165,9658 Y=82,0702 Vx=45,9277 Vy=94,5486
[9782,468] Ball=B003 X=112,2571 Y=9,2619 Vx=-292,6199 Vy=5,1394
[9782,335] Ball=B004 X=357,6578 Y=356,8290 Vx=-100,8451 Vy=49,1801
[9782,991] Ball=B002 X=234,0361 Y=296,2398 Vx=24,7042 Vy=87,5447
[9782,241] Ball=B005 X=268,4011 Y=364,0790 Vx=20,9205 Vy=-125,6803
[9774,975] Ball=B008 X=83,8222 Y=244,9136 Vx=-30,4436 Vy=22,6203
[9782,037] Ball=B006 X=15,4202 Y=160,8541 Vx=99,4517 Vy=-1,6158
[9785,608] Ball=B001 X=268,0054 Y=302,5390 Vx=87,6818 Vy=63,9619
[9792,526] Ball=B007 X=166,6538 Y=83,4867 Vx=45,9277 Vy=94,5486
[9789,934] Ball=B008 X=83,3668 Y=245,2519 Vx=-30,4436 Vy=22,6203
[9797,480] Ball=B003 X=107,8640 Y=9,3391 Vx=-292,6199 Vy=5,1394
[9797,233] Ball=B005 X=268,7147 Y=362,1948 Vx=20,9205 Vy=-125,6803
[9797,993] Ball=B002 X=234,4068 Y=297,5532 Vx=24,7042 Vy=87,5447
[9800,588] Ball=B001 X=269,3189 Y=303,4971 Vx=87,6818 Vy=63,9619
[9796,989] Ball=B006 X=16,9071 Y=160,8299 Vx=99,4517 Vy=-1,6158
[9797,448] Ball=B004 X=356,1337 Y=357,5722 Vx=-100,8451 Vy=49,1801
[9813,300] Ball=B004 X=354,5352 Y=358,3518 Vx=-100,8451 Vy=49,1801
[9805,924] Ball=B008 X=82,8800 Y=245,6136 Vx=-30,4436 Vy=22,6203
[9816,567] Ball=B001 X=270,7199 Y=304,5191 Vx=87,6818 Vy=63,9619
[9813,977] Ball=B002 X=234,8016 Y=298,9525 Vx=24,7042 Vy=87,5447
[9813,005] Ball=B006 X=18,5000 Y=160,8040 Vx=99,4517 Vy=-1,6158
[9808,563] Ball=B007 X=167,3903 Y=85,0029 Vx=45,9277 Vy=94,5486
[9813,194] Ball=B005 X=269,0486 Y=360,1888 Vx=20,9205 Vy=-125,6803
[9813,737] Ball=B003 X=103,1068 Y=9,4227 Vx=-292,6199 Vy=5,1394
[9829,041] Ball=B006 X=20,0946 Y=160,7781 Vx=99,4517 Vy=-1,6158
[9824,592] Ball=B007 X=168,1265 Y=86,5184 Vx=45,9277 Vy=94,5486
[9829,270] Ball=B005 X=269,3850 Y=358,1684 Vx=20,9205 Vy=-125,6803
[9829,540] Ball=B003 X=98,4826 Y=9,5039 Vx=-292,6199 Vy=5,1394
[9830,064] Ball=B002 X=235,1991 Y=300,3608 Vx=24,7042 Vy=87,5447
[9832,662] Ball=B001 X=272,1312 Y=305,5486 Vx=87,6818 Vy=63,9619
[9829,506] Ball=B004 X=352,9008 Y=359,1488 Vx=-100,8451 Vy=49,1801
[9822,122] Ball=B008 X=82,3869 Y=245,9800 Vx=-30,4436 Vy=22,6203
[9836,912] Ball=B008 X=81,9366 Y=246,3146 Vx=-30,4436 Vy=22,6203
[9843,978] Ball=B006 X=21,5803 Y=160,7540 Vx=99,4517 Vy=-1,6158
[9844,205] Ball=B005 X=269,6974 Y=356,2913 Vx=20,9205 Vy=-125,6803
[9844,993] Ball=B002 X=235,5679 Y=301,6678 Vx=24,7042 Vy=87,5447
[9844,463] Ball=B004 X=351,3925 Y=359,8844 Vx=-100,8451 Vy=49,1801
[9844,671] Ball=B003 X=94,0550 Y=9,5816 Vx=-292,6199 Vy=5,1394
[9847,712] Ball=B001 X=273,4507 Y=306,5112 Vx=87,6818 Vy=63,9619
[9839,813] Ball=B007 X=168,8256 Y=87,9575 Vx=45,9277 Vy=94,5486
[9855,389] Ball=B007 X=169,5409 Y=89,4302 Vx=45,9277 Vy=94,5486
[9863,415] Ball=B001 X=274,8276 Y=307,5156 Vx=87,6818 Vy=63,9619
[9860,097] Ball=B005 X=270,0299 Y=354,2940 Vx=20,9205 Vy=-125,6803
[9860,228] Ball=B004 X=349,8027 Y=360,6597 Vx=-100,8451 Vy=49,1801
[9860,380] Ball=B003 X=89,4582 Y=9,6624 Vx=-292,6199 Vy=5,1394
[9860,898] Ball=B002 X=235,9608 Y=303,0601 Vx=24,7042 Vy=87,5447
[9859,933] Ball=B006 X=23,1671 Y=160,7282 Vx=99,4517 Vy=-1,6158
[9853,095] Ball=B008 X=81,4439 Y=246,6807 Vx=-30,4436 Vy=22,6203
[9879,404] Ball=B001 X=276,2295 Y=308,5383 Vx=87,6818 Vy=63,9619
[9868,787] Ball=B008 X=80,9662 Y=247,0356 Vx=-30,4436 Vy=22,6203
[9875,861] Ball=B006 X=24,7511 Y=160,7025 Vx=99,4517 Vy=-1,6158
[9876,347] Ball=B003 X=84,7860 Y=9,7444 Vx=-292,6199 Vy=5,1394
[9876,853] Ball=B002 X=236,3549 Y=304,4569 Vx=24,7042 Vy=87,5447
[9876,360] Ball=B004 X=348,1759 Y=361,4531 Vx=-100,8451 Vy=49,1801
[9876,252] Ball=B005 X=270,3678 Y=352,2637 Vx=20,9205 Vy=-125,6803
[9871,657] Ball=B007 X=170,2851 Y=90,9622 Vx=45,9277 Vy=94,5486
[9892,037] Ball=B005 X=270,6981 Y=350,2799 Vx=20,9205 Vy=-125,6803
[9884,757] Ball=B008 X=80,4800 Y=247,3968 Vx=-30,4436 Vy=22,6203
[9887,374] Ball=B007 X=171,0099 Y=92,4544 Vx=45,9277 Vy=94,5486
[9892,810] Ball=B002 X=236,7491 Y=305,8538 Vx=24,7042 Vy=87,5447
[9892,195] Ball=B004 X=346,5789 Y=362,2319 Vx=-100,8451 Vy=49,1801
[9892,334] Ball=B003 X=80,1077 Y=9,8266 Vx=-292,6199 Vy=5,1394
[9891,865] Ball=B006 X=26,3427 Y=160,6766 Vx=99,4517 Vy=-1,6158
[9895,519] Ball=B001 X=277,6425 Y=309,5691 Vx=87,6818 Vy=63,9619
[9899,919] Ball=B008 X=80,0185 Y=247,7398 Vx=-30,4436 Vy=22,6203
[9906,992] Ball=B006 X=27,8471 Y=160,6522 Vx=99,4517 Vy=-1,6158
[9907,332] Ball=B004 X=345,0525 Y=362,9763 Vx=-100,8451 Vy=49,1801
[9910,655] Ball=B001 X=278,9697 Y=310,5372 Vx=87,6818 Vy=63,9619
[9907,309] Ball=B005 X=271,0176 Y=348,3604 Vx=20,9205 Vy=-125,6803
[9908,127] Ball=B002 X=237,1275 Y=307,1948 Vx=24,7042 Vy=87,5447
[9907,676] Ball=B003 X=75,6184 Y=9,9054 Vx=-292,6199 Vy=5,1394
[9902,945] Ball=B007 X=171,7251 Y=93,9266 Vx=45,9277 Vy=94,5486
[9923,946] Ball=B002 X=237,5183 Y=308,5797 Vx=24,7042 Vy=87,5447
[9923,301] Ball=B004 X=343,4421 Y=363,7616 Vx=-100,8451 Vy=49,1801
[9915,936] Ball=B008 X=79,5308 Y=248,1021 Vx=-30,4436 Vy=22,6203
[9923,017] Ball=B006 X=29,4409 Y=160,6263 Vx=99,4517 Vy=-1,6158
[9918,705] Ball=B007 X=172,4489 Y=95,4167 Vx=45,9277 Vy=94,5486
[9923,451] Ball=B005 X=271,3553 Y=346,3317 Vx=20,9205 Vy=-125,6803
[9923,706] Ball=B003 X=70,9278 Y=9,9878 Vx=-292,6199 Vy=5,1394
[9926,946] Ball=B001 X=280,3981 Y=311,5792 Vx=87,6818 Vy=63,9619
[9941,404] Ball=B001 X=281,6658 Y=312,5039 Vx=87,6818 Vy=63,9619
[9938,059] Ball=B005 X=271,6609 Y=344,4957 Vx=20,9205 Vy=-125,6803
[9938,329] Ball=B003 X=66,6488 Y=10,0630 Vx=-292,6199 Vy=5,1394
[9937,881] Ball=B006 X=30,9191 Y=160,6023 Vx=99,4517 Vy=-1,6158
[9938,376] Ball=B004 X=341,9219 Y=364,5030 Vx=-100,8451 Vy=49,1801
[9939,080] Ball=B002 X=237,8922 Y=309,9046 Vx=24,7042 Vy=87,5447
[9933,592] Ball=B007 X=173,1326 Y=96,8242 Vx=45,9277 Vy=94,5486
[9930,821] Ball=B008 X=79,0777 Y=248,4388 Vx=-30,4436 Vy=22,6203
[9957,551] Ball=B001 X=283,0816 Y=313,5368 Vx=87,6818 Vy=63,9619
[9954,450] Ball=B003 X=61,9317 Y=10,1458 Vx=-292,6199 Vy=5,1394
[9946,925] Ball=B008 X=78,5874 Y=248,8031 Vx=-30,4436 Vy=22,6203
[9954,348] Ball=B004 X=340,3111 Y=363,2144 Vx=-100,8451 Vy=-49,1801
[9954,993] Ball=B002 X=238,2853 Y=311,2977 Vx=24,7042 Vy=87,5447
[9954,147] Ball=B006 X=32,5367 Y=160,5760 Vx=99,4517 Vy=-1,6158
[9949,695] Ball=B007 X=173,8722 Y=98,3467 Vx=45,9277 Vy=94,5486
[9954,437] Ball=B005 X=272,0035 Y=342,4373 Vx=20,9205 Vy=-125,6803
[9970,159] Ball=B004 X=338,7167 Y=362,4369 Vx=-100,8451 Vy=-49,1801
[9970,055] Ball=B005 X=271,1257 Y=343,6169 Vx=-44,1876 Vy=44,1737
[9973,414] Ball=B001 X=285,3669 Y=312,2181 Vx=132,2294 Vy=-52,2540
[9969,865] Ball=B006 X=34,1000 Y=160,5506 Vx=99,4517 Vy=-1,6158
[9965,414] Ball=B007 X=174,5941 Y=99,8330 Vx=45,9277 Vy=94,5486
[9962,817] Ball=B008 X=78,1036 Y=249,1626 Vx=-30,4436 Vy=22,6203
[9970,858] Ball=B002 X=238,6773 Y=312,6866 Vx=24,7042 Vy=87,5447
[9970,353] Ball=B003 X=57,2778 Y=10,2276 Vx=-292,6199 Vy=5,1394
[9978,910] Ball=B008 X=77,6137 Y=249,5266 Vx=-30,4436 Vy=22,6203
[9986,959] Ball=B002 X=239,0750 Y=314,0961 Vx=24,7042 Vy=87,5447
[9986,321] Ball=B004 X=337,0868 Y=361,6420 Vx=-100,8451 Vy=-49,1801
[9989,576] Ball=B001 X=287,5040 Y=311,3736 Vx=132,2294 Vy=-52,2540
[9986,005] Ball=B006 X=35,7051 Y=160,5245 Vx=99,4517 Vy=-1,6158
[9986,559] Ball=B003 X=52,5357 Y=10,3109 Vx=-292,6199 Vy=5,1394
[9981,643] Ball=B007 X=175,3395 Y=101,3674 Vx=45,9277 Vy=94,5486
[9986,451] Ball=B005 X=270,4012 Y=344,3412 Vx=-44,1876 Vy=44,1737
[10005,538] Ball=B001 X=289,6145 Y=310,5396 Vx=132,2294 Vy=-52,2540
[10001,971] Ball=B006 X=37,2929 Y=160,4987 Vx=99,4517 Vy=-1,6158
[10002,956] Ball=B002 X=239,4702 Y=315,4965 Vx=24,7042 Vy=87,5447
[10002,205] Ball=B005 X=269,7051 Y=345,0371 Vx=-44,1876 Vy=44,1737
[10002,452] Ball=B004 X=335,4601 Y=360,8487 Vx=-100,8451 Vy=-49,1801
[10002,590] Ball=B003 X=47,8447 Y=10,3932 Vx=-292,6199 Vy=5,1394
[9997,728] Ball=B007 X=176,0783 Y=102,8882 Vx=45,9277 Vy=94,5486
[9995,175] Ball=B008 X=77,1185 Y=249,8946 Vx=-30,4436 Vy=22,6203
[10013,529] Ball=B007 X=176,8039 Y=104,3821 Vx=45,9277 Vy=94,5486
[10021,567] Ball=B001 X=291,7340 Y=309,7020 Vx=132,2294 Vy=-52,2540
[10018,354] Ball=B004 X=333,8564 Y=360,0666 Vx=-100,8451 Vy=-49,1801
[10018,492] Ball=B003 X=43,1913 Y=10,4750 Vx=-292,6199 Vy=5,1394
[10017,983] Ball=B006 X=38,8854 Y=160,4728 Vx=99,4517 Vy=-1,6158
[10011,091] Ball=B008 X=76,6340 Y=250,2546 Vx=-30,4436 Vy=22,6203
[10018,485] Ball=B005 X=268,9857 Y=345,7562 Vx=-44,1876 Vy=44,1737
[10019,247] Ball=B002 X=239,8726 Y=316,9227 Vx=24,7042 Vy=87,5447
[10033,198] Ball=B005 X=268,3356 Y=346,4062 Vx=-44,1876 Vy=44,1737
[10025,918] Ball=B008 X=76,1826 Y=250,5899 Vx=-30,4436 Vy=22,6203
[10033,964] Ball=B002 X=240,2362 Y=318,2111 Vx=24,7042 Vy=87,5447
[10032,995] Ball=B006 X=40,3783 Y=160,4486 Vx=99,4517 Vy=-1,6158
[10033,490] Ball=B003 X=38,8027 Y=10,5521 Vx=-292,6199 Vy=5,1394
[10033,368] Ball=B004 X=332,3423 Y=359,3282 Vx=-100,8451 Vy=-49,1801
[10036,609] Ball=B001 X=293,7231 Y=308,9159 Vx=132,2294 Vy=-52,2540
[10028,589] Ball=B007 X=177,4956 Y=105,8061 Vx=45,9277 Vy=94,5486
[10048,808] Ball=B002 X=240,6029 Y=319,5106 Vx=24,7042 Vy=87,5447
[10051,852] Ball=B001 X=295,7387 Y=308,1194 Vx=132,2294 Vy=-52,2540
[10048,784] Ball=B003 X=34,3273 Y=10,6307 Vx=-292,6199 Vy=5,1394
[10048,320] Ball=B006 X=41,9024 Y=160,4238 Vx=99,4517 Vy=-1,6158
[10048,653] Ball=B004 X=330,8009 Y=358,5765 Vx=-100,8451 Vy=-49,1801
[10041,266] Ball=B008 X=75,7153 Y=250,9371 Vx=-30,4436 Vy=22,6203
[10048,563] Ball=B005 X=267,6566 Y=347,0849 Vx=-44,1876 Vy=44,1737
[10043,382] Ball=B007 X=178,1750 Y=107,2048 Vx=45,9277 Vy=94,5486
[10058,500] Ball=B007 X=178,8693 Y=108,6341 Vx=45,9277 Vy=94,5486
[10063,285] Ball=B004 X=329,3254 Y=357,8570 Vx=-100,8451 Vy=-49,1801
[10062,964] Ball=B006 X=43,3588 Y=160,4001 Vx=99,4517 Vy=-1,6158
[10055,943] Ball=B008 X=75,2685 Y=251,2691 Vx=-30,4436 Vy=22,6203
[10063,477] Ball=B003 X=30,0278 Y=10,7062 Vx=-292,6199 Vy=5,1394
[10066,579] Ball=B001 X=297,6861 Y=307,3498 Vx=132,2294 Vy=-52,2540
[10064,088] Ball=B002 X=240,9804 Y=320,8483 Vx=24,7042 Vy=87,5447
[10063,336] Ball=B005 X=267,0038 Y=347,7375 Vx=-44,1876 Vy=44,1737
[10078,962] Ball=B002 X=241,3478 Y=322,1504 Vx=24,7042 Vy=87,5447
[10078,465] Ball=B003 X=25,6421 Y=10,7832 Vx=-292,6199 Vy=5,1394
[10070,966] Ball=B008 X=74,8111 Y=251,6090 Vx=-30,4436 Vy=22,6203
[10078,248] Ball=B005 X=266,3449 Y=348,3962 Vx=-44,1876 Vy=44,1737
[10078,497] Ball=B004 X=327,8035 Y=357,1148 Vx=-100,8451 Vy=-49,1801
[10073,717] Ball=B007 X=179,5683 Y=110,0729 Vx=45,9277 Vy=94,5486
[10078,238] Ball=B006 X=44,8778 Y=160,3755 Vx=99,4517 Vy=-1,6158
[10081,559] Ball=B001 X=299,6668 Y=306,5671 Vx=132,2294 Vy=-52,2540
[10093,171] Ball=B004 X=326,3115 Y=356,3872 Vx=-100,8451 Vy=-49,1801
[10092,838] Ball=B006 X=46,3297 Y=160,3519 Vx=99,4517 Vy=-1,6158
[10096,417] Ball=B001 X=301,6315 Y=305,7907 Vx=132,2294 Vy=-52,2540
[10093,104] Ball=B005 X=265,6885 Y=349,0525 Vx=-44,1876 Vy=44,1737
[10093,356] Ball=B003 X=21,2848 Y=10,8597 Vx=-292,6199 Vy=5,1394
[10085,967] Ball=B008 X=74,3545 Y=251,9483 Vx=-30,4436 Vy=22,6203
[10088,577] Ball=B007 X=180,2507 Y=111,4778 Vx=45,9277 Vy=94,5486
[10094,069] Ball=B002 X=241,7211 Y=323,4731 Vx=24,7042 Vy=87,5447
[10108,811] Ball=B002 X=242,0852 Y=324,7635 Vx=24,7042 Vy=87,5447
[10108,055] Ball=B005 X=265,0278 Y=349,7129 Vx=-44,1876 Vy=44,1737
[10107,888] Ball=B006 X=47,8266 Y=160,3276 Vx=99,4517 Vy=-1,6158
[10100,993] Ball=B008 X=73,8970 Y=252,2882 Vx=-30,4436 Vy=22,6203
[10108,504] Ball=B004 X=324,7653 Y=355,6331 Vx=-100,8451 Vy=-49,1801
[10103,738] Ball=B007 X=180,9470 Y=112,9113 Vx=45,9277 Vy=94,5486
[10108,678] Ball=B003 X=16,8011 Y=10,9385 Vx=-292,6199 Vy=5,1394
[10111,839] Ball=B001 X=303,6708 Y=304,9848 Vx=132,2294 Vy=-52,2540
[10127,522] Ball=B001 X=305,7442 Y=304,1655 Vx=132,2294 Vy=-52,2540
[10124,453] Ball=B003 X=12,1853 Y=11,0196 Vx=-292,6199 Vy=5,1394
[10124,959] Ball=B002 X=242,4842 Y=326,1772 Vx=24,7042 Vy=87,5447
[10119,537] Ball=B007 X=181,6727 Y=114,4051 Vx=45,9277 Vy=94,5486
[10117,017] Ball=B008 X=73,4092 Y=252,6506 Vx=-30,4436 Vy=22,6203
[10124,411] Ball=B004 X=323,1611 Y=354,8508 Vx=-100,8451 Vy=-49,1801
[10124,138] Ball=B006 X=49,4427 Y=160,3013 Vx=99,4517 Vy=-1,6158
[10124,413] Ball=B005 X=264,3050 Y=350,4355 Vx=-44,1876 Vy=44,1737
[10131,883] Ball=B008 X=72,9566 Y=252,9869 Vx=-30,4436 Vy=22,6203
[10139,439] Ball=B003 X=7,8001 Y=11,0966 Vx=-292,6199 Vy=5,1394
[10139,200] Ball=B005 X=263,6516 Y=351,0887 Vx=-44,1876 Vy=44,1737
[10139,058] Ball=B006 X=50,9265 Y=160,2772 Vx=99,4517 Vy=-1,6158
[10134,739] Ball=B007 X=182,3709 Y=115,8425 Vx=45,9277 Vy=94,5486
[10139,528] Ball=B004 X=321,6367 Y=354,1073 Vx=-100,8451 Vy=-49,1801
[10140,187] Ball=B002 X=242,8604 Y=327,5105 Vx=24,7042 Vy=87,5447
[10142,833] Ball=B001 X=307,7691 Y=303,3653 Vx=132,2294 Vy=-52,2540
[10150,385] Ball=B007 X=183,0894 Y=117,3217 Vx=45,9277 Vy=94,5486
[10155,320] Ball=B003 X=3,1530 Y=11,1782 Vx=-292,6199 Vy=5,1394
[10155,092] Ball=B005 X=262,9493 Y=351,7907 Vx=-44,1876 Vy=44,1737
[10158,445] Ball=B001 X=309,8335 Y=302,5495 Vx=132,2294 Vy=-52,2540
[10155,321] Ball=B004 X=320,0440 Y=353,3306 Vx=-100,8451 Vy=-49,1801
[10155,001] Ball=B006 X=52,5120 Y=160,2514 Vx=99,4517 Vy=-1,6158
[10148,022] Ball=B008 X=72,4653 Y=253,3520 Vx=-30,4436 Vy=22,6203
[10156,413] Ball=B002 X=243,2467 Y=328,8794 Vx=24,7042 Vy=87,5447
[10171,254] Ball=B004 X=318,4373 Y=352,5471 Vx=-100,8451 Vy=-49,1801
[10163,869] Ball=B008 X=71,9828 Y=253,7104 Vx=-30,4436 Vy=22,6203
[10174,499] Ball=B001 X=311,9562 Y=301,7107 Vx=132,2294 Vy=-52,2540
[10171,917] Ball=B002 X=243,6442 Y=330,2882 Vx=24,7042 Vy=87,5447
[10166,591] Ball=B007 X=183,8338 Y=118,8540 Vx=45,9277 Vy=94,5486
[10171,050] Ball=B006 X=54,1081 Y=160,2255 Vx=99,4517 Vy=-1,6158
[10171,268] Ball=B005 X=262,2346 Y=352,5052 Vx=-44,1876 Vy=44,1737
[10171,425] Ball=B003 X=-1,5599 Y=11,2610 Vx=-292,6199 Vy=5,1394
[10182,516] Ball=B007 X=184,5651 Y=120,3596 Vx=45,9277 Vy=94,5486
[10187,953] Ball=B002 X=244,0404 Y=331,6920 Vx=24,7042 Vy=87,5447
[10179,918] Ball=B008 X=71,4942 Y=254,0735 Vx=-30,4436 Vy=22,6203
[10187,692] Ball=B003 X=4,7599 Y=11,3446 Vx=292,6199 Vy=5,1394
[10187,236] Ball=B006 X=55,7178 Y=160,1994 Vx=99,4517 Vy=-1,6158
[10187,463] Ball=B005 X=261,5190 Y=353,2207 Vx=-44,1876 Vy=44,1737
[10190,823] Ball=B001 X=314,1147 Y=300,8577 Vx=132,2294 Vy=-52,2540
[10187,744] Ball=B004 X=316,7743 Y=351,7361 Vx=-100,8451 Vy=-49,1801
[10202,192] Ball=B005 X=260,8681 Y=353,8713 Vx=-44,1876 Vy=44,1737
[10202,457] Ball=B003 X=9,0803 Y=11,4204 Vx=292,6199 Vy=5,1394
[10202,321] Ball=B004 X=315,3043 Y=351,0192 Vx=-100,8451 Vy=-49,1801
[10194,942] Ball=B008 X=71,0369 Y=254,4133 Vx=-30,4436 Vy=22,6203
[10202,978] Ball=B002 X=244,4116 Y=333,0074 Vx=24,7042 Vy=87,5447
[10205,652] Ball=B001 X=316,0757 Y=300,0827 Vx=132,2294 Vy=-52,2540
[10197,637] Ball=B007 X=185,2596 Y=121,7893 Vx=45,9277 Vy=94,5486
[10202,822] Ball=B006 X=57,2679 Y=160,1742 Vx=99,4517 Vy=-1,6158
[10210,907] Ball=B008 X=70,5509 Y=254,7744 Vx=-30,4436 Vy=22,6203
[10217,973] Ball=B006 X=58,7747 Y=160,1497 Vx=99,4517 Vy=-1,6158
[10221,552] Ball=B001 X=318,1780 Y=299,2519 Vx=132,2294 Vy=-52,2540
[10213,536] Ball=B007 X=185,9898 Y=123,2925 Vx=45,9277 Vy=94,5486
[10218,473] Ball=B003 X=13,7672 Y=11,5028 Vx=292,6199 Vy=5,1394
[10218,979] Ball=B002 X=244,8069 Y=334,4083 Vx=24,7042 Vy=87,5447
[10218,346] Ball=B004 X=313,6882 Y=350,2310 Vx=-100,8451 Vy=-49,1801
[10218,236] Ball=B005 X=260,1592 Y=354,5800 Vx=-44,1876 Vy=44,1737
[10234,303] Ball=B004 X=312,0791 Y=349,4463 Vx=-100,8451 Vy=-49,1801
[10234,189] Ball=B005 X=259,4543 Y=355,2847 Vx=-44,1876 Vy=44,1737
[10234,448] Ball=B003 X=18,4418 Y=11,5849 Vx=292,6199 Vy=5,1394
[10237,578] Ball=B001 X=320,2972 Y=298,4145 Vx=132,2294 Vy=-52,2540
[10229,555] Ball=B007 X=186,7256 Y=124,8072 Vx=45,9277 Vy=94,5486
[10226,946] Ball=B008 X=70,0625 Y=255,1373 Vx=-30,4436 Vy=22,6203
[10234,982] Ball=B002 X=245,2022 Y=335,8092 Vx=24,7042 Vy=87,5447
[10234,024] Ball=B006 X=60,3711 Y=160,1238 Vx=99,4517 Vy=-1,6158
[10250,787] Ball=B002 X=244,6021 Y=335,8392 Vx=-21,7798 Vy=24,0243
[10249,824] Ball=B006 X=61,9423 Y=160,0982 Vx=99,4517 Vy=-1,6158
[10245,382] Ball=B007 X=187,4525 Y=126,3036 Vx=45,9277 Vy=94,5486
[10250,318] Ball=B003 X=23,0857 Y=11,6664 Vx=292,6199 Vy=5,1394
[10253,419] Ball=B001 X=322,3918 Y=297,5867 Vx=132,2294 Vy=-52,2540
[10250,258] Ball=B004 X=310,4701 Y=348,6616 Vx=-100,8451 Vy=-49,1801
[10242,757] Ball=B008 X=69,5812 Y=255,4949 Vx=-30,4436 Vy=22,6203
[10250,218] Ball=B005 X=259,6897 Y=357,2823 Vx=-1,2793 Vy=102,8079
[10257,913] Ball=B008 X=69,1198 Y=255,8377 Vx=-30,4436 Vy=22,6203
[10268,550] Ball=B001 X=324,3925 Y=296,7961 Vx=132,2294 Vy=-52,2540
[10265,319] Ball=B004 X=308,9513 Y=347,9209 Vx=-100,8451 Vy=-49,1801
[10265,234] Ball=B005 X=259,6705 Y=358,8262 Vx=-1,2793 Vy=102,8079
[10260,560] Ball=B007 X=188,1495 Y=127,7387 Vx=45,9277 Vy=94,5486
[10265,579] Ball=B003 X=27,5511 Y=11,7449 Vx=292,6199 Vy=5,1394
[10265,110] Ball=B006 X=63,4626 Y=160,0735 Vx=99,4517 Vy=-1,6158
[10266,139] Ball=B002 X=244,2677 Y=336,2080 Vx=-21,7798 Vy=24,0243
[10280,812] Ball=B002 X=243,9481 Y=336,5605 Vx=-21,7798 Vy=24,0243
[10272,792] Ball=B008 X=68,6668 Y=256,1743 Vx=-30,4436 Vy=22,6203
[10275,675] Ball=B007 X=188,8437 Y=129,1677 Vx=45,9277 Vy=94,5486
[10280,663] Ball=B003 X=31,9652 Y=11,8224 Vx=292,6199 Vy=5,1394
[10280,436] Ball=B005 X=259,6510 Y=360,3890 Vx=-1,2793 Vy=102,8079
[10280,566] Ball=B004 X=307,4136 Y=347,1711 Vx=-100,8451 Vy=-49,1801
[10283,915] Ball=B001 X=326,4243 Y=295,9932 Vx=132,2294 Vy=-52,2540
[10280,422] Ball=B006 X=64,9853 Y=160,0488 Vx=99,4517 Vy=-1,6158
[10296,063] Ball=B005 X=259,6310 Y=361,9956 Vx=-1,2793 Vy=102,8079
[10295,844] Ball=B006 X=66,5190 Y=160,0239 Vx=99,4517 Vy=-1,6158
[10297,089] Ball=B002 X=243,5936 Y=336,9516 Vx=-21,7798 Vy=24,0243
[10296,458] Ball=B004 X=305,8115 Y=346,3897 Vx=-100,8451 Vy=-49,1801
[10296,603] Ball=B003 X=36,6297 Y=11,9043 Vx=292,6199 Vy=5,1394
[10291,696] Ball=B007 X=189,5795 Y=130,6825 Vx=45,9277 Vy=94,5486
[10289,089] Ball=B008 X=68,1707 Y=256,5430 Vx=-30,4436 Vy=22,6203
[10299,552] Ball=B001 X=328,4919 Y=295,1761 Vx=132,2294 Vy=-52,2540
[10315,578] Ball=B001 X=330,6110 Y=294,3387 Vx=132,2294 Vy=-52,2540
[10304,945] Ball=B008 X=67,6880 Y=256,9016 Vx=-30,4436 Vy=22,6203
[10307,561] Ball=B007 X=190,3082 Y=132,1825 Vx=45,9277 Vy=94,5486
[10312,527] Ball=B003 X=41,2892 Y=11,9861 Vx=292,6199 Vy=5,1394
[10313,035] Ball=B002 X=243,2463 Y=337,3347 Vx=-21,7798 Vy=24,0243
[10312,365] Ball=B005 X=259,6102 Y=363,6717 Vx=-1,2793 Vy=102,8079
[10312,535] Ball=B004 X=304,1897 Y=345,5988 Vx=-100,8451 Vy=-49,1801
[10312,257] Ball=B006 X=68,1514 Y=159,9974 Vx=99,4517 Vy=-1,6158
[10326,971] Ball=B006 X=69,6147 Y=159,9736 Vx=99,4517 Vy=-1,6158
[10327,446] Ball=B003 X=45,6546 Y=12,0628 Vx=292,6199 Vy=5,1394
[10327,199] Ball=B005 X=259,5912 Y=365,1966 Vx=-1,2793 Vy=102,8079
[10327,982] Ball=B002 X=242,9208 Y=337,6938 Vx=-21,7798 Vy=24,0243
[10322,554] Ball=B007 X=190,9968 Y=133,6001 Vx=45,9277 Vy=94,5486
[10327,432] Ball=B004 X=302,6874 Y=344,8662 Vx=-100,8451 Vy=-49,1801
[10320,045] Ball=B008 X=67,2283 Y=257,2432 Vx=-30,4436 Vy=22,6203
[10330,733] Ball=B001 X=332,6149 Y=293,5468 Vx=132,2294 Vy=-52,2540
[10337,530] Ball=B007 X=191,6845 Y=135,0159 Vx=45,9277 Vy=94,5486
[10345,556] Ball=B001 X=334,5749 Y=292,7722 Vx=132,2294 Vy=-52,2540
[10342,322] Ball=B004 X=301,1858 Y=344,1339 Vx=-100,8451 Vy=-49,1801
[10343,001] Ball=B002 X=242,5936 Y=338,0546 Vx=-21,7798 Vy=24,0243
[10342,026] Ball=B006 X=71,1120 Y=159,9493 Vx=99,4517 Vy=-1,6158
[10334,979] Ball=B008 X=66,7736 Y=257,5810 Vx=-30,4436 Vy=22,6203
[10342,580] Ball=B003 X=50,0833 Y=12,1406 Vx=292,6199 Vy=5,1394
[10342,332] Ball=B005 X=259,5719 Y=366,7524 Vx=-1,2793 Vy=102,8079
[10360,546] Ball=B001 X=336,5571 Y=291,9890 Vx=132,2294 Vy=-52,2540
[10357,197] Ball=B005 X=259,5528 Y=368,2806 Vx=-1,2793 Vy=102,8079
[10349,926] Ball=B008 X=66,3186 Y=257,9191 Vx=-30,4436 Vy=22,6203
[10357,465] Ball=B003 X=54,4388 Y=12,2171 Vx=292,6199 Vy=5,1394
[10357,987] Ball=B002 X=242,2673 Y=338,4146 Vx=-21,7798 Vy=24,0243
[10352,559] Ball=B007 X=192,3748 Y=136,4370 Vx=45,9277 Vy=94,5486
[10357,078] Ball=B006 X=72,6089 Y=159,9249 Vx=99,4517 Vy=-1,6158
[10357,414] Ball=B004 X=299,6639 Y=343,3917 Vx=-100,8451 Vy=-49,1801
[10372,048] Ball=B005 X=259,5338 Y=369,8073 Vx=-1,2793 Vy=102,8079
[10367,415] Ball=B007 X=193,0571 Y=137,8416 Vx=45,9277 Vy=94,5486
[10372,428] Ball=B004 X=298,1498 Y=342,6533 Vx=-100,8451 Vy=-49,1801
[10364,979] Ball=B008 X=65,8603 Y=258,2596 Vx=-30,4436 Vy=22,6203
[10372,636] Ball=B003 X=58,8782 Y=12,2951 Vx=292,6199 Vy=5,1394
[10372,180] Ball=B006 X=74,1109 Y=159,9005 Vx=99,4517 Vy=-1,6158
[10373,151] Ball=B002 X=241,9370 Y=338,7789 Vx=-21,7798 Vy=24,0243
[10375,757] Ball=B001 X=338,5686 Y=291,1941 Vx=132,2294 Vy=-52,2540
[10387,833] Ball=B006 X=75,6675 Y=159,8752 Vx=99,4517 Vy=-1,6158
[10391,418] Ball=B001 X=340,6393 Y=290,3758 Vx=132,2294 Vy=-52,2540
[10388,201] Ball=B004 X=296,5592 Y=341,8776 Vx=-100,8451 Vy=-49,1801
[10388,344] Ball=B003 X=63,4748 Y=12,3758 Vx=292,6199 Vy=5,1394
[10389,292] Ball=B002 X=241,5855 Y=339,1667 Vx=-21,7798 Vy=24,0243
[10381,322] Ball=B008 X=65,3628 Y=258,6293 Vx=-30,4436 Vy=22,6203
[10388,606] Ball=B005 X=259,5127 Y=371,5097 Vx=-1,2793 Vy=102,8079
[10383,935] Ball=B007 X=193,8158 Y=139,4035 Vx=45,9277 Vy=94,5486
[10403,710] Ball=B005 X=259,4933 Y=373,0625 Vx=-1,2793 Vy=102,8079
[10403,965] Ball=B003 X=68,0458 Y=12,4561 Vx=292,6199 Vy=5,1394
[10396,444] Ball=B008 X=64,9024 Y=258,9713 Vx=-30,4436 Vy=22,6203
[10399,185] Ball=B007 X=194,5163 Y=140,8454 Vx=45,9277 Vy=94,5486
[10404,688] Ball=B002 X=241,2501 Y=339,5366 Vx=-21,7798 Vy=24,0243
[10407,281] Ball=B001 X=342,7368 Y=289,5468 Vx=132,2294 Vy=-52,2540
[10404,096] Ball=B004 X=294,9562 Y=341,0958 Vx=-100,8451 Vy=-49,1801
[10403,774] Ball=B006 X=77,2529 Y=159,8495 Vx=99,4517 Vy=-1,6158
[10418,974] Ball=B004 X=293,4559 Y=340,3642 Vx=-100,8451 Vy=-49,1801
[10418,872] Ball=B005 X=259,4739 Y=374,6213 Vx=-1,2793 Vy=102,8079
[10418,662] Ball=B006 X=78,7335 Y=159,8254 Vx=99,4517 Vy=-1,6158
[10422,247] Ball=B001 X=344,7159 Y=288,7648 Vx=132,2294 Vy=-52,2540
[10414,226] Ball=B007 X=195,2071 Y=142,2676 Vx=45,9277 Vy=94,5486
[10419,724] Ball=B002 X=240,9227 Y=339,8978 Vx=-21,7798 Vy=24,0243
[10419,219] Ball=B003 X=72,5093 Y=12,5345 Vx=292,6199 Vy=5,1394
[10411,585] Ball=B008 X=64,4415 Y=259,3138 Vx=-30,4436 Vy=22,6203
[10429,188] Ball=B007 X=195,8942 Y=143,6821 Vx=45,9277 Vy=94,5486
[10433,644] Ball=B006 X=80,2235 Y=159,8012 Vx=99,4517 Vy=-1,6158
[10426,592] Ball=B008 X=63,9846 Y=259,6533 Vx=-30,4436 Vy=22,6203
[10434,638] Ball=B002 X=240,5978 Y=340,2561 Vx=-21,7798 Vy=24,0243
[10433,898] Ball=B005 X=259,4547 Y=372,4552 Vx=-1,2793 Vy=-102,8079
[10434,150] Ball=B003 X=76,8787 Y=12,6112 Vx=292,6199 Vy=5,1394
[10437,260] Ball=B001 X=346,7010 Y=287,9803 Vx=132,2294 Vy=-52,2540
[10434,087] Ball=B004 X=291,9317 Y=339,6208 Vx=-100,8451 Vy=-49,1801
[10452,400] Ball=B001 X=348,7028 Y=287,1892 Vx=132,2294 Vy=-52,2540
[10449,051] Ball=B005 X=259,4353 Y=370,8973 Vx=-1,2793 Vy=-102,8079
[10444,387] Ball=B007 X=196,5923 Y=145,1192 Vx=45,9277 Vy=94,5486
[10449,226] Ball=B004 X=290,4051 Y=338,8763 Vx=-100,8451 Vy=-49,1801
[10449,882] Ball=B002 X=240,2658 Y=340,6223 Vx=-21,7798 Vy=24,0243
[10449,488] Ball=B003 X=81,3667 Y=12,6901 Vx=292,6199 Vy=5,1394
[10449,072] Ball=B006 X=81,7579 Y=159,7763 Vx=99,4517 Vy=-1,6158
[10441,853] Ball=B008 X=63,5200 Y=259,9985 Vx=-30,4436 Vy=22,6203
[10457,917] Ball=B008 X=63,0309 Y=260,3619 Vx=-30,4436 Vy=22,6203
[10465,194] Ball=B005 X=259,4147 Y=369,2378 Vx=-1,2793 Vy=-102,8079
[10460,541] Ball=B007 X=197,3342 Y=146,6465 Vx=45,9277 Vy=94,5486
[10465,344] Ball=B004 X=288,7796 Y=338,0836 Vx=-100,8451 Vy=-49,1801
[10465,483] Ball=B003 X=86,0472 Y=12,7723 Vx=292,6199 Vy=5,1394
[10464,986] Ball=B006 X=83,3405 Y=159,7506 Vx=99,4517 Vy=-1,6158
[10468,687] Ball=B001 X=350,8566 Y=286,3381 Vx=132,2294 Vy=-52,2540
[10465,991] Ball=B002 X=239,9149 Y=341,0094 Vx=-21,7798 Vy=24,0243
[10480,301] Ball=B003 X=90,3829 Y=12,8484 Vx=292,6199 Vy=5,1394
[10480,811] Ball=B002 X=239,5922 Y=341,3654 Vx=-21,7798 Vy=24,0243
[10483,413] Ball=B001 X=352,8038 Y=285,5686 Vx=132,2294 Vy=-52,2540
[10479,866] Ball=B006 X=84,8205 Y=159,7265 Vx=99,4517 Vy=-1,6158
[10475,416] Ball=B007 X=198,0174 Y=148,0530 Vx=45,9277 Vy=94,5486
[10472,819] Ball=B008 X=62,5773 Y=260,6990 Vx=-30,4436 Vy=22,6203
[10480,215] Ball=B004 X=287,2800 Y=337,3523 Vx=-100,8451 Vy=-49,1801
[10480,111] Ball=B005 X=259,3956 Y=367,7041 Vx=-1,2793 Vy=-102,8079
[10496,284] Ball=B003 X=95,0598 Y=12,9305 Vx=292,6199 Vy=5,1394
[10496,034] Ball=B005 X=259,3752 Y=366,0672 Vx=-1,2793 Vy=-102,8079
[10488,771] Ball=B008 X=62,0916 Y=261,0598 Vx=-30,4436 Vy=22,6203
[10496,179] Ball=B004 X=285,6701 Y=336,5672 Vx=-100,8451 Vy=-49,1801
[10495,859] Ball=B006 X=86,4109 Y=159,7007 Vx=99,4517 Vy=-1,6158
[10491,422] Ball=B007 X=198,7525 Y=149,5663 Vx=45,9277 Vy=94,5486
[10499,446] Ball=B001 X=354,9238 Y=284,7308 Vx=132,2294 Vy=-52,2540
[10496,855] Ball=B002 X=239,2427 Y=341,7508 Vx=-21,7798 Vy=24,0243
[10511,335] Ball=B005 X=259,3557 Y=364,4952 Vx=-1,2793 Vy=-102,8079
[10504,228] Ball=B008 X=61,6211 Y=261,4095 Vx=-30,4436 Vy=22,6203
[10514,869] Ball=B001 X=356,9631 Y=283,9249 Vx=132,2294 Vy=-52,2540
[10512,279] Ball=B002 X=238,9068 Y=342,1214 Vx=-21,7798 Vy=24,0243
[10511,382] Ball=B006 X=87,9547 Y=159,6756 Vx=99,4517 Vy=-1,6158
[10506,942] Ball=B007 X=199,4653 Y=151,0337 Vx=45,9277 Vy=94,5486
[10511,865] Ball=B003 X=99,6196 Y=13,0106 Vx=292,6199 Vy=5,1394
[10511,744] Ball=B004 X=284,1004 Y=335,8017 Vx=-100,8451 Vy=-49,1801
[10528,485] Ball=B003 X=104,4824 Y=13,0960 Vx=292,6199 Vy=5,1394
[10528,346] Ball=B004 X=282,4263 Y=334,9852 Vx=-100,8451 Vy=-49,1801
[10523,580] Ball=B007 X=200,2294 Y=152,6068 Vx=45,9277 Vy=94,5486
[10528,065] Ball=B006 X=89,6138 Y=159,6487 Vx=99,4517 Vy=-1,6158
[10529,042] Ball=B002 X=238,5417 Y=342,5241 Vx=-21,7798 Vy=24,0243
[10531,636] Ball=B001 X=359,1803 Y=283,0488 Vx=132,2294 Vy=-52,2540
[10528,303] Ball=B005 X=259,3339 Y=362,7496 Vx=-1,2793 Vy=-102,8079
[10521,133] Ball=B008 X=61,1064 Y=261,7919 Vx=-30,4436 Vy=22,6203
[10547,548] Ball=B001 X=361,2841 Y=282,2174 Vx=132,2294 Vy=-52,2540
[10536,919] Ball=B008 X=60,6259 Y=262,1489 Vx=-30,4436 Vy=22,6203
[10543,985] Ball=B006 X=91,1972 Y=159,6229 Vx=99,4517 Vy=-1,6158
[10544,462] Ball=B003 X=109,1579 Y=13,1782 Vx=292,6199 Vy=5,1394
[10544,997] Ball=B002 X=238,1942 Y=342,9074 Vx=-21,7798 Vy=24,0243
[10544,239] Ball=B005 X=259,3135 Y=361,1112 Vx=-1,2793 Vy=-102,8079
[10544,461] Ball=B004 X=280,8011 Y=334,1927 Vx=-100,8451 Vy=-49,1801
[10539,569] Ball=B007 X=200,9638 Y=154,1186 Vx=45,9277 Vy=94,5486
[10555,369] Ball=B007 X=201,6894 Y=155,6123 Vx=45,9277 Vy=94,5486
[10560,048] Ball=B005 X=259,2933 Y=359,4860 Vx=-1,2793 Vy=-102,8079
[10560,813] Ball=B002 X=237,8498 Y=343,2874 Vx=-21,7798 Vy=24,0243
[10560,177] Ball=B004 X=279,2163 Y=333,4198 Vx=-100,8451 Vy=-49,1801
[10560,326] Ball=B003 X=113,8000 Y=13,2597 Vx=292,6199 Vy=5,1394
[10563,436] Ball=B001 X=363,3852 Y=281,3871 Vx=132,2294 Vy=-52,2540
[10552,810] Ball=B008 X=60,1421 Y=262,5084 Vx=-30,4436 Vy=22,6203
[10559,879] Ball=B006 X=92,7778 Y=159,5973 Vx=99,4517 Vy=-1,6158
[10576,193] Ball=B005 X=259,2727 Y=357,8262 Vx=-1,2793 Vy=-102,8079
[10575,986] Ball=B006 X=94,3796 Y=159,5712 Vx=99,4517 Vy=-1,6158
[10568,930] Ball=B008 X=59,6513 Y=262,8730 Vx=-30,4436 Vy=22,6203
[10579,570] Ball=B001 X=359,8666 Y=280,5440 Vx=-132,2294 Vy=-52,2540
[10576,551] Ball=B003 X=118,5287 Y=13,3427 Vx=292,6199 Vy=5,1394
[10576,426] Ball=B004 X=277,5776 Y=332,6207 Vx=-100,8451 Vy=-49,1801
[10577,080] Ball=B002 X=237,4955 Y=343,6782 Vx=-21,7798 Vy=24,0243
[10571,834] Ball=B007 X=202,4456 Y=157,1692 Vx=45,9277 Vy=94,5486
[10592,955] Ball=B002 X=237,1497 Y=344,0595 Vx=-21,7798 Vy=24,0243
[10595,563] Ball=B001 X=357,7519 Y=279,7084 Vx=-132,2294 Vy=-52,2540
[10592,329] Ball=B004 X=275,9739 Y=331,8385 Vx=-100,8451 Vy=-49,1801
[10587,552] Ball=B007 X=203,1675 Y=158,6552 Vx=45,9277 Vy=94,5486
[10592,484] Ball=B003 X=123,2101 Y=13,4250 Vx=292,6199 Vy=5,1394
[10584,952] Ball=B008 X=59,1635 Y=263,2355 Vx=-30,4436 Vy=22,6203
[10592,240] Ball=B005 X=258,2259 Y=357,7732 Vx=-63,4002 Vy=-6,1456
[10591,983] Ball=B006 X=95,9705 Y=159,5454 Vx=99,4517 Vy=-1,6158
[10606,981] Ball=B006 X=97,4621 Y=159,5212 Vx=99,4517 Vy=-1,6158
[10607,320] Ball=B004 X=275,1640 Y=330,0092 Vx=-55,9800 Vy=-118,9917
[10607,212] Ball=B005 X=257,2767 Y=357,6812 Vx=-63,4002 Vy=-6,1456
[10607,472] Ball=B003 X=127,5960 Y=13,5020 Vx=292,6199 Vy=5,1394
[10610,663] Ball=B001 X=355,7552 Y=278,9193 Vx=-132,2294 Vy=-52,2540
[10600,037] Ball=B008 X=58,7043 Y=263,5767 Vx=-30,4436 Vy=22,6203
[10608,077] Ball=B002 X=235,8626 Y=343,7746 Vx=-66,0313 Vy=-5,9246
[10602,565] Ball=B007 X=203,8570 Y=160,0747 Vx=45,9277 Vy=94,5486
[10626,552] Ball=B001 X=353,6543 Y=278,0891 Vx=-132,2294 Vy=-52,2540
[10615,932] Ball=B008 X=58,2204 Y=263,9362 Vx=-30,4436 Vy=22,6203
[10618,553] Ball=B007 X=204,5913 Y=161,5864 Vx=45,9277 Vy=94,5486
[10623,480] Ball=B003 X=132,2803 Y=13,5843 Vx=292,6199 Vy=5,1394
[10623,231] Ball=B005 X=257,2040 Y=358,2209 Vx=-22,5526 Vy=21,4995
[10623,349] Ball=B004 X=274,2667 Y=328,1018 Vx=-55,9800 Vy=-118,9917
[10623,105] Ball=B006 X=99,0657 Y=159,4951 Vx=99,4517 Vy=-1,6158
[10623,962] Ball=B002 X=234,8137 Y=343,6805 Vx=-66,0313 Vy=-5,9246
[10633,392] Ball=B007 X=205,2728 Y=162,9893 Vx=45,9277 Vy=94,5486
[10630,787] Ball=B008 X=57,7681 Y=264,2723 Vx=-30,4436 Vy=22,6203
[10638,096] Ball=B005 X=256,8687 Y=358,5405 Vx=-22,5526 Vy=21,4995
[10638,858] Ball=B002 X=233,8301 Y=343,5923 Vx=-66,0313 Vy=-5,9246
[10638,440] Ball=B003 X=136,6577 Y=13,6612 Vx=292,6199 Vy=5,1394
[10638,304] Ball=B004 X=273,4295 Y=326,3223 Vx=-55,9800 Vy=-118,9917
[10641,617] Ball=B001 X=351,6621 Y=277,3018 Vx=-132,2294 Vy=-52,2540
[10637,847] Ball=B006 X=100,5308 Y=159,4713 Vx=99,4517 Vy=-1,6158
[10654,301] Ball=B004 X=272,5340 Y=324,4189 Vx=-55,9800 Vy=-118,9917
[10653,971] Ball=B006 X=102,1354 Y=159,4452 Vx=99,4517 Vy=-1,6158
[10654,962] Ball=B002 X=232,7667 Y=343,4969 Vx=-66,0313 Vy=-5,9246
[10654,471] Ball=B003 X=141,3490 Y=13,7436 Vx=292,6199 Vy=5,1394
[10654,222] Ball=B005 X=256,5050 Y=358,8872 Vx=-22,5526 Vy=21,4995
[10649,557] Ball=B007 X=206,0153 Y=164,5177 Vx=45,9277 Vy=94,5486
[10647,017] Ball=B008 X=57,2741 Y=264,6394 Vx=-30,4436 Vy=22,6203
[10657,796] Ball=B001 X=349,5230 Y=276,4565 Vx=-132,2294 Vy=-52,2540
[10670,781] Ball=B002 X=231,7222 Y=343,4032 Vx=-66,0313 Vy=-5,9246
[10665,362] Ball=B007 X=206,7411 Y=166,0120 Vx=45,9277 Vy=94,5486
[10662,759] Ball=B008 X=56,7948 Y=264,9955 Vx=-30,4436 Vy=22,6203
[10673,406] Ball=B001 X=347,4587 Y=275,6407 Vx=-132,2294 Vy=-52,2540
[10670,177] Ball=B004 X=271,6452 Y=322,5296 Vx=-55,9800 Vy=-118,9917
[10670,063] Ball=B005 X=256,1478 Y=359,2277 Vx=-22,5526 Vy=21,4995
[10670,390] Ball=B003 X=146,0071 Y=13,8254 Vx=292,6199 Vy=5,1394
[10669,986] Ball=B006 X=103,7281 Y=159,4193 Vx=99,4517 Vy=-1,6158
[10686,357] Ball=B003 X=150,6790 Y=13,9074 Vx=292,6199 Vy=5,1394
[10686,255] Ball=B004 X=270,7452 Y=320,6165 Vx=-55,9800 Vy=-118,9917
[10689,499] Ball=B001 X=345,3308 Y=274,7998 Vx=-132,2294 Vy=-52,2540
[10686,150] Ball=B005 X=255,7850 Y=359,5736 Vx=-22,5526 Vy=21,4995
[10685,938] Ball=B006 X=105,3145 Y=159,3936 Vx=99,4517 Vy=-1,6158
[10687,002] Ball=B002 X=230,6511 Y=343,3070 Vx=-66,0313 Vy=-5,9246
[10681,577] Ball=B007 X=207,4859 Y=167,5452 Vx=45,9277 Vy=94,5486
[10679,035] Ball=B008 X=56,2993 Y=265,3636 Vx=-30,4436 Vy=22,6203
[10696,532] Ball=B007 X=208,1727 Y=168,9591 Vx=45,9277 Vy=94,5486
[10701,968] Ball=B002 X=229,6629 Y=343,2184 Vx=-66,0313 Vy=-5,9246
[10704,567] Ball=B001 X=343,3384 Y=274,0125 Vx=-132,2294 Vy=-52,2540
[10701,005] Ball=B006 X=106,8131 Y=159,3692 Vx=99,4517 Vy=-1,6158
[10693,960] Ball=B008 X=55,8449 Y=265,7013 Vx=-30,4436 Vy=22,6203
[10701,242] Ball=B005 X=255,4446 Y=359,8981 Vx=-22,5526 Vy=21,4995
[10701,431] Ball=B004 X=269,8957 Y=318,8107 Vx=-55,9800 Vy=-118,9917
[10701,574] Ball=B003 X=155,1322 Y=13,9856 Vx=292,6199 Vy=5,1394
[10716,173] Ball=B005 X=255,1079 Y=360,2191 Vx=-22,5526 Vy=21,4995
[10711,517] Ball=B007 X=208,8610 Y=170,3760 Vx=45,9277 Vy=94,5486
[10716,309] Ball=B004 X=269,0628 Y=317,0403 Vx=-55,9800 Vy=-118,9917
[10708,922] Ball=B008 X=55,3894 Y=266,0397 Vx=-30,4436 Vy=22,6203
[10716,000] Ball=B006 X=108,3043 Y=159,3450 Vx=99,4517 Vy=-1,6158
[10716,468] Ball=B003 X=159,4905 Y=14,0622 Vx=292,6199 Vy=5,1394
[10717,044] Ball=B002 X=228,6673 Y=343,1291 Vx=-66,0313 Vy=-5,9246
[10719,705] Ball=B001 X=341,3367 Y=273,2214 Vx=-132,2294 Vy=-52,2540
[10731,951] Ball=B002 X=227,6831 Y=343,0407 Vx=-66,0313 Vy=-5,9246
[10734,546] Ball=B001 X=339,3742 Y=272,4459 Vx=-132,2294 Vy=-52,2540
[10730,985] Ball=B006 X=109,7946 Y=159,3208 Vx=99,4517 Vy=-1,6158
[10726,541] Ball=B007 X=209,5509 Y=171,7964 Vx=45,9277 Vy=94,5486
[10723,947] Ball=B008 X=54,9320 Y=266,3796 Vx=-30,4436 Vy=22,6203
[10731,480] Ball=B003 X=163,8831 Y=14,1393 Vx=292,6199 Vy=5,1394
[10731,345] Ball=B004 X=268,2210 Y=315,2511 Vx=-55,9800 Vy=-118,9917
[10731,243] Ball=B005 X=254,7680 Y=360,5431 Vx=-22,5526 Vy=21,4995
[10746,291] Ball=B004 X=267,3848 Y=313,4735 Vx=-55,9800 Vy=-118,9917
[10746,188] Ball=B005 X=254,4310 Y=360,8644 Vx=-22,5526 Vy=21,4995
[10749,546] Ball=B001 X=337,3908 Y=271,6621 Vx=-132,2294 Vy=-52,2540
[10741,532] Ball=B007 X=210,2395 Y=173,2139 Vx=45,9277 Vy=94,5486
[10746,463] Ball=B003 X=168,2673 Y=14,2163 Vx=292,6199 Vy=5,1394
[10745,999] Ball=B006 X=111,2878 Y=159,2965 Vx=99,4517 Vy=-1,6158
[10739,012] Ball=B008 X=54,4734 Y=266,7203 Vx=-30,4436 Vy=22,6203
[10747,051] Ball=B002 X=226,6859 Y=342,9513 Vx=-66,0313 Vy=-5,9246
[10754,846] Ball=B008 X=53,9914 Y=267,0785 Vx=-30,4436 Vy=22,6203
[10765,523] Ball=B001 X=335,2782 Y=270,8273 Vx=-132,2294 Vy=-52,2540
[10762,428] Ball=B003 X=172,9392 Y=14,2984 Vx=292,6199 Vy=5,1394
[10762,942] Ball=B002 X=225,6366 Y=342,8571 Vx=-66,0313 Vy=-5,9246
[10762,302] Ball=B004 X=266,4881 Y=311,5675 Vx=-55,9800 Vy=-118,9917
[10757,612] Ball=B007 X=210,9780 Y=174,7342 Vx=45,9277 Vy=94,5486
[10762,285] Ball=B005 X=254,0679 Y=361,2105 Vx=-22,5526 Vy=21,4995
[10762,219] Ball=B006 X=112,9008 Y=159,2703 Vx=99,4517 Vy=-1,6158
[10777,854] Ball=B006 X=114,4558 Y=159,2451 Vx=99,4517 Vy=-1,6158
[10778,329] Ball=B003 X=177,5921 Y=14,3801 Vx=292,6199 Vy=5,1394
[10778,199] Ball=B004 X=265,5981 Y=309,6759 Vx=-55,9800 Vy=-118,9917
[10773,442] Ball=B007 X=211,7050 Y=176,2309 Vx=45,9277 Vy=94,5486
[10778,179] Ball=B005 X=253,7095 Y=361,5522 Vx=-22,5526 Vy=21,4995
[10781,535] Ball=B001 X=333,1609 Y=269,9906 Vx=-132,2294 Vy=-52,2540
[10770,909] Ball=B008 X=53,5023 Y=267,4419 Vx=-30,4436 Vy=22,6203
[10779,325] Ball=B002 X=224,5548 Y=342,7601 Vx=-66,0313 Vy=-5,9246
[10797,543] Ball=B001 X=331,0443 Y=269,1541 Vx=-132,2294 Vy=-52,2540
[10794,200] Ball=B005 X=253,3482 Y=361,8966 Vx=-22,5526 Vy=21,4995
[10794,969] Ball=B002 X=223,5218 Y=342,6674 Vx=-66,0313 Vy=-5,9246
[10794,330] Ball=B004 X=264,6952 Y=307,7565 Vx=-55,9800 Vy=-118,9917
[10789,626] Ball=B007 X=212,4483 Y=177,7611 Vx=45,9277 Vy=94,5486
[10787,019] Ball=B008 X=53,0119 Y=267,8063 Vx=-30,4436 Vy=22,6203
[10794,635] Ball=B003 X=182,3634 Y=14,4639 Vx=292,6199 Vy=5,1394
[10794,178] Ball=B006 X=116,0792 Y=159,2187 Vx=99,4517 Vy=-1,6158
[10801,939] Ball=B008 X=52,5577 Y=268,1438 Vx=-30,4436 Vy=22,6203
[10809,344] Ball=B004 X=263,8547 Y=305,9699 Vx=-55,9800 Vy=-118,9917
[10809,996] Ball=B002 X=222,5295 Y=342,5784 Vx=-66,0313 Vy=-5,9246
[10809,019] Ball=B006 X=117,5552 Y=159,1947 Vx=99,4517 Vy=-1,6158
[10804,657] Ball=B007 X=213,1387 Y=179,1823 Vx=45,9277 Vy=94,5486
[10809,337] Ball=B005 X=253,0068 Y=362,2221 Vx=-22,5526 Vy=21,4995
[10809,577] Ball=B003 X=186,7359 Y=14,5407 Vx=292,6199 Vy=5,1394
[10812,690] Ball=B001 X=329,0414 Y=268,3626 Vx=-132,2294 Vy=-52,2540
[10828,534] Ball=B001 X=326,9464 Y=267,5348 Vx=-132,2294 Vy=-52,2540
[10820,518] Ball=B007 X=213,8671 Y=180,6819 Vx=45,9277 Vy=94,5486
[10825,197] Ball=B005 X=252,6491 Y=362,5630 Vx=-22,5526 Vy=21,4995
[10825,322] Ball=B004 X=262,9602 Y=304,0687 Vx=-55,9800 Vy=-118,9917
[10825,071] Ball=B006 X=119,1517 Y=159,1688 Vx=99,4517 Vy=-1,6158
[10826,149] Ball=B002 X=221,4630 Y=342,4827 Vx=-66,0313 Vy=-5,9246
[10818,114] Ball=B008 X=52,0652 Y=268,5096 Vx=-30,4436 Vy=22,6203
[10825,669] Ball=B003 X=191,4449 Y=14,6234 Vx=292,6199 Vy=5,1394
[10840,872] Ball=B006 X=120,7229 Y=159,1432 Vx=99,4517 Vy=-1,6158
[10842,009] Ball=B002 X=220,4194 Y=342,3890 Vx=-66,0313 Vy=-5,9246
[10841,416] Ball=B004 X=262,0593 Y=302,1536 Vx=-55,9800 Vy=-118,9917
[10841,562] Ball=B003 X=196,0954 Y=14,7051 Vx=292,6199 Vy=5,1394
[10841,313] Ball=B005 X=252,2856 Y=362,9095 Vx=-22,5526 Vy=21,4995
[10834,049] Ball=B008 X=51,5801 Y=268,8701 Vx=-30,4436 Vy=22,6203
[10836,665] Ball=B007 X=214,6087 Y=182,2085 Vx=45,9277 Vy=94,5486
[10844,691] Ball=B001 X=324,8098 Y=266,6904 Vx=-132,2294 Vy=-52,2540
[10852,521] Ball=B007 X=215,3369 Y=183,7076 Vx=45,9277 Vy=94,5486
[10849,924] Ball=B008 X=51,0968 Y=269,2292 Vx=-30,4436 Vy=22,6203
[10860,551] Ball=B001 X=322,7127 Y=265,8617 Vx=-132,2294 Vy=-52,2540
[10856,995] Ball=B006 X=122,3265 Y=159,1172 Vx=99,4517 Vy=-1,6158
[10857,225] Ball=B005 X=251,9268 Y=363,2516 Vx=-22,5526 Vy=21,4995
[10857,340] Ball=B004 X=261,1678 Y=300,2588 Vx=-55,9800 Vy=-118,9917
[10857,995] Ball=B002 X=219,3602 Y=342,2940 Vx=-66,0313 Vy=-5,9246
[10857,567] Ball=B003 X=200,7789 Y=14,7873 Vx=292,6199 Vy=5,1394
[10873,944] Ball=B002 X=218,3070 Y=342,1995 Vx=-66,0313 Vy=-5,9246
[10876,542] Ball=B001 X=320,5983 Y=265,0261 Vx=-132,2294 Vy=-52,2540
[10873,309] Ball=B004 X=260,2739 Y=298,3586 Vx=-55,9800 Vy=-118,9917
[10873,458] Ball=B003 X=205,4288 Y=14,8690 Vx=292,6199 Vy=5,1394
[10873,057] Ball=B006 X=123,9239 Y=159,0912 Vx=99,4517 Vy=-1,6158
[10866,002] Ball=B008 X=50,6074 Y=269,5929 Vx=-30,4436 Vy=22,6203
[10873,287] Ball=B005 X=251,5646 Y=363,5970 Vx=-22,5526 Vy=21,4995
[10868,620] Ball=B007 X=216,0764 Y=185,2299 Vx=45,9277 Vy=94,5486
[10880,776] Ball=B008 X=50,1576 Y=269,9271 Vx=-30,4436 Vy=22,6203
[10888,065] Ball=B005 X=251,2313 Y=363,9147 Vx=-22,5526 Vy=21,4995
[10883,428] Ball=B007 X=216,7565 Y=186,6300 Vx=45,9277 Vy=94,5486
[10891,467] Ball=B001 X=318,6246 Y=264,2462 Vx=-132,2294 Vy=-52,2540
[10888,366] Ball=B003 X=209,7910 Y=14,9456 Vx=292,6199 Vy=5,1394
[10888,244] Ball=B004 X=259,4378 Y=296,5814 Vx=-55,9800 Vy=-118,9917
[10887,914] Ball=B006 X=125,4015 Y=159,0672 Vx=99,4517 Vy=-1,6158
[10888,902] Ball=B002 X=217,3193 Y=342,1109 Vx=-66,0313 Vy=-5,9246
[10903,926] Ball=B002 X=216,3273 Y=342,0219 Vx=-66,0313 Vy=-5,9246
[10902,950] Ball=B006 X=126,8967 Y=159,0429 Vx=99,4517 Vy=-1,6158
[10903,316] Ball=B004 X=258,5941 Y=294,7880 Vx=-55,9800 Vy=-118,9917
[10903,456] Ball=B003 X=214,2066 Y=15,0232 Vx=292,6199 Vy=5,1394
[10896,033] Ball=B008 X=49,6931 Y=270,2722 Vx=-30,4436 Vy=22,6203
[10906,823] Ball=B001 X=316,5942 Y=263,4438 Vx=-132,2294 Vy=-52,2540
[10898,817] Ball=B007 X=217,4632 Y=188,0850 Vx=45,9277 Vy=94,5486
[10903,502] Ball=B005 X=250,8831 Y=364,2466 Vx=-22,5526 Vy=21,4995
[10919,148] Ball=B005 X=250,5303 Y=364,5829 Vx=-22,5526 Vy=21,4995
[10914,479] Ball=B007 X=218,1825 Y=189,5658 Vx=45,9277 Vy=94,5486
[10919,919] Ball=B002 X=215,2712 Y=341,9271 Vx=-66,0313 Vy=-5,9246
[10919,282] Ball=B004 X=257,7003 Y=292,8882 Vx=-55,9800 Vy=-118,9917
[10922,544] Ball=B001 X=314,5153 Y=262,6223 Vx=-132,2294 Vy=-52,2540
[10911,912] Ball=B008 X=49,2097 Y=270,6314 Vx=-30,4436 Vy=22,6203
[10919,448] Ball=B003 X=218,8863 Y=15,1054 Vx=292,6199 Vy=5,1394
[10918,980] Ball=B006 X=128,4910 Y=159,0170 Vx=99,4517 Vy=-1,6158
[10935,448] Ball=B003 X=223,5679 Y=15,1876 Vx=292,6199 Vy=5,1394
[10938,557] Ball=B001 X=312,3981 Y=261,7856 Vx=-132,2294 Vy=-52,2540
[10927,927] Ball=B008 X=48,7221 Y=270,9936 Vx=-30,4436 Vy=22,6203
[10934,998] Ball=B006 X=130,0840 Y=158,9912 Vx=99,4517 Vy=-1,6158
[10935,338] Ball=B004 X=256,8015 Y=290,9777 Vx=-55,9800 Vy=-118,9917
[10935,990] Ball=B002 X=214,2100 Y=341,8319 Vx=-66,0313 Vy=-5,9246
[10935,233] Ball=B005 X=250,1675 Y=364,9288 Vx=-22,5526 Vy=21,4995
[10930,562] Ball=B007 X=218,9211 Y=191,0862 Vx=45,9277 Vy=94,5486
[10950,347] Ball=B004 X=255,9614 Y=289,1918 Vx=-55,9800 Vy=-118,9917
[10950,017] Ball=B006 X=131,5777 Y=158,9669 Vx=99,4517 Vy=-1,6158
[10951,005] Ball=B002 X=213,2186 Y=341,7429 Vx=-66,0313 Vy=-5,9246
[10950,280] Ball=B005 X=249,8282 Y=365,2523 Vx=-22,5526 Vy=21,4995
[10943,088] Ball=B008 X=48,2606 Y=271,3366 Vx=-30,4436 Vy=22,6203
[10953,912] Ball=B001 X=310,3676 Y=260,9832 Vx=-132,2294 Vy=-52,2540
[10950,880] Ball=B003 X=228,0829 Y=15,2669 Vx=292,6199 Vy=5,1394
[10946,140] Ball=B007 X=219,6254 Y=192,5362 Vx=45,9277 Vy=94,5486
[10966,197] Ball=B005 X=249,4692 Y=365,5944 Vx=-22,5526 Vy=21,4995
[10966,461] Ball=B003 X=232,6432 Y=15,3470 Vx=292,6199 Vy=5,1394
[10961,545] Ball=B007 X=220,3442 Y=194,0158 Vx=45,9277 Vy=94,5486
[10966,977] Ball=B002 X=212,1639 Y=341,6483 Vx=-66,0313 Vy=-5,9246
[10966,352] Ball=B004 X=255,0653 Y=287,2873 Vx=-55,9800 Vy=-118,9917
[10966,112] Ball=B006 X=133,1784 Y=158,9409 Vx=99,4517 Vy=-1,6158
[10969,698] Ball=B001 X=308,2803 Y=260,1583 Vx=-132,2294 Vy=-52,2540
[10959,270] Ball=B008 X=47,7726 Y=271,6992 Vx=-30,4436 Vy=22,6203
[10982,818] Ball=B002 X=211,1180 Y=341,5545 Vx=-66,0313 Vy=-5,9246
[10974,780] Ball=B008 X=47,2958 Y=272,0535 Vx=-30,4436 Vy=22,6203
[10981,849] Ball=B006 X=134,7434 Y=158,9155 Vx=99,4517 Vy=-1,6158
[10982,093] Ball=B005 X=249,1109 Y=365,9361 Vx=-22,5526 Vy=21,4995
[10985,449] Ball=B001 X=306,1975 Y=259,3353 Vx=-132,2294 Vy=-52,2540
[10977,433] Ball=B007 X=221,0738 Y=195,5179 Vx=45,9277 Vy=94,5486
[10982,379] Ball=B003 X=237,3011 Y=15,4288 Vx=292,6199 Vy=5,1394
[10982,264] Ball=B004 X=254,1746 Y=285,3938 Vx=-55,9800 Vy=-118,9917
[10997,842] Ball=B006 X=136,3339 Y=158,8896 Vx=99,4517 Vy=-1,6158
[11001,413] Ball=B001 X=304,0867 Y=258,5011 Vx=-132,2294 Vy=-52,2540
[10998,068] Ball=B005 X=248,7504 Y=366,2797 Vx=-22,5526 Vy=21,4995
[10993,406] Ball=B007 X=221,8075 Y=197,0282 Vx=45,9277 Vy=94,5486
[10990,825] Ball=B008 X=46,8073 Y=272,4164 Vx=-30,4436 Vy=22,6203
[10998,220] Ball=B004 X=253,2814 Y=283,4952 Vx=-55,9800 Vy=-118,9917
[10998,864] Ball=B002 X=210,0583 Y=341,4594 Vx=-66,0313 Vy=-5,9246
[10998,363] Ball=B003 X=241,9784 Y=15,5110 Vx=292,6199 Vy=5,1394
[11013,317] Ball=B004 X=252,4363 Y=281,6990 Vx=-55,9800 Vy=-118,9917
[11005,927] Ball=B008 X=46,3475 Y=272,7580 Vx=-30,4436 Vy=22,6203
[11013,573] Ball=B003 X=246,4291 Y=15,5891 Vx=292,6199 Vy=5,1394
[11008,663] Ball=B007 X=222,5082 Y=198,4707 Vx=45,9277 Vy=94,5486
[11013,340] Ball=B005 X=248,4060 Y=366,6080 Vx=-22,5526 Vy=21,4995
[11016,752] Ball=B001 X=302,0583 Y=257,6995 Vx=-132,2294 Vy=-52,2540
[11013,184] Ball=B006 X=137,8598 Y=158,8648 Vx=99,4517 Vy=-1,6158
[11014,001] Ball=B002 X=209,0588 Y=341,3697 Vx=-66,0313 Vy=-5,9246
[11022,799] Ball=B008 X=45,8339 Y=273,1397 Vx=-30,4436 Vy=22,6203
[11030,193] Ball=B004 X=251,4916 Y=279,6909 Vx=-55,9800 Vy=-118,9917
[11029,868] Ball=B006 X=139,5190 Y=158,8379 Vx=99,4517 Vy=-1,6158
[11030,879] Ball=B002 X=207,9444 Y=341,2697 Vx=-66,0313 Vy=-5,9246
[11025,463] Ball=B007 X=223,2798 Y=200,0591 Vx=45,9277 Vy=94,5486
[11030,393] Ball=B003 X=251,3512 Y=15,6756 Vx=292,6199 Vy=5,1394
[11033,494] Ball=B001 X=299,8445 Y=256,8247 Vx=-132,2294 Vy=-52,2540
[11030,157] Ball=B005 X=248,0267 Y=366,9696 Vx=-22,5526 Vy=21,4995
[11049,387] Ball=B001 X=297,7431 Y=255,9943 Vx=-132,2294 Vy=-52,2540
[11045,827] Ball=B006 X=141,1062 Y=158,8121 Vx=99,4517 Vy=-1,6158
[11046,809] Ball=B002 X=206,8925 Y=341,1753 Vx=-66,0313 Vy=-5,9246
[11046,060] Ball=B005 X=247,6681 Y=367,3115 Vx=-22,5526 Vy=21,4995
[11038,803] Ball=B008 X=45,3467 Y=273,5017 Vx=-30,4436 Vy=22,6203
[11041,504] Ball=B007 X=224,0165 Y=201,5758 Vx=45,9277 Vy=94,5486
[11046,437] Ball=B003 X=256,0460 Y=15,7580 Vx=292,6199 Vy=5,1394
[11046,359] Ball=B004 X=250,5865 Y=277,7671 Vx=-55,9800 Vy=-118,9917
[11053,926] Ball=B008 X=44,8863 Y=273,8438 Vx=-30,4436 Vy=22,6203
[11061,458] Ball=B003 X=260,4411 Y=15,8352 Vx=292,6199 Vy=5,1394
[11064,567] Ball=B001 X=295,7357 Y=255,2010 Vx=-132,2294 Vy=-52,2540
[11061,984] Ball=B002 X=205,8905 Y=341,0854 Vx=-66,0313 Vy=-5,9246
[11061,014] Ball=B006 X=142,6165 Y=158,7875 Vx=99,4517 Vy=-1,6158
[11056,653] Ball=B007 X=224,7123 Y=203,0081 Vx=45,9277 Vy=94,5486
[11061,439] Ball=B004 X=249,7424 Y=275,9727 Vx=-55,9800 Vy=-118,9917
[11061,326] Ball=B005 X=247,3238 Y=367,6397 Vx=-22,5526 Vy=21,4995
[11077,309] Ball=B004 X=248,8540 Y=274,0844 Vx=-55,9800 Vy=-118,9917
[11077,198] Ball=B005 X=246,9658 Y=367,9809 Vx=-22,5526 Vy=21,4995
[11072,534] Ball=B007 X=225,4416 Y=204,5096 Vx=45,9277 Vy=94,5486
[11077,467] Ball=B003 X=265,1259 Y=15,9175 Vx=292,6199 Vy=5,1394
[11069,945] Ball=B008 X=44,3986 Y=274,2061 Vx=-30,4436 Vy=22,6203
[11077,984] Ball=B002 X=204,8339 Y=340,9906 Vx=-66,0313 Vy=-5,9246
[11077,084] Ball=B006 X=144,2147 Y=158,7616 Vx=99,4517 Vy=-1,6158
[11080,653] Ball=B001 X=293,6087 Y=254,3605 Vx=-132,2294 Vy=-52,2540
[11087,439] Ball=B007 X=226,1261 Y=205,9188 Vx=45,9277 Vy=94,5486
[11091,891] Ball=B006 X=145,6873 Y=158,7377 Vx=99,4517 Vy=-1,6158
[11092,877] Ball=B002 X=203,8506 Y=340,9024 Vx=-66,0313 Vy=-5,9246
[11095,483] Ball=B001 X=291,6478 Y=253,5855 Vx=-132,2294 Vy=-52,2540
[11092,265] Ball=B004 X=248,0167 Y=272,3047 Vx=-55,9800 Vy=-118,9917
[11084,936] Ball=B008 X=43,9442 Y=274,5438 Vx=-30,4436 Vy=22,6203
[11092,220] Ball=B005 X=246,6271 Y=368,3039 Vx=-22,5526 Vy=21,4995
[11092,472] Ball=B003 X=269,5165 Y=15,9946 Vx=292,6199 Vy=5,1394
[11108,484] Ball=B003 X=274,2018 Y=16,0769 Vx=292,6199 Vy=5,1394
[11100,959] Ball=B008 X=43,4544 Y=274,9077 Vx=-30,4436 Vy=22,6203
[11108,377] Ball=B004 X=247,1148 Y=270,3875 Vx=-55,9800 Vy=-118,9917
[11109,022] Ball=B002 X=202,7845 Y=340,8068 Vx=-66,0313 Vy=-5,9246
[11103,608] Ball=B007 X=226,8688 Y=207,4477 Vx=45,9277 Vy=94,5486
[11111,632] Ball=B001 X=289,5123 Y=252,7417 Vx=-132,2294 Vy=-52,2540
[11108,075] Ball=B006 X=147,2968 Y=158,7115 Vx=99,4517 Vy=-1,6158
[11108,294] Ball=B005 X=246,2645 Y=368,6495 Vx=-22,5526 Vy=21,4995
[11124,068] Ball=B005 X=245,9088 Y=368,9886 Vx=-22,5526 Vy=21,4995
[11123,851] Ball=B006 X=148,8657 Y=158,6860 Vx=99,4517 Vy=-1,6158
[11119,442] Ball=B007 X=227,5960 Y=208,9447 Vx=45,9277 Vy=94,5486
[11124,228] Ball=B004 X=246,2274 Y=268,5013 Vx=-55,9800 Vy=-118,9917
[11116,851] Ball=B008 X=42,9706 Y=275,2672 Vx=-30,4436 Vy=22,6203
[11127,486] Ball=B001 X=287,4160 Y=251,9132 Vx=-132,2294 Vy=-52,2540
[11124,905] Ball=B002 X=201,7357 Y=340,7127 Vx=-66,0313 Vy=-5,9246
[11124,896] Ball=B003 X=279,0044 Y=16,1613 Vx=292,6199 Vy=5,1394
[11139,397] Ball=B003 X=283,2474 Y=16,2358 Vx=292,6199 Vy=5,1394
[11142,513] Ball=B001 X=285,4290 Y=251,1280 Vx=-132,2294 Vy=-52,2540
[11139,924] Ball=B002 X=200,7440 Y=340,6237 Vx=-66,0313 Vy=-5,9246
[11138,952] Ball=B006 X=150,3676 Y=158,6616 Vx=99,4517 Vy=-1,6158
[11134,504] Ball=B007 X=228,2878 Y=210,3688 Vx=45,9277 Vy=94,5486
[11131,973] Ball=B008 X=42,5102 Y=275,6092 Vx=-30,4436 Vy=22,6203
[11139,370] Ball=B004 X=245,3798 Y=266,6996 Vx=-55,9800 Vy=-118,9917
[11139,263] Ball=B005 X=245,5661 Y=369,3153 Vx=-22,5526 Vy=21,4995
[11155,189] Ball=B004 X=244,4943 Y=264,8174 Vx=-55,9800 Vy=-118,9917
[11155,841] Ball=B002 X=199,6930 Y=340,5294 Vx=-66,0313 Vy=-5,9246
[11147,822] Ball=B008 X=42,0277 Y=275,9677 Vx=-30,4436 Vy=22,6203
[11150,438] Ball=B007 X=229,0196 Y=211,8754 Vx=45,9277 Vy=94,5486
[11158,476] Ball=B001 X=283,3182 Y=250,2939 Vx=-132,2294 Vy=-52,2540
[11155,006] Ball=B006 X=151,9642 Y=158,6357 Vx=99,4517 Vy=-1,6158
[11155,480] Ball=B003 X=287,9540 Y=16,3185 Vx=292,6199 Vy=5,1394
[11155,364] Ball=B005 X=245,2030 Y=369,6615 Vx=-22,5526 Vy=21,4995
[11170,107] Ball=B005 X=244,8705 Y=369,9784 Vx=-22,5526 Vy=21,4995
[11169,901] Ball=B006 X=153,4455 Y=158,6116 Vx=99,4517 Vy=-1,6158
[11170,379] Ball=B003 X=292,3136 Y=16,3950 Vx=292,6199 Vy=5,1394
[11170,910] Ball=B002 X=198,6979 Y=340,4401 Vx=-66,0313 Vy=-5,9246
[11170,410] Ball=B004 X=243,6422 Y=263,0061 Vx=-55,9800 Vy=-118,9917
[11173,700] Ball=B001 X=281,3051 Y=249,4984 Vx=-132,2294 Vy=-52,2540
[11163,080] Ball=B008 X=41,5632 Y=276,3129 Vx=-30,4436 Vy=22,6203
[11165,689] Ball=B007 X=229,7200 Y=213,3173 Vx=45,9277 Vy=94,5486
[11180,518] Ball=B007 X=230,4010 Y=214,7193 Vx=45,9277 Vy=94,5486
[11185,311] Ball=B004 X=242,8081 Y=261,2331 Vx=-55,9800 Vy=-118,9917
[11184,985] Ball=B006 X=154,9457 Y=158,5872 Vx=99,4517 Vy=-1,6158
[11185,306] Ball=B005 X=244,5277 Y=370,3052 Vx=-22,5526 Vy=21,4995
[11186,127] Ball=B002 X=197,6932 Y=340,3499 Vx=-66,0313 Vy=-5,9246
[11188,668] Ball=B001 X=279,3260 Y=248,7163 Vx=-132,2294 Vy=-52,2540
[11185,720] Ball=B003 X=296,8027 Y=16,4739 Vx=292,6199 Vy=5,1394
[11177,945] Ball=B008 X=41,1107 Y=276,6491 Vx=-30,4436 Vy=22,6203
[11200,996] Ball=B002 X=196,7114 Y=340,2619 Vx=-66,0313 Vy=-5,9246
[11192,965] Ball=B008 X=40,6534 Y=276,9889 Vx=-30,4436 Vy=22,6203
[11200,507] Ball=B003 X=301,1298 Y=16,5499 Vx=292,6199 Vy=5,1394
[11200,267] Ball=B005 X=244,1903 Y=370,6269 Vx=-22,5526 Vy=21,4995
[11200,055] Ball=B006 X=156,4444 Y=158,5629 Vx=99,4517 Vy=-1,6158
[11200,391] Ball=B004 X=241,9638 Y=259,4386 Vx=-55,9800 Vy=-118,9917
[11203,630] Ball=B001 X=277,3475 Y=247,9344 Vx=-132,2294 Vy=-52,2540
[11195,606] Ball=B007 X=231,0940 Y=216,1459 Vx=45,9277 Vy=94,5486
[11215,279] Ball=B005 X=243,8518 Y=370,9496 Vx=-22,5526 Vy=21,4995
[11215,393] Ball=B004 X=241,1240 Y=257,6535 Vx=-55,9800 Vy=-118,9917
[11210,616] Ball=B007 X=231,7834 Y=217,5651 Vx=45,9277 Vy=94,5486
[11215,158] Ball=B006 X=157,9464 Y=158,5385 Vx=99,4517 Vy=-1,6158
[11216,066] Ball=B002 X=195,7162 Y=340,1726 Vx=-66,0313 Vy=-5,9246
[11215,641] Ball=B003 X=305,5583 Y=16,6276 Vx=292,6199 Vy=5,1394
[11208,112] Ball=B008 X=40,1923 Y=277,3315 Vx=-30,4436 Vy=22,6203
[11218,744] Ball=B001 X=275,3491 Y=247,1447 Vx=-132,2294 Vy=-52,2540
[11231,175] Ball=B004 X=238,2351 Y=256,3914 Vx=-146,7757 Vy=-91,1127
[11231,826] Ball=B002 X=194,6756 Y=340,0792 Vx=-66,0313 Vy=-5,9246
[11231,321] Ball=B003 X=310,1462 Y=16,7082 Vx=292,6199 Vy=5,1394
[11234,429] Ball=B001 X=275,1968 Y=245,7350 Vx=-46,2125 Vy=-78,6656
[11223,803] Ball=B008 X=39,7146 Y=277,6864 Vx=-30,4436 Vy=22,6203
[11226,426] Ball=B007 X=232,5095 Y=219,0599 Vx=45,9277 Vy=94,5486
[11230,953] Ball=B006 X=159,5172 Y=158,5130 Vx=99,4517 Vy=-1,6158
[11231,176] Ball=B005 X=243,4932 Y=371,2914 Vx=-22,5526 Vy=21,4995
[11246,257] Ball=B006 X=161,0392 Y=158,4882 Vx=99,4517 Vy=-1,6158
[11249,835] Ball=B001 X=274,4849 Y=244,5231 Vx=-46,2125 Vy=-78,6656
[11247,249] Ball=B002 X=193,6572 Y=339,9878 Vx=-66,0313 Vy=-5,9246
[11246,497] Ball=B005 X=243,1477 Y=371,6208 Vx=-22,5526 Vy=21,4995
[11246,623] Ball=B004 X=235,9676 Y=254,9838 Vx=-146,7757 Vy=-91,1127
[11239,234] Ball=B008 X=39,2448 Y=278,0355 Vx=-30,4436 Vy=22,6203
[11241,919] Ball=B007 X=233,2179 Y=220,5181 Vx=45,9277 Vy=94,5486
[11246,851] Ball=B003 X=314,6911 Y=16,7880 Vx=292,6199 Vy=5,1394
[11263,225] Ball=B002 X=192,6023 Y=339,8932 Vx=-66,0313 Vy=-5,9246
[11262,722] Ball=B003 X=319,3351 Y=16,8696 Vx=292,6199 Vy=5,1394
[11255,199] Ball=B008 X=38,7588 Y=278,3966 Vx=-30,4436 Vy=22,6203
[11262,265] Ball=B006 X=162,6313 Y=158,4624 Vx=99,4517 Vy=-1,6158
[11257,815] Ball=B007 X=233,9512 Y=222,0278 Vx=45,9277 Vy=94,5486
[11262,514] Ball=B005 X=242,7865 Y=371,9652 Vx=-22,5526 Vy=21,4995
[11265,867] Ball=B001 X=273,7439 Y=243,2618 Vx=-46,2125 Vy=-78,6656
[11262,719] Ball=B004 X=233,6051 Y=253,5173 Vx=-146,7757 Vy=-91,1127
[11278,244] Ball=B006 X=164,2203 Y=158,4366 Vx=99,4517 Vy=-1,6158
[11278,473] Ball=B005 X=242,4266 Y=372,3083 Vx=-22,5526 Vy=21,4995
[11278,736] Ball=B003 X=324,0212 Y=16,9519 Vx=292,6199 Vy=5,1394
[11273,825] Ball=B007 X=234,6864 Y=223,5414 Vx=45,9277 Vy=94,5486
[11281,921] Ball=B001 X=273,0021 Y=241,9990 Vx=-46,2125 Vy=-78,6656
[11271,299] Ball=B008 X=38,2686 Y=278,7608 Vx=-30,4436 Vy=22,6203
[11279,424] Ball=B002 X=191,5383 Y=339,7977 Vx=-66,0313 Vy=-5,9246
[11278,972] Ball=B004 X=231,2195 Y=252,0364 Vx=-146,7757 Vy=-91,1127
[11293,258] Ball=B006 X=165,7135 Y=158,4123 Vx=99,4517 Vy=-1,6158
[11293,595] Ball=B004 X=229,0733 Y=250,7041 Vx=-146,7757 Vy=-91,1127
[11294,239] Ball=B002 X=190,5544 Y=339,7094 Vx=-66,0313 Vy=-5,9246
[11296,844] Ball=B001 X=272,3125 Y=240,8251 Vx=-46,2125 Vy=-78,6656
[11293,749] Ball=B003 X=328,4141 Y=17,0291 Vx=292,6199 Vy=5,1394
[11286,223] Ball=B008 X=37,8143 Y=279,0984 Vx=-30,4436 Vy=22,6203
[11288,903] Ball=B007 X=235,9660 Y=222,1265 Vx=83,0890 Vy=-85,2799
[11293,577] Ball=B005 X=242,0859 Y=372,6330 Vx=-22,5526 Vy=21,4995
[11309,344] Ball=B005 X=241,7303 Y=372,9720 Vx=-22,5526 Vy=21,4995
[11309,605] Ball=B003 X=333,0539 Y=17,1106 Vx=292,6199 Vy=5,1394
[11312,708] Ball=B001 X=271,5793 Y=239,5771 Vx=-46,2125 Vy=-78,6656
[11302,085] Ball=B008 X=37,3314 Y=279,4572 Vx=-30,4436 Vy=22,6203
[11304,701] Ball=B007 X=237,2786 Y=220,7793 Vx=83,0890 Vy=-85,2799
[11310,211] Ball=B002 X=189,4997 Y=339,6148 Vx=-66,0313 Vy=-5,9246
[11309,568] Ball=B004 X=226,3724 Y=250,9735 Vx=-167,4209 Vy=8,7920
[11309,348] Ball=B006 X=167,3101 Y=158,3864 Vx=99,4517 Vy=-1,6158
[11324,139] Ball=B006 X=168,7847 Y=158,3624 Vx=99,4517 Vy=-1,6158
[11327,705] Ball=B001 X=270,8864 Y=238,3975 Vx=-46,2125 Vy=-78,6656
[11319,724] Ball=B007 X=238,5268 Y=219,4982 Vx=83,0890 Vy=-85,2799
[11324,424] Ball=B005 X=241,3902 Y=373,2962 Vx=-22,5526 Vy=21,4995
[11324,541] Ball=B004 X=223,8655 Y=251,1052 Vx=-167,4209 Vy=8,7920
[11325,199] Ball=B002 X=188,5100 Y=339,5260 Vx=-66,0313 Vy=-5,9246
[11324,697] Ball=B003 X=337,4704 Y=17,1881 Vx=292,6199 Vy=5,1394
[11317,176] Ball=B008 X=36,8720 Y=279,7986 Vx=-30,4436 Vy=22,6203
[11340,118] Ball=B006 X=170,3738 Y=158,3366 Vx=99,4517 Vy=-1,6158
[11333,057] Ball=B008 X=36,3885 Y=280,1578 Vx=-30,4436 Vy=22,6203
[11340,629] Ball=B003 X=342,1323 Y=17,2700 Vx=292,6199 Vy=5,1394
[11341,144] Ball=B002 X=187,4572 Y=339,4315 Vx=-66,0313 Vy=-5,9246
[11340,393] Ball=B005 X=241,0301 Y=373,6395 Vx=-22,5526 Vy=21,4995
[11335,721] Ball=B007 X=239,8560 Y=218,1339 Vx=83,0890 Vy=-85,2799
[11340,594] Ball=B004 X=221,1780 Y=251,2463 Vx=-167,4209 Vy=8,7920
[11343,851] Ball=B001 X=270,1401 Y=237,1272 Vx=-46,2125 Vy=-78,6656
[11359,818] Ball=B001 X=269,4023 Y=235,8712 Vx=-46,2125 Vy=-78,6656
[11356,263] Ball=B006 X=171,9796 Y=158,3105 Vx=99,4517 Vy=-1,6158
[11356,487] Ball=B005 X=240,6672 Y=373,9855 Vx=-22,5526 Vy=21,4995
[11356,610] Ball=B004 X=218,4966 Y=251,3871 Vx=-167,4209 Vy=8,7920
[11357,331] Ball=B002 X=186,3883 Y=339,3356 Vx=-66,0313 Vy=-5,9246
[11351,899] Ball=B007 X=241,2002 Y=216,7542 Vx=83,0890 Vy=-85,2799
[11356,832] Ball=B003 X=346,8737 Y=17,3533 Vx=292,6199 Vy=5,1394
[11349,305] Ball=B008 X=35,8939 Y=280,5253 Vx=-30,4436 Vy=22,6203
[11373,053] Ball=B002 X=185,3502 Y=339,2425 Vx=-66,0313 Vy=-5,9246
[11372,080] Ball=B006 X=173,5525 Y=158,2849 Vx=99,4517 Vy=-1,6158
[11372,312] Ball=B005 X=240,3103 Y=374,3257 Vx=-22,5526 Vy=21,4995
[11372,574] Ball=B003 X=351,4799 Y=17,4342 Vx=292,6199 Vy=5,1394
[11367,662] Ball=B007 X=242,5099 Y=215,4100 Vx=83,0890 Vy=-85,2799
[11375,778] Ball=B001 X=268,6647 Y=234,6156 Vx=-46,2125 Vy=-78,6656
[11365,060] Ball=B008 X=35,4142 Y=280,8817 Vx=-30,4436 Vy=22,6203
[11372,605] Ball=B004 X=215,8186 Y=251,5277 Vx=-167,4209 Vy=8,7920
[11380,203] Ball=B008 X=34,9532 Y=281,2242 Vx=-30,4436 Vy=22,6203
[11388,253] Ball=B002 X=184,3465 Y=339,1524 Vx=-66,0313 Vy=-5,9246
[11387,761] Ball=B003 X=355,9240 Y=17,5122 Vx=292,6199 Vy=5,1394
[11382,842] Ball=B007 X=243,7713 Y=214,1154 Vx=83,0890 Vy=-85,2799
[11390,936] Ball=B001 X=267,9642 Y=233,4232 Vx=-46,2125 Vy=-78,6656
[11387,285] Ball=B006 X=175,0646 Y=158,2604 Vx=99,4517 Vy=-1,6158
[11387,593] Ball=B005 X=239,9656 Y=373,6715 Vx=-22,5526 Vy=-21,4995
[11387,602] Ball=B004 X=213,3078 Y=251,6596 Vx=-167,4209 Vy=8,7920
[11402,725] Ball=B003 X=360,3024 Y=17,5891 Vx=292,6199 Vy=5,1394
[11397,806] Ball=B007 X=245,0146 Y=212,8393 Vx=83,0890 Vy=-85,2799
[11402,599] Ball=B004 X=210,7970 Y=251,7914 Vx=-167,4209 Vy=8,7920
[11402,491] Ball=B005 X=239,6296 Y=373,3512 Vx=-22,5526 Vy=-21,4995
[11405,950] Ball=B001 X=267,2704 Y=232,2422 Vx=-46,2125 Vy=-78,6656
[11395,330] Ball=B008 X=34,4927 Y=281,5664 Vx=-30,4436 Vy=22,6203
[11402,396] Ball=B006 X=176,5676 Y=158,2360 Vx=99,4517 Vy=-1,6158
[11403,381] Ball=B002 X=183,3476 Y=339,0628 Vx=-66,0313 Vy=-5,9246
[11417,586] Ball=B004 X=208,2880 Y=251,9232 Vx=-167,4209 Vy=8,7920
[11417,728] Ball=B003 X=364,6928 Y=17,6663 Vx=292,6199 Vy=5,1394
[11418,244] Ball=B002 X=182,3662 Y=338,9747 Vx=-66,0313 Vy=-5,9246
[11417,492] Ball=B005 X=239,2913 Y=373,0286 Vx=-22,5526 Vy=-21,4995
[11410,220] Ball=B008 X=34,0394 Y=281,9032 Vx=-30,4436 Vy=22,6203
[11420,866] Ball=B001 X=266,5811 Y=231,0688 Vx=-46,2125 Vy=-78,6656
[11417,299] Ball=B006 X=178,0497 Y=158,2119 Vx=99,4517 Vy=-1,6158
[11412,851] Ball=B007 X=246,2647 Y=211,5563 Vx=83,0890 Vy=-85,2799
[11436,801] Ball=B001 X=266,8472 Y=230,7781 Vx=-2,1056 Vy=-36,3040
[11428,810] Ball=B007 X=245,9536 Y=208,6230 Vx=-0,7141 Vy=-165,7671
[11434,257] Ball=B002 X=181,3088 Y=338,8799 Vx=-66,0313 Vy=-5,9246
[11433,767] Ball=B003 X=369,3865 Y=17,7487 Vx=292,6199 Vy=5,1394
[11433,300] Ball=B006 X=179,6411 Y=158,1860 Vx=99,4517 Vy=-1,6158
[11433,524] Ball=B005 X=238,9298 Y=372,6840 Vx=-22,5526 Vy=-21,4995
[11433,645] Ball=B004 X=205,5992 Y=252,0644 Vx=-167,4209 Vy=8,7920
[11426,194] Ball=B008 X=33,5531 Y=282,2646 Vx=-30,4436 Vy=22,6203
[11442,154] Ball=B008 X=33,0672 Y=282,6256 Vx=-30,4436 Vy=22,6203
[11449,446] Ball=B005 X=238,5707 Y=372,3417 Vx=-22,5526 Vy=-21,4995
[11449,235] Ball=B006 X=181,2257 Y=158,1603 Vx=99,4517 Vy=-1,6158
[11449,576] Ball=B004 X=202,9321 Y=252,2045 Vx=-167,4209 Vy=8,7920
[11452,919] Ball=B001 X=266,8132 Y=230,1929 Vx=-2,1056 Vy=-36,3040
[11444,899] Ball=B007 X=245,9421 Y=205,9560 Vx=-0,7141 Vy=-165,7671
[11449,821] Ball=B003 X=374,0840 Y=17,8312 Vx=292,6199 Vy=5,1394
[11450,499] Ball=B002 X=180,2363 Y=338,7836 Vx=-66,0313 Vy=-5,9246
[11468,828] Ball=B001 X=266,7797 Y=229,6154 Vx=-2,1056 Vy=-36,3040
[11460,808] Ball=B007 X=245,9308 Y=203,3188 Vx=-0,7141 Vy=-165,7671
[11465,738] Ball=B003 X=378,7417 Y=17,9130 Vx=292,6199 Vy=5,1394
[11466,252] Ball=B002 X=179,1961 Y=338,6903 Vx=-66,0313 Vy=-5,9246
[11465,615] Ball=B004 X=200,2469 Y=252,3455 Vx=-167,4209 Vy=8,7920
[11465,575] Ball=B005 X=238,2069 Y=371,9949 Vx=-22,5526 Vy=-21,4995
[11465,363] Ball=B006 X=182,8297 Y=158,1342 Vx=99,4517 Vy=-1,6158
[11458,373] Ball=B008 X=32,5734 Y=282,9925 Vx=-30,4436 Vy=22,6203
[11481,104] Ball=B002 X=178,2155 Y=338,6023 Vx=-66,0313 Vy=-5,9246
[11475,741] Ball=B007 X=245,9201 Y=200,8435 Vx=-0,7141 Vy=-165,7671
[11480,445] Ball=B005 X=237,8716 Y=371,6752 Vx=-22,5526 Vy=-21,4995
[11483,813] Ball=B001 X=266,7482 Y=229,0714 Vx=-2,1056 Vy=-36,3040
[11480,573] Ball=B004 X=197,7426 Y=252,4770 Vx=-167,4209 Vy=8,7920
[11480,705] Ball=B003 X=383,1211 Y=17,9899 Vx=292,6199 Vy=5,1394
[11480,329] Ball=B006 X=184,3181 Y=158,1100 Vx=99,4517 Vy=-1,6158
[11473,271] Ball=B008 X=32,1199 Y=283,3295 Vx=-30,4436 Vy=22,6203
[11497,165] Ball=B002 X=177,1549 Y=338,5072 Vx=-66,0313 Vy=-5,9246
[11496,667] Ball=B003 X=375,3293 Y=18,0720 Vx=-292,6199 Vy=5,1394
[11489,165] Ball=B008 X=31,6360 Y=283,6890 Vx=-30,4436 Vy=22,6203
[11496,229] Ball=B006 X=185,8994 Y=158,0843 Vx=99,4517 Vy=-1,6158
[11496,465] Ball=B005 X=237,5103 Y=371,3308 Vx=-22,5526 Vy=-21,4995
[11499,818] Ball=B001 X=266,7145 Y=228,4903 Vx=-2,1056 Vy=-36,3040
[11496,592] Ball=B004 X=195,0606 Y=252,6178 Vx=-167,4209 Vy=8,7920
[11491,865] Ball=B007 X=245,9086 Y=198,1712 Vx=-0,7141 Vy=-165,7671
[11506,770] Ball=B007 X=245,8979 Y=195,6998 Vx=-0,7141 Vy=-165,7671
[11511,560] Ball=B004 X=192,5547 Y=252,7494 Vx=-167,4209 Vy=8,7920
[11514,826] Ball=B001 X=266,6829 Y=227,9454 Vx=-2,1056 Vy=-36,3040
[11511,257] Ball=B006 X=187,3940 Y=158,0601 Vx=99,4517 Vy=-1,6158
[11511,484] Ball=B005 X=237,1715 Y=371,0079 Vx=-22,5526 Vy=-21,4995
[11504,207] Ball=B008 X=31,1781 Y=284,0292 Vx=-30,4436 Vy=22,6203
[11512,254] Ball=B002 X=176,1585 Y=338,4178 Vx=-66,0313 Vy=-5,9246
[11511,801] Ball=B003 X=370,9005 Y=18,1497 Vx=-292,6199 Vy=5,1394
[11526,689] Ball=B003 X=366,5442 Y=18,2263 Vx=-292,6199 Vy=5,1394
[11527,230] Ball=B002 X=175,1696 Y=338,3290 Vx=-66,0313 Vy=-5,9246
[11519,283] Ball=B008 X=30,7191 Y=284,3703 Vx=-30,4436 Vy=22,6203
[11526,355] Ball=B006 X=188,8955 Y=158,0357 Vx=99,4517 Vy=-1,6158
[11526,691] Ball=B004 X=190,0214 Y=252,8825 Vx=-167,4209 Vy=8,7920
[11526,580] Ball=B005 X=236,8311 Y=370,6833 Vx=-22,5526 Vy=-21,4995
[11521,923] Ball=B007 X=245,8871 Y=193,1879 Vx=-0,7141 Vy=-165,7671
[11529,944] Ball=B001 X=266,6511 Y=227,3966 Vx=-2,1056 Vy=-36,3040
[11537,801] Ball=B007 X=245,8758 Y=190,5559 Vx=-0,7141 Vy=-165,7671
[11542,253] Ball=B006 X=190,4765 Y=158,0100 Vx=99,4517 Vy=-1,6158
[11542,596] Ball=B004 X=187,3587 Y=253,0223 Vx=-167,4209 Vy=8,7920
[11542,488] Ball=B005 X=236,4723 Y=370,3413 Vx=-22,5526 Vy=-21,4995
[11545,854] Ball=B001 X=266,6176 Y=226,8190 Vx=-2,1056 Vy=-36,3040
[11535,226] Ball=B008 X=30,2338 Y=284,7309 Vx=-30,4436 Vy=22,6203
[11542,844] Ball=B003 X=361,8168 Y=18,3093 Vx=-292,6199 Vy=5,1394
[11543,350] Ball=B002 X=174,1052 Y=338,2335 Vx=-66,0313 Vy=-5,9246
[11558,226] Ball=B002 X=173,1230 Y=338,1454 Vx=-66,0313 Vy=-5,9246
[11560,825] Ball=B001 X=266,5860 Y=226,2755 Vx=-2,1056 Vy=-36,3040
[11557,730] Ball=B003 X=357,4608 Y=18,3858 Vx=-292,6199 Vy=5,1394
[11550,205] Ball=B008 X=29,7777 Y=285,0697 Vx=-30,4436 Vy=22,6203
[11557,280] Ball=B006 X=191,9710 Y=157,9857 Vx=99,4517 Vy=-1,6158
[11557,645] Ball=B005 X=236,1305 Y=370,0154 Vx=-22,5526 Vy=-21,4995
[11557,758] Ball=B004 X=184,8202 Y=253,1556 Vx=-167,4209 Vy=8,7920
[11553,174] Ball=B007 X=245,8650 Y=188,0496 Vx=-0,7141 Vy=-165,7671
[11572,592] Ball=B003 X=353,1119 Y=18,4622 Vx=-292,6199 Vy=5,1394
[11572,450] Ball=B004 X=182,3606 Y=253,2848 Vx=-167,4209 Vy=8,7920
[11572,488] Ball=B005 X=235,7958 Y=369,6963 Vx=-22,5526 Vy=-21,4995
[11567,834] Ball=B007 X=245,8543 Y=185,5773 Vx=-0,7141 Vy=-165,7671
[11565,228] Ball=B008 X=29,3204 Y=285,4096 Vx=-30,4436 Vy=22,6203
[11573,273] Ball=B002 X=172,1294 Y=338,0563 Vx=-66,0313 Vy=-5,9246
[11575,871] Ball=B001 X=266,5544 Y=225,7293 Vx=-2,1056 Vy=-36,3040
[11572,291] Ball=B006 X=193,4639 Y=157,9614 Vx=99,4517 Vy=-1,6158
[11581,023] Ball=B008 X=28,8395 Y=285,7668 Vx=-30,4436 Vy=22,6203
[11583,639] Ball=B007 X=245,8430 Y=182,9575 Vx=-0,7141 Vy=-165,7671
[11588,314] Ball=B005 X=235,4388 Y=369,3561 Vx=-22,5526 Vy=-21,4995
[11589,104] Ball=B002 X=171,0840 Y=337,9625 Vx=-66,0313 Vy=-5,9246
[11591,768] Ball=B001 X=266,5209 Y=225,1522 Vx=-2,1056 Vy=-36,3040
[11588,587] Ball=B004 X=179,6588 Y=253,4267 Vx=-167,4209 Vy=8,7920
[11588,321] Ball=B006 X=195,0581 Y=157,9355 Vx=99,4517 Vy=-1,6158
[11588,866] Ball=B003 X=348,3498 Y=18,5458 Vx=-292,6199 Vy=5,1394
[11604,451] Ball=B004 X=177,0030 Y=253,5661 Vx=-167,4209 Vy=8,7920
[11604,822] Ball=B003 X=343,6807 Y=18,6278 Vx=-292,6199 Vy=5,1394
[11604,570] Ball=B005 X=235,0722 Y=369,0065 Vx=-22,5526 Vy=-21,4995
[11599,960] Ball=B007 X=245,8314 Y=180,2520 Vx=-0,7141 Vy=-165,7671
[11604,429] Ball=B006 X=196,6601 Y=157,9095 Vx=99,4517 Vy=-1,6158
[11605,404] Ball=B002 X=170,0077 Y=337,8659 Vx=-66,0313 Vy=-5,9246
[11608,055] Ball=B001 X=266,4866 Y=224,5609 Vx=-2,1056 Vy=-36,3040
[11597,436] Ball=B008 X=28,3399 Y=286,1381 Vx=-30,4436 Vy=22,6203
[11619,604] Ball=B003 X=339,3552 Y=18,7038 Vx=-292,6199 Vy=5,1394
[11612,078] Ball=B008 X=27,8941 Y=286,4693 Vx=-30,4436 Vy=22,6203
[11619,140] Ball=B006 X=198,1231 Y=157,8857 Vx=99,4517 Vy=-1,6158
[11614,762] Ball=B007 X=245,8208 Y=177,7983 Vx=-0,7141 Vy=-165,7671
[11622,791] Ball=B001 X=266,4556 Y=224,0259 Vx=-2,1056 Vy=-36,3040
[11619,492] Ball=B005 X=234,7357 Y=368,6857 Vx=-22,5526 Vy=-21,4995
[11619,612] Ball=B004 X=174,4644 Y=253,6994 Vx=-167,4209 Vy=8,7920
[11620,123] Ball=B002 X=169,0358 Y=337,7787 Vx=-66,0313 Vy=-5,9246
[11635,482] Ball=B005 X=234,3751 Y=368,3420 Vx=-22,5526 Vy=-21,4995
[11635,604] Ball=B004 X=171,7872 Y=253,8400 Vx=-167,4209 Vy=8,7920
[11635,277] Ball=B006 X=199,7280 Y=157,8597 Vx=99,4517 Vy=-1,6158
[11635,754] Ball=B003 X=334,6293 Y=18,7868 Vx=-292,6199 Vy=5,1394
[11638,872] Ball=B001 X=266,4217 Y=223,4421 Vx=-2,1056 Vy=-36,3040
[11630,915] Ball=B007 X=245,8093 Y=175,1205 Vx=-0,7141 Vy=-165,7671
[11628,309] Ball=B008 X=27,4000 Y=286,8365 Vx=-30,4436 Vy=22,6203
[11636,266] Ball=B002 X=167,9699 Y=337,6831 Vx=-66,0313 Vy=-5,9246
[11650,620] Ball=B003 X=330,2793 Y=18,8632 Vx=-292,6199 Vy=5,1394
[11645,696] Ball=B007 X=245,7987 Y=172,6704 Vx=-0,7141 Vy=-165,7671
[11643,098] Ball=B008 X=26,9497 Y=287,1710 Vx=-30,4436 Vy=22,6203
[11650,497] Ball=B004 X=169,2937 Y=253,9710 Vx=-167,4209 Vy=8,7920
[11651,158] Ball=B002 X=166,9865 Y=337,5948 Vx=-66,0313 Vy=-5,9246
[11650,191] Ball=B006 X=201,2111 Y=157,8356 Vx=99,4517 Vy=-1,6158
[11653,774] Ball=B001 X=266,3903 Y=222,9011 Vx=-2,1056 Vy=-36,3040
[11650,426] Ball=B005 X=234,0380 Y=368,0207 Vx=-22,5526 Vy=-21,4995
[11666,241] Ball=B006 X=202,8072 Y=157,8096 Vx=99,4517 Vy=-1,6158
[11669,823] Ball=B001 X=266,3565 Y=222,3185 Vx=-2,1056 Vy=-36,3040
[11661,802] Ball=B007 X=245,7872 Y=170,0006 Vx=-0,7141 Vy=-165,7671
[11666,597] Ball=B004 X=166,5982 Y=254,1125 Vx=-167,4209 Vy=8,7920
[11659,214] Ball=B008 X=26,4591 Y=287,5355 Vx=-30,4436 Vy=22,6203
[11666,570] Ball=B005 X=233,6740 Y=367,6736 Vx=-22,5526 Vy=-21,4995
[11666,827] Ball=B003 X=325,5368 Y=18,9465 Vx=-292,6199 Vy=5,1394
[11667,337] Ball=B002 X=165,9182 Y=337,4990 Vx=-66,0313 Vy=-5,9246
[11681,594] Ball=B004 X=164,0876 Y=254,2444 Vx=-167,4209 Vy=8,7920
[11681,480] Ball=B005 X=233,3377 Y=367,3530 Vx=-22,5526 Vy=-21,4995
[11681,742] Ball=B003 X=321,1725 Y=19,0231 Vx=-292,6199 Vy=5,1394
[11684,849] Ball=B001 X=266,3249 Y=221,7729 Vx=-2,1056 Vy=-36,3040
[11682,338] Ball=B002 X=164,9277 Y=337,4101 Vx=-66,0313 Vy=-5,9246
[11681,364] Ball=B006 X=204,3114 Y=157,7852 Vx=99,4517 Vy=-1,6158
[11674,304] Ball=B008 X=25,9997 Y=287,8769 Vx=-30,4436 Vy=22,6203
[11676,994] Ball=B007 X=245,7765 Y=167,5073 Vx=-0,7141 Vy=-165,7671
[11692,800] Ball=B007 X=245,7651 Y=164,8623 Vx=-0,7141 Vy=-165,7671
[11697,258] Ball=B006 X=205,8920 Y=157,7595 Vx=99,4517 Vy=-1,6158
[11690,210] Ball=B008 X=25,5155 Y=288,2367 Vx=-30,4436 Vy=22,6203
[11698,256] Ball=B002 X=163,8766 Y=337,3158 Vx=-66,0313 Vy=-5,9246
[11697,619] Ball=B004 X=161,4046 Y=254,3853 Vx=-167,4209 Vy=8,7920
[11697,576] Ball=B005 X=232,9747 Y=367,0070 Vx=-22,5526 Vy=-21,4995
[11700,857] Ball=B001 X=266,2912 Y=221,1918 Vx=-2,1056 Vy=-36,3040
[11698,003] Ball=B003 X=316,4141 Y=19,1067 Vx=-292,6199 Vy=5,1394
[11712,588] Ball=B003 X=312,1466 Y=19,1817 Vx=-292,6199 Vy=5,1394
[11712,469] Ball=B004 X=158,9183 Y=254,5158 Vx=-167,4209 Vy=8,7920
[11705,081] Ball=B008 X=25,0632 Y=288,5727 Vx=-30,4436 Vy=22,6203
[11713,358] Ball=B002 X=162,8794 Y=337,2263 Vx=-66,0313 Vy=-5,9246
[11712,599] Ball=B005 X=232,6359 Y=366,6840 Vx=-22,5526 Vy=-21,4995
[11712,403] Ball=B006 X=207,3983 Y=157,7351 Vx=99,4517 Vy=-1,6158
[11707,951] Ball=B007 X=245,7543 Y=162,3505 Vx=-0,7141 Vy=-165,7671
[11716,198] Ball=B001 X=266,2589 Y=220,6349 Vx=-2,1056 Vy=-36,3040
[11731,834] Ball=B001 X=266,2260 Y=220,0672 Vx=-2,1056 Vy=-36,3040
[11723,817] Ball=B007 X=245,7429 Y=159,7206 Vx=-0,7141 Vy=-165,7671
[11728,745] Ball=B003 X=307,4184 Y=19,2647 Vx=-292,6199 Vy=5,1394
[11729,257] Ball=B002 X=161,8295 Y=337,1321 Vx=-66,0313 Vy=-5,9246
[11721,245] Ball=B008 X=24,5706 Y=288,9387 Vx=-30,4436 Vy=22,6203
[11728,593] Ball=B005 X=232,2752 Y=366,3401 Vx=-22,5526 Vy=-21,4995
[11728,516] Ball=B006 X=209,0008 Y=157,7090 Vx=99,4517 Vy=-1,6158
[11728,768] Ball=B004 X=156,1971 Y=254,6587 Vx=-167,4209 Vy=8,7920
[11743,481] Ball=B004 X=153,7270 Y=254,7884 Vx=-167,4209 Vy=8,7920
[11744,126] Ball=B002 X=160,8480 Y=337,0441 Vx=-66,0313 Vy=-5,9246
[11743,664] Ball=B003 X=303,0528 Y=19,3414 Vx=-292,6199 Vy=5,1394
[11743,191] Ball=B006 X=210,4601 Y=157,6853 Vx=99,4517 Vy=-1,6158
[11743,417] Ball=B005 X=231,9409 Y=366,0214 Vx=-22,5526 Vy=-21,4995
[11746,780] Ball=B001 X=266,1945 Y=219,5246 Vx=-2,1056 Vy=-36,3040
[11738,764] Ball=B007 X=245,7323 Y=157,2427 Vx=-0,7141 Vy=-165,7671
[11743,057] Ball=B008 X=23,9066 Y=289,4321 Vx=-30,4436 Vy=22,6203
[11759,344] Ball=B005 X=231,5817 Y=365,6790 Vx=-22,5526 Vy=-21,4995
[11759,125] Ball=B006 X=212,0448 Y=157,6596 Vx=99,4517 Vy=-1,6158
[11754,687] Ball=B007 X=245,7209 Y=154,6032 Vx=-0,7141 Vy=-165,7671
[11759,475] Ball=B004 X=151,0486 Y=254,9291 Vx=-167,4209 Vy=8,7920
[11759,631] Ball=B003 X=298,3804 Y=19,4234 Vx=-292,6199 Vy=5,1394
[11762,731] Ball=B001 X=266,1609 Y=218,9455 Vx=-2,1056 Vy=-36,3040
[11760,146] Ball=B002 X=159,7899 Y=336,9491 Vx=-66,0313 Vy=-5,9246
[11759,204] Ball=B008 X=23,4150 Y=289,7974 Vx=-30,4436 Vy=22,6203
[11776,166] Ball=B002 X=158,7321 Y=336,8542 Vx=-66,0313 Vy=-5,9246
[11778,769] Ball=B001 X=266,1271 Y=218,3633 Vx=-2,1056 Vy=-36,3040
[11775,670] Ball=B003 X=293,6873 Y=19,5059 Vx=-292,6199 Vy=5,1394
[11775,538] Ball=B004 X=148,3592 Y=255,0703 Vx=-167,4209 Vy=8,7920
[11770,754] Ball=B007 X=245,7094 Y=151,9398 Vx=-0,7141 Vy=-165,7671
[11775,443] Ball=B005 X=231,2186 Y=365,3329 Vx=-22,5526 Vy=-21,4995
[11775,226] Ball=B006 X=213,6462 Y=157,6336 Vx=99,4517 Vy=-1,6158
[11775,204] Ball=B008 X=22,9279 Y=290,1593 Vx=-30,4436 Vy=22,6203
[11791,279] Ball=B006 X=215,2425 Y=157,6076 Vx=99,4517 Vy=-1,6158
[11791,497] Ball=B005 X=230,8566 Y=364,9877 Vx=-22,5526 Vy=-21,4995
[11794,853] Ball=B001 X=266,0933 Y=217,7794 Vx=-2,1056 Vy=-36,3040
[11786,840] Ball=B007 X=245,6979 Y=149,2734 Vx=-0,7141 Vy=-165,7671
[11791,705] Ball=B004 X=145,6526 Y=255,2125 Vx=-167,4209 Vy=8,7920
[11791,898] Ball=B003 X=288,9385 Y=19,5893 Vx=-292,6199 Vy=5,1394
[11792,409] Ball=B002 X=157,6595 Y=336,7580 Vx=-66,0313 Vy=-5,9246
[11791,197] Ball=B008 X=22,4411 Y=290,5210 Vx=-30,4436 Vy=22,6203
[11807,737] Ball=B003 X=284,3040 Y=19,6707 Vx=-292,6199 Vy=5,1394
[11807,597] Ball=B004 X=142,9919 Y=255,3522 Vx=-167,4209 Vy=8,7920
[11810,844] Ball=B001 X=266,0596 Y=217,1988 Vx=-2,1056 Vy=-36,3040
[11808,258] Ball=B002 X=156,6130 Y=336,6641 Vx=-66,0313 Vy=-5,9246
[11802,835] Ball=B007 X=245,6865 Y=146,6220 Vx=-0,7141 Vy=-165,7671
[11807,569] Ball=B005 X=230,4941 Y=364,6422 Vx=-22,5526 Vy=-21,4995
[11807,403] Ball=B006 X=216,8414 Y=157,5816 Vx=99,4517 Vy=-1,6158
[11806,201] Ball=B008 X=21,9843 Y=290,8604 Vx=-30,4436 Vy=22,6203
[11823,263] Ball=B006 X=218,4235 Y=157,5559 Vx=99,4517 Vy=-1,6158
[11818,822] Ball=B007 X=245,6751 Y=143,9718 Vx=-0,7141 Vy=-165,7671
[11823,487] Ball=B005 X=230,1351 Y=364,3000 Vx=-22,5526 Vy=-21,4995
[11823,753] Ball=B003 X=279,6173 Y=19,7530 Vx=-292,6199 Vy=5,1394
[11824,324] Ball=B002 X=155,5521 Y=336,5689 Vx=-66,0313 Vy=-5,9246
[11823,681] Ball=B004 X=140,2990 Y=255,4936 Vx=-167,4209 Vy=8,7920
[11826,928] Ball=B001 X=266,0257 Y=216,6149 Vx=-2,1056 Vy=-36,3040
[11821,195] Ball=B008 X=21,5278 Y=291,1996 Vx=-30,4436 Vy=22,6203
[11839,584] Ball=B003 X=274,9848 Y=19,8344 Vx=-292,6199 Vy=5,1394
[11834,665] Ball=B007 X=245,6638 Y=141,3455 Vx=-0,7141 Vy=-165,7671
[11839,461] Ball=B004 X=137,6572 Y=255,6323 Vx=-167,4209 Vy=8,7920
[11839,150] Ball=B006 X=220,0035 Y=157,5303 Vx=99,4517 Vy=-1,6158
[11842,721] Ball=B001 X=265,9925 Y=216,0416 Vx=-2,1056 Vy=-36,3040
[11839,558] Ball=B005 X=229,7726 Y=363,9544 Vx=-22,5526 Vy=-21,4995
[11840,373] Ball=B002 X=154,4924 Y=336,4738 Vx=-66,0313 Vy=-5,9246
[11836,196] Ball=B008 X=21,0711 Y=291,5389 Vx=-30,4436 Vy=22,6203
[11855,449] Ball=B004 X=134,9806 Y=255,7729 Vx=-167,4209 Vy=8,7920
[11858,688] Ball=B001 X=265,9589 Y=215,4619 Vx=-2,1056 Vy=-36,3040
[11855,121] Ball=B006 X=221,5918 Y=157,5045 Vx=99,4517 Vy=-1,6158
[11856,108] Ball=B002 X=153,4534 Y=336,3806 Vx=-66,0313 Vy=-5,9246
[11855,608] Ball=B003 X=270,2958 Y=19,9167 Vx=-292,6199 Vy=5,1394
[11850,696] Ball=B007 X=245,6523 Y=138,6881 Vx=-0,7141 Vy=-165,7671
[11855,371] Ball=B005 X=229,4160 Y=363,6144 Vx=-22,5526 Vy=-21,4995
[11851,202] Ball=B008 X=20,6143 Y=291,8783 Vx=-30,4436 Vy=22,6203
[11872,136] Ball=B002 X=152,3951 Y=336,2856 Vx=-66,0313 Vy=-5,9246
[11866,707] Ball=B007 X=245,6409 Y=136,0342 Vx=-0,7141 Vy=-165,7671
[11871,388] Ball=B005 X=229,0548 Y=363,2701 Vx=-22,5526 Vy=-21,4995
[11871,646] Ball=B003 X=265,6027 Y=19,9991 Vx=-292,6199 Vy=5,1394
[11871,519] Ball=B004 X=132,2901 Y=255,9142 Vx=-167,4209 Vy=8,7920
[11871,196] Ball=B006 X=223,1905 Y=157,4785 Vx=99,4517 Vy=-1,6158
[11874,825] Ball=B001 X=265,9249 Y=214,8761 Vx=-2,1056 Vy=-36,3040
[11866,162] Ball=B008 X=20,1589 Y=292,2168 Vx=-30,4436 Vy=22,6203
[11886,712] Ball=B003 X=261,1941 Y=20,0766 Vx=-292,6199 Vy=5,1394
[11886,584] Ball=B004 X=129,7679 Y=256,0466 Vx=-167,4209 Vy=8,7920
[11886,477] Ball=B005 X=228,7145 Y=362,9457 Vx=-22,5526 Vy=-21,4995
[11889,833] Ball=B001 X=265,8933 Y=214,3312 Vx=-2,1056 Vy=-36,3040
[11887,245] Ball=B002 X=151,3974 Y=336,1961 Vx=-66,0313 Vy=-5,9246
[11881,886] Ball=B007 X=245,6301 Y=133,5178 Vx=-0,7141 Vy=-165,7671
[11886,343] Ball=B006 X=224,6969 Y=157,4540 Vx=99,4517 Vy=-1,6158
[11882,052] Ball=B008 X=19,6751 Y=292,5762 Vx=-30,4436 Vy=22,6203
[11901,720] Ball=B003 X=256,8027 Y=20,1537 Vx=-292,6199 Vy=5,1394
[11901,253] Ball=B006 X=226,1797 Y=157,4299 Vx=99,4517 Vy=-1,6158
[11902,235] Ball=B002 X=150,4076 Y=336,1073 Vx=-66,0313 Vy=-5,9246
[11896,814] Ball=B007 X=245,6194 Y=131,0433 Vx=-0,7141 Vy=-165,7671
[11904,847] Ball=B001 X=265,8617 Y=213,7861 Vx=-2,1056 Vy=-36,3040
[11901,713] Ball=B004 X=127,2350 Y=256,1797 Vx=-167,4209 Vy=8,7920
[11901,601] Ball=B005 X=228,3734 Y=362,6205 Vx=-22,5526 Vy=-21,4995
[11898,052] Ball=B008 X=19,1880 Y=292,9381 Vx=-30,4436 Vy=22,6203
[11919,681] Ball=B001 X=265,8304 Y=213,2476 Vx=-2,1056 Vy=-36,3040
[11916,449] Ball=B004 X=124,7679 Y=256,3092 Vx=-167,4209 Vy=8,7920
[11916,346] Ball=B005 X=228,0409 Y=362,3035 Vx=-22,5526 Vy=-21,4995
[11911,688] Ball=B007 X=245,6088 Y=128,5776 Vx=-0,7141 Vy=-165,7671
[11916,146] Ball=B006 X=227,6609 Y=157,4059 Vx=99,4517 Vy=-1,6158
[11916,681] Ball=B003 X=252,4246 Y=20,2306 Vx=-292,6199 Vy=5,1394
[11917,188] Ball=B002 X=149,4202 Y=336,0187 Vx=-66,0313 Vy=-5,9246
[11913,053] Ball=B008 X=18,7313 Y=293,2775 Vx=-30,4436 Vy=22,6203
[11931,159] Ball=B006 X=229,1538 Y=157,3816 Vx=99,4517 Vy=-1,6158
[11926,708] Ball=B007 X=245,5980 Y=126,0879 Vx=-0,7141 Vy=-165,7671
[11931,502] Ball=B004 X=122,2477 Y=256,4416 Vx=-167,4209 Vy=8,7920
[11932,154] Ball=B002 X=148,4320 Y=335,9300 Vx=-66,0313 Vy=-5,9246
[11931,663] Ball=B003 X=248,0405 Y=20,3076 Vx=-292,6199 Vy=5,1394
[11934,764] Ball=B001 X=265,7987 Y=212,7000 Vx=-2,1056 Vy=-36,3040
[11931,418] Ball=B005 X=227,7009 Y=361,9795 Vx=-22,5526 Vy=-21,4995
[11929,008] Ball=B008 X=18,2456 Y=293,6384 Vx=-30,4436 Vy=22,6203
[11946,750] Ball=B003 X=243,6260 Y=20,3851 Vx=-292,6199 Vy=5,1394
[11949,853] Ball=B001 X=265,7669 Y=212,1523 Vx=-2,1056 Vy=-36,3040
[11946,501] Ball=B005 X=227,3608 Y=361,6552 Vx=-22,5526 Vy=-21,4995
[11947,262] Ball=B002 X=147,4344 Y=335,8405 Vx=-66,0313 Vy=-5,9246
[11946,308] Ball=B006 X=230,6605 Y=157,3571 Vx=99,4517 Vy=-1,6158
[11941,859] Ball=B007 X=245,5872 Y=123,5763 Vx=-0,7141 Vy=-165,7671
[11946,644] Ball=B004 X=119,7126 Y=256,5747 Vx=-167,4209 Vy=8,7920
[11945,088] Ball=B008 X=17,7561 Y=294,0021 Vx=-30,4436 Vy=22,6203
[11961,124] Ball=B006 X=232,1339 Y=157,3332 Vx=99,4517 Vy=-1,6158
[11961,461] Ball=B004 X=117,2319 Y=256,7050 Vx=-167,4209 Vy=8,7920
[11956,682] Ball=B007 X=245,5766 Y=121,1192 Vx=-0,7141 Vy=-165,7671
[11964,715] Ball=B001 X=265,7356 Y=211,6127 Vx=-2,1056 Vy=-36,3040
[11962,118] Ball=B002 X=146,4534 Y=335,7525 Vx=-66,0313 Vy=-5,9246
[11961,627] Ball=B003 X=239,2724 Y=20,4616 Vx=-292,6199 Vy=5,1394
[11961,496] Ball=B005 X=227,0226 Y=361,3328 Vx=-22,5526 Vy=-21,4995
[11960,221] Ball=B008 X=17,2954 Y=294,3444 Vx=-30,4436 Vy=22,6203
[11980,827] Ball=B001 X=265,7017 Y=211,0278 Vx=-2,1056 Vy=-36,3040
[11978,245] Ball=B002 X=145,3885 Y=335,6570 Vx=-66,0313 Vy=-5,9246
[11972,816] Ball=B007 X=245,5651 Y=118,4447 Vx=-0,7141 Vy=-165,7671
[11977,491] Ball=B005 X=226,6619 Y=360,9889 Vx=-22,5526 Vy=-21,4995
[11977,748] Ball=B003 X=234,5550 Y=20,5444 Vx=-292,6199 Vy=5,1394
[11977,280] Ball=B006 X=233,7407 Y=157,3071 Vx=99,4517 Vy=-1,6158
[11977,682] Ball=B004 X=114,5161 Y=256,8476 Vx=-167,4209 Vy=8,7920
[11975,118] Ball=B008 X=16,8419 Y=294,6814 Vx=-30,4436 Vy=22,6203
[11988,762] Ball=B007 X=245,5537 Y=115,8015 Vx=-0,7141 Vy=-165,7671
[11994,193] Ball=B002 X=144,3355 Y=335,5625 Vx=-66,0313 Vy=-5,9246
[11993,554] Ball=B004 X=111,8588 Y=256,9871 Vx=-167,4209 Vy=8,7920
[11993,230] Ball=B006 X=235,3270 Y=157,2813 Vx=99,4517 Vy=-1,6158
[11993,719] Ball=B003 X=229,8818 Y=20,6265 Vx=-292,6199 Vy=5,1394
[11993,470] Ball=B005 X=226,3015 Y=360,6454 Vx=-22,5526 Vy=-21,4995
[11996,825] Ball=B001 X=265,6680 Y=210,4470 Vx=-2,1056 Vy=-36,3040
[11990,183] Ball=B008 X=16,3832 Y=295,0222 Vx=-30,4436 Vy=22,6203
[12012,754] Ball=B001 X=265,6345 Y=209,8687 Vx=-2,1056 Vy=-36,3040
[12009,405] Ball=B005 X=225,9421 Y=360,3028 Vx=-22,5526 Vy=-21,4995
[12009,666] Ball=B003 X=225,2155 Y=20,7085 Vx=-292,6199 Vy=5,1394
[12009,211] Ball=B006 X=236,9163 Y=157,2555 Vx=99,4517 Vy=-1,6158
[12004,761] Ball=B007 X=245,5423 Y=113,1492 Vx=-0,7141 Vy=-165,7671
[12009,556] Ball=B004 X=109,1798 Y=257,1278 Vx=-167,4209 Vy=8,7920
[12010,202] Ball=B002 X=143,2783 Y=335,4676 Vx=-66,0313 Vy=-5,9246
[12005,193] Ball=B008 X=15,9262 Y=295,3617 Vx=-30,4436 Vy=22,6203
[12019,817] Ball=B007 X=245,5316 Y=110,6534 Vx=-0,7141 Vy=-165,7671
[12025,242] Ball=B002 X=142,2854 Y=335,3785 Vx=-66,0313 Vy=-5,9246
[12024,611] Ball=B004 X=106,6593 Y=257,2602 Vx=-167,4209 Vy=8,7920
[12024,284] Ball=B006 X=238,4153 Y=157,2311 Vx=99,4517 Vy=-1,6158
[12027,862] Ball=B001 X=265,6027 Y=209,3202 Vx=-2,1056 Vy=-36,3040
[12024,525] Ball=B005 X=225,6011 Y=359,9777 Vx=-22,5526 Vy=-21,4995
[12024,782] Ball=B003 X=220,7921 Y=20,7862 Vx=-292,6199 Vy=5,1394
[12021,198] Ball=B008 X=15,4390 Y=295,7237 Vx=-30,4436 Vy=22,6203
[12039,367] Ball=B005 X=225,2664 Y=359,6586 Vx=-22,5526 Vy=-21,4995
[12039,493] Ball=B004 X=104,1678 Y=257,3910 Vx=-167,4209 Vy=8,7920
[12042,751] Ball=B001 X=265,5713 Y=208,7797 Vx=-2,1056 Vy=-36,3040
[12039,726] Ball=B003 X=216,4193 Y=20,8630 Vx=-292,6199 Vy=5,1394
[12040,233] Ball=B002 X=141,2954 Y=335,2897 Vx=-66,0313 Vy=-5,9246
[12034,803] Ball=B007 X=245,5209 Y=108,1692 Vx=-0,7141 Vy=-165,7671
[12039,179] Ball=B006 X=239,8964 Y=157,2071 Vx=99,4517 Vy=-1,6158
[12036,210] Ball=B008 X=14,9820 Y=296,0633 Vx=-30,4436 Vy=22,6203
[12056,087] Ball=B002 X=140,2485 Y=335,1958 Vx=-66,0313 Vy=-5,9246
[12055,537] Ball=B005 X=224,9018 Y=359,3110 Vx=-22,5526 Vy=-21,4995
[12055,326] Ball=B006 X=241,5026 Y=157,1810 Vx=99,4517 Vy=-1,6158
[12055,662] Ball=B004 X=101,4607 Y=257,5332 Vx=-167,4209 Vy=8,7920
[12050,884] Ball=B007 X=245,5094 Y=105,5036 Vx=-0,7141 Vy=-165,7671
[12058,916] Ball=B001 X=265,5373 Y=208,1928 Vx=-2,1056 Vy=-36,3040
[12055,967] Ball=B003 X=211,6668 Y=20,9464 Vx=-292,6199 Vy=5,1394
[12052,069] Ball=B008 X=14,4992 Y=296,4220 Vx=-30,4436 Vy=22,6203
[12074,691] Ball=B001 X=265,5041 Y=207,6201 Vx=-2,1056 Vy=-36,3040
[12071,131] Ball=B006 X=243,0744 Y=157,1554 Vx=99,4517 Vy=-1,6158
[12071,624] Ball=B003 X=207,0851 Y=21,0269 Vx=-292,6199 Vy=5,1394
[12066,703] Ball=B007 X=245,4981 Y=102,8813 Vx=-0,7141 Vy=-165,7671
[12071,557] Ball=B005 X=224,5404 Y=358,9665 Vx=-22,5526 Vy=-21,4995
[12072,480] Ball=B002 X=139,1660 Y=335,0987 Vx=-66,0313 Vy=-5,9246
[12071,457] Ball=B004 X=98,8164 Y=257,6720 Vx=-167,4209 Vy=8,7920
[12068,181] Ball=B008 X=14,0087 Y=296,7865 Vx=-30,4436 Vy=22,6203
[12086,604] Ball=B004 X=96,2805 Y=257,8052 Vx=-167,4209 Vy=8,7920
[12087,249] Ball=B002 X=138,1909 Y=335,0112 Vx=-66,0313 Vy=-5,9246
[12086,750] Ball=B003 X=202,6590 Y=21,1047 Vx=-292,6199 Vy=5,1394
[12086,316] Ball=B006 X=244,5845 Y=157,1309 Vx=99,4517 Vy=-1,6158
[12086,601] Ball=B005 X=224,2012 Y=358,6431 Vx=-22,5526 Vy=-21,4995
[12089,958] Ball=B001 X=265,4721 Y=207,0696 Vx=-2,1056 Vy=-36,3040
[12081,935] Ball=B007 X=245,4872 Y=100,3563 Vx=-0,7141 Vy=-165,7671
[12084,207] Ball=B008 X=13,5208 Y=297,1490 Vx=-30,4436 Vy=22,6203
[12104,834] Ball=B001 X=265,4406 Y=206,5258 Vx=-2,1056 Vy=-36,3040
[12101,596] Ball=B004 X=93,7704 Y=257,9370 Vx=-167,4209 Vy=8,7920
[12102,244] Ball=B002 X=137,2007 Y=334,9223 Vx=-66,0313 Vy=-5,9246
[12096,826] Ball=B007 X=245,4766 Y=97,8879 Vx=-0,7141 Vy=-165,7671
[12101,564] Ball=B005 X=223,8637 Y=358,3214 Vx=-22,5526 Vy=-21,4995
[12101,822] Ball=B003 X=198,2486 Y=21,1821 Vx=-292,6199 Vy=5,1394
[12101,351] Ball=B006 X=246,0797 Y=157,1066 Vx=99,4517 Vy=-1,6158
[12100,063] Ball=B008 X=13,0381 Y=297,5076 Vx=-30,4436 Vy=22,6203
[12117,228] Ball=B002 X=136,2118 Y=334,8336 Vx=-66,0313 Vy=-5,9246
[12116,264] Ball=B006 X=247,5629 Y=157,0825 Vx=99,4517 Vy=-1,6158
[12116,605] Ball=B004 X=91,2575 Y=258,0690 Vx=-167,4209 Vy=8,7920
[12116,813] Ball=B003 X=193,8620 Y=21,2592 Vx=-292,6199 Vy=5,1394
[12116,561] Ball=B005 X=223,5255 Y=357,9990 Vx=-22,5526 Vy=-21,4995
[12111,942] Ball=B007 X=245,4658 Y=95,3821 Vx=-0,7141 Vy=-165,7671
[12119,849] Ball=B001 X=265,4090 Y=205,9807 Vx=-2,1056 Vy=-36,3040
[12115,050] Ball=B008 X=12,5818 Y=297,8467 Vx=-30,4436 Vy=22,6203
[12134,691] Ball=B001 X=265,3777 Y=205,4419 Vx=-2,1056 Vy=-36,3040
[12131,347] Ball=B005 X=223,1920 Y=357,6811 Vx=-22,5526 Vy=-21,4995
[12126,681] Ball=B007 X=245,4552 Y=92,9389 Vx=-0,7141 Vy=-165,7671
[12131,688] Ball=B003 X=189,5094 Y=21,3356 Vx=-292,6199 Vy=5,1394
[12132,296] Ball=B002 X=135,2163 Y=334,7443 Vx=-66,0313 Vy=-5,9246
[12131,322] Ball=B006 X=249,0605 Y=157,0582 Vx=99,4517 Vy=-1,6158
[12131,640] Ball=B004 X=88,7403 Y=258,2012 Vx=-167,4209 Vy=8,7920
[12130,047] Ball=B008 X=12,1252 Y=298,1859 Vx=-30,4436 Vy=22,6203
[12150,729] Ball=B001 X=265,3440 Y=204,8597 Vx=-2,1056 Vy=-36,3040
[12148,138] Ball=B002 X=134,1703 Y=334,6504 Vx=-66,0313 Vy=-5,9246
[12147,645] Ball=B003 X=184,8400 Y=21,4176 Vx=-292,6199 Vy=5,1394
[12147,522] Ball=B004 X=86,0814 Y=258,3408 Vx=-167,4209 Vy=8,7920
[12147,197] Ball=B006 X=250,6392 Y=157,0325 Vx=99,4517 Vy=-1,6158
[12147,420] Ball=B005 X=222,8295 Y=357,3355 Vx=-22,5526 Vy=-21,4995
[12142,769] Ball=B007 X=245,4438 Y=90,2720 Vx=-0,7141 Vy=-165,7671
[12146,052] Ball=B008 X=11,6380 Y=298,5479 Vx=-30,4436 Vy=22,6203
[12163,717] Ball=B003 X=180,1374 Y=21,5002 Vx=-292,6199 Vy=5,1394
[12164,223] Ball=B002 X=133,1082 Y=334,5551 Vx=-66,0313 Vy=-5,9246
[12163,502] Ball=B005 X=222,4668 Y=356,9898 Vx=-22,5526 Vy=-21,4995
[12166,855] Ball=B001 X=265,3100 Y=204,2742 Vx=-2,1056 Vy=-36,3040
[12163,293] Ball=B006 X=252,2401 Y=157,0065 Vx=99,4517 Vy=-1,6158
[12163,627] Ball=B004 X=83,3851 Y=258,4824 Vx=-167,4209 Vy=8,7920
[12158,844] Ball=B007 X=245,4323 Y=87,6073 Vx=-0,7141 Vy=-165,7671
[12162,098] Ball=B008 X=11,1495 Y=298,9109 Vx=-30,4436 Vy=22,6203
[12178,578] Ball=B004 X=80,8820 Y=258,6139 Vx=-167,4209 Vy=8,7920
[12178,260] Ball=B006 X=253,7285 Y=156,9823 Vx=99,4517 Vy=-1,6158
[12173,807] Ball=B007 X=245,4216 Y=85,1270 Vx=-0,7141 Vy=-165,7671
[12181,840] Ball=B001 X=265,2785 Y=203,7302 Vx=-2,1056 Vy=-36,3040
[12178,744] Ball=B003 X=175,7397 Y=21,5775 Vx=-292,6199 Vy=5,1394
[12178,516] Ball=B005 X=222,1283 Y=356,6670 Vx=-22,5526 Vy=-21,4995
[12179,275] Ball=B002 X=132,1142 Y=334,4660 Vx=-66,0313 Vy=-5,9246
[12178,061] Ball=B008 X=10,6636 Y=299,2720 Vx=-30,4436 Vy=22,6203
[12188,790] Ball=B007 X=245,4109 Y=82,6434 Vx=-0,7141 Vy=-165,7671
[12193,461] Ball=B005 X=221,7912 Y=356,3457 Vx=-22,5526 Vy=-21,4995
[12194,255] Ball=B002 X=131,1251 Y=334,3772 Vx=-66,0313 Vy=-5,9246
[12193,281] Ball=B006 X=255,2224 Y=156,9581 Vx=99,4517 Vy=-1,6158
[12193,621] Ball=B004 X=78,3634 Y=258,7461 Vx=-167,4209 Vy=8,7920
[12196,864] Ball=B001 X=265,2468 Y=203,1848 Vx=-2,1056 Vy=-36,3040
[12193,769] Ball=B003 X=171,3432 Y=21,6547 Vx=-292,6199 Vy=5,1394
[12194,169] Ball=B008 X=10,1731 Y=299,6364 Vx=-30,4436 Vy=22,6203
[12208,577] Ball=B004 X=75,8596 Y=258,8776 Vx=-167,4209 Vy=8,7920
[12208,727] Ball=B003 X=166,9663 Y=21,7315 Vx=-292,6199 Vy=5,1394
[12211,834] Ball=B001 X=265,2153 Y=202,6413 Vx=-2,1056 Vy=-36,3040
[12209,324] Ball=B002 X=130,1300 Y=334,2879 Vx=-66,0313 Vy=-5,9246
[12208,574] Ball=B005 X=221,4504 Y=356,0208 Vx=-22,5526 Vy=-21,4995
[12208,423] Ball=B006 X=256,7283 Y=156,9336 Vx=99,4517 Vy=-1,6158
[12203,981] Ball=B007 X=245,4000 Y=80,1252 Vx=-0,7141 Vy=-165,7671
[12210,188] Ball=B008 X=9,6855 Y=299,9987 Vx=-30,4436 Vy=22,6203
[12223,468] Ball=B005 X=221,1145 Y=355,7006 Vx=-22,5526 Vy=-21,4995
[12223,734] Ball=B003 X=162,5749 Y=21,8087 Vx=-292,6199 Vy=5,1394
[12218,883] Ball=B007 X=245,3894 Y=77,6549 Vx=-0,7141 Vy=-165,7671
[12226,844] Ball=B001 X=265,1837 Y=202,0964 Vx=-2,1056 Vy=-36,3040
[12224,315] Ball=B002 X=129,1405 Y=334,1991 Vx=-66,0313 Vy=-5,9246
[12223,673] Ball=B004 X=73,3322 Y=259,0103 Vx=-167,4209 Vy=8,7920
[12223,253] Ball=B006 X=258,2031 Y=156,9097 Vx=99,4517 Vy=-1,6158
[12226,097] Ball=B008 X=9,2011 Y=300,3586 Vx=-30,4436 Vy=22,6203
[12241,830] Ball=B001 X=265,1521 Y=201,5523 Vx=-2,1056 Vy=-36,3040
[12238,597] Ball=B004 X=70,8336 Y=259,1415 Vx=-167,4209 Vy=8,7920
[12238,273] Ball=B006 X=259,6969 Y=156,8854 Vx=99,4517 Vy=-1,6158
[12239,257] Ball=B002 X=128,1536 Y=334,1106 Vx=-66,0313 Vy=-5,9246
[12238,584] Ball=B005 X=220,7736 Y=355,3756 Vx=-22,5526 Vy=-21,4995
[12238,840] Ball=B003 X=158,1545 Y=21,8863 Vx=-292,6199 Vy=5,1394
[12234,038] Ball=B007 X=245,3786 Y=75,1501 Vx=-0,7141 Vy=-165,7671
[12241,186] Ball=B008 X=8,7418 Y=300,6999 Vx=-30,4436 Vy=22,6203
[12254,336] Ball=B005 X=220,4184 Y=355,0370 Vx=-22,5526 Vy=-21,4995
[12255,125] Ball=B002 X=127,1057 Y=334,0166 Vx=-66,0313 Vy=-5,9246
[12254,620] Ball=B003 X=153,5369 Y=21,9674 Vx=-292,6199 Vy=5,1394
[12254,160] Ball=B006 X=261,2769 Y=156,8597 Vx=99,4517 Vy=-1,6158
[12249,705] Ball=B007 X=245,3674 Y=72,5455 Vx=-0,7141 Vy=-165,7671
[12257,744] Ball=B001 X=265,1186 Y=200,9746 Vx=-2,1056 Vy=-36,3040
[12254,582] Ball=B004 X=68,1573 Y=259,2821 Vx=-167,4209 Vy=8,7920
[12256,191] Ball=B008 X=8,2850 Y=301,0393 Vx=-30,4436 Vy=22,6203
[12270,183] Ball=B006 X=262,8704 Y=156,8338 Vx=99,4517 Vy=-1,6158
[12273,763] Ball=B001 X=265,0849 Y=200,3930 Vx=-2,1056 Vy=-36,3040
[12270,750] Ball=B003 X=148,8171 Y=22,0503 Vx=-292,6199 Vy=5,1394
[12270,593] Ball=B005 X=220,0517 Y=354,6874 Vx=-22,5526 Vy=-21,4995
[12265,926] Ball=B007 X=245,3558 Y=69,8567 Vx=-0,7141 Vy=-165,7671
[12271,357] Ball=B002 X=126,0339 Y=333,9204 Vx=-66,0313 Vy=-5,9246
[12270,785] Ball=B004 X=65,4446 Y=259,4245 Vx=-167,4209 Vy=8,7920
[12272,119] Ball=B008 X=7,8000 Y=301,3996 Vx=-30,4436 Vy=22,6203
[12280,795] Ball=B007 X=245,3452 Y=67,3918 Vx=-0,7141 Vy=-165,7671
[12286,242] Ball=B002 X=125,0511 Y=333,8322 Vx=-66,0313 Vy=-5,9246
[12285,599] Ball=B004 X=62,9644 Y=259,5548 Vx=-167,4209 Vy=8,7920
[12285,492] Ball=B005 X=219,7157 Y=354,3670 Vx=-22,5526 Vy=-21,4995
[12285,812] Ball=B003 X=144,4096 Y=22,1277 Vx=-292,6199 Vy=5,1394
[12288,962] Ball=B001 X=265,0530 Y=199,8427 Vx=-2,1056 Vy=-36,3040
[12285,467] Ball=B006 X=264,3905 Y=156,8091 Vx=99,4517 Vy=-1,6158
[12287,102] Ball=B008 X=7,3439 Y=301,7385 Vx=-30,4436 Vy=22,6203
[12300,536] Ball=B004 X=60,4636 Y=259,6861 Vx=-167,4209 Vy=8,7920
[12303,784] Ball=B001 X=265,0217 Y=199,3031 Vx=-2,1056 Vy=-36,3040
[12295,769] Ball=B007 X=245,3345 Y=64,9098 Vx=-0,7141 Vy=-165,7671
[12300,230] Ball=B006 X=265,8587 Y=156,7853 Vx=99,4517 Vy=-1,6158
[12300,705] Ball=B003 X=140,0515 Y=22,2043 Vx=-292,6199 Vy=5,1394
[12301,302] Ball=B002 X=124,0566 Y=333,7430 Vx=-66,0313 Vy=-5,9246
[12300,543] Ball=B005 X=219,3762 Y=354,0435 Vx=-22,5526 Vy=-21,4995
[12303,093] Ball=B008 X=6,8571 Y=302,1002 Vx=-30,4436 Vy=22,6203
[12315,547] Ball=B004 X=57,9505 Y=259,8181 Vx=-167,4209 Vy=8,7920
[12316,196] Ball=B002 X=123,0732 Y=333,6548 Vx=-66,0313 Vy=-5,9246
[12315,225] Ball=B006 X=267,3499 Y=156,7610 Vx=99,4517 Vy=-1,6158
[12315,706] Ball=B003 X=135,6621 Y=22,2814 Vx=-292,6199 Vy=5,1394
[12310,857] Ball=B007 X=245,3238 Y=62,4190 Vx=-0,7141 Vy=-165,7671
[12318,892] Ball=B001 X=264,9899 Y=198,7547 Vx=-2,1056 Vy=-36,3040
[12315,549] Ball=B005 X=219,0378 Y=353,7208 Vx=-22,5526 Vy=-21,4995
[12319,206] Ball=B008 X=6,3666 Y=302,4647 Vx=-30,4436 Vy=22,6203
[12330,114] Ball=B006 X=268,8307 Y=156,7370 Vx=99,4517 Vy=-1,6158
[12333,696] Ball=B001 X=264,9587 Y=198,2172 Vx=-2,1056 Vy=-36,3040
[12330,355] Ball=B005 X=218,7039 Y=353,4025 Vx=-22,5526 Vy=-21,4995
[12330,610] Ball=B003 X=131,3007 Y=22,3580 Vx=-292,6199 Vy=5,1394
[12325,693] Ball=B007 X=245,3131 Y=59,9493 Vx=-0,7141 Vy=-165,7671
[12330,480] Ball=B004 X=55,4505 Y=259,9494 Vx=-167,4209 Vy=8,7920
[12331,128] Ball=B002 X=122,0872 Y=333,5663 Vx=-66,0313 Vy=-5,9246
[12334,198] Ball=B008 X=5,9102 Y=302,8038 Vx=-30,4436 Vy=22,6203
[12346,414] Ball=B004 X=52,7828 Y=260,0895 Vx=-167,4209 Vy=8,7920
[12346,307] Ball=B005 X=218,3442 Y=353,0596 Vx=-22,5526 Vy=-21,4995
[12347,085] Ball=B002 X=121,0335 Y=333,4718 Vx=-66,0313 Vy=-5,9246
[12341,667] Ball=B007 X=245,3017 Y=57,3013 Vx=-0,7141 Vy=-165,7671
[12349,695] Ball=B001 X=264,9250 Y=197,6364 Vx=-2,1056 Vy=-36,3040
[12346,135] Ball=B006 X=270,4240 Y=156,7111 Vx=99,4517 Vy=-1,6158
[12346,662] Ball=B003 X=126,6043 Y=22,4404 Vx=-292,6199 Vy=5,1394
[12349,072] Ball=B008 X=5,4574 Y=303,1403 Vx=-30,4436 Vy=22,6203
[12365,840] Ball=B001 X=264,8910 Y=197,0503 Vx=-2,1056 Vy=-36,3040
[12362,742] Ball=B003 X=121,8985 Y=22,5231 Vx=-292,6199 Vy=5,1394
[12363,258] Ball=B002 X=119,9656 Y=333,3759 Vx=-66,0313 Vy=-5,9246
[12362,622] Ball=B004 X=50,0691 Y=260,2320 Vx=-167,4209 Vy=8,7920
[12362,299] Ball=B006 X=272,0315 Y=156,6850 Vx=99,4517 Vy=-1,6158
[12357,851] Ball=B007 X=245,2902 Y=54,6186 Vx=-0,7141 Vy=-165,7671
[12362,596] Ball=B005 X=217,9768 Y=352,7094 Vx=-22,5526 Vy=-21,4995
[12364,056] Ball=B008 X=5,0012 Y=303,4792 Vx=-30,4436 Vy=22,6203
[12373,802] Ball=B007 X=245,2788 Y=51,9745 Vx=-0,7141 Vy=-165,7671
[12378,740] Ball=B003 X=117,2170 Y=22,6053 Vx=-292,6199 Vy=5,1394
[12378,282] Ball=B006 X=273,6211 Y=156,6592 Vx=99,4517 Vy=-1,6158
[12378,497] Ball=B005 X=217,6182 Y=352,3675 Vx=-22,5526 Vy=-21,4995
[12381,938] Ball=B001 X=264,8571 Y=196,4658 Vx=-2,1056 Vy=-36,3040
[12379,347] Ball=B002 X=118,9032 Y=333,2806 Vx=-66,0313 Vy=-5,9246
[12378,706] Ball=B004 X=47,3763 Y=260,3734 Vx=-167,4209 Vy=8,7920
[12380,054] Ball=B008 X=4,5141 Y=303,8411 Vx=-30,4436 Vy=22,6203
[12395,240] Ball=B002 X=117,8538 Y=333,1865 Vx=-66,0313 Vy=-5,9246
[12394,606] Ball=B004 X=44,7143 Y=260,5132 Vx=-167,4209 Vy=8,7920
[12389,827] Ball=B007 X=245,2673 Y=49,3180 Vx=-0,7141 Vy=-165,7671
[12394,287] Ball=B006 X=275,2128 Y=156,6333 Vx=99,4517 Vy=-1,6158
[12397,944] Ball=B001 X=264,8234 Y=195,8848 Vx=-2,1056 Vy=-36,3040
[12394,829] Ball=B003 X=112,5257 Y=22,6877 Vx=-292,6199 Vy=5,1394
[12394,656] Ball=B005 X=217,2537 Y=352,0201 Vx=-22,5526 Vy=-21,4995
[12396,135] Ball=B008 X=4,0246 Y=304,2049 Vx=-30,4436 Vy=22,6203
[12409,597] Ball=B003 X=108,1875 Y=22,7639 Vx=-292,6199 Vy=5,1394
[12409,477] Ball=B004 X=42,2247 Y=260,6439 Vx=-167,4209 Vy=8,7920
[12409,357] Ball=B006 X=276,7116 Y=156,6090 Vx=99,4517 Vy=-1,6158
[12409,576] Ball=B005 X=216,9173 Y=351,6993 Vx=-22,5526 Vy=-21,4995
[12412,871] Ball=B001 X=264,7920 Y=195,3429 Vx=-2,1056 Vy=-36,3040
[12410,418] Ball=B002 X=116,8515 Y=333,0965 Vx=-66,0313 Vy=-5,9246
[12405,027] Ball=B007 X=245,2567 Y=46,8550 Vx=-0,7141 Vy=-165,7671
[12412,018] Ball=B008 X=3,5410 Y=304,5642 Vx=-30,4436 Vy=22,6203
[12424,590] Ball=B004 X=39,6946 Y=260,7768 Vx=-167,4209 Vy=8,7920
[12419,818] Ball=B007 X=245,2459 Y=44,3465 Vx=-0,7141 Vy=-165,7671
[12424,858] Ball=B003 X=103,7219 Y=22,8423 Vx=-292,6199 Vy=5,1394
[12425,368] Ball=B002 X=115,8644 Y=333,0080 Vx=-66,0313 Vy=-5,9246
[12424,613] Ball=B005 X=216,5781 Y=351,3760 Vx=-22,5526 Vy=-21,4995
[12427,974] Ball=B001 X=264,7602 Y=194,7946 Vx=-2,1056 Vy=-36,3040
[12424,469] Ball=B006 X=278,2145 Y=156,5845 Vx=99,4517 Vy=-1,6158
[12428,111] Ball=B008 X=3,0511 Y=304,9282 Vx=-30,4436 Vy=22,6203
[12439,445] Ball=B004 X=37,2074 Y=260,9074 Vx=-167,4209 Vy=8,7920
[12439,361] Ball=B005 X=216,2455 Y=351,0589 Vx=-22,5526 Vy=-21,4995
[12442,718] Ball=B001 X=264,7292 Y=194,2593 Vx=-2,1056 Vy=-36,3040
[12434,696] Ball=B007 X=245,2353 Y=41,8802 Vx=-0,7141 Vy=-165,7671
[12440,134] Ball=B002 X=114,8894 Y=332,9205 Vx=-66,0313 Vy=-5,9246
[12439,175] Ball=B006 X=279,6770 Y=156,5608 Vx=99,4517 Vy=-1,6158
[12439,646] Ball=B003 X=99,3946 Y=22,9183 Vx=-292,6199 Vy=5,1394
[12444,193] Ball=B008 X=2,5618 Y=305,2918 Vx=-30,4436 Vy=22,6203
[12454,589] Ball=B003 X=95,0221 Y=22,9951 Vx=-292,6199 Vy=5,1394
[12449,689] Ball=B007 X=245,2246 Y=39,3948 Vx=-0,7141 Vy=-165,7671
[12457,720] Ball=B001 X=264,6976 Y=193,7147 Vx=-2,1056 Vy=-36,3040
[12455,129] Ball=B002 X=113,8992 Y=332,8316 Vx=-66,0313 Vy=-5,9246
[12454,227] Ball=B006 X=281,1739 Y=156,5365 Vx=99,4517 Vy=-1,6158
[12454,447] Ball=B005 X=215,9053 Y=350,7346 Vx=-22,5526 Vy=-21,4995
[12454,676] Ball=B004 X=34,6573 Y=261,0413 Vx=-167,4209 Vy=8,7920
[12460,180] Ball=B008 X=2,0748 Y=305,6536 Vx=-30,4436 Vy=22,6203
[12470,082] Ball=B002 X=112,9119 Y=332,7431 Vx=-66,0313 Vy=-5,9246
[12469,441] Ball=B004 X=32,1855 Y=261,1711 Vx=-167,4209 Vy=8,7920
[12469,586] Ball=B003 X=90,6336 Y=23,0722 Vx=-292,6199 Vy=5,1394
[12469,187] Ball=B006 X=282,6617 Y=156,5123 Vx=99,4517 Vy=-1,6158
[12469,411] Ball=B005 X=215,5678 Y=350,4129 Vx=-22,5526 Vy=-21,4995
[12464,749] Ball=B007 X=245,2138 Y=36,8984 Vx=-0,7141 Vy=-165,7671
[12472,776] Ball=B001 X=264,6659 Y=193,1681 Vx=-2,1056 Vy=-36,3040
[12475,192] Ball=B008 X=1,6178 Y=305,9932 Vx=-30,4436 Vy=22,6203
[12487,819] Ball=B001 X=264,6342 Y=192,6220 Vx=-2,1056 Vy=-36,3040
[12484,257] Ball=B006 X=284,1605 Y=156,4879 Vx=99,4517 Vy=-1,6158
[12484,732] Ball=B003 X=86,2016 Y=23,1501 Vx=-292,6199 Vy=5,1394
[12479,816] Ball=B007 X=245,2031 Y=34,4007 Vx=-0,7141 Vy=-165,7671
[12484,491] Ball=B005 X=215,2277 Y=350,0887 Vx=-22,5526 Vy=-21,4995
[12485,327] Ball=B002 X=111,9052 Y=332,6527 Vx=-66,0313 Vy=-5,9246
[12484,682] Ball=B004 X=29,6337 Y=261,3051 Vx=-167,4209 Vy=8,7920
[12491,137] Ball=B008 X=1,1324 Y=306,3538 Vx=-30,4436 Vy=22,6203
[12500,420] Ball=B004 X=26,9990 Y=261,4435 Vx=-167,4209 Vy=8,7920
[12501,076] Ball=B002 X=110,8653 Y=332,5594 Vx=-66,0313 Vy=-5,9246
[12495,654] Ball=B007 X=245,1917 Y=31,7754 Vx=-0,7141 Vy=-165,7671
[12500,406] Ball=B005 X=214,8688 Y=349,7465 Vx=-22,5526 Vy=-21,4995
[12500,194] Ball=B006 X=285,7454 Y=156,4622 Vx=99,4517 Vy=-1,6158
[12503,768] Ball=B001 X=264,6006 Y=192,0429 Vx=-2,1056 Vy=-36,3040
[12500,668] Ball=B003 X=81,5382 Y=23,2320 Vx=-292,6199 Vy=5,1394
[12507,195] Ball=B008 X=0,6435 Y=306,7171 Vx=-30,4436 Vy=22,6203
[12517,226] Ball=B002 X=109,7989 Y=332,4637 Vx=-66,0313 Vy=-5,9246
[12516,722] Ball=B003 X=76,8406 Y=23,3145 Vx=-292,6199 Vy=5,1394
[12516,471] Ball=B005 X=214,5065 Y=349,4011 Vx=-22,5526 Vy=-21,4995
[12519,830] Ball=B001 X=264,5668 Y=191,4598 Vx=-2,1056 Vy=-36,3040
[12511,829] Ball=B007 X=245,1802 Y=29,0940 Vx=-0,7141 Vy=-165,7671
[12516,614] Ball=B004 X=24,2876 Y=261,5859 Vx=-167,4209 Vy=8,7920
[12516,275] Ball=B006 X=287,3446 Y=156,4362 Vx=99,4517 Vy=-1,6158
[12523,068] Ball=B008 X=0,1603 Y=307,0761 Vx=-30,4436 Vy=22,6203
[12532,587] Ball=B004 X=21,6135 Y=261,7263 Vx=-167,4209 Vy=8,7920
[12535,834] Ball=B001 X=264,5331 Y=190,8788 Vx=-2,1056 Vy=-36,3040
[12527,821] Ball=B007 X=245,1688 Y=26,4431 Vx=-0,7141 Vy=-165,7671
[12532,749] Ball=B003 X=72,1509 Y=23,3968 Vx=-292,6199 Vy=5,1394
[12532,510] Ball=B005 X=214,1448 Y=349,0563 Vx=-22,5526 Vy=-21,4995
[12533,278] Ball=B002 X=108,7389 Y=332,3686 Vx=-66,0313 Vy=-5,9246
[12532,307] Ball=B006 X=288,9391 Y=156,4103 Vx=99,4517 Vy=-1,6158
[12539,068] Ball=B008 X=-0,3268 Y=307,4380 Vx=-30,4436 Vy=22,6203
[12547,444] Ball=B004 X=19,1261 Y=261,8569 Vx=-167,4209 Vy=8,7920
[12547,328] Ball=B006 X=290,4330 Y=156,3860 Vx=99,4517 Vy=-1,6158
[12547,610] Ball=B005 X=213,8042 Y=348,7316 Vx=-22,5526 Vy=-21,4995
[12547,960] Ball=B003 X=67,6999 Y=23,4750 Vx=-292,6199 Vy=5,1394
[12543,178] Ball=B007 X=245,1578 Y=23,8973 Vx=-0,7141 Vy=-165,7671
[12548,772] Ball=B002 X=107,7158 Y=332,2768 Vx=-66,0313 Vy=-5,9246
[12551,371] Ball=B001 X=264,5004 Y=190,3148 Vx=-2,1056 Vy=-36,3040
[12563,257] Ball=B002 X=106,7594 Y=332,1910 Vx=-66,0313 Vy=-5,9246
[12565,849] Ball=B001 X=264,4699 Y=189,7892 Vx=-2,1056 Vy=-36,3040
[12555,216] Ball=B008 X=0,4916 Y=307,8033 Vx=30,4436 Vy=22,6203
[12562,506] Ball=B005 X=213,4683 Y=348,4114 Vx=-22,5526 Vy=-21,4995
[12562,389] Ball=B006 X=291,9309 Y=156,3617 Vx=99,4517 Vy=-1,6158
[12562,863] Ball=B003 X=63,3389 Y=23,5516 Vx=-292,6199 Vy=5,1394
[12557,940] Ball=B007 X=245,1473 Y=21,4504 Vx=-0,7141 Vy=-165,7671
[12562,715] Ball=B004 X=16,5791 Y=261,9907 Vx=-167,4209 Vy=8,7920
[12572,706] Ball=B007 X=245,1367 Y=19,0028 Vx=-0,7141 Vy=-165,7671
[12578,137] Ball=B002 X=105,7769 Y=332,1029 Vx=-66,0313 Vy=-5,9246
[12570,227] Ball=B008 X=0,9486 Y=308,1429 Vx=30,4436 Vy=22,6203
[12577,934] Ball=B003 X=58,9288 Y=23,6291 Vx=-292,6199 Vy=5,1394
[12577,803] Ball=B004 X=14,0434 Y=262,1239 Vx=-167,4209 Vy=8,7920
[12577,469] Ball=B006 X=293,4306 Y=156,3373 Vx=99,4517 Vy=-1,6158
[12581,155] Ball=B001 X=264,4377 Y=189,2335 Vx=-2,1056 Vy=-36,3040
[12577,808] Ball=B005 X=213,1232 Y=348,0824 Vx=-22,5526 Vy=-21,4995
[12593,620] Ball=B003 X=54,3393 Y=23,7097 Vx=-292,6199 Vy=5,1394
[12588,697] Ball=B007 X=245,1253 Y=16,3521 Vx=-0,7141 Vy=-165,7671
[12593,150] Ball=B006 X=294,9900 Y=156,3120 Vx=99,4517 Vy=-1,6158
[12593,368] Ball=B005 X=212,7723 Y=347,7479 Vx=-22,5526 Vy=-21,4995
[12593,525] Ball=B004 X=11,4112 Y=262,2621 Vx=-167,4209 Vy=8,7920
[12596,852] Ball=B001 X=264,4046 Y=188,6636 Vx=-2,1056 Vy=-36,3040
[12586,224] Ball=B008 X=1,4356 Y=308,5048 Vx=30,4436 Vy=22,6203
[12594,274] Ball=B002 X=104,7113 Y=332,0073 Vx=-66,0313 Vy=-5,9246
[12609,575] Ball=B003 X=49,6701 Y=23,7917 Vx=-292,6199 Vy=5,1394
[12604,650] Ball=B007 X=245,1139 Y=13,7075 Vx=-0,7141 Vy=-165,7671
[12610,086] Ball=B002 X=103,6672 Y=331,9136 Vx=-66,0313 Vy=-5,9246
[12609,123] Ball=B006 X=296,5786 Y=156,2862 Vx=99,4517 Vy=-1,6158
[12609,372] Ball=B005 X=212,4113 Y=347,4038 Vx=-22,5526 Vy=-21,4995
[12602,170] Ball=B008 X=1,9211 Y=308,8655 Vx=30,4436 Vy=22,6203
[12612,808] Ball=B001 X=264,3710 Y=188,0843 Vx=-2,1056 Vy=-36,3040
[12609,588] Ball=B004 X=8,7219 Y=262,4033 Vx=-167,4209 Vy=8,7920
[12624,582] Ball=B004 X=6,2117 Y=262,5351 Vx=-167,4209 Vy=8,7920
[12619,800] Ball=B007 X=245,1031 Y=11,1960 Vx=-0,7141 Vy=-165,7671
[12624,483] Ball=B005 X=212,0705 Y=347,0789 Vx=-22,5526 Vy=-21,4995
[12624,271] Ball=B006 X=298,0851 Y=156,2617 Vx=99,4517 Vy=-1,6158
[12625,271] Ball=B002 X=102,6646 Y=331,8236 Vx=-66,0313 Vy=-5,9246
[12624,846] Ball=B003 X=45,2013 Y=23,8702 Vx=-292,6199 Vy=5,1394
[12627,951] Ball=B001 X=264,3391 Y=187,5346 Vx=-2,1056 Vy=-36,3040
[12617,321] Ball=B008 X=2,3823 Y=309,2082 Vx=30,4436 Vy=22,6203
[12633,083] Ball=B008 X=2,8622 Y=309,5647 Vx=30,4436 Vy=22,6203
[12643,718] Ball=B001 X=264,3059 Y=186,9622 Vx=-2,1056 Vy=-36,3040
[12640,722] Ball=B003 X=40,5558 Y=23,9518 Vx=-292,6199 Vy=5,1394
[12641,228] Ball=B002 X=101,6109 Y=331,7291 Vx=-66,0313 Vy=-5,9246
[12640,646] Ball=B004 X=3,5222 Y=262,6764 Vx=-167,4209 Vy=8,7920
[12635,873] Ball=B007 X=245,0916 Y=8,5317 Vx=-0,7141 Vy=-165,7671
[12640,367] Ball=B006 X=299,6858 Y=156,2357 Vx=99,4517 Vy=-1,6158
[12640,606] Ball=B005 X=211,7069 Y=346,7323 Vx=-22,5526 Vy=-21,4995
[12656,477] Ball=B005 X=211,3490 Y=346,3911 Vx=-22,5526 Vy=-21,4995
[12656,255] Ball=B006 X=301,2658 Y=156,2100 Vx=99,4517 Vy=-1,6158
[12651,812] Ball=B007 X=245,0802 Y=5,8896 Vx=-0,7141 Vy=-165,7671
[12657,246] Ball=B002 X=100,5532 Y=331,6342 Vx=-66,0313 Vy=-5,9246
[12659,846] Ball=B001 X=264,2720 Y=186,3767 Vx=-2,1056 Vy=-36,3040
[12656,772] Ball=B003 X=35,8593 Y=24,0342 Vx=-292,6199 Vy=5,1394
[12649,240] Ball=B008 X=3,3541 Y=309,9302 Vx=30,4436 Vy=22,6203
[12656,633] Ball=B004 X=0,8456 Y=262,8169 Vx=-167,4209 Vy=8,7920
[12672,480] Ball=B005 X=210,9881 Y=346,0470 Vx=-22,5526 Vy=-21,4995
[12675,833] Ball=B001 X=264,2383 Y=185,7963 Vx=-2,1056 Vy=-36,3040
[12672,609] Ball=B004 X=-1,8291 Y=262,9574 Vx=-167,4209 Vy=8,7920
[12672,362] Ball=B006 X=302,8678 Y=156,1840 Vx=99,4517 Vy=-1,6158
[12665,303] Ball=B008 X=3,8431 Y=310,2935 Vx=30,4436 Vy=22,6203
[12668,035] Ball=B007 X=245,0686 Y=3,2007 Vx=-0,7141 Vy=-165,7671
[12673,247] Ball=B002 X=99,4966 Y=331,5394 Vx=-66,0313 Vy=-5,9246
[12672,989] Ball=B003 X=31,1137 Y=24,1176 Vx=-292,6199 Vy=5,1394
[12688,522] Ball=B004 X=2,6640 Y=263,0973 Vx=167,4209 Vy=8,7920
[12681,144] Ball=B008 X=4,3253 Y=310,6518 Vx=30,4436 Vy=22,6203
[12689,197] Ball=B002 X=98,4434 Y=331,4449 Vx=-66,0313 Vy=-5,9246
[12691,977] Ball=B001 X=264,2043 Y=185,2102 Vx=-2,1056 Vy=-36,3040
[12689,055] Ball=B003 X=26,4128 Y=24,2002 Vx=-292,6199 Vy=5,1394
[12684,150] Ball=B007 X=245,0571 Y=0,5288 Vx=-0,7141 Vy=-165,7671
[12688,611] Ball=B006 X=304,4838 Y=156,1577 Vx=99,4517 Vy=-1,6158
[12688,836] Ball=B005 X=210,6192 Y=345,6953 Vx=-22,5526 Vy=-21,4995
[12704,473] Ball=B005 X=210,2666 Y=345,3592 Vx=-22,5526 Vy=-21,4995
[12705,239] Ball=B002 X=97,3842 Y=331,3498 Vx=-66,0313 Vy=-5,9246
[12704,587] Ball=B004 X=5,3537 Y=263,2385 Vx=167,4209 Vy=8,7920
[12699,821] Ball=B007 X=245,0459 Y=-2,0689 Vx=-0,7141 Vy=-165,7671
[12707,862] Ball=B001 X=264,1709 Y=184,6335 Vx=-2,1056 Vy=-36,3040
[12704,361] Ball=B006 X=306,0501 Y=156,1323 Vx=99,4517 Vy=-1,6158
[12704,834] Ball=B003 X=21,7952 Y=24,2813 Vx=-292,6199 Vy=5,1394
[12697,303] Ball=B008 X=4,8173 Y=311,0174 Vx=30,4436 Vy=22,6203
[12719,590] Ball=B003 X=17,4775 Y=24,3571 Vx=-292,6199 Vy=5,1394
[12719,336] Ball=B005 X=209,9314 Y=345,0396 Vx=-22,5526 Vy=-21,4995
[12722,699] Ball=B001 X=264,1396 Y=184,0949 Vx=-2,1056 Vy=-36,3040
[12714,707] Ball=B007 X=245,0353 Y=2,4675 Vx=-0,7141 Vy=165,7671
[12712,099] Ball=B008 X=5,2677 Y=311,3521 Vx=30,4436 Vy=22,6203
[12719,161] Ball=B006 X=307,5219 Y=156,1084 Vx=99,4517 Vy=-1,6158
[12719,573] Ball=B004 X=7,8629 Y=263,3703 Vx=167,4209 Vy=8,7920
[12720,223] Ball=B002 X=96,3947 Y=331,2611 Vx=-66,0313 Vy=-5,9246
[12728,207] Ball=B008 X=5,7581 Y=311,7164 Vx=30,4436 Vy=22,6203
[12735,488] Ball=B005 X=209,5671 Y=344,6923 Vx=-22,5526 Vy=-21,4995
[12736,254] Ball=B002 X=95,3361 Y=331,1661 Vx=-66,0313 Vy=-5,9246
[12735,619] Ball=B004 X=10,5493 Y=263,5114 Vx=167,4209 Vy=8,7920
[12730,816] Ball=B007 X=245,0238 Y=5,1377 Vx=-0,7141 Vy=165,7671
[12735,310] Ball=B006 X=309,1281 Y=156,0823 Vx=99,4517 Vy=-1,6158
[12735,781] Ball=B003 X=12,7397 Y=24,4403 Vx=-292,6199 Vy=5,1394
[12738,882] Ball=B001 X=264,1056 Y=183,5073 Vx=-2,1056 Vy=-36,3040
[12744,167] Ball=B008 X=6,2440 Y=312,0774 Vx=30,4436 Vy=22,6203
[12751,237] Ball=B006 X=310,7120 Y=156,0566 Vx=99,4517 Vy=-1,6158
[12746,819] Ball=B007 X=245,0124 Y=7,7905 Vx=-0,7141 Vy=165,7671
[12751,749] Ball=B003 X=8,0670 Y=24,5224 Vx=-292,6199 Vy=5,1394
[12754,853] Ball=B001 X=264,0719 Y=182,9275 Vx=-2,1056 Vy=-36,3040
[12751,502] Ball=B005 X=209,2059 Y=344,3481 Vx=-22,5526 Vy=-21,4995
[12752,268] Ball=B002 X=94,2788 Y=331,0712 Vx=-66,0313 Vy=-5,9246
[12751,628] Ball=B004 X=13,2295 Y=263,6521 Vx=167,4209 Vy=8,7920
[12767,248] Ball=B002 X=93,2896 Y=330,9825 Vx=-66,0313 Vy=-5,9246
[12766,602] Ball=B004 X=15,7362 Y=263,7838 Vx=167,4209 Vy=8,7920
[12761,830] Ball=B007 X=245,0017 Y=10,2789 Vx=-0,7141 Vy=165,7671
[12766,767] Ball=B003 X=3,6725 Y=24,5996 Vx=-292,6199 Vy=5,1394
[12766,526] Ball=B005 X=208,8671 Y=344,0250 Vx=-22,5526 Vy=-21,4995
[12769,964] Ball=B001 X=264,0401 Y=182,3790 Vx=-2,1056 Vy=-36,3040
[12759,335] Ball=B008 X=6,7058 Y=312,4206 Vx=30,4436 Vy=22,6203
[12766,308] Ball=B006 X=312,2109 Y=156,0322 Vx=99,4517 Vy=-1,6158
[12774,388] Ball=B008 X=7,1640 Y=312,7610 Vx=30,4436 Vy=22,6203
[12781,680] Ball=B005 X=208,5254 Y=343,6993 Vx=-22,5526 Vy=-21,4995
[12785,031] Ball=B001 X=264,0084 Y=181,8320 Vx=-2,1056 Vy=-36,3040
[12781,474] Ball=B006 X=313,7191 Y=156,0077 Vx=99,4517 Vy=-1,6158
[12781,817] Ball=B004 X=18,2837 Y=263,9175 Vx=167,4209 Vy=8,7920
[12782,584] Ball=B002 X=92,2772 Y=330,8916 Vx=-66,0313 Vy=-5,9246
[12782,026] Ball=B003 X=-0,7926 Y=24,6780 Vx=-292,6199 Vy=5,1394
[12777,102] Ball=B007 X=244,9908 Y=12,8106 Vx=-0,7141 Vy=165,7671
[12791,983] Ball=B007 X=244,9801 Y=15,2772 Vx=-0,7141 Vy=165,7671
[12796,910] Ball=B003 X=4,3551 Y=24,7545 Vx=292,6199 Vy=5,1394
[12796,780] Ball=B004 X=20,7888 Y=264,0491 Vx=167,4209 Vy=8,7920
[12797,427] Ball=B002 X=91,2968 Y=330,8037 Vx=-66,0313 Vy=-5,9246
[12789,409] Ball=B008 X=7,6213 Y=313,1009 Vx=30,4436 Vy=22,6203
[12800,045] Ball=B001 X=263,9768 Y=181,2869 Vx=-2,1056 Vy=-36,3040
[12796,471] Ball=B006 X=315,2107 Y=155,9835 Vx=99,4517 Vy=-1,6158
[12796,825] Ball=B005 X=208,1851 Y=343,3749 Vx=-22,5526 Vy=-21,4995
[12813,411] Ball=B002 X=90,2414 Y=330,7090 Vx=-66,0313 Vy=-5,9246
[12805,368] Ball=B008 X=8,1071 Y=313,4618 Vx=30,4436 Vy=22,6203
[12812,776] Ball=B004 X=23,4669 Y=264,1897 Vx=167,4209 Vy=8,7920
[12812,673] Ball=B005 X=207,8264 Y=343,0329 Vx=-22,5526 Vy=-21,4995
[12808,099] Ball=B007 X=244,9686 Y=17,9489 Vx=-0,7141 Vy=165,7671
[12816,124] Ball=B001 X=263,9429 Y=180,7032 Vx=-2,1056 Vy=-36,3040
[12812,553] Ball=B006 X=316,8100 Y=155,9575 Vx=99,4517 Vy=-1,6158
[12813,025] Ball=B003 X=9,0711 Y=24,8373 Vx=292,6199 Vy=5,1394
[12827,437] Ball=B006 X=318,2903 Y=155,9334 Vx=99,4517 Vy=-1,6158
[12827,663] Ball=B005 X=207,4883 Y=342,7106 Vx=-22,5526 Vy=-21,4995
[12831,007] Ball=B001 X=263,9116 Y=180,1629 Vx=-2,1056 Vy=-36,3040
[12828,435] Ball=B002 X=89,2493 Y=330,6200 Vx=-66,0313 Vy=-5,9246
[12827,937] Ball=B003 X=13,4344 Y=24,9139 Vx=292,6199 Vy=5,1394
[12823,026] Ball=B007 X=244,9580 Y=20,4233 Vx=-0,7141 Vy=165,7671
[12827,884] Ball=B004 X=25,9964 Y=264,3226 Vx=167,4209 Vy=8,7920
[12820,492] Ball=B008 X=8,5675 Y=313,8038 Vx=30,4436 Vy=22,6203
[12843,920] Ball=B003 X=18,1111 Y=24,9961 Vx=292,6199 Vy=5,1394
[12844,430] Ball=B002 X=88,1932 Y=330,5252 Vx=-66,0313 Vy=-5,9246
[12843,786] Ball=B004 X=28,6585 Y=264,4624 Vx=167,4209 Vy=8,7920
[12839,007] Ball=B007 X=244,9466 Y=23,0724 Vx=-0,7141 Vy=165,7671
[12847,042] Ball=B001 X=263,8778 Y=179,5807 Vx=-2,1056 Vy=-36,3040
[12843,703] Ball=B005 X=207,1266 Y=342,3658 Vx=-22,5526 Vy=-21,4995
[12843,485] Ball=B006 X=319,8863 Y=155,9075 Vx=99,4517 Vy=-1,6158
[12836,655] Ball=B008 X=9,0597 Y=314,1696 Vx=30,4436 Vy=22,6203
[12859,641] Ball=B004 X=31,3131 Y=264,6018 Vx=167,4209 Vy=8,7920
[12862,878] Ball=B001 X=263,8445 Y=179,0058 Vx=-2,1056 Vy=-36,3040
[12859,323] Ball=B006 X=321,4613 Y=155,8819 Vx=99,4517 Vy=-1,6158
[12859,642] Ball=B005 X=206,7671 Y=342,0231 Vx=-22,5526 Vy=-21,4995
[12859,897] Ball=B003 X=22,7866 Y=25,0782 Vx=292,6199 Vy=5,1394
[12852,366] Ball=B008 X=9,5380 Y=314,5250 Vx=30,4436 Vy=22,6203
[12855,082] Ball=B007 X=244,9351 Y=25,7304 Vx=-0,7141 Vy=165,7671
[12860,527] Ball=B002 X=87,1302 Y=330,4298 Vx=-66,0313 Vy=-5,9246
[12875,794] Ball=B003 X=27,4383 Y=25,1599 Vx=292,6199 Vy=5,1394
[12875,547] Ball=B005 X=206,4084 Y=341,6812 Vx=-22,5526 Vy=-21,4995
[12878,914] Ball=B001 X=263,8107 Y=178,4236 Vx=-2,1056 Vy=-36,3040
[12868,248] Ball=B008 X=10,0215 Y=314,8842 Vx=30,4436 Vy=22,6203
[12875,695] Ball=B004 X=34,0009 Y=264,7429 Vx=167,4209 Vy=8,7920
[12875,364] Ball=B006 X=323,0567 Y=155,8560 Vx=99,4517 Vy=-1,6158
[12870,912] Ball=B007 X=244,9238 Y=28,3612 Vx=-0,7141 Vy=165,7671
[12876,435] Ball=B002 X=86,0798 Y=330,3356 Vx=-66,0313 Vy=-5,9246
[12890,689] Ball=B004 X=36,5110 Y=264,8747 Vx=167,4209 Vy=8,7920
[12891,352] Ball=B002 X=85,0949 Y=330,2472 Vx=-66,0313 Vy=-5,9246
[12883,321] Ball=B008 X=10,4803 Y=315,2252 Vx=30,4436 Vy=22,6203
[12890,609] Ball=B005 X=206,0687 Y=341,3573 Vx=-22,5526 Vy=-21,4995
[12885,952] Ball=B007 X=244,9130 Y=30,8544 Vx=-0,7141 Vy=165,7671
[12890,412] Ball=B006 X=324,5533 Y=155,8317 Vx=99,4517 Vy=-1,6158
[12890,973] Ball=B003 X=31,8801 Y=25,2379 Vx=292,6199 Vy=5,1394
[12893,980] Ball=B001 X=263,7790 Y=177,8767 Vx=-2,1056 Vy=-36,3040
[12906,923] Ball=B003 X=36,5471 Y=25,3199 Vx=292,6199 Vy=5,1394
[12906,678] Ball=B005 X=205,7063 Y=341,0119 Vx=-22,5526 Vy=-21,4995
[12906,466] Ball=B006 X=326,1498 Y=155,8057 Vx=99,4517 Vy=-1,6158
[12907,448] Ball=B002 X=84,0320 Y=330,1518 Vx=-66,0313 Vy=-5,9246
[12910,051] Ball=B001 X=263,7452 Y=177,2932 Vx=-2,1056 Vy=-36,3040
[12899,509] Ball=B008 X=10,9732 Y=315,5913 Vx=30,4436 Vy=22,6203
[12906,905] Ball=B004 X=39,2261 Y=265,0173 Vx=167,4209 Vy=8,7920
[12902,123] Ball=B007 X=244,9015 Y=33,5350 Vx=-0,7141 Vy=165,7671
[12923,382] Ball=B002 X=82,9799 Y=330,0574 Vx=-66,0313 Vy=-5,9246
[12922,414] Ball=B006 X=327,7358 Y=155,7800 Vx=99,4517 Vy=-1,6158
[12915,358] Ball=B008 X=11,4557 Y=315,9498 Vx=30,4436 Vy=22,6203
[12922,761] Ball=B004 X=41,8807 Y=265,1567 Vx=167,4209 Vy=8,7920
[12917,958] Ball=B007 X=244,8902 Y=36,1599 Vx=-0,7141 Vy=165,7671
[12926,089] Ball=B001 X=263,7114 Y=176,7111 Vx=-2,1056 Vy=-36,3040
[12922,739] Ball=B005 X=205,3441 Y=340,6665 Vx=-22,5526 Vy=-21,4995
[12922,995] Ball=B003 X=41,2504 Y=25,4025 Vx=292,6199 Vy=5,1394
[12938,763] Ball=B003 X=45,8643 Y=25,4835 Vx=292,6199 Vy=5,1394
[12933,849] Ball=B007 X=244,8788 Y=38,7941 Vx=-0,7141 Vy=165,7671
[12938,527] Ball=B005 X=204,9880 Y=340,3271 Vx=-22,5526 Vy=-21,4995
[12938,724] Ball=B004 X=44,5532 Y=265,2971 Vx=167,4209 Vy=8,7920
[12931,336] Ball=B008 X=11,9421 Y=316,3113 Vx=30,4436 Vy=22,6203
[12938,397] Ball=B006 X=329,3255 Y=155,7542 Vx=99,4517 Vy=-1,6158
[12939,378] Ball=B002 X=81,9236 Y=329,9627 Vx=-66,0313 Vy=-5,9246
[12942,033] Ball=B001 X=263,6778 Y=176,1322 Vx=-2,1056 Vy=-36,3040
[12954,301] Ball=B006 X=330,9070 Y=155,7285 Vx=99,4517 Vy=-1,6158
[12954,525] Ball=B005 X=204,6272 Y=339,9832 Vx=-22,5526 Vy=-21,4995
[12947,251] Ball=B008 X=12,4266 Y=316,6713 Vx=30,4436 Vy=22,6203
[12957,895] Ball=B001 X=263,6444 Y=175,5563 Vx=-2,1056 Vy=-36,3040
[12949,948] Ball=B007 X=244,8673 Y=41,4628 Vx=-0,7141 Vy=165,7671
[12954,791] Ball=B004 X=47,2433 Y=265,4383 Vx=167,4209 Vy=8,7920
[12954,937] Ball=B003 X=50,5971 Y=25,5666 Vx=292,6199 Vy=5,1394
[12955,513] Ball=B002 X=80,8582 Y=329,8671 Vx=-66,0313 Vy=-5,9246
[12965,914] Ball=B007 X=244,8559 Y=44,1093 Vx=-0,7141 Vy=165,7671
[12970,847] Ball=B003 X=55,2528 Y=25,6484 Vx=292,6199 Vy=5,1394
[12971,363] Ball=B002 X=79,8116 Y=329,7732 Vx=-66,0313 Vy=-5,9246
[12974,029] Ball=B001 X=263,6104 Y=174,9706 Vx=-2,1056 Vy=-36,3040
[12970,463] Ball=B006 X=332,5145 Y=155,7023 Vx=99,4517 Vy=-1,6158
[12970,684] Ball=B005 X=204,2628 Y=339,6357 Vx=-22,5526 Vy=-21,4995
[12970,799] Ball=B004 X=49,9232 Y=265,5791 Vx=167,4209 Vy=8,7920
[12963,309] Ball=B008 X=12,9155 Y=317,0345 Vx=30,4436 Vy=22,6203
[12986,641] Ball=B004 X=52,5754 Y=265,7184 Vx=167,4209 Vy=8,7920
[12986,587] Ball=B005 X=203,9042 Y=339,2938 Vx=-22,5526 Vy=-21,4995
[12979,427] Ball=B008 X=13,4062 Y=317,3991 Vx=30,4436 Vy=22,6203
[12987,483] Ball=B002 X=78,7471 Y=329,6777 Vx=-66,0313 Vy=-5,9246
[12986,521] Ball=B006 X=334,1115 Y=155,6764 Vx=99,4517 Vy=-1,6158
[12987,005] Ball=B003 X=59,9809 Y=25,7315 Vx=292,6199 Vy=5,1394
[12990,122] Ball=B001 X=263,5766 Y=174,3863 Vx=-2,1056 Vy=-36,3040
[12982,111] Ball=B007 X=244,8444 Y=46,7945 Vx=-0,7141 Vy=165,7671
[12997,022] Ball=B007 X=244,8337 Y=49,2660 Vx=-0,7141 Vy=165,7671
[13001,812] Ball=B004 X=55,1154 Y=265,8517 Vx=167,4209 Vy=8,7920
[13005,067] Ball=B001 X=263,5451 Y=173,8438 Vx=-2,1056 Vy=-36,3040
[13001,972] Ball=B003 X=64,3607 Y=25,8084 Vx=292,6199 Vy=5,1394
[12994,459] Ball=B008 X=13,8638 Y=317,7391 Vx=30,4436 Vy=22,6203
[13002,577] Ball=B002 X=77,7505 Y=329,5882 Vx=-66,0313 Vy=-5,9246
[13001,823] Ball=B005 X=203,5605 Y=338,9663 Vx=-22,5526 Vy=-21,4995
[13001,722] Ball=B006 X=335,6232 Y=155,6518 Vx=99,4517 Vy=-1,6158
[13018,426] Ball=B002 X=76,7040 Y=329,4943 Vx=-66,0313 Vy=-5,9246
[13017,662] Ball=B005 X=203,2034 Y=338,6258 Vx=-22,5526 Vy=-21,4995
[13013,006] Ball=B007 X=244,8223 Y=51,9157 Vx=-0,7141 Vy=165,7671
[13017,800] Ball=B004 X=57,7921 Y=265,9923 Vx=167,4209 Vy=8,7920
[13021,138] Ball=B001 X=263,5113 Y=173,2603 Vx=-2,1056 Vy=-36,3040
[13018,039] Ball=B003 X=69,0620 Y=25,8910 Vx=292,6199 Vy=5,1394
[13017,645] Ball=B006 X=337,2068 Y=155,6261 Vx=99,4517 Vy=-1,6158
[13010,585] Ball=B008 X=14,3547 Y=318,1039 Vx=30,4436 Vy=22,6203
[13032,386] Ball=B006 X=338,6728 Y=155,6023 Vx=99,4517 Vy=-1,6158
[13025,317] Ball=B008 X=14,8032 Y=318,4371 Vx=30,4436 Vy=22,6203
[13032,861] Ball=B003 X=73,3993 Y=25,9671 Vx=292,6199 Vy=5,1394
[13035,969] Ball=B001 X=263,4800 Y=172,7219 Vx=-2,1056 Vy=-36,3040
[13033,384] Ball=B002 X=75,7163 Y=329,4057 Vx=-66,0313 Vy=-5,9246
[13032,824] Ball=B004 X=60,3075 Y=266,1244 Vx=167,4209 Vy=8,7920
[13028,045] Ball=B007 X=244,8116 Y=54,4087 Vx=-0,7141 Vy=165,7671
[13032,733] Ball=B005 X=202,8634 Y=338,3017 Vx=-22,5526 Vy=-21,4995
[13047,476] Ball=B006 X=340,1735 Y=155,5779 Vx=99,4517 Vy=-1,6158
[13047,945] Ball=B003 X=77,8129 Y=26,0446 Vx=292,6199 Vy=5,1394
[13048,491] Ball=B002 X=74,7188 Y=329,3162 Vx=-66,0313 Vy=-5,9246
[13047,746] Ball=B005 X=202,5249 Y=337,9789 Vx=-22,5526 Vy=-21,4995
[13051,180] Ball=B001 X=263,4480 Y=172,1697 Vx=-2,1056 Vy=-36,3040
[13043,163] Ball=B007 X=244,8008 Y=56,9148 Vx=-0,7141 Vy=165,7671
[13047,960] Ball=B004 X=62,8417 Y=266,2575 Vx=167,4209 Vy=8,7920
[13040,602] Ball=B008 X=15,2685 Y=318,7829 Vx=30,4436 Vy=22,6203
[13064,858] Ball=B003 X=82,7622 Y=26,1316 Vx=292,6199 Vy=5,1394
[13067,956] Ball=B001 X=263,4127 Y=171,5607 Vx=-2,1056 Vy=-36,3040
[13064,397] Ball=B006 X=341,8563 Y=155,5506 Vx=99,4517 Vy=-1,6158
[13059,953] Ball=B007 X=244,7888 Y=59,6979 Vx=-0,7141 Vy=165,7671
[13057,361] Ball=B008 X=15,7788 Y=319,1620 Vx=30,4436 Vy=22,6203
[13065,491] Ball=B002 X=73,5962 Y=329,2155 Vx=-66,0313 Vy=-5,9246
[13064,732] Ball=B005 X=202,1418 Y=337,6138 Vx=-22,5526 Vy=-21,4995
[13064,911] Ball=B004 X=65,6796 Y=266,4065 Vx=167,4209 Vy=8,7920
[13081,323] Ball=B002 X=72,5508 Y=329,1217 Vx=-66,0313 Vy=-5,9246
[13080,821] Ball=B003 X=87,4334 Y=26,2136 Vx=292,6199 Vy=5,1394
[13080,691] Ball=B004 X=68,3215 Y=266,5453 Vx=167,4209 Vy=8,7920
[13083,952] Ball=B001 X=263,3790 Y=170,9799 Vx=-2,1056 Vy=-36,3040
[13080,728] Ball=B005 X=201,7810 Y=337,2699 Vx=-22,5526 Vy=-21,4995
[13080,470] Ball=B006 X=343,4548 Y=155,5246 Vx=99,4517 Vy=-1,6158
[13076,066] Ball=B007 X=244,7773 Y=62,3691 Vx=-0,7141 Vy=165,7671
[13073,686] Ball=B008 X=16,2756 Y=319,5312 Vx=30,4436 Vy=22,6203
[13095,675] Ball=B005 X=201,4440 Y=336,9485 Vx=-22,5526 Vy=-21,4995
[13095,460] Ball=B006 X=344,9456 Y=155,5004 Vx=99,4517 Vy=-1,6158
[13096,467] Ball=B002 X=71,5508 Y=329,0320 Vx=-66,0313 Vy=-5,9246
[13099,066] Ball=B001 X=263,3472 Y=170,4312 Vx=-2,1056 Vy=-36,3040
[13091,053] Ball=B007 X=244,7666 Y=64,8533 Vx=-0,7141 Vy=165,7671
[13095,837] Ball=B004 X=70,8573 Y=266,6784 Vx=167,4209 Vy=8,7920
[13096,066] Ball=B003 X=91,8943 Y=26,2920 Vx=292,6199 Vy=5,1394
[13088,405] Ball=B008 X=16,7238 Y=319,8642 Vx=30,4436 Vy=22,6203
[13111,786] Ball=B004 X=73,5273 Y=266,8186 Vx=167,4209 Vy=8,7920
[13111,680] Ball=B005 X=201,0830 Y=336,6044 Vx=-22,5526 Vy=-21,4995
[13107,012] Ball=B007 X=244,7552 Y=67,4988 Vx=-0,7141 Vy=165,7671
[13111,946] Ball=B003 X=96,5412 Y=26,3736 Vx=292,6199 Vy=5,1394
[13112,467] Ball=B002 X=70,4943 Y=328,9372 Vx=-66,0313 Vy=-5,9246
[13115,062] Ball=B001 X=263,3135 Y=169,8505 Vx=-2,1056 Vy=-36,3040
[13104,429] Ball=B008 X=17,2117 Y=320,2267 Vx=30,4436 Vy=22,6203
[13111,580] Ball=B006 X=346,5487 Y=155,4743 Vx=99,4517 Vy=-1,6158
[13126,302] Ball=B006 X=348,0128 Y=155,4505 Vx=99,4517 Vy=-1,6158
[13119,416] Ball=B008 X=17,6679 Y=320,5657 Vx=30,4436 Vy=22,6203
[13122,108] Ball=B007 X=244,7444 Y=70,0012 Vx=-0,7141 Vy=165,7671
[13127,533] Ball=B002 X=69,4995 Y=328,8479 Vx=-66,0313 Vy=-5,9246
[13127,106] Ball=B003 X=100,9772 Y=26,4515 Vx=292,6199 Vy=5,1394
[13126,861] Ball=B005 X=200,7406 Y=336,2780 Vx=-22,5526 Vy=-21,4995
[13130,592] Ball=B001 X=263,2808 Y=169,2867 Vx=-2,1056 Vy=-36,3040
[13127,358] Ball=B004 X=76,1344 Y=266,9555 Vx=167,4209 Vy=8,7920
[13143,592] Ball=B004 X=78,8523 Y=267,0983 Vx=167,4209 Vy=8,7920
[13143,838] Ball=B003 X=105,8731 Y=26,5375 Vx=292,6199 Vy=5,1394
[13143,380] Ball=B006 X=349,7113 Y=155,4230 Vx=99,4517 Vy=-1,6158
[13143,603] Ball=B005 X=200,3630 Y=335,9181 Vx=-22,5526 Vy=-21,4995
[13147,034] Ball=B001 X=263,2462 Y=168,6898 Vx=-2,1056 Vy=-36,3040
[13144,504] Ball=B002 X=68,3789 Y=328,7474 Vx=-66,0313 Vy=-5,9246
[13139,083] Ball=B007 X=244,7323 Y=72,8151 Vx=-0,7141 Vy=165,7671
[13136,505] Ball=B008 X=18,1882 Y=320,9522 Vx=30,4436 Vy=22,6203
[13158,576] Ball=B005 X=200,0254 Y=335,5962 Vx=-22,5526 Vy=-21,4995
[13158,831] Ball=B003 X=110,2607 Y=26,6145 Vx=292,6199 Vy=5,1394
[13158,701] Ball=B004 X=81,3819 Y=267,2311 Vx=167,4209 Vy=8,7920
[13153,947] Ball=B007 X=244,7216 Y=75,2792 Vx=-0,7141 Vy=165,7671
[13161,972] Ball=B001 X=263,2147 Y=168,1475 Vx=-2,1056 Vy=-36,3040
[13159,387] Ball=B002 X=67,3961 Y=328,6592 Vx=-66,0313 Vy=-5,9246
[13158,416] Ball=B006 X=351,2067 Y=155,3987 Vx=99,4517 Vy=-1,6158
[13151,356] Ball=B008 X=18,6403 Y=321,2882 Vx=30,4436 Vy=22,6203
[13167,416] Ball=B008 X=19,1292 Y=321,6514 Vx=30,4436 Vy=22,6203
[13175,454] Ball=B002 X=66,3353 Y=328,5640 Vx=-66,0313 Vy=-5,9246
[13174,486] Ball=B006 X=352,8048 Y=155,3727 Vx=99,4517 Vy=-1,6158
[13174,713] Ball=B005 X=199,6614 Y=335,2492 Vx=-22,5526 Vy=-21,4995
[13178,074] Ball=B001 X=263,1808 Y=167,5630 Vx=-2,1056 Vy=-36,3040
[13174,852] Ball=B004 X=84,0860 Y=267,3731 Vx=167,4209 Vy=8,7920
[13174,991] Ball=B003 X=114,9894 Y=26,6976 Vx=292,6199 Vy=5,1394
[13170,211] Ball=B007 X=244,7100 Y=77,9752 Vx=-0,7141 Vy=165,7671
[13192,874] Ball=B001 X=263,1497 Y=167,0257 Vx=-2,1056 Vy=-36,3040
[13184,857] Ball=B007 X=244,6996 Y=80,4029 Vx=-0,7141 Vy=165,7671
[13189,653] Ball=B004 X=86,5639 Y=267,5032 Vx=167,4209 Vy=8,7920
[13190,314] Ball=B002 X=65,3539 Y=328,4760 Vx=-66,0313 Vy=-5,9246
[13189,562] Ball=B005 X=199,3265 Y=334,9300 Vx=-22,5526 Vy=-21,4995
[13182,285] Ball=B008 X=19,5819 Y=321,9878 Vx=30,4436 Vy=22,6203
[13189,886] Ball=B003 X=119,3480 Y=26,7741 Vx=292,6199 Vy=5,1394
[13189,352] Ball=B006 X=354,2833 Y=155,3487 Vx=99,4517 Vy=-1,6158
[13205,531] Ball=B005 X=198,9664 Y=334,5867 Vx=-22,5526 Vy=-21,4995
[13205,316] Ball=B006 X=355,8709 Y=155,3229 Vx=99,4517 Vy=-1,6158
[13205,791] Ball=B003 X=124,0020 Y=26,8559 Vx=292,6199 Vy=5,1394
[13206,305] Ball=B002 X=64,2981 Y=328,3812 Vx=-66,0313 Vy=-5,9246
[13205,684] Ball=B004 X=89,2479 Y=267,6442 Vx=167,4209 Vy=8,7920
[13201,001] Ball=B007 X=244,6881 Y=83,0728 Vx=-0,7141 Vy=165,7671
[13208,985] Ball=B001 X=263,1157 Y=166,4408 Vx=-2,1056 Vy=-36,3040
[13198,348] Ball=B008 X=20,0709 Y=322,3512 Vx=30,4436 Vy=22,6203
[13213,273] Ball=B008 X=20,5253 Y=322,6888 Vx=30,4436 Vy=22,6203
[13220,690] Ball=B004 X=91,7601 Y=267,7761 Vx=167,4209 Vy=8,7920
[13223,935] Ball=B001 X=263,0843 Y=165,8980 Vx=-2,1056 Vy=-36,3040
[13221,502] Ball=B002 X=63,2946 Y=328,2912 Vx=-66,0313 Vy=-5,9246
[13220,747] Ball=B005 X=198,6232 Y=334,2595 Vx=-22,5526 Vy=-21,4995
[13221,016] Ball=B003 X=128,4572 Y=26,9341 Vx=292,6199 Vy=5,1394
[13216,097] Ball=B007 X=244,6773 Y=85,5817 Vx=-0,7141 Vy=165,7671
[13220,568] Ball=B006 X=357,3878 Y=155,2982 Vx=99,4517 Vy=-1,6158
[13236,434] Ball=B006 X=358,9657 Y=155,2726 Vx=99,4517 Vy=-1,6158
[13237,416] Ball=B002 X=62,2438 Y=328,1969 Vx=-66,0313 Vy=-5,9246
[13236,787] Ball=B004 X=94,4553 Y=267,9177 Vx=167,4209 Vy=8,7920
[13236,933] Ball=B003 X=133,1148 Y=27,0159 Vx=292,6199 Vy=5,1394
[13232,016] Ball=B007 X=244,6659 Y=88,2204 Vx=-0,7141 Vy=165,7671
[13236,687] Ball=B005 X=198,2637 Y=333,9168 Vx=-22,5526 Vy=-21,4995
[13240,106] Ball=B001 X=263,0502 Y=165,3109 Vx=-2,1056 Vy=-36,3040
[13229,476] Ball=B008 X=21,0186 Y=323,0553 Vx=30,4436 Vy=22,6203
[13247,829] Ball=B007 X=244,6546 Y=90,8415 Vx=-0,7141 Vy=165,7671
[13245,228] Ball=B008 X=21,4981 Y=323,4116 Vx=30,4436 Vy=22,6203
[13255,867] Ball=B001 X=263,0170 Y=164,7387 Vx=-2,1056 Vy=-36,3040
[13252,523] Ball=B005 X=197,9066 Y=333,5764 Vx=-22,5526 Vy=-21,4995
[13252,655] Ball=B004 X=97,1119 Y=268,0572 Vx=167,4209 Vy=8,7920
[13252,422] Ball=B006 X=360,5557 Y=155,2468 Vx=99,4517 Vy=-1,6158
[13253,398] Ball=B002 X=61,1884 Y=328,1022 Vx=-66,0313 Vy=-5,9246
[13252,796] Ball=B003 X=137,7567 Y=27,0975 Vx=292,6199 Vy=5,1394
[13267,489] Ball=B006 X=362,0541 Y=155,2224 Vx=99,4517 Vy=-1,6158
[13267,821] Ball=B004 X=99,6509 Y=268,1905 Vx=167,4209 Vy=8,7920
[13267,966] Ball=B003 X=142,1957 Y=27,1754 Vx=292,6199 Vy=5,1394
[13267,723] Ball=B005 X=197,5638 Y=333,2496 Vx=-22,5526 Vy=-21,4995
[13271,179] Ball=B001 X=262,9848 Y=164,1829 Vx=-2,1056 Vy=-36,3040
[13263,155] Ball=B007 X=244,6437 Y=93,3822 Vx=-0,7141 Vy=165,7671
[13268,586] Ball=B002 X=60,1856 Y=328,0123 Vx=-66,0313 Vy=-5,9246
[13260,553] Ball=B008 X=21,9647 Y=323,7582 Vx=30,4436 Vy=22,6203
[13275,412] Ball=B008 X=22,4170 Y=324,0944 Vx=30,4436 Vy=22,6203
[13278,021] Ball=B007 X=244,6330 Y=95,8464 Vx=-0,7141 Vy=165,7671
[13282,699] Ball=B005 X=197,2261 Y=332,9276 Vx=-22,5526 Vy=-21,4995
[13283,467] Ball=B002 X=59,2030 Y=327,9241 Vx=-66,0313 Vy=-5,9246
[13282,501] Ball=B006 X=363,5471 Y=155,1982 Vx=99,4517 Vy=-1,6158
[13282,844] Ball=B004 X=102,1661 Y=268,3226 Vx=167,4209 Vy=8,7920
[13282,986] Ball=B003 X=146,5909 Y=27,2526 Vx=292,6199 Vy=5,1394
[13286,102] Ball=B001 X=262,9534 Y=163,6411 Vx=-2,1056 Vy=-36,3040
[13298,830] Ball=B003 X=151,2270 Y=27,3341 Vx=292,6199 Vy=5,1394
[13298,697] Ball=B004 X=104,8203 Y=268,4620 Vx=167,4209 Vy=8,7920
[13291,311] Ball=B008 X=22,9011 Y=324,4540 Vx=30,4436 Vy=22,6203
[13298,600] Ball=B005 X=196,8675 Y=332,5857 Vx=-22,5526 Vy=-21,4995
[13301,976] Ball=B001 X=262,9199 Y=163,0648 Vx=-2,1056 Vy=-36,3040
[13293,953] Ball=B007 X=244,6217 Y=98,4875 Vx=-0,7141 Vy=165,7671
[13298,406] Ball=B006 X=365,1289 Y=155,1725 Vx=99,4517 Vy=-1,6158
[13299,396] Ball=B002 X=58,1512 Y=327,8297 Vx=-66,0313 Vy=-5,9246
[13314,057] Ball=B006 X=362,4435 Y=155,1472 Vx=-99,4517 Vy=-1,6158
[13315,028] Ball=B002 X=57,1190 Y=327,7371 Vx=-66,0313 Vy=-5,9246
[13317,631] Ball=B001 X=262,8870 Y=162,4965 Vx=-2,1056 Vy=-36,3040
[13309,616] Ball=B007 X=244,6105 Y=101,0839 Vx=-0,7141 Vy=165,7671
[13314,409] Ball=B004 X=107,4507 Y=268,6001 Vx=167,4209 Vy=8,7920
[13314,312] Ball=B005 X=196,5131 Y=332,2479 Vx=-22,5526 Vy=-21,4995
[13307,036] Ball=B008 X=23,3798 Y=324,8097 Vx=30,4436 Vy=22,6203
[13314,573] Ball=B003 X=155,8340 Y=27,4150 Vx=292,6199 Vy=5,1394
[13329,146] Ball=B005 X=196,1786 Y=331,9290 Vx=-22,5526 Vy=-21,4995
[13321,865] Ball=B008 X=23,8312 Y=325,1451 Vx=30,4436 Vy=22,6203
[13332,550] Ball=B001 X=262,8556 Y=161,9548 Vx=-2,1056 Vy=-36,3040
[13329,326] Ball=B004 X=109,9482 Y=268,7313 Vx=167,4209 Vy=8,7920
[13324,555] Ball=B007 X=244,5998 Y=103,5603 Vx=-0,7141 Vy=165,7671
[13329,022] Ball=B006 X=360,9551 Y=155,1230 Vx=-99,4517 Vy=-1,6158
[13329,507] Ball=B003 X=160,2038 Y=27,4917 Vx=292,6199 Vy=5,1394
[13330,025] Ball=B002 X=56,1286 Y=327,6482 Vx=-66,0313 Vy=-5,9246
[13337,541] Ball=B008 X=24,3084 Y=325,4997 Vx=30,4436 Vy=22,6203
[13345,590] Ball=B002 X=55,1010 Y=327,5560 Vx=-66,0313 Vy=-5,9246
[13345,087] Ball=B003 X=164,7629 Y=27,5718 Vx=292,6199 Vy=5,1394
[13344,624] Ball=B006 X=359,4035 Y=155,0978 Vx=-99,4517 Vy=-1,6158
[13340,204] Ball=B007 X=244,5886 Y=106,1544 Vx=-0,7141 Vy=165,7671
[13348,230] Ball=B001 X=262,8225 Y=161,3856 Vx=-2,1056 Vy=-36,3040
[13344,879] Ball=B005 X=195,8238 Y=331,5907 Vx=-22,5526 Vy=-21,4995
[13344,990] Ball=B004 X=112,5706 Y=268,8690 Vx=167,4209 Vy=8,7920
[13353,398] Ball=B008 X=24,7912 Y=325,8584 Vx=30,4436 Vy=22,6203
[13360,793] Ball=B004 X=115,2163 Y=269,0079 Vx=167,4209 Vy=8,7920
[13361,444] Ball=B002 X=54,0540 Y=327,4621 Vx=-66,0313 Vy=-5,9246
[13364,047] Ball=B001 X=262,7892 Y=160,8114 Vx=-2,1056 Vy=-36,3040
[13360,494] Ball=B006 X=357,8253 Y=155,0721 Vx=-99,4517 Vy=-1,6158
[13361,043] Ball=B003 X=169,4319 Y=27,6538 Vx=292,6199 Vy=5,1394
[13360,711] Ball=B005 X=195,4667 Y=331,2504 Vx=-22,5526 Vy=-21,4995
[13356,042] Ball=B007 X=244,5773 Y=108,7798 Vx=-0,7141 Vy=165,7671
[13380,150] Ball=B001 X=262,7553 Y=160,2268 Vx=-2,1056 Vy=-36,3040
[13376,811] Ball=B005 X=195,1036 Y=330,9042 Vx=-22,5526 Vy=-21,4995
[13372,145] Ball=B007 X=244,5658 Y=111,4492 Vx=-0,7141 Vy=165,7671
[13376,598] Ball=B006 X=356,2237 Y=155,0461 Vx=-99,4517 Vy=-1,6158
[13377,156] Ball=B003 X=174,1471 Y=27,7366 Vx=292,6199 Vy=5,1394
[13369,629] Ball=B008 X=25,2853 Y=326,2256 Vx=30,4436 Vy=22,6203
[13377,092] Ball=B004 X=117,9451 Y=269,1512 Vx=167,4209 Vy=8,7920
[13377,828] Ball=B002 X=52,9722 Y=327,3650 Vx=-66,0313 Vy=-5,9246
[13391,461] Ball=B006 X=354,7456 Y=155,0221 Vx=-99,4517 Vy=-1,6158
[13391,682] Ball=B005 X=194,7682 Y=330,5845 Vx=-22,5526 Vy=-21,4995
[13392,452] Ball=B002 X=52,0065 Y=327,2784 Vx=-66,0313 Vy=-5,9246
[13395,056] Ball=B001 X=262,7239 Y=159,6856 Vx=-2,1056 Vy=-36,3040
[13387,062] Ball=B007 X=244,5552 Y=113,9220 Vx=-0,7141 Vy=165,7671
[13391,987] Ball=B003 X=178,4867 Y=27,8128 Vx=292,6199 Vy=5,1394
[13384,457] Ball=B008 X=25,7367 Y=326,5610 Vx=30,4436 Vy=22,6203
[13391,863] Ball=B004 X=120,4182 Y=269,2811 Vx=167,4209 Vy=8,7920
[13407,842] Ball=B005 X=194,4038 Y=330,2371 Vx=-22,5526 Vy=-21,4995
[13400,567] Ball=B008 X=26,2272 Y=326,9254 Vx=30,4436 Vy=22,6203
[13408,100] Ball=B003 X=183,2017 Y=27,8956 Vx=292,6199 Vy=5,1394
[13407,967] Ball=B004 X=123,1142 Y=269,4227 Vx=167,4209 Vy=8,7920
[13403,212] Ball=B007 X=244,5436 Y=116,5985 Vx=-0,7141 Vy=165,7671
[13411,242] Ball=B001 X=262,6899 Y=159,0980 Vx=-2,1056 Vy=-36,3040
[13408,649] Ball=B002 X=50,9370 Y=327,1824 Vx=-66,0313 Vy=-5,9246
[13407,676] Ball=B006 X=353,1329 Y=154,9959 Vx=-99,4517 Vy=-1,6158
[13423,351] Ball=B004 X=125,6898 Y=269,5579 Vx=167,4209 Vy=8,7920
[13423,996] Ball=B002 X=51,6124 Y=327,1091 Vx=34,6006 Vy=-4,8777
[13426,596] Ball=B001 X=262,6575 Y=158,5406 Vx=-2,1056 Vy=-36,3040
[13423,031] Ball=B006 X=351,6059 Y=154,9711 Vx=-99,4517 Vy=-1,6158
[13418,587] Ball=B007 X=244,5327 Y=119,1477 Vx=-0,7141 Vy=165,7671
[13416,000] Ball=B008 X=25,1190 Y=327,2581 Vx=-62,4474 Vy=21,6539
[13423,278] Ball=B005 X=194,0556 Y=329,9052 Vx=-22,5526 Vy=-21,4995
[13423,531] Ball=B003 X=187,7173 Y=27,9750 Vx=292,6199 Vy=5,1394
[13441,770] Ball=B001 X=262,6256 Y=157,9898 Vx=-2,1056 Vy=-36,3040
[13438,669] Ball=B003 X=192,1465 Y=28,0527 Vx=292,6199 Vy=5,1394
[13438,541] Ball=B004 X=128,2329 Y=269,6915 Vx=167,4209 Vy=8,7920
[13431,180] Ball=B008 X=24,1711 Y=327,5868 Vx=-62,4474 Vy=21,6539
[13433,931] Ball=B007 X=244,5217 Y=121,6912 Vx=-0,7141 Vy=165,7671
[13438,438] Ball=B006 X=350,0736 Y=154,9462 Vx=-99,4517 Vy=-1,6158
[13439,435] Ball=B002 X=52,1466 Y=327,0338 Vx=34,6006 Vy=-4,8777
[13438,462] Ball=B005 X=193,7132 Y=329,5787 Vx=-22,5526 Vy=-21,4995
[13448,861] Ball=B007 X=244,5110 Y=124,1661 Vx=-0,7141 Vy=165,7671
[13454,292] Ball=B002 X=52,6607 Y=326,9613 Vx=34,6006 Vy=-4,8777
[13453,564] Ball=B005 X=193,3726 Y=329,2541 Vx=-22,5526 Vy=-21,4995
[13446,370] Ball=B008 X=23,2225 Y=327,9157 Vx=-62,4474 Vy=21,6539
[13453,434] Ball=B006 X=348,5822 Y=154,9220 Vx=-99,4517 Vy=-1,6158
[13457,087] Ball=B001 X=262,5933 Y=157,4336 Vx=-2,1056 Vy=-36,3040
[13453,994] Ball=B003 X=196,6311 Y=28,1315 Vx=292,6199 Vy=5,1394
[13453,858] Ball=B004 X=130,7975 Y=269,8261 Vx=167,4209 Vy=8,7920
[13468,376] Ball=B005 X=193,0386 Y=328,9356 Vx=-22,5526 Vy=-21,4995
[13461,102] Ball=B008 X=22,3025 Y=328,2347 Vx=-62,4474 Vy=21,6539
[13468,490] Ball=B004 X=133,2469 Y=269,9548 Vx=167,4209 Vy=8,7920
[13468,753] Ball=B003 X=200,9500 Y=28,2074 Vx=292,6199 Vy=5,1394
[13471,908] Ball=B001 X=262,5621 Y=156,8956 Vx=-2,1056 Vy=-36,3040
[13468,384] Ball=B006 X=347,0954 Y=154,8978 Vx=-99,4517 Vy=-1,6158
[13463,958] Ball=B007 X=244,5003 Y=126,6688 Vx=-0,7141 Vy=165,7671
[13469,394] Ball=B002 X=53,1833 Y=326,8876 Vx=34,6006 Vy=-4,8777
[13486,915] Ball=B001 X=262,5305 Y=156,3508 Vx=-2,1056 Vy=-36,3040
[13484,324] Ball=B002 X=53,6998 Y=326,8148 Vx=34,6006 Vy=-4,8777
[13483,571] Ball=B005 X=192,6959 Y=328,6089 Vx=-22,5526 Vy=-21,4995
[13478,931] Ball=B007 X=244,4896 Y=129,1508 Vx=-0,7141 Vy=165,7671
[13483,387] Ball=B006 X=345,6034 Y=154,8736 Vx=-99,4517 Vy=-1,6158
[13483,857] Ball=B003 X=205,3697 Y=28,2850 Vx=292,6199 Vy=5,1394
[13476,426] Ball=B008 X=21,3456 Y=328,5665 Vx=-62,4474 Vy=21,6539
[13483,744] Ball=B004 X=135,8009 Y=270,0889 Vx=167,4209 Vy=8,7920
[13491,226] Ball=B008 X=20,4214 Y=328,8870 Vx=-62,4474 Vy=21,6539
[13498,616] Ball=B004 X=138,2907 Y=270,2197 Vx=167,4209 Vy=8,7920
[13501,866] Ball=B001 X=262,4990 Y=155,8080 Vx=-2,1056 Vy=-36,3040
[13498,771] Ball=B003 X=209,7337 Y=28,3616 Vx=292,6199 Vy=5,1394
[13499,298] Ball=B002 X=54,2179 Y=326,7418 Vx=34,6006 Vy=-4,8777
[13493,872] Ball=B007 X=244,4789 Y=131,6276 Vx=-0,7141 Vy=165,7671
[13498,560] Ball=B005 X=192,3578 Y=328,2867 Vx=-22,5526 Vy=-21,4995
[13498,341] Ball=B006 X=344,1161 Y=154,8494 Vx=-99,4517 Vy=-1,6158
[13513,697] Ball=B003 X=214,1013 Y=28,4384 Vx=292,6199 Vy=5,1394
[13513,465] Ball=B005 X=192,0217 Y=327,9662 Vx=-22,5526 Vy=-21,4995
[13516,814] Ball=B001 X=262,4676 Y=155,2654 Vx=-2,1056 Vy=-36,3040
[13506,192] Ball=B008 X=19,4868 Y=329,2111 Vx=-62,4474 Vy=21,6539
[13508,902] Ball=B007 X=244,4682 Y=134,1190 Vx=-0,7141 Vy=165,7671
[13514,334] Ball=B002 X=54,7382 Y=326,6684 Vx=34,6006 Vy=-4,8777
[13513,425] Ball=B006 X=342,6160 Y=154,8250 Vx=-99,4517 Vy=-1,6158
[13513,765] Ball=B004 X=140,8271 Y=270,3528 Vx=167,4209 Vy=8,7920
[13529,528] Ball=B004 X=143,4660 Y=270,4914 Vx=167,4209 Vy=8,7920
[13529,675] Ball=B003 X=218,7770 Y=28,5205 Vx=292,6199 Vy=5,1394
[13522,149] Ball=B008 X=18,4903 Y=329,5566 Vx=-62,4474 Vy=21,6539
[13529,439] Ball=B005 X=191,6614 Y=327,6228 Vx=-22,5526 Vy=-21,4995
[13530,217] Ball=B002 X=55,2878 Y=326,5910 Vx=34,6006 Vy=-4,8777
[13529,241] Ball=B006 X=341,0431 Y=154,7995 Vx=-99,4517 Vy=-1,6158
[13524,791] Ball=B007 X=241,9693 Y=133,8304 Vx=-132,1713 Vy=11,3261
[13532,817] Ball=B001 X=263,9399 Y=156,4537 Vx=67,0824 Vy=44,9807
[13548,901] Ball=B001 X=265,0188 Y=157,1772 Vx=67,0824 Vy=44,9807
[13546,310] Ball=B002 X=55,8446 Y=326,5125 Vx=34,6006 Vy=-4,8777
[13545,342] Ball=B006 X=339,4418 Y=154,7735 Vx=-99,4517 Vy=-1,6158
[13540,908] Ball=B007 X=239,8390 Y=134,0130 Vx=-132,1713 Vy=11,3261
[13538,305] Ball=B008 X=17,4814 Y=329,9065 Vx=-62,4474 Vy=21,6539
[13545,584] Ball=B005 X=191,2973 Y=327,2757 Vx=-22,5526 Vy=-21,4995
[13545,914] Ball=B003 X=223,5289 Y=28,6039 Vx=292,6199 Vy=5,1394
[13545,783] Ball=B004 X=146,1876 Y=270,6344 Vx=167,4209 Vy=8,7920
[13561,543] Ball=B005 X=190,9374 Y=326,9326 Vx=-22,5526 Vy=-21,4995
[13554,273] Ball=B008 X=16,4842 Y=330,2522 Vx=-62,4474 Vy=21,6539
[13561,682] Ball=B004 X=148,8494 Y=270,7741 Vx=167,4209 Vy=8,7920
[13561,370] Ball=B006 X=337,8478 Y=154,7476 Vx=-99,4517 Vy=-1,6158
[13561,838] Ball=B003 X=228,1886 Y=28,6858 Vx=292,6199 Vy=5,1394
[13565,017] Ball=B001 X=266,1000 Y=157,9021 Vx=67,0824 Vy=44,9807
[13556,994] Ball=B007 X=237,7131 Y=134,1952 Vx=-132,1713 Vy=11,3261
[13562,510] Ball=B002 X=56,4051 Y=326,4335 Vx=34,6006 Vy=-4,8777
[13577,343] Ball=B006 X=336,2594 Y=154,7218 Vx=-99,4517 Vy=-1,6158
[13572,894] Ball=B007 X=235,6115 Y=134,3753 Vx=-132,1713 Vy=11,3261
[13578,325] Ball=B002 X=56,9523 Y=326,3563 Vx=34,6006 Vy=-4,8777
[13577,825] Ball=B003 X=232,8665 Y=28,7679 Vx=292,6199 Vy=5,1394
[13580,934] Ball=B001 X=267,1677 Y=158,6181 Vx=67,0824 Vy=44,9807
[13577,719] Ball=B004 X=151,5344 Y=270,9151 Vx=167,4209 Vy=8,7920
[13577,607] Ball=B005 X=190,5751 Y=326,5872 Vx=-22,5526 Vy=-21,4995
[13570,328] Ball=B008 X=15,4816 Y=330,5999 Vx=-62,4474 Vy=21,6539
[13595,909] Ball=B001 X=268,1722 Y=159,2916 Vx=67,0824 Vy=44,9807
[13592,560] Ball=B005 X=190,2379 Y=326,2657 Vx=-22,5526 Vy=-21,4995
[13585,287] Ball=B008 X=14,5475 Y=330,9238 Vx=-62,4474 Vy=21,6539
[13592,690] Ball=B004 X=154,0407 Y=271,0468 Vx=167,4209 Vy=8,7920
[13587,915] Ball=B007 X=233,6261 Y=134,5454 Vx=-132,1713 Vy=11,3261
[13593,449] Ball=B002 X=57,4756 Y=326,2825 Vx=34,6006 Vy=-4,8777
[13592,947] Ball=B003 X=237,2917 Y=28,8457 Vx=292,6199 Vy=5,1394
[13592,497] Ball=B006 X=334,7522 Y=154,6973 Vx=-99,4517 Vy=-1,6158
[13608,341] Ball=B006 X=333,1765 Y=154,6717 Vx=-99,4517 Vy=-1,6158
[13608,574] Ball=B005 X=189,8767 Y=325,9214 Vx=-22,5526 Vy=-21,4995
[13608,680] Ball=B004 X=156,7178 Y=271,1873 Vx=167,4209 Vy=8,7920
[13603,998] Ball=B007 X=231,5005 Y=134,7275 Vx=-132,1713 Vy=11,3261
[13612,026] Ball=B001 X=269,2535 Y=160,0166 Vx=67,0824 Vy=44,9807
[13608,938] Ball=B003 X=241,9710 Y=28,9278 Vx=292,6199 Vy=5,1394
[13609,447] Ball=B002 X=58,0292 Y=326,2045 Vx=34,6006 Vy=-4,8777
[13601,424] Ball=B008 X=13,5397 Y=331,2733 Vx=-62,4474 Vy=21,6539
[13623,415] Ball=B005 X=189,5421 Y=325,6024 Vx=-22,5526 Vy=-21,4995
[13624,181] Ball=B002 X=58,5389 Y=326,1326 Vx=34,6006 Vy=-4,8777
[13616,148] Ball=B008 X=12,6203 Y=331,5921 Vx=-62,4474 Vy=21,6539
[13626,787] Ball=B001 X=270,2437 Y=160,6806 Vx=67,0824 Vy=44,9807
[13623,554] Ball=B004 X=159,2081 Y=271,3181 Vx=167,4209 Vy=8,7920
[13623,783] Ball=B003 X=246,3148 Y=29,0041 Vx=292,6199 Vy=5,1394
[13618,864] Ball=B007 X=229,5355 Y=134,8959 Vx=-132,1713 Vy=11,3261
[13623,323] Ball=B006 X=331,6864 Y=154,6475 Vx=-99,4517 Vy=-1,6158
[13638,188] Ball=B006 X=330,2082 Y=154,6235 Vx=-99,4517 Vy=-1,6158
[13639,176] Ball=B002 X=59,0578 Y=326,0595 Vx=34,6006 Vy=-4,8777
[13638,441] Ball=B005 X=189,2032 Y=325,2793 Vx=-22,5526 Vy=-21,4995
[13633,771] Ball=B007 X=227,5653 Y=135,0648 Vx=-132,1713 Vy=11,3261
[13641,962] Ball=B001 X=271,2616 Y=161,3631 Vx=67,0824 Vy=44,9807
[13631,334] Ball=B008 X=11,6720 Y=331,9209 Vx=-62,4474 Vy=21,6539
[13638,932] Ball=B003 X=250,7478 Y=29,0820 Vx=292,6199 Vy=5,1394
[13638,524] Ball=B004 X=161,7144 Y=271,4497 Vx=167,4209 Vy=8,7920
[13654,548] Ball=B004 X=164,3971 Y=271,5906 Vx=167,4209 Vy=8,7920
[13647,154] Ball=B008 X=10,6841 Y=332,2635 Vx=-62,4474 Vy=21,6539
[13649,808] Ball=B007 X=225,4456 Y=135,2464 Vx=-132,1713 Vy=11,3261
[13654,732] Ball=B003 X=255,3711 Y=29,1632 Vx=292,6199 Vy=5,1394
[13654,621] Ball=B005 X=188,8383 Y=324,9314 Vx=-22,5526 Vy=-21,4995
[13658,043] Ball=B001 X=272,3404 Y=162,0865 Vx=67,0824 Vy=44,9807
[13655,451] Ball=B002 X=59,6209 Y=325,9801 Vx=34,6006 Vy=-4,8777
[13654,486] Ball=B006 X=328,5873 Y=154,5971 Vx=-99,4517 Vy=-1,6158
[13670,205] Ball=B002 X=60,1314 Y=325,9081 Vx=34,6006 Vy=-4,8777
[13669,564] Ball=B004 X=166,9110 Y=271,7226 Vx=167,4209 Vy=8,7920
[13669,820] Ball=B003 X=259,7861 Y=29,2407 Vx=292,6199 Vy=5,1394
[13662,415] Ball=B008 X=9,7311 Y=332,5939 Vx=-62,4474 Vy=21,6539
[13673,072] Ball=B001 X=273,3485 Y=162,7625 Vx=67,0824 Vy=44,9807
[13669,734] Ball=B005 X=188,4974 Y=324,6065 Vx=-22,5526 Vy=-21,4995
[13665,076] Ball=B007 X=223,4276 Y=135,4193 Vx=-132,1713 Vy=11,3261
[13669,591] Ball=B006 X=327,0851 Y=154,5727 Vx=-99,4517 Vy=-1,6158
[13680,699] Ball=B007 X=221,3629 Y=135,5963 Vx=-132,1713 Vy=11,3261
[13685,375] Ball=B005 X=188,1447 Y=324,2702 Vx=-22,5526 Vy=-21,4995
[13685,160] Ball=B006 X=325,5366 Y=154,5476 Vx=-99,4517 Vy=-1,6158
[13686,145] Ball=B002 X=60,6830 Y=325,8304 Vx=34,6006 Vy=-4,8777
[13688,754] Ball=B001 X=274,4006 Y=163,4679 Vx=67,0824 Vy=44,9807
[13678,123] Ball=B008 X=8,7501 Y=332,9341 Vx=-62,4474 Vy=21,6539
[13685,526] Ball=B004 X=169,5835 Y=271,8630 Vx=167,4209 Vy=8,7920
[13685,660] Ball=B003 X=264,4215 Y=29,3222 Vx=292,6199 Vy=5,1394
[13693,171] Ball=B008 X=7,8104 Y=333,2599 Vx=-62,4474 Vy=21,6539
[13700,559] Ball=B004 X=172,1001 Y=271,9951 Vx=167,4209 Vy=8,7920
[13695,797] Ball=B007 X=219,3673 Y=135,7673 Vx=-132,1713 Vy=11,3261
[13700,720] Ball=B003 X=268,8280 Y=29,3995 Vx=292,6199 Vy=5,1394
[13700,342] Ball=B006 X=324,0268 Y=154,5230 Vx=-99,4517 Vy=-1,6158
[13701,319] Ball=B002 X=61,2055 Y=325,7567 Vx=34,6006 Vy=-4,8777
[13703,921] Ball=B001 X=275,4180 Y=164,1501 Vx=67,0824 Vy=44,9807
[13700,571] Ball=B005 X=187,8020 Y=323,9435 Vx=-22,5526 Vy=-21,4995
[13708,248] Ball=B008 X=6,8692 Y=333,5863 Vx=-62,4474 Vy=21,6539
[13718,896] Ball=B001 X=276,4225 Y=164,8236 Vx=67,0824 Vy=44,9807
[13716,306] Ball=B002 X=61,7266 Y=325,6833 Vx=34,6006 Vy=-4,8777
[13715,731] Ball=B004 X=174,6313 Y=272,1281 Vx=167,4209 Vy=8,7920
[13715,559] Ball=B005 X=187,4639 Y=323,6213 Vx=-22,5526 Vy=-21,4995
[13715,412] Ball=B006 X=322,5280 Y=154,4987 Vx=-99,4517 Vy=-1,6158
[13715,932] Ball=B003 X=273,2795 Y=29,4777 Vx=292,6199 Vy=5,1394
[13711,070] Ball=B007 X=217,3487 Y=135,9402 Vx=-132,1713 Vy=11,3261
[13730,675] Ball=B003 X=277,5931 Y=29,5535 Vx=292,6199 Vy=5,1394
[13730,212] Ball=B006 X=321,0562 Y=154,4748 Vx=-99,4517 Vy=-1,6158
[13730,555] Ball=B004 X=177,1222 Y=272,2589 Vx=167,4209 Vy=8,7920
[13730,470] Ball=B005 X=187,1277 Y=323,3007 Vx=-22,5526 Vy=-21,4995
[13731,228] Ball=B002 X=62,2428 Y=325,6105 Vx=34,6006 Vy=-4,8777
[13723,191] Ball=B008 X=5,9357 Y=333,9100 Vx=-62,4474 Vy=21,6539
[13725,752] Ball=B007 X=215,4083 Y=136,1065 Vx=-132,1713 Vy=11,3261
[13733,925] Ball=B001 X=277,4307 Y=165,4997 Vx=67,0824 Vy=44,9807
[13738,259] Ball=B008 X=4,9948 Y=334,2363 Vx=-62,4474 Vy=21,6539
[13745,803] Ball=B003 X=282,0202 Y=29,6312 Vx=292,6199 Vy=5,1394
[13746,302] Ball=B002 X=62,7644 Y=325,5370 Vx=34,6006 Vy=-4,8777
[13745,670] Ball=B004 X=179,6528 Y=272,3918 Vx=167,4209 Vy=8,7920
[13745,634] Ball=B005 X=186,7857 Y=322,9747 Vx=-22,5526 Vy=-21,4995
[13740,970] Ball=B007 X=213,3967 Y=136,2789 Vx=-132,1713 Vy=11,3261
[13748,992] Ball=B001 X=278,4415 Y=166,1774 Vx=67,0824 Vy=44,9807
[13745,476] Ball=B006 X=319,5382 Y=154,4501 Vx=-99,4517 Vy=-1,6158
[13762,253] Ball=B002 X=63,3163 Y=325,4592 Vx=34,6006 Vy=-4,8777
[13761,502] Ball=B005 X=186,4278 Y=322,6335 Vx=-22,5526 Vy=-21,4995
[13761,753] Ball=B003 X=286,6875 Y=29,7132 Vx=292,6199 Vy=5,1394
[13754,240] Ball=B008 X=3,9968 Y=334,5823 Vx=-62,4474 Vy=21,6539
[13756,958] Ball=B007 X=211,2835 Y=136,4600 Vx=-132,1713 Vy=11,3261
[13761,745] Ball=B004 X=182,3440 Y=272,5331 Vx=167,4209 Vy=8,7920
[13764,984] Ball=B001 X=279,5143 Y=166,8968 Vx=67,0824 Vy=44,9807
[13761,414] Ball=B006 X=317,9531 Y=154,4244 Vx=-99,4517 Vy=-1,6158
[13780,759] Ball=B001 X=280,5724 Y=167,6063 Vx=67,0824 Vy=44,9807
[13772,738] Ball=B007 X=209,1978 Y=136,6387 Vx=-132,1713 Vy=11,3261
[13778,278] Ball=B002 X=63,8708 Y=325,3810 Vx=34,6006 Vy=-4,8777
[13777,319] Ball=B006 X=316,3713 Y=154,3987 Vx=-99,4517 Vy=-1,6158
[13777,726] Ball=B004 X=185,0197 Y=272,6736 Vx=167,4209 Vy=8,7920
[13770,346] Ball=B008 X=2,9910 Y=334,9311 Vx=-62,4474 Vy=21,6539
[13777,623] Ball=B005 X=186,0642 Y=322,2869 Vx=-22,5526 Vy=-21,4995
[13777,939] Ball=B003 X=291,4239 Y=29,7964 Vx=292,6199 Vy=5,1394
[13788,882] Ball=B007 X=207,0642 Y=136,8215 Vx=-132,1713 Vy=11,3261
[13786,284] Ball=B008 X=1,9958 Y=335,2762 Vx=-62,4474 Vy=21,6539
[13793,569] Ball=B005 X=185,7046 Y=321,9441 Vx=-22,5526 Vy=-21,4995
[13793,830] Ball=B003 X=296,0739 Y=29,8781 Vx=292,6199 Vy=5,1394
[13793,368] Ball=B006 X=314,7752 Y=154,3727 Vx=-99,4517 Vy=-1,6158
[13793,777] Ball=B004 X=187,7071 Y=272,8147 Vx=167,4209 Vy=8,7920
[13794,441] Ball=B002 X=64,4301 Y=325,3022 Vx=34,6006 Vy=-4,8777
[13797,038] Ball=B001 X=279,4663 Y=169,1891 Vx=-58,5950 Vy=93,6071
[13808,800] Ball=B003 X=300,4544 Y=29,9550 Vx=292,6199 Vy=5,1394
[13808,558] Ball=B005 X=185,3666 Y=321,6218 Vx=-22,5526 Vy=-21,4995
[13809,505] Ball=B002 X=64,9513 Y=325,2287 Vx=34,6006 Vy=-4,8777
[13808,536] Ball=B006 X=315,4311 Y=153,5108 Vx=33,2078 Vy=-52,9436
[13812,247] Ball=B001 X=278,5751 Y=170,6128 Vx=-58,5950 Vy=93,6071
[13801,619] Ball=B008 X=1,0381 Y=335,6083 Vx=-62,4474 Vy=21,6539
[13804,177] Ball=B007 X=205,0426 Y=136,9948 Vx=-132,1713 Vy=11,3261
[13808,666] Ball=B004 X=190,1997 Y=272,9456 Vx=167,4209 Vy=8,7920
[13818,127] Ball=B008 X=0,0073 Y=335,9657 Vx=-62,4474 Vy=21,6539
[13826,167] Ball=B002 X=65,5278 Y=325,1474 Vx=34,6006 Vy=-4,8777
[13825,531] Ball=B004 X=193,0233 Y=273,0939 Vx=167,4209 Vy=8,7920
[13828,866] Ball=B001 X=277,6014 Y=172,1684 Vx=-58,5950 Vy=93,6071
[13825,579] Ball=B005 X=184,9827 Y=321,2559 Vx=-22,5526 Vy=-21,4995
[13825,888] Ball=B003 X=305,4549 Y=30,0428 Vx=292,6199 Vy=5,1394
[13825,631] Ball=B006 X=315,9988 Y=152,6057 Vx=33,2078 Vy=-52,9436
[13821,184] Ball=B007 X=202,7947 Y=137,1874 Vx=-132,1713 Vy=11,3261
[13840,183] Ball=B006 X=316,4820 Y=151,8353 Vx=33,2078 Vy=-52,9436
[13835,739] Ball=B007 X=200,8710 Y=137,3523 Vx=-132,1713 Vy=11,3261
[13833,156] Ball=B008 X=-0,9313 Y=336,2912 Vx=-62,4474 Vy=21,6539
[13840,693] Ball=B003 X=309,7872 Y=30,1189 Vx=292,6199 Vy=5,1394
[13841,281] Ball=B002 X=66,0507 Y=325,0737 Vx=34,6006 Vy=-4,8777
[13840,518] Ball=B005 X=184,6458 Y=320,9347 Vx=-22,5526 Vy=-21,4995
[13843,886] Ball=B001 X=276,7213 Y=173,5743 Vx=-58,5950 Vy=93,6071
[13840,563] Ball=B004 X=195,5399 Y=273,2261 Vx=167,4209 Vy=8,7920
[13856,646] Ball=B004 X=198,2324 Y=273,3675 Vx=167,4209 Vy=8,7920
[13856,543] Ball=B005 X=184,2844 Y=320,5902 Vx=-22,5526 Vy=-21,4995
[13857,315] Ball=B002 X=66,6055 Y=324,9955 Vx=34,6006 Vy=-4,8777
[13856,806] Ball=B003 X=314,5019 Y=30,2017 Vx=292,6199 Vy=5,1394
[13859,983] Ball=B001 X=275,7781 Y=175,0811 Vx=-58,5950 Vy=93,6071
[13856,465] Ball=B006 X=317,0227 Y=150,9733 Vx=33,2078 Vy=-52,9436
[13849,451] Ball=B008 X=1,0142 Y=336,6428 Vx=62,4474 Vy=21,6539
[13852,075] Ball=B007 X=198,7117 Y=137,5373 Vx=-132,1713 Vy=11,3261
[13871,434] Ball=B006 X=317,5198 Y=150,1808 Vx=33,2078 Vy=-52,9436
[13875,013] Ball=B001 X=274,8974 Y=176,4880 Vx=-58,5950 Vy=93,6071
[13867,006] Ball=B007 X=196,7383 Y=137,7064 Vx=-132,1713 Vy=11,3261
[13864,493] Ball=B008 X=1,9569 Y=336,9697 Vx=62,4474 Vy=21,6539
[13871,971] Ball=B004 X=200,7982 Y=273,5022 Vx=167,4209 Vy=8,7920
[13872,617] Ball=B002 X=67,1350 Y=324,9208 Vx=34,6006 Vy=-4,8777
[13872,113] Ball=B003 X=318,9812 Y=30,2804 Vx=292,6199 Vy=5,1394
[13871,871] Ball=B005 X=183,9387 Y=320,2607 Vx=-22,5526 Vy=-21,4995
[13887,787] Ball=B005 X=183,5798 Y=319,9185 Vx=-22,5526 Vy=-21,4995
[13888,056] Ball=B003 X=323,6463 Y=30,3623 Vx=292,6199 Vy=5,1394
[13887,589] Ball=B006 X=318,0562 Y=149,3255 Vx=33,2078 Vy=-52,9436
[13888,593] Ball=B002 X=67,6878 Y=324,8429 Vx=34,6006 Vy=-4,8777
[13883,252] Ball=B007 X=194,5911 Y=137,8904 Vx=-132,1713 Vy=11,3261
[13888,050] Ball=B004 X=203,4902 Y=273,6436 Vx=167,4209 Vy=8,7920
[13880,669] Ball=B008 X=2,9671 Y=337,3200 Vx=62,4474 Vy=21,6539
[13891,371] Ball=B001 X=273,9389 Y=178,0193 Vx=-58,5950 Vy=93,6071
[13906,908] Ball=B001 X=273,0286 Y=179,4735 Vx=-58,5950 Vy=93,6071
[13903,556] Ball=B005 X=183,2241 Y=319,5794 Vx=-22,5526 Vy=-21,4995
[13903,820] Ball=B003 X=328,2594 Y=30,4434 Vx=292,6199 Vy=5,1394
[13896,301] Ball=B008 X=3,9432 Y=337,6585 Vx=62,4474 Vy=21,6539
[13903,376] Ball=B006 X=318,5805 Y=148,4896 Vx=33,2078 Vy=-52,9436
[13903,708] Ball=B004 X=206,1118 Y=273,7812 Vx=167,4209 Vy=8,7920
[13904,436] Ball=B002 X=68,2359 Y=324,7656 Vx=34,6006 Vy=-4,8777
[13899,007] Ball=B007 X=192,5087 Y=138,0688 Vx=-132,1713 Vy=11,3261
[13919,296] Ball=B002 X=68,7501 Y=324,6932 Vx=34,6006 Vy=-4,8777
[13918,814] Ball=B003 X=332,6467 Y=30,5204 Vx=292,6199 Vy=5,1394
[13913,897] Ball=B007 X=190,5406 Y=138,2375 Vx=-132,1713 Vy=11,3261
[13922,060] Ball=B001 X=272,1433 Y=180,8878 Vx=-58,5950 Vy=93,6071
[13918,772] Ball=B004 X=208,6336 Y=273,9137 Vx=167,4209 Vy=8,7920
[13918,504] Ball=B006 X=319,0829 Y=147,6887 Vx=33,2078 Vy=-52,9436
[13918,777] Ball=B005 X=182,8809 Y=319,2522 Vx=-22,5526 Vy=-21,4995
[13911,272] Ball=B008 X=4,8781 Y=337,9827 Vx=62,4474 Vy=21,6539
[13926,202] Ball=B008 X=5,8104 Y=338,3059 Vx=62,4474 Vy=21,6539
[13933,595] Ball=B004 X=211,1154 Y=274,0440 Vx=167,4209 Vy=8,7920
[13934,256] Ball=B002 X=69,2677 Y=324,6202 Vx=34,6006 Vy=-4,8777
[13933,512] Ball=B005 X=182,5486 Y=318,9354 Vx=-22,5526 Vy=-21,4995
[13933,768] Ball=B003 X=337,0228 Y=30,5973 Vx=292,6199 Vy=5,1394
[13933,310] Ball=B006 X=319,5745 Y=146,9048 Vx=33,2078 Vy=-52,9436
[13936,881] Ball=B001 X=271,2722 Y=182,2794 Vx=-58,5950 Vy=93,6071
[13928,867] Ball=B007 X=188,5621 Y=138,4070 Vx=-132,1713 Vy=11,3261
[13949,489] Ball=B004 X=213,7763 Y=274,1837 Vx=167,4209 Vy=8,7920
[13944,714] Ball=B007 X=186,4676 Y=138,5865 Vx=-132,1713 Vy=11,3261
[13949,169] Ball=B006 X=320,1012 Y=146,0652 Vx=33,2078 Vy=-52,9436
[13952,754] Ball=B001 X=270,3422 Y=183,7652 Vx=-58,5950 Vy=93,6071
[13949,412] Ball=B005 X=182,1900 Y=318,5936 Vx=-22,5526 Vy=-21,4995
[13949,665] Ball=B003 X=341,6745 Y=30,6790 Vx=292,6199 Vy=5,1394
[13950,177] Ball=B002 X=69,8186 Y=324,5425 Vx=34,6006 Vy=-4,8777
[13942,144] Ball=B008 X=6,8060 Y=338,6512 Vx=62,4474 Vy=21,6539
[13957,258] Ball=B008 X=7,7498 Y=338,9784 Vx=62,4474 Vy=21,6539
[13964,802] Ball=B003 X=346,1037 Y=30,7568 Vx=292,6199 Vy=5,1394
[13964,560] Ball=B005 X=181,8483 Y=318,2679 Vx=-22,5526 Vy=-21,4995
[13965,403] Ball=B002 X=70,3454 Y=324,4682 Vx=34,6006 Vy=-4,8777
[13967,999] Ball=B001 X=269,4489 Y=185,1922 Vx=-58,5950 Vy=93,6071
[13964,764] Ball=B004 X=216,3337 Y=274,3180 Vx=167,4209 Vy=8,7920
[13964,434] Ball=B006 X=320,6081 Y=145,2570 Vx=33,2078 Vy=-52,9436
[13959,991] Ball=B007 X=184,4483 Y=138,7596 Vx=-132,1713 Vy=11,3261
[13975,780] Ball=B007 X=182,3617 Y=138,9384 Vx=-132,1713 Vy=11,3261
[13980,232] Ball=B006 X=321,1327 Y=144,4206 Vx=33,2078 Vy=-52,9436
[13980,461] Ball=B005 X=181,4897 Y=317,9260 Vx=-22,5526 Vy=-21,4995
[13980,591] Ball=B004 X=218,9835 Y=274,4572 Vx=167,4209 Vy=8,7920
[13980,742] Ball=B003 X=350,7683 Y=30,8387 Vx=292,6199 Vy=5,1394
[13983,845] Ball=B001 X=268,5203 Y=186,6756 Vx=-58,5950 Vy=93,6071
[13981,251] Ball=B002 X=70,8938 Y=324,3909 Vx=34,6006 Vy=-4,8777
[13973,221] Ball=B008 X=8,7467 Y=339,3241 Vx=62,4474 Vy=21,6539
[13995,664] Ball=B004 X=221,5070 Y=274,5897 Vx=167,4209 Vy=8,7920
[13995,808] Ball=B003 X=355,1768 Y=30,9161 Vx=292,6199 Vy=5,1394
[13998,908] Ball=B001 X=267,6378 Y=188,0855 Vx=-58,5950 Vy=93,6071
[13988,293] Ball=B008 X=9,6879 Y=339,6505 Vx=62,4474 Vy=21,6539
[13995,362] Ball=B006 X=321,6352 Y=143,6196 Vx=33,2078 Vy=-52,9436
[13995,591] Ball=B005 X=181,1485 Y=317,6007 Vx=-22,5526 Vy=-21,4995
[13996,350] Ball=B002 X=71,4162 Y=324,3173 Vx=34,6006 Vy=-4,8777
[13990,924] Ball=B007 X=180,3599 Y=139,1099 Vx=-132,1713 Vy=11,3261
[14012,321] Ball=B002 X=71,9688 Y=324,2394 Vx=34,6006 Vy=-4,8777
[14004,289] Ball=B008 X=10,6867 Y=339,9968 Vx=62,4474 Vy=21,6539
[14011,822] Ball=B003 X=359,8628 Y=30,9984 Vx=292,6199 Vy=5,1394
[14011,581] Ball=B005 X=180,7879 Y=317,2570 Vx=-22,5526 Vy=-21,4995
[14014,942] Ball=B001 X=266,6982 Y=189,5864 Vx=-58,5950 Vy=93,6071
[14011,385] Ball=B006 X=322,1673 Y=142,7712 Vx=33,2078 Vy=-52,9436
[14011,718] Ball=B004 X=224,1948 Y=274,7309 Vx=167,4209 Vy=8,7920
[14006,934] Ball=B007 X=178,2438 Y=139,2912 Vx=-132,1713 Vy=11,3261
[14022,876] Ball=B007 X=176,1369 Y=139,4718 Vx=-132,1713 Vy=11,3261
[14027,691] Ball=B004 X=226,8691 Y=274,8713 Vx=167,4209 Vy=8,7920
[14028,417] Ball=B002 X=72,5258 Y=324,1609 Vx=34,6006 Vy=-4,8777
[14027,456] Ball=B006 X=322,7009 Y=141,9204 Vx=33,2078 Vy=-52,9436
[14031,040] Ball=B001 X=265,7550 Y=191,0933 Vx=-58,5950 Vy=93,6071
[14028,003] Ball=B003 X=364,5978 Y=31,0816 Vx=292,6199 Vy=5,1394
[14027,766] Ball=B005 X=180,4229 Y=316,9090 Vx=-22,5526 Vy=-21,4995
[14020,666] Ball=B008 X=11,7095 Y=340,3515 Vx=62,4474 Vy=21,6539
[14043,579] Ball=B005 X=180,0662 Y=316,5690 Vx=-22,5526 Vy=-21,4995
[14036,297] Ball=B008 X=12,6855 Y=340,6899 Vx=62,4474 Vy=21,6539
[14046,946] Ball=B001 X=264,8230 Y=192,5822 Vx=-58,5950 Vy=93,6071
[14043,380] Ball=B006 X=323,2297 Y=141,0773 Vx=33,2078 Vy=-52,9436
[14039,019] Ball=B007 X=174,0031 Y=139,6546 Vx=-132,1713 Vy=11,3261
[14043,733] Ball=B004 X=229,5548 Y=275,0123 Vx=167,4209 Vy=8,7920
[14044,002] Ball=B003 X=369,2793 Y=31,1638 Vx=292,6199 Vy=5,1394
[14044,376] Ball=B002 X=73,0780 Y=324,0830 Vx=34,6006 Vy=-4,8777
[14058,820] Ball=B003 X=373,6153 Y=31,2400 Vx=292,6199 Vy=5,1394
[14061,939] Ball=B001 X=263,9445 Y=193,9856 Vx=-58,5950 Vy=93,6071
[14059,346] Ball=B002 X=73,5959 Y=324,0100 Vx=34,6006 Vy=-4,8777
[14053,998] Ball=B007 X=172,0233 Y=139,8243 Vx=-132,1713 Vy=11,3261
[14058,840] Ball=B004 X=232,0841 Y=275,1452 Vx=167,4209 Vy=8,7920
[14058,731] Ball=B005 X=179,7245 Y=316,2432 Vx=-22,5526 Vy=-21,4995
[14058,454] Ball=B006 X=323,7303 Y=140,2792 Vx=33,2078 Vy=-52,9436
[14051,317] Ball=B008 X=13,6236 Y=341,0152 Vx=62,4474 Vy=21,6539
[14074,335] Ball=B006 X=324,2576 Y=139,4385 Vx=33,2078 Vy=-52,9436
[14074,673] Ball=B004 X=234,7348 Y=275,2844 Vx=167,4209 Vy=8,7920
[14074,569] Ball=B005 X=179,3674 Y=315,9028 Vx=-22,5526 Vy=-21,4995
[14067,310] Ball=B008 X=14,6223 Y=341,3615 Vx=62,4474 Vy=21,6539
[14075,436] Ball=B002 X=74,1526 Y=323,9315 Vx=34,6006 Vy=-4,8777
[14070,014] Ball=B007 X=169,9065 Y=140,0057 Vx=-132,1713 Vy=11,3261
[14074,943] Ball=B003 X=378,3334 Y=31,3228 Vx=292,6199 Vy=5,1394
[14077,938] Ball=B001 X=263,0070 Y=195,4833 Vx=-58,5950 Vy=93,6071
[14093,772] Ball=B001 X=262,0793 Y=196,9653 Vx=-58,5950 Vy=93,6071
[14090,201] Ball=B006 X=324,7845 Y=138,5985 Vx=33,2078 Vy=-52,9436
[14085,755] Ball=B007 X=167,8260 Y=140,1840 Vx=-132,1713 Vy=11,3261
[14083,156] Ball=B008 X=15,6118 Y=341,7046 Vx=62,4474 Vy=21,6539
[14090,706] Ball=B003 X=382,9458 Y=31,4039 Vx=292,6199 Vy=5,1394
[14090,455] Ball=B005 X=179,0091 Y=315,5612 Vx=-22,5526 Vy=-21,4995
[14090,643] Ball=B004 X=237,4085 Y=275,4248 Vx=167,4209 Vy=8,7920
[14091,212] Ball=B002 X=74,6985 Y=323,8546 Vx=34,6006 Vy=-4,8777
[14105,373] Ball=B005 X=178,6726 Y=315,2405 Vx=-22,5526 Vy=-21,4995
[14098,103] Ball=B008 X=16,5452 Y=342,0283 Vx=62,4474 Vy=21,6539
[14105,643] Ball=B003 X=375,6292 Y=31,4806 Vx=-292,6199 Vy=5,1394
[14105,513] Ball=B004 X=239,8981 Y=275,5555 Vx=167,4209 Vy=8,7920
[14106,221] Ball=B002 X=75,2178 Y=323,7814 Vx=34,6006 Vy=-4,8777
[14100,803] Ball=B007 X=165,8370 Y=140,3544 Vx=-132,1713 Vy=11,3261
[14108,827] Ball=B001 X=261,1971 Y=198,3747 Vx=-58,5950 Vy=93,6071
[14105,265] Ball=B006 X=325,2848 Y=137,8009 Vx=33,2078 Vy=-52,9436
[14115,714] Ball=B007 X=163,8664 Y=140,5233 Vx=-132,1713 Vy=11,3261
[14120,192] Ball=B006 X=325,7805 Y=137,0106 Vx=33,2078 Vy=-52,9436
[14123,773] Ball=B001 X=260,3213 Y=199,7738 Vx=-58,5950 Vy=93,6071
[14121,181] Ball=B002 X=75,7355 Y=323,7084 Vx=34,6006 Vy=-4,8777
[14120,548] Ball=B004 X=242,4153 Y=275,6877 Vx=167,4209 Vy=8,7920
[14113,160] Ball=B008 X=17,4855 Y=342,3543 Vx=62,4474 Vy=21,6539
[14120,445] Ball=B005 X=178,3327 Y=314,9164 Vx=-22,5526 Vy=-21,4995
[14120,638] Ball=B003 X=371,2413 Y=31,5577 Vx=-292,6199 Vy=5,1394
[14128,237] Ball=B008 X=18,4270 Y=342,6808 Vx=62,4474 Vy=21,6539
[14138,886] Ball=B001 X=259,4358 Y=201,1884 Vx=-58,5950 Vy=93,6071
[14135,883] Ball=B003 X=366,7802 Y=31,6360 Vx=-292,6199 Vy=5,1394
[14135,806] Ball=B004 X=244,9698 Y=275,8218 Vx=167,4209 Vy=8,7920
[14135,529] Ball=B006 X=326,2898 Y=136,1986 Vx=33,2078 Vy=-52,9436
[14131,083] Ball=B007 X=161,8350 Y=140,6974 Vx=-132,1713 Vy=11,3261
[14136,788] Ball=B002 X=76,2755 Y=323,6323 Vx=34,6006 Vy=-4,8777
[14136,042] Ball=B005 X=177,9921 Y=314,5917 Vx=-22,5526 Vy=-21,4995
[14152,531] Ball=B005 X=177,6091 Y=314,2266 Vx=-22,5526 Vy=-21,4995
[14153,296] Ball=B002 X=76,8466 Y=323,5518 Vx=34,6006 Vy=-4,8777
[14147,874] Ball=B007 X=159,6156 Y=140,8875 Vx=-132,1713 Vy=11,3261
[14155,909] Ball=B001 X=258,4383 Y=202,7819 Vx=-58,5950 Vy=93,6071
[14152,421] Ball=B006 X=326,8507 Y=135,3043 Vx=33,2078 Vy=-52,9436
[14152,893] Ball=B003 X=361,8027 Y=31,7235 Vx=-292,6199 Vy=5,1394
[14145,368] Ball=B008 X=19,4968 Y=343,0518 Vx=62,4474 Vy=21,6539
[14152,814] Ball=B004 X=247,8173 Y=275,9714 Vx=167,4209 Vy=8,7920
[14168,811] Ball=B003 X=357,1450 Y=31,8053 Vx=-292,6199 Vy=5,1394
[14161,288] Ball=B008 X=20,4909 Y=343,3965 Vx=62,4474 Vy=21,6539
[14168,358] Ball=B006 X=327,3800 Y=134,4605 Vx=33,2078 Vy=-52,9436
[14168,706] Ball=B005 X=177,2443 Y=313,8788 Vx=-22,5526 Vy=-21,4995
[14164,088] Ball=B007 X=157,4727 Y=141,0712 Vx=-132,1713 Vy=11,3261
[14168,877] Ball=B004 X=250,5065 Y=276,1126 Vx=167,4209 Vy=8,7920
[14172,323] Ball=B001 X=257,4765 Y=204,3184 Vx=-58,5950 Vy=93,6071
[14169,730] Ball=B002 X=77,4153 Y=323,4716 Vx=34,6006 Vy=-4,8777
[14183,467] Ball=B005 X=176,9114 Y=313,5615 Vx=-22,5526 Vy=-21,4995
[14183,581] Ball=B004 X=252,9681 Y=276,2419 Vx=167,4209 Vy=8,7920
[14183,729] Ball=B003 X=352,7797 Y=31,8819 Vx=-292,6199 Vy=5,1394
[14184,244] Ball=B002 X=77,9175 Y=323,4008 Vx=34,6006 Vy=-4,8777
[14178,817] Ball=B007 X=155,5258 Y=141,2380 Vx=-132,1713 Vy=11,3261
[14186,871] Ball=B001 X=256,6241 Y=205,6802 Vx=-58,5950 Vy=93,6071
[14183,297] Ball=B006 X=327,8761 Y=133,6696 Vx=33,2078 Vy=-52,9436
[14176,244] Ball=B008 X=21,4249 Y=343,7204 Vx=62,4474 Vy=21,6539
[14191,294] Ball=B008 X=22,3647 Y=344,0462 Vx=62,4474 Vy=21,6539
[14201,931] Ball=B001 X=255,7417 Y=207,0899 Vx=-58,5950 Vy=93,6071
[14199,343] Ball=B002 X=78,4399 Y=323,3272 Vx=34,6006 Vy=-4,8777
[14198,594] Ball=B005 X=176,5703 Y=313,2363 Vx=-22,5526 Vy=-21,4995
[14193,938] Ball=B007 X=153,5273 Y=141,4093 Vx=-132,1713 Vy=11,3261
[14198,861] Ball=B003 X=348,3515 Y=31,9597 Vx=-292,6199 Vy=5,1394
[14198,397] Ball=B006 X=328,3775 Y=132,8702 Vx=33,2078 Vy=-52,9436
[14198,731] Ball=B004 X=255,5048 Y=276,3751 Vx=167,4209 Vy=8,7920
[14209,893] Ball=B007 X=151,4187 Y=141,5900 Vx=-132,1713 Vy=11,3261
[14214,677] Ball=B004 X=258,1743 Y=276,5153 Vx=167,4209 Vy=8,7920
[14214,368] Ball=B006 X=328,9079 Y=132,0246 Vx=33,2078 Vy=-52,9436
[14214,828] Ball=B003 X=343,6794 Y=32,0418 Vx=-292,6199 Vy=5,1394
[14214,599] Ball=B005 X=176,2093 Y=312,8922 Vx=-22,5526 Vy=-21,4995
[14215,368] Ball=B002 X=78,9944 Y=323,2490 Vx=34,6006 Vy=-4,8777
[14207,336] Ball=B008 X=23,3665 Y=344,3936 Vx=62,4474 Vy=21,6539
[14217,974] Ball=B001 X=254,8016 Y=208,5917 Vx=-58,5950 Vy=93,6071
[14230,711] Ball=B003 X=339,0319 Y=32,1234 Vx=-292,6199 Vy=5,1394
[14233,816] Ball=B001 X=253,8733 Y=210,0746 Vx=-58,5950 Vy=93,6071
[14225,797] Ball=B007 X=149,3165 Y=141,7701 Vx=-132,1713 Vy=11,3261
[14231,312] Ball=B002 X=79,5460 Y=323,1712 Vx=34,6006 Vy=-4,8777
[14230,342] Ball=B006 X=329,4383 Y=131,1789 Vx=33,2078 Vy=-52,9436
[14223,441] Ball=B008 X=24,3723 Y=344,7424 Vx=62,4474 Vy=21,6539
[14230,726] Ball=B005 X=175,8456 Y=312,5454 Vx=-22,5526 Vy=-21,4995
[14230,853] Ball=B004 X=260,8826 Y=276,6575 Vx=167,4209 Vy=8,7920
[14246,582] Ball=B004 X=263,5158 Y=276,7958 Vx=167,4209 Vy=8,7920
[14239,189] Ball=B008 X=25,3556 Y=345,0833 Vx=62,4474 Vy=21,6539
[14241,817] Ball=B007 X=147,1991 Y=141,9515 Vx=-132,1713 Vy=11,3261
[14246,745] Ball=B003 X=334,3399 Y=32,2058 Vx=-292,6199 Vy=5,1394
[14246,478] Ball=B005 X=175,4903 Y=312,2068 Vx=-22,5526 Vy=-21,4995
[14247,260] Ball=B002 X=80,0979 Y=323,0934 Vx=34,6006 Vy=-4,8777
[14249,938] Ball=B001 X=252,9286 Y=211,5837 Vx=-58,5950 Vy=93,6071
[14246,372] Ball=B006 X=329,9706 Y=130,3302 Vx=33,2078 Vy=-52,9436
[14261,249] Ball=B006 X=330,4646 Y=129,5426 Vx=33,2078 Vy=-52,9436
[14262,245] Ball=B002 X=80,6163 Y=323,0203 Vx=34,6006 Vy=-4,8777
[14261,608] Ball=B004 X=266,0315 Y=276,9279 Vx=167,4209 Vy=8,7920
[14256,836] Ball=B007 X=145,2140 Y=142,1217 Vx=-132,1713 Vy=11,3261
[14254,335] Ball=B008 X=26,3015 Y=345,4113 Vx=62,4474 Vy=21,6539
[14261,689] Ball=B005 X=175,1473 Y=311,8798 Vx=-22,5526 Vy=-21,4995
[14261,944] Ball=B003 X=329,8925 Y=32,2839 Vx=-292,6199 Vy=5,1394
[14265,029] Ball=B001 X=252,0444 Y=212,9963 Vx=-58,5950 Vy=93,6071
[14277,268] Ball=B002 X=81,1361 Y=322,9471 Vx=34,6006 Vy=-4,8777
[14276,766] Ball=B003 X=325,5565 Y=32,3601 Vx=-292,6199 Vy=5,1394
[14276,297] Ball=B006 X=330,9644 Y=128,7459 Vx=33,2078 Vy=-52,9436
[14271,855] Ball=B007 X=143,2289 Y=142,2918 Vx=-132,1713 Vy=11,3261
[14279,890] Ball=B001 X=251,1736 Y=214,3874 Vx=-58,5950 Vy=93,6071
[14276,555] Ball=B005 X=174,8120 Y=311,5601 Vx=-22,5526 Vy=-21,4995
[14276,756] Ball=B004 X=268,5678 Y=277,0611 Vx=167,4209 Vy=8,7920
[14269,367] Ball=B008 X=27,2402 Y=345,7368 Vx=62,4474 Vy=21,6539
[14285,331] Ball=B008 X=28,2370 Y=346,0825 Vx=62,4474 Vy=21,6539
[14292,613] Ball=B005 X=174,4499 Y=311,2149 Vx=-22,5526 Vy=-21,4995
[14293,378] Ball=B002 X=81,6935 Y=322,8685 Vx=34,6006 Vy=-4,8777
[14292,414] Ball=B006 X=331,4996 Y=127,8926 Vx=33,2078 Vy=-52,9436
[14292,995] Ball=B003 X=320,8061 Y=32,4435 Vx=-292,6199 Vy=5,1394
[14292,857] Ball=B004 X=271,2634 Y=277,2026 Vx=167,4209 Vy=8,7920
[14288,076] Ball=B007 X=141,0850 Y=142,4755 Vx=-132,1713 Vy=11,3261
[14296,007] Ball=B001 X=250,2292 Y=215,8961 Vx=-58,5950 Vy=93,6071
[14310,968] Ball=B001 X=249,3527 Y=217,2964 Vx=-58,5950 Vy=93,6071
[14302,951] Ball=B007 X=139,1190 Y=142,6440 Vx=-132,1713 Vy=11,3261
[14307,746] Ball=B004 X=273,7561 Y=277,3335 Vx=167,4209 Vy=8,7920
[14308,400] Ball=B002 X=82,2133 Y=322,7952 Vx=34,6006 Vy=-4,8777
[14300,382] Ball=B008 X=29,1770 Y=346,4084 Vx=62,4474 Vy=21,6539
[14307,527] Ball=B006 X=332,0014 Y=127,0925 Vx=33,2078 Vy=-52,9436
[14307,749] Ball=B005 X=174,1085 Y=310,8895 Vx=-22,5526 Vy=-21,4995
[14308,084] Ball=B003 X=316,3910 Y=32,5211 Vx=-292,6199 Vy=5,1394
[14316,349] Ball=B008 X=30,1741 Y=346,7542 Vx=62,4474 Vy=21,6539
[14323,627] Ball=B005 X=173,7504 Y=310,5481 Vx=-22,5526 Vy=-21,4995
[14323,746] Ball=B004 X=276,4338 Y=277,4742 Vx=167,4209 Vy=8,7920
[14323,893] Ball=B003 X=311,7649 Y=32,6023 Vx=-292,6199 Vy=5,1394
[14324,405] Ball=B002 X=82,7671 Y=322,7171 Vx=34,6006 Vy=-4,8777
[14319,053] Ball=B007 X=136,9907 Y=142,8263 Vx=-132,1713 Vy=11,3261
[14323,508] Ball=B006 X=332,5321 Y=126,2463 Vx=33,2078 Vy=-52,9436
[14327,096] Ball=B001 X=248,4076 Y=218,8063 Vx=-58,5950 Vy=93,6071
[14339,754] Ball=B003 X=307,1237 Y=32,6838 Vx=-292,6199 Vy=5,1394
[14340,243] Ball=B002 X=83,3151 Y=322,6399 Vx=34,6006 Vy=-4,8777
[14339,736] Ball=B004 X=279,1118 Y=277,6148 Vx=167,4209 Vy=8,7920
[14335,021] Ball=B007 X=134,8803 Y=143,0072 Vx=-132,1713 Vy=11,3261
[14332,415] Ball=B008 X=31,1774 Y=347,1021 Vx=62,4474 Vy=21,6539
[14339,484] Ball=B006 X=333,0627 Y=125,4005 Vx=33,2078 Vy=-52,9436
[14339,762] Ball=B005 X=173,3866 Y=310,2012 Vx=-22,5526 Vy=-21,4995
[14342,985] Ball=B001 X=247,4835 Y=220,2824 Vx=-58,5950 Vy=93,6071
[14355,480] Ball=B005 X=173,0321 Y=309,8633 Vx=-22,5526 Vy=-21,4995
[14356,237] Ball=B002 X=83,8685 Y=322,5619 Vx=34,6006 Vy=-4,8777
[14348,206] Ball=B008 X=32,1635 Y=347,4440 Vx=62,4474 Vy=21,6539
[14358,850] Ball=B001 X=246,5470 Y=221,7786 Vx=-58,5950 Vy=93,6071
[14355,758] Ball=B003 X=302,4406 Y=32,7661 Vx=-292,6199 Vy=5,1394
[14350,836] Ball=B007 X=132,7898 Y=143,1863 Vx=-132,1713 Vy=11,3261
[14355,315] Ball=B006 X=333,5884 Y=124,5624 Vx=33,2078 Vy=-52,9436
[14355,721] Ball=B004 X=281,7882 Y=277,7553 Vx=167,4209 Vy=8,7920
[14365,842] Ball=B007 X=130,8066 Y=143,3563 Vx=-132,1713 Vy=11,3261
[14370,638] Ball=B004 X=284,2854 Y=277,8865 Vx=167,4209 Vy=8,7920
[14371,291] Ball=B002 X=84,3892 Y=322,4885 Vx=34,6006 Vy=-4,8777
[14370,544] Ball=B005 X=172,6923 Y=309,5394 Vx=-22,5526 Vy=-21,4995
[14370,867] Ball=B003 X=298,0193 Y=32,8437 Vx=-292,6199 Vy=5,1394
[14373,972] Ball=B001 X=245,6609 Y=223,1942 Vx=-58,5950 Vy=93,6071
[14363,441] Ball=B008 X=33,1149 Y=347,7739 Vx=62,4474 Vy=21,6539
[14370,571] Ball=B006 X=334,0950 Y=123,7546 Vx=33,2078 Vy=-52,9436
[14386,902] Ball=B003 X=293,3272 Y=32,9261 Vx=-292,6199 Vy=5,1394
[14386,655] Ball=B005 X=172,3290 Y=309,1931 Vx=-22,5526 Vy=-21,4995
[14381,998] Ball=B007 X=128,6712 Y=143,5393 Vx=-132,1713 Vy=11,3261
[14379,396] Ball=B008 X=34,1112 Y=348,1194 Vx=62,4474 Vy=21,6539
[14386,521] Ball=B006 X=334,6247 Y=122,9102 Vx=33,2078 Vy=-52,9436
[14387,501] Ball=B002 X=84,9503 Y=322,4094 Vx=34,6006 Vy=-4,8777
[14386,922] Ball=B004 X=287,0117 Y=278,0297 Vx=167,4209 Vy=8,7920
[14390,246] Ball=B001 X=244,7073 Y=224,7175 Vx=-58,5950 Vy=93,6071
[14406,023] Ball=B001 X=243,7829 Y=226,1943 Vx=-58,5950 Vy=93,6071
[14403,433] Ball=B002 X=85,5015 Y=322,3317 Vx=34,6006 Vy=-4,8777
[14402,466] Ball=B006 X=335,1542 Y=122,0660 Vx=33,2078 Vy=-52,9436
[14402,824] Ball=B004 X=289,6742 Y=278,1695 Vx=167,4209 Vy=8,7920
[14402,913] Ball=B005 X=171,9638 Y=308,8449 Vx=-22,5526 Vy=-21,4995
[14398,255] Ball=B007 X=126,5225 Y=143,7234 Vx=-132,1713 Vy=11,3261
[14395,961] Ball=B008 X=35,1456 Y=348,4781 Vx=62,4474 Vy=21,6539
[14403,768] Ball=B003 X=288,3919 Y=33,0128 Vx=-292,6199 Vy=5,1394
[14412,989] Ball=B007 X=124,5751 Y=143,8903 Vx=-132,1713 Vy=11,3261
[14417,778] Ball=B004 X=292,1777 Y=278,3009 Vx=167,4209 Vy=8,7920
[14417,455] Ball=B006 X=335,6519 Y=121,2725 Vx=33,2078 Vy=-52,9436
[14417,681] Ball=B005 X=171,6293 Y=308,5260 Vx=-22,5526 Vy=-21,4995
[14410,412] Ball=B008 X=36,0481 Y=348,7910 Vx=62,4474 Vy=21,6539
[14418,423] Ball=B002 X=86,0202 Y=322,2585 Vx=34,6006 Vy=-4,8777
[14419,775] Ball=B003 X=283,7079 Y=33,0951 Vx=-292,6199 Vy=5,1394
[14422,883] Ball=B001 X=242,7949 Y=227,7726 Vx=-58,5950 Vy=93,6071
[14432,297] Ball=B006 X=336,1448 Y=120,4867 Vx=33,2078 Vy=-52,9436
[14432,640] Ball=B004 X=294,6659 Y=278,4316 Vx=167,4209 Vy=8,7920
[14425,248] Ball=B008 X=36,9745 Y=349,1123 Vx=62,4474 Vy=21,6539
[14433,391] Ball=B002 X=86,5381 Y=322,1855 Vx=34,6006 Vy=-4,8777
[14427,968] Ball=B007 X=122,5952 Y=144,0599 Vx=-132,1713 Vy=11,3261
[14432,713] Ball=B005 X=171,2903 Y=308,2028 Vx=-22,5526 Vy=-21,4995
[14434,829] Ball=B003 X=279,3027 Y=33,1725 Vx=-292,6199 Vy=5,1394
[14437,938] Ball=B001 X=241,9128 Y=229,1819 Vx=-58,5950 Vy=93,6071
[14448,456] Ball=B006 X=336,6813 Y=119,6313 Vx=33,2078 Vy=-52,9436
[14448,788] Ball=B004 X=297,3692 Y=278,5736 Vx=167,4209 Vy=8,7920
[14448,679] Ball=B005 X=170,9302 Y=307,8595 Vx=-22,5526 Vy=-21,4995
[14449,446] Ball=B002 X=87,0936 Y=322,1072 Vx=34,6006 Vy=-4,8777
[14444,061] Ball=B007 X=120,4683 Y=144,2422 Vx=-132,1713 Vy=11,3261
[14441,459] Ball=B008 X=37,9869 Y=349,4633 Vx=62,4474 Vy=21,6539
[14452,872] Ball=B001 X=241,0377 Y=230,5798 Vx=-58,5950 Vy=93,6071
[14449,786] Ball=B003 X=274,9261 Y=33,2493 Vx=-292,6199 Vy=5,1394
[14465,338] Ball=B002 X=87,6435 Y=322,0297 Vx=34,6006 Vy=-4,8777
[14467,941] Ball=B001 X=240,1548 Y=231,9903 Vx=-58,5950 Vy=93,6071
[14464,846] Ball=B003 X=270,5192 Y=33,3267 Vx=-292,6199 Vy=5,1394
[14457,381] Ball=B008 X=38,9812 Y=349,8081 Vx=62,4474 Vy=21,6539
[14464,784] Ball=B004 X=300,0476 Y=278,7142 Vx=167,4209 Vy=8,7920
[14460,068] Ball=B007 X=118,3526 Y=144,4235 Vx=-132,1713 Vy=11,3261
[14464,811] Ball=B005 X=170,5664 Y=307,5127 Vx=-22,5526 Vy=-21,4995
[14464,462] Ball=B006 X=337,2129 Y=118,7837 Vx=33,2078 Vy=-52,9436
[14480,733] Ball=B003 X=265,8707 Y=33,4084 Vx=-292,6199 Vy=5,1394
[14480,267] Ball=B006 X=337,7377 Y=117,9470 Vx=33,2078 Vy=-52,9436
[14481,248] Ball=B002 X=88,1940 Y=321,9521 Vx=34,6006 Vy=-4,8777
[14480,502] Ball=B005 X=170,2125 Y=307,1754 Vx=-22,5526 Vy=-21,4995
[14475,847] Ball=B007 X=116,2671 Y=144,6022 Vx=-132,1713 Vy=11,3261
[14480,727] Ball=B004 X=302,7168 Y=278,8544 Vx=167,4209 Vy=8,7920
[14484,021] Ball=B001 X=239,2126 Y=233,4955 Vx=-58,5950 Vy=93,6071
[14473,467] Ball=B008 X=39,9857 Y=350,1564 Vx=62,4474 Vy=21,6539
[14488,958] Ball=B008 X=40,9531 Y=350,4918 Vx=62,4474 Vy=21,6539
[14497,004] Ball=B002 X=88,7391 Y=321,8752 Vx=34,6006 Vy=-4,8777
[14496,503] Ball=B003 X=261,2557 Y=33,4894 Vx=-292,6199 Vy=5,1394
[14499,617] Ball=B001 X=238,2987 Y=234,9555 Vx=-58,5950 Vy=93,6071
[14491,677] Ball=B007 X=114,1748 Y=144,7815 Vx=-132,1713 Vy=11,3261
[14496,359] Ball=B005 X=169,8549 Y=306,8344 Vx=-22,5526 Vy=-21,4995
[14496,206] Ball=B006 X=338,2671 Y=117,1031 Vx=33,2078 Vy=-52,9436
[14496,600] Ball=B004 X=305,3741 Y=278,9939 Vx=167,4209 Vy=8,7920
[14504,045] Ball=B008 X=41,8952 Y=350,8185 Vx=62,4474 Vy=21,6539
[14511,118] Ball=B006 X=338,7623 Y=116,3136 Vx=33,2078 Vy=-52,9436
[14511,459] Ball=B004 X=307,8619 Y=279,1246 Vx=167,4209 Vy=8,7920
[14514,706] Ball=B001 X=237,4146 Y=236,3679 Vx=-58,5950 Vy=93,6071
[14506,806] Ball=B007 X=112,1753 Y=144,9528 Vx=-132,1713 Vy=11,3261
[14511,678] Ball=B003 X=256,8152 Y=33,5674 Vx=-292,6199 Vy=5,1394
[14511,480] Ball=B005 X=169,5139 Y=306,5093 Vx=-22,5526 Vy=-21,4995
[14512,298] Ball=B002 X=89,2679 Y=321,8007 Vx=34,6006 Vy=-4,8777
[14521,601] Ball=B007 X=110,2198 Y=145,1204 Vx=-132,1713 Vy=11,3261
[14526,280] Ball=B005 X=169,1801 Y=306,1912 Vx=-22,5526 Vy=-21,4995
[14526,374] Ball=B004 X=310,3583 Y=279,2557 Vx=167,4209 Vy=8,7920
[14527,035] Ball=B002 X=89,7782 Y=321,7288 Vx=34,6006 Vy=-4,8777
[14526,539] Ball=B003 X=252,4667 Y=33,6438 Vx=-292,6199 Vy=5,1394
[14529,655] Ball=B001 X=236,5387 Y=237,7672 Vx=-58,5950 Vy=93,6071
[14526,317] Ball=B006 X=339,2670 Y=115,5089 Vx=33,2078 Vy=-52,9436
[14519,272] Ball=B008 X=42,8461 Y=351,1483 Vx=62,4474 Vy=21,6539
[14541,482] Ball=B005 X=168,8373 Y=305,8644 Vx=-22,5526 Vy=-21,4995
[14541,272] Ball=B006 X=339,7636 Y=114,7172 Vx=33,2078 Vy=-52,9436
[14541,611] Ball=B004 X=312,9099 Y=279,3897 Vx=167,4209 Vy=8,7920
[14544,856] Ball=B001 X=235,6480 Y=239,1901 Vx=-58,5950 Vy=93,6071
[14534,239] Ball=B008 X=43,7808 Y=351,4724 Vx=62,4474 Vy=21,6539
[14541,776] Ball=B003 X=248,0079 Y=33,7221 Vx=-292,6199 Vy=5,1394
[14536,853] Ball=B007 X=108,2038 Y=145,2932 Vx=-132,1713 Vy=11,3261
[14542,382] Ball=B002 X=90,3092 Y=321,6539 Vx=34,6006 Vy=-4,8777
[14558,245] Ball=B002 X=90,8578 Y=321,5766 Vx=34,6006 Vy=-4,8777
[14557,604] Ball=B004 X=315,5875 Y=279,5303 Vx=167,4209 Vy=8,7920
[14557,740] Ball=B003 X=243,3366 Y=33,8041 Vx=-292,6199 Vy=5,1394
[14550,302] Ball=B008 X=44,7839 Y=351,8202 Vx=62,4474 Vy=21,6539
[14552,915] Ball=B007 X=106,0809 Y=145,4751 Vx=-132,1713 Vy=11,3261
[14560,952] Ball=B001 X=234,7048 Y=240,6968 Vx=-58,5950 Vy=93,6071
[14557,605] Ball=B005 X=168,4736 Y=305,5177 Vx=-22,5526 Vy=-21,4995
[14557,282] Ball=B006 X=340,2953 Y=113,8695 Vx=33,2078 Vy=-52,9436
[14568,668] Ball=B007 X=103,9990 Y=145,6535 Vx=-132,1713 Vy=11,3261
[14573,602] Ball=B003 X=238,6951 Y=33,8857 Vx=-292,6199 Vy=5,1394
[14573,138] Ball=B006 X=340,8218 Y=113,0300 Vx=33,2078 Vy=-52,9436
[14573,480] Ball=B004 X=318,2455 Y=279,6699 Vx=167,4209 Vy=8,7920
[14566,108] Ball=B008 X=45,7709 Y=352,1625 Vx=62,4474 Vy=21,6539
[14576,745] Ball=B001 X=233,7794 Y=242,1752 Vx=-58,5950 Vy=93,6071
[14574,232] Ball=B002 X=91,4113 Y=321,4985 Vx=34,6006 Vy=-4,8777
[14573,389] Ball=B005 X=168,1177 Y=305,1784 Vx=-22,5526 Vy=-21,4995
[14588,501] Ball=B004 X=320,7603 Y=279,8019 Vx=167,4209 Vy=8,7920
[14591,751] Ball=B001 X=232,9002 Y=243,5798 Vx=-58,5950 Vy=93,6071
[14588,405] Ball=B005 X=167,7790 Y=304,8555 Vx=-22,5526 Vy=-21,4995
[14581,141] Ball=B008 X=46,7097 Y=352,4880 Vx=62,4474 Vy=21,6539
[14588,212] Ball=B006 X=341,3224 Y=112,2320 Vx=33,2078 Vy=-52,9436
[14589,192] Ball=B002 X=91,9289 Y=321,4256 Vx=34,6006 Vy=-4,8777
[14588,688] Ball=B003 X=234,2805 Y=33,9632 Vx=-292,6199 Vy=5,1394
[14583,773] Ball=B007 X=102,0023 Y=145,8246 Vx=-132,1713 Vy=11,3261
[14604,067] Ball=B002 X=92,4435 Y=321,3530 Vx=34,6006 Vy=-4,8777
[14598,653] Ball=B007 X=100,0357 Y=145,9931 Vx=-132,1713 Vy=11,3261
[14606,701] Ball=B001 X=232,0241 Y=244,9793 Vx=-58,5950 Vy=93,6071
[14603,601] Ball=B003 X=229,9168 Y=34,0398 Vx=-292,6199 Vy=5,1394
[14603,143] Ball=B006 X=341,8182 Y=111,4415 Vx=33,2078 Vy=-52,9436
[14603,364] Ball=B005 X=167,4416 Y=304,5339 Vx=-22,5526 Vy=-21,4995
[14596,089] Ball=B008 X=47,6431 Y=352,8117 Vx=62,4474 Vy=21,6539
[14603,855] Ball=B004 X=323,3310 Y=279,9369 Vx=167,4209 Vy=8,7920
[14611,201] Ball=B008 X=48,5865 Y=353,1388 Vx=62,4474 Vy=21,6539
[14618,494] Ball=B005 X=167,1004 Y=304,2086 Vx=-22,5526 Vy=-21,4995
[14618,621] Ball=B004 X=325,8031 Y=280,0668 Vx=167,4209 Vy=8,7920
[14613,923] Ball=B007 X=98,0174 Y=146,1661 Vx=-132,1713 Vy=11,3261
[14621,948] Ball=B001 X=231,1307 Y=246,4065 Vx=-58,5950 Vy=93,6071
[14618,910] Ball=B003 X=225,4370 Y=34,1185 Vx=-292,6199 Vy=5,1394
[14619,421] Ball=B002 X=92,9748 Y=321,2781 Vx=34,6006 Vy=-4,8777
[14618,715] Ball=B006 X=342,3242 Y=110,6347 Vx=33,2078 Vy=-52,9436
[14633,271] Ball=B006 X=342,8186 Y=109,8465 Vx=33,2078 Vy=-52,9436
[14628,824] Ball=B007 X=96,0479 Y=146,3348 Vx=-132,1713 Vy=11,3261
[14633,501] Ball=B005 X=166,7620 Y=303,8860 Vx=-22,5526 Vy=-21,4995
[14626,237] Ball=B008 X=49,5258 Y=353,4645 Vx=62,4474 Vy=21,6539
[14636,956] Ball=B001 X=230,2514 Y=247,8113 Vx=-58,5950 Vy=93,6071
[14633,860] Ball=B003 X=221,0623 Y=34,1954 Vx=-292,6199 Vy=5,1394
[14634,361] Ball=B002 X=93,4918 Y=321,2053 Vx=34,6006 Vy=-4,8777
[14633,783] Ball=B004 X=328,3416 Y=280,2001 Vx=167,4209 Vy=8,7920
[14649,258] Ball=B002 X=94,0072 Y=321,1326 Vx=34,6006 Vy=-4,8777
[14641,219] Ball=B008 X=50,4614 Y=353,7889 Vx=62,4474 Vy=21,6539
[14651,859] Ball=B001 X=229,3781 Y=249,2064 Vx=-58,5950 Vy=93,6071
[14648,629] Ball=B004 X=330,8270 Y=280,3306 Vx=167,4209 Vy=8,7920
[14643,879] Ball=B007 X=94,0581 Y=146,5053 Vx=-132,1713 Vy=11,3261
[14648,802] Ball=B003 X=216,6900 Y=34,2722 Vx=-292,6199 Vy=5,1394
[14648,403] Ball=B006 X=343,3212 Y=109,0452 Vx=33,2078 Vy=-52,9436
[14648,747] Ball=B005 X=166,4181 Y=303,5582 Vx=-22,5526 Vy=-21,4995
[14664,576] Ball=B003 X=212,0745 Y=34,3532 Vx=-292,6199 Vy=5,1394
[14664,116] Ball=B006 X=343,8430 Y=108,2134 Vx=33,2078 Vy=-52,9436
[14664,375] Ball=B005 X=166,0657 Y=303,2222 Vx=-22,5526 Vy=-21,4995
[14667,730] Ball=B001 X=228,4481 Y=250,6920 Vx=-58,5950 Vy=93,6071
[14659,721] Ball=B007 X=91,9642 Y=146,6848 Vx=-132,1713 Vy=11,3261
[14665,153] Ball=B002 X=94,5572 Y=321,0551 Vx=34,6006 Vy=-4,8777
[14664,608] Ball=B004 X=333,5023 Y=280,4711 Vx=167,4209 Vy=8,7920
[14657,277] Ball=B008 X=51,4641 Y=354,1366 Vx=62,4474 Vy=21,6539
[14683,673] Ball=B001 X=227,5140 Y=252,1843 Vx=-58,5950 Vy=93,6071
[14680,432] Ball=B004 X=336,1513 Y=280,6102 Vx=167,4209 Vy=8,7920
[14673,045] Ball=B008 X=52,4488 Y=354,4781 Vx=62,4474 Vy=21,6539
[14681,095] Ball=B002 X=95,1088 Y=320,9773 Vx=34,6006 Vy=-4,8777
[14680,596] Ball=B003 X=207,3865 Y=34,4356 Vx=-292,6199 Vy=5,1394
[14675,692] Ball=B007 X=89,8533 Y=146,8657 Vx=-132,1713 Vy=11,3261
[14680,442] Ball=B005 X=165,7033 Y=302,8768 Vx=-22,5526 Vy=-21,4995
[14680,245] Ball=B006 X=344,3786 Y=107,3594 Vx=33,2078 Vy=-52,9436
[14689,187] Ball=B008 X=53,4568 Y=354,8276 Vx=62,4474 Vy=21,6539
[14696,249] Ball=B006 X=344,9100 Y=106,5122 Vx=33,2078 Vy=-52,9436
[14699,833] Ball=B001 X=226,5671 Y=253,6971 Vx=-58,5950 Vy=93,6071
[14697,249] Ball=B002 X=95,6677 Y=320,8985 Vx=34,6006 Vy=-4,8777
[14691,838] Ball=B007 X=87,7192 Y=147,0485 Vx=-132,1713 Vy=11,3261
[14696,597] Ball=B005 X=165,3390 Y=302,5294 Vx=-22,5526 Vy=-21,4995
[14696,717] Ball=B004 X=338,8780 Y=280,7534 Vx=167,4209 Vy=8,7920
[14696,862] Ball=B003 X=202,6268 Y=34,5192 Vx=-292,6199 Vy=5,1394
[14711,569] Ball=B004 X=341,3645 Y=280,8840 Vx=167,4209 Vy=8,7920
[14711,253] Ball=B006 X=345,4083 Y=105,7178 Vx=33,2078 Vy=-52,9436
[14714,831] Ball=B001 X=225,6883 Y=255,1009 Vx=-58,5950 Vy=93,6071
[14711,734] Ball=B003 X=198,2748 Y=34,5956 Vx=-292,6199 Vy=5,1394
[14712,246] Ball=B002 X=96,1866 Y=320,8254 Vx=34,6006 Vy=-4,8777
[14711,561] Ball=B005 X=165,0015 Y=302,2077 Vx=-22,5526 Vy=-21,4995
[14706,894] Ball=B007 X=85,7292 Y=147,2191 Vx=-132,1713 Vy=11,3261
[14704,294] Ball=B008 X=54,4003 Y=355,1547 Vx=62,4474 Vy=21,6539
[14719,162] Ball=B008 X=55,3287 Y=355,4767 Vx=62,4474 Vy=21,6539
[14721,781] Ball=B007 X=83,7617 Y=147,3877 Vx=-132,1713 Vy=11,3261
[14727,205] Ball=B002 X=96,7042 Y=320,7524 Vx=34,6006 Vy=-4,8777
[14726,241] Ball=B006 X=345,9060 Y=104,9243 Vx=33,2078 Vy=-52,9436
[14729,918] Ball=B001 X=224,8042 Y=256,5133 Vx=-58,5950 Vy=93,6071
[14726,684] Ball=B004 X=343,8950 Y=281,0169 Vx=167,4209 Vy=8,7920
[14726,566] Ball=B005 X=164,6631 Y=301,8851 Vx=-22,5526 Vy=-21,4995
[14726,866] Ball=B003 X=193,8606 Y=34,6731 Vx=-292,6199 Vy=5,1394
[14741,689] Ball=B003 X=189,5095 Y=34,7495 Vx=-292,6199 Vy=5,1394
[14742,210] Ball=B002 X=97,2234 Y=320,6792 Vx=34,6006 Vy=-4,8777
[14744,810] Ball=B001 X=223,9316 Y=257,9073 Vx=-58,5950 Vy=93,6071
[14741,569] Ball=B004 X=346,3871 Y=281,1477 Vx=167,4209 Vy=8,7920
[14734,182] Ball=B008 X=56,2667 Y=355,8019 Vx=62,4474 Vy=21,6539
[14736,794] Ball=B007 X=81,7773 Y=147,5577 Vx=-132,1713 Vy=11,3261
[14741,536] Ball=B005 X=164,3255 Y=301,5633 Vx=-22,5526 Vy=-21,4995
[14741,322] Ball=B006 X=346,4068 Y=104,1258 Vx=33,2078 Vy=-52,9436
[14750,162] Ball=B008 X=57,2646 Y=356,1479 Vx=62,4474 Vy=21,6539
[14757,694] Ball=B003 X=184,8263 Y=34,8318 Vx=-292,6199 Vy=5,1394
[14757,564] Ball=B004 X=349,0650 Y=281,2884 Vx=167,4209 Vy=8,7920
[14757,237] Ball=B006 X=346,9353 Y=103,2832 Vx=33,2078 Vy=-52,9436
[14757,477] Ball=B005 X=163,9660 Y=301,2205 Vx=-22,5526 Vy=-21,4995
[14760,833] Ball=B001 X=222,9928 Y=259,4071 Vx=-58,5950 Vy=93,6071
[14758,322] Ball=B002 X=97,7809 Y=320,6006 Vx=34,6006 Vy=-4,8777
[14752,973] Ball=B007 X=79,6389 Y=147,7410 Vx=-132,1713 Vy=11,3261
[14776,011] Ball=B001 X=222,1035 Y=260,8278 Vx=-58,5950 Vy=93,6071
[14772,781] Ball=B004 X=351,6127 Y=281,4221 Vx=167,4209 Vy=8,7920
[14772,925] Ball=B003 X=180,3692 Y=34,9101 Vx=-292,6199 Vy=5,1394
[14768,015] Ball=B007 X=77,6509 Y=147,9113 Vx=-132,1713 Vy=11,3261
[14765,416] Ball=B008 X=58,2172 Y=356,4783 Vx=62,4474 Vy=21,6539
[14772,778] Ball=B005 X=163,6227 Y=300,8933 Vx=-22,5526 Vy=-21,4995
[14773,539] Ball=B002 X=98,3074 Y=320,5264 Vx=34,6006 Vy=-4,8777
[14772,566] Ball=B006 X=347,4443 Y=102,4717 Vx=33,2078 Vy=-52,9436
[14789,316] Ball=B002 X=98,8533 Y=320,4494 Vx=34,6006 Vy=-4,8777
[14788,822] Ball=B003 X=175,7174 Y=34,9918 Vx=-292,6199 Vy=5,1394
[14788,577] Ball=B005 X=163,2646 Y=300,5519 Vx=-22,5526 Vy=-21,4995
[14783,932] Ball=B007 X=75,5471 Y=148,0916 Vx=-132,1713 Vy=11,3261
[14781,323] Ball=B008 X=59,2105 Y=356,8227 Vx=62,4474 Vy=21,6539
[14791,957] Ball=B001 X=221,1690 Y=262,3206 Vx=-58,5950 Vy=93,6071
[14788,733] Ball=B004 X=354,2833 Y=281,5624 Vx=167,4209 Vy=8,7920
[14788,498] Ball=B006 X=347,9683 Y=101,6362 Vx=33,2078 Vy=-52,9436
[14804,274] Ball=B006 X=348,4973 Y=100,7929 Vx=33,2078 Vy=-52,9436
[14804,613] Ball=B004 X=356,9420 Y=281,7020 Vx=167,4209 Vy=8,7920
[14797,229] Ball=B008 X=60,2038 Y=357,1671 Vx=62,4474 Vy=21,6539
[14807,869] Ball=B001 X=220,2367 Y=263,8100 Vx=-58,5950 Vy=93,6071
[14805,436] Ball=B002 X=99,4111 Y=320,3708 Vx=34,6006 Vy=-4,8777
[14804,932] Ball=B003 X=171,0031 Y=35,0746 Vx=-292,6199 Vy=5,1394
[14800,013] Ball=B007 X=73,4216 Y=148,2737 Vx=-132,1713 Vy=11,3261
[14804,764] Ball=B005 X=162,8996 Y=300,2039 Vx=-22,5526 Vy=-21,4995
[14812,266] Ball=B008 X=61,1428 Y=357,4927 Vx=62,4474 Vy=21,6539
[14819,690] Ball=B004 X=359,4662 Y=281,8346 Vx=167,4209 Vy=8,7920
[14820,488] Ball=B002 X=99,9319 Y=320,2974 Vx=34,6006 Vy=-4,8777
[14819,730] Ball=B005 X=162,5620 Y=299,8821 Vx=-22,5526 Vy=-21,4995
[14819,984] Ball=B003 X=166,5987 Y=35,1519 Vx=-292,6199 Vy=5,1394
[14819,513] Ball=B006 X=349,0034 Y=99,9861 Vx=33,2078 Vy=-52,9436
[14823,156] Ball=B001 X=219,3409 Y=265,2410 Vx=-58,5950 Vy=93,6071
[14815,143] Ball=B007 X=71,4219 Y=148,4451 Vx=-132,1713 Vy=11,3261
[14834,663] Ball=B005 X=162,2253 Y=299,5611 Vx=-22,5526 Vy=-21,4995
[14835,440] Ball=B002 X=100,4492 Y=320,2244 Vx=34,6006 Vy=-4,8777
[14830,015] Ball=B007 X=69,4562 Y=148,6135 Vx=-132,1713 Vy=11,3261
[14838,042] Ball=B001 X=218,4687 Y=266,6344 Vx=-58,5950 Vy=93,6071
[14834,823] Ball=B004 X=361,9999 Y=281,9676 Vx=167,4209 Vy=8,7920
[14827,497] Ball=B008 X=62,0940 Y=357,8226 Vx=62,4474 Vy=21,6539
[14835,036] Ball=B003 X=162,1943 Y=35,2293 Vx=-292,6199 Vy=5,1394
[14834,492] Ball=B006 X=349,5008 Y=99,1931 Vx=33,2078 Vy=-52,9436
[14853,894] Ball=B001 X=217,5399 Y=268,1182 Vx=-58,5950 Vy=93,6071
[14850,799] Ball=B003 X=157,5817 Y=35,3103 Vx=-292,6199 Vy=5,1394
[14851,314] Ball=B002 X=100,9983 Y=320,1470 Vx=34,6006 Vy=-4,8777
[14843,305] Ball=B008 X=63,0811 Y=358,1649 Vx=62,4474 Vy=21,6539
[14850,698] Ball=B004 X=364,6577 Y=282,1072 Vx=167,4209 Vy=8,7920
[14850,367] Ball=B006 X=350,0280 Y=98,3525 Vx=33,2078 Vy=-52,9436
[14850,676] Ball=B005 X=161,8641 Y=299,2168 Vx=-22,5526 Vy=-21,4995
[14846,140] Ball=B007 X=67,3249 Y=148,7962 Vx=-132,1713 Vy=11,3261
[14860,990] Ball=B007 X=65,3624 Y=148,9644 Vx=-132,1713 Vy=11,3261
[14865,680] Ball=B005 X=161,5257 Y=298,8942 Vx=-22,5526 Vy=-21,4995
[14865,809] Ball=B004 X=361,4702 Y=282,2400 Vx=-167,4209 Vy=8,7920
[14865,484] Ball=B006 X=350,5299 Y=97,5522 Vx=33,2078 Vy=-52,9436
[14858,498] Ball=B008 X=64,0299 Y=358,4938 Vx=62,4474 Vy=21,6539
[14866,139] Ball=B003 X=153,0929 Y=35,3891 Vx=-292,6199 Vy=5,1394
[14869,254] Ball=B001 X=216,6399 Y=269,5561 Vx=-58,5950 Vy=93,6071
[14866,663] Ball=B002 X=101,5296 Y=320,0721 Vx=34,6006 Vy=-4,8777
[14885,022] Ball=B001 X=215,7160 Y=271,0320 Vx=-58,5950 Vy=93,6071
[14881,683] Ball=B005 X=161,1648 Y=298,5502 Vx=-22,5526 Vy=-21,4995
[14881,478] Ball=B006 X=351,0611 Y=96,7054 Vx=33,2078 Vy=-52,9436
[14882,448] Ball=B002 X=102,0757 Y=319,9952 Vx=34,6006 Vy=-4,8777
[14881,960] Ball=B003 X=148,4632 Y=35,4705 Vx=-292,6199 Vy=5,1394
[14874,432] Ball=B008 X=65,0249 Y=358,8389 Vx=62,4474 Vy=21,6539
[14881,901] Ball=B004 X=358,7760 Y=282,3815 Vx=-167,4209 Vy=8,7920
[14877,264] Ball=B007 X=63,2113 Y=149,1487 Vx=-132,1713 Vy=11,3261
[14892,990] Ball=B007 X=61,1329 Y=149,3268 Vx=-132,1713 Vy=11,3261
[14890,390] Ball=B008 X=66,0215 Y=359,1844 Vx=62,4474 Vy=21,6539
[14897,456] Ball=B006 X=351,5917 Y=95,8595 Vx=33,2078 Vy=-52,9436
[14897,797] Ball=B004 X=356,1147 Y=282,5213 Vx=-167,4209 Vy=8,7920
[14898,521] Ball=B002 X=102,6296 Y=319,9171 Vx=34,6006 Vy=-4,8777
[14898,033] Ball=B003 X=143,7602 Y=35,5531 Vx=-292,6199 Vy=5,1394
[14901,134] Ball=B001 X=214,7718 Y=272,5403 Vx=-58,5950 Vy=93,6071
[14897,858] Ball=B005 X=160,8000 Y=298,2024 Vx=-22,5526 Vy=-21,4995
[14913,863] Ball=B003 X=139,1282 Y=35,6344 Vx=-292,6199 Vy=5,1394
[14916,972] Ball=B001 X=213,8439 Y=274,0228 Vx=-58,5950 Vy=93,6071
[14908,954] Ball=B007 X=59,0227 Y=149,5076 Vx=-132,1713 Vy=11,3261
[14913,633] Ball=B005 X=160,4443 Y=297,8633 Vx=-22,5526 Vy=-21,4995
[14913,421] Ball=B006 X=352,1218 Y=95,0142 Vx=33,2078 Vy=-52,9436
[14914,413] Ball=B002 X=103,1817 Y=319,8392 Vx=34,6006 Vy=-4,8777
[14906,378] Ball=B008 X=67,0198 Y=359,5306 Vx=62,4474 Vy=21,6539
[14913,839] Ball=B004 X=353,4290 Y=282,6623 Vx=-167,4209 Vy=8,7920
[14928,807] Ball=B004 X=350,9233 Y=282,7939 Vx=-167,4209 Vy=8,7920
[14928,697] Ball=B005 X=160,1045 Y=297,5394 Vx=-22,5526 Vy=-21,4995
[14924,034] Ball=B007 X=57,0296 Y=149,6784 Vx=-132,1713 Vy=11,3261
[14929,468] Ball=B002 X=103,7026 Y=319,7658 Vx=34,6006 Vy=-4,8777
[14929,130] Ball=B003 X=134,6732 Y=35,7127 Vx=-292,6199 Vy=5,1394
[14921,604] Ball=B008 X=67,9707 Y=359,8604 Vx=62,4474 Vy=21,6539
[14928,727] Ball=B006 X=352,6301 Y=94,2039 Vx=33,2078 Vy=-52,9436
[14932,305] Ball=B001 X=212,9454 Y=275,4581 Vx=-58,5950 Vy=93,6071
[14939,606] Ball=B007 X=54,9716 Y=149,8548 Vx=-132,1713 Vy=11,3261
[14944,064] Ball=B006 X=353,1394 Y=93,3919 Vx=33,2078 Vy=-52,9436
[14945,045] Ball=B002 X=104,2416 Y=319,6898 Vx=34,6006 Vy=-4,8777
[14947,649] Ball=B001 X=212,0463 Y=276,8944 Vx=-58,5950 Vy=93,6071
[14937,023] Ball=B008 X=68,9336 Y=360,1942 Vx=62,4474 Vy=21,6539
[14944,573] Ball=B003 X=130,1415 Y=35,7923 Vx=-292,6199 Vy=5,1394
[14944,321] Ball=B005 X=159,7522 Y=297,2035 Vx=-22,5526 Vy=-21,4995
[14944,437] Ball=B004 X=348,3062 Y=282,9313 Vx=-167,4209 Vy=8,7920
[14952,608] Ball=B008 X=69,9067 Y=360,5317 Vx=62,4474 Vy=21,6539
[14960,009] Ball=B004 X=345,6992 Y=283,0682 Vx=-167,4209 Vy=8,7920
[14960,156] Ball=B003 X=125,5816 Y=35,8723 Vx=-292,6199 Vy=5,1394
[14959,913] Ball=B005 X=159,4005 Y=296,8683 Vx=-22,5526 Vy=-21,4995
[14963,277] Ball=B001 X=211,1305 Y=278,3574 Vx=-58,5950 Vy=93,6071
[14959,708] Ball=B006 X=353,6589 Y=92,5637 Vx=33,2078 Vy=-52,9436
[14955,264] Ball=B007 X=52,9018 Y=150,0321 Vx=-132,1713 Vy=11,3261
[14960,697] Ball=B002 X=104,7832 Y=319,6135 Vx=34,6006 Vy=-4,8777
[14971,326] Ball=B007 X=50,7791 Y=150,2140 Vx=-132,1713 Vy=11,3261
[14976,768] Ball=B002 X=105,3391 Y=319,5351 Vx=34,6006 Vy=-4,8777
[14975,796] Ball=B006 X=354,1932 Y=91,7119 Vx=33,2078 Vy=-52,9436
[14979,375] Ball=B001 X=210,1873 Y=279,8642 Vx=-58,5950 Vy=93,6071
[14976,027] Ball=B005 X=159,0371 Y=296,5218 Vx=-22,5526 Vy=-21,4995
[14976,363] Ball=B003 X=120,8390 Y=35,9556 Vx=-292,6199 Vy=5,1394
[14968,835] Ball=B008 X=70,9201 Y=360,8831 Vx=62,4474 Vy=21,6539
[14976,230] Ball=B004 X=342,9833 Y=283,2109 Vx=-167,4209 Vy=8,7920
[14991,700] Ball=B004 X=340,3936 Y=283,3469 Vx=-167,4209 Vy=8,7920
[14994,943] Ball=B001 X=209,2751 Y=281,3214 Vx=-58,5950 Vy=93,6071
[14984,306] Ball=B008 X=71,8862 Y=361,2181 Vx=62,4474 Vy=21,6539
[14991,599] Ball=B005 X=158,6859 Y=296,1870 Vx=-22,5526 Vy=-21,4995
[14991,867] Ball=B003 X=116,3023 Y=36,0353 Vx=-292,6199 Vy=5,1394
[14991,404] Ball=B006 X=354,7115 Y=90,8856 Vx=33,2078 Vy=-52,9436
[14992,381] Ball=B002 X=105,8795 Y=319,4589 Vx=34,6006 Vy=-4,8777
[14986,952] Ball=B007 X=48,7136 Y=150,3910 Vx=-132,1713 Vy=11,3261
[15006,841] Ball=B003 X=111,9207 Y=36,1123 Vx=-292,6199 Vy=5,1394
[15006,592] Ball=B005 X=158,3478 Y=295,8647 Vx=-22,5526 Vy=-21,4995
[15001,921] Ball=B007 X=46,7353 Y=150,5606 Vx=-132,1713 Vy=11,3261
[15006,385] Ball=B006 X=355,2090 Y=90,0924 Vx=33,2078 Vy=-52,9436
[15007,372] Ball=B002 X=106,3982 Y=319,3858 Vx=34,6006 Vy=-4,8777
[15006,735] Ball=B004 X=337,8762 Y=283,4791 Vx=-167,4209 Vy=8,7920
[15009,977] Ball=B001 X=208,3942 Y=282,7288 Vx=-58,5950 Vy=93,6071
[14999,347] Ball=B008 X=72,8256 Y=361,5438 Vx=62,4474 Vy=21,6539
[15017,804] Ball=B007 X=44,6360 Y=150,7405 Vx=-132,1713 Vy=11,3261
[15015,188] Ball=B008 X=73,8147 Y=361,8868 Vx=62,4474 Vy=21,6539
[15025,836] Ball=B001 X=207,4649 Y=284,2133 Vx=-58,5950 Vy=93,6071
[15022,493] Ball=B005 X=157,9892 Y=295,5228 Vx=-22,5526 Vy=-21,4995
[15022,617] Ball=B004 X=335,2173 Y=283,6187 Vx=-167,4209 Vy=8,7920
[15023,408] Ball=B002 X=106,9530 Y=319,3076 Vx=34,6006 Vy=-4,8777
[15022,481] Ball=B006 X=355,7421 Y=89,2425 Vx=33,2078 Vy=-52,9436
[15022,961] Ball=B003 X=107,2037 Y=36,1951 Vx=-292,6199 Vy=5,1394
[15037,703] Ball=B004 X=332,6917 Y=283,7513 Vx=-167,4209 Vy=8,7920
[15037,387] Ball=B006 X=356,2385 Y=88,4510 Vx=33,2078 Vy=-52,9436
[15030,329] Ball=B008 X=74,7603 Y=362,2147 Vx=62,4474 Vy=21,6539
[15037,870] Ball=B003 X=102,8410 Y=36,2717 Vx=-292,6199 Vy=5,1394
[15037,688] Ball=B005 X=157,6465 Y=295,1961 Vx=-22,5526 Vy=-21,4995
[15038,452] Ball=B002 X=107,4735 Y=319,2342 Vx=34,6006 Vy=-4,8777
[15033,185] Ball=B007 X=42,6030 Y=150,9147 Vx=-132,1713 Vy=11,3261
[15041,126] Ball=B001 X=206,5691 Y=285,6445 Vx=-58,5950 Vy=93,6071
[15055,941] Ball=B001 X=205,7014 Y=287,0306 Vx=-58,5950 Vy=93,6071
[15053,351] Ball=B002 X=107,9890 Y=319,1615 Vx=34,6006 Vy=-4,8777
[15045,314] Ball=B008 X=75,6961 Y=362,5391 Vx=62,4474 Vy=21,6539
[15047,941] Ball=B007 X=40,6526 Y=151,0818 Vx=-132,1713 Vy=11,3261
[15052,727] Ball=B004 X=330,1762 Y=283,8834 Vx=-167,4209 Vy=8,7920
[15052,879] Ball=B003 X=98,4490 Y=36,3489 Vx=-292,6199 Vy=5,1394
[15052,536] Ball=B006 X=356,7399 Y=87,6517 Vx=33,2078 Vy=-52,9436
[15052,628] Ball=B005 X=157,3096 Y=294,8749 Vx=-22,5526 Vy=-21,4995
[15071,946] Ball=B001 X=204,7632 Y=288,5294 Vx=-58,5950 Vy=93,6071
[15068,379] Ball=B006 X=357,2676 Y=86,8102 Vx=33,2078 Vy=-52,9436
[15061,330] Ball=B008 X=76,6962 Y=362,8860 Vx=62,4474 Vy=21,6539
[15068,630] Ball=B005 X=156,9487 Y=294,5309 Vx=-22,5526 Vy=-21,4995
[15068,809] Ball=B004 X=327,4838 Y=284,0248 Vx=-167,4209 Vy=8,7920
[15064,086] Ball=B007 X=38,5243 Y=151,2642 Vx=-132,1713 Vy=11,3261
[15068,961] Ball=B003 X=93,7430 Y=36,4315 Vx=-292,6199 Vy=5,1394
[15069,653] Ball=B002 X=108,5531 Y=319,0820 Vx=34,6006 Vy=-4,8777
[15084,822] Ball=B003 X=89,1021 Y=36,5130 Vx=-292,6199 Vy=5,1394
[15085,330] Ball=B002 X=109,0955 Y=319,0056 Vx=34,6006 Vy=-4,8777
[15079,910] Ball=B007 X=36,4273 Y=151,4439 Vx=-132,1713 Vy=11,3261
[15087,934] Ball=B001 X=203,8263 Y=290,0261 Vx=-58,5950 Vy=93,6071
[15084,594] Ball=B005 X=156,5887 Y=294,1877 Vx=-22,5526 Vy=-21,4995
[15077,330] Ball=B008 X=77,6954 Y=363,2324 Vx=62,4474 Vy=21,6539
[15084,724] Ball=B004 X=324,8193 Y=284,1647 Vx=-167,4209 Vy=8,7920
[15084,395] Ball=B006 X=357,7995 Y=85,9623 Vx=33,2078 Vy=-52,9436
[15100,398] Ball=B005 X=156,2323 Y=293,8479 Vx=-22,5526 Vy=-21,4995
[15100,202] Ball=B006 X=358,3244 Y=85,1254 Vx=33,2078 Vy=-52,9436
[15093,149] Ball=B008 X=78,6832 Y=363,5750 Vx=62,4474 Vy=21,6539
[15103,795] Ball=B001 X=202,8969 Y=291,5108 Vx=-58,5950 Vy=93,6071
[15101,208] Ball=B002 X=109,6449 Y=318,9281 Vx=34,6006 Vy=-4,8777
[15100,709] Ball=B003 X=84,4529 Y=36,5947 Vx=-292,6199 Vy=5,1394
[15095,794] Ball=B007 X=34,3278 Y=151,6238 Vx=-132,1713 Vy=11,3261
[15100,590] Ball=B004 X=322,1631 Y=284,3042 Vx=-167,4209 Vy=8,7920
[15115,695] Ball=B004 X=319,6342 Y=284,4370 Vx=-167,4209 Vy=8,7920
[15110,930] Ball=B007 X=32,3274 Y=151,7952 Vx=-132,1713 Vy=11,3261
[15115,853] Ball=B003 X=80,0215 Y=36,6725 Vx=-292,6199 Vy=5,1394
[15116,447] Ball=B002 X=110,1722 Y=318,8538 Vx=34,6006 Vy=-4,8777
[15119,056] Ball=B001 X=202,0028 Y=292,9393 Vx=-58,5950 Vy=93,6071
[15108,423] Ball=B008 X=79,6370 Y=363,9057 Vx=62,4474 Vy=21,6539
[15115,488] Ball=B006 X=358,8320 Y=84,3161 Vx=33,2078 Vy=-52,9436
[15115,783] Ball=B005 X=155,8853 Y=293,5171 Vx=-22,5526 Vy=-21,4995
[15131,301] Ball=B006 X=359,3571 Y=83,4789 Vx=33,2078 Vy=-52,9436
[15124,247] Ball=B008 X=80,6252 Y=364,2483 Vx=62,4474 Vy=21,6539
[15126,862] Ball=B007 X=30,2217 Y=151,9757 Vx=-132,1713 Vy=11,3261
[15131,540] Ball=B005 X=155,5299 Y=293,1784 Vx=-22,5526 Vy=-21,4995
[15134,903] Ball=B001 X=201,0742 Y=294,4227 Vx=-58,5950 Vy=93,6071
[15132,309] Ball=B002 X=110,7211 Y=318,7764 Vx=34,6006 Vy=-4,8777
[15131,738] Ball=B004 X=316,9482 Y=284,5781 Vx=-167,4209 Vy=8,7920
[15131,929] Ball=B003 X=75,3176 Y=36,7552 Vx=-292,6199 Vy=5,1394
[15149,951] Ball=B001 X=200,1925 Y=295,8312 Vx=-58,5950 Vy=93,6071
[15147,356] Ball=B002 X=111,2417 Y=318,7030 Vx=34,6006 Vy=-4,8777
[15146,857] Ball=B003 X=70,9491 Y=36,8319 Vx=-292,6199 Vy=5,1394
[15146,732] Ball=B004 X=314,4378 Y=284,7099 Vx=-167,4209 Vy=8,7920
[15139,412] Ball=B008 X=81,5684 Y=364,5754 Vx=62,4474 Vy=21,6539
[15146,474] Ball=B006 X=359,8610 Y=82,6756 Vx=33,2078 Vy=-52,9436
[15146,696] Ball=B005 X=155,1881 Y=292,8525 Vx=-22,5526 Vy=-21,4995
[15141,960] Ball=B007 X=28,2260 Y=152,1467 Vx=-132,1713 Vy=11,3261
[15155,211] Ball=B008 X=82,5588 Y=364,9189 Vx=62,4474 Vy=21,6539
[15162,497] Ball=B005 X=154,8318 Y=292,5128 Vx=-22,5526 Vy=-21,4995
[15165,855] Ball=B001 X=199,2606 Y=297,3200 Vx=-58,5950 Vy=93,6071
[15162,637] Ball=B004 X=311,7750 Y=284,8498 Vx=-167,4209 Vy=8,7920
[15163,284] Ball=B002 X=111,7928 Y=318,6253 Vx=34,6006 Vy=-4,8777
[15162,853] Ball=B003 X=66,2685 Y=36,9141 Vx=-292,6199 Vy=5,1394
[15162,387] Ball=B006 X=360,3894 Y=81,8331 Vx=33,2078 Vy=-52,9436
[15157,937] Ball=B007 X=26,1144 Y=152,3276 Vx=-132,1713 Vy=11,3261
[15172,909] Ball=B007 X=24,1356 Y=152,4972 Vx=-132,1713 Vy=11,3261
[15177,706] Ball=B004 X=309,2522 Y=284,9822 Vx=-167,4209 Vy=8,7920
[15177,844] Ball=B003 X=61,8818 Y=36,9911 Vx=-292,6199 Vy=5,1394
[15177,378] Ball=B006 X=360,8873 Y=81,0394 Vx=33,2078 Vy=-52,9436
[15170,335] Ball=B008 X=83,5033 Y=365,2463 Vx=62,4474 Vy=21,6539
[15180,967] Ball=B001 X=198,3750 Y=298,7347 Vx=-58,5950 Vy=93,6071
[15177,694] Ball=B005 X=154,4890 Y=292,1861 Vx=-22,5526 Vy=-21,4995
[15178,584] Ball=B002 X=112,3222 Y=318,5507 Vx=34,6006 Vy=-4,8777
[15192,459] Ball=B005 X=154,1560 Y=291,8687 Vx=-22,5526 Vy=-21,4995
[15193,217] Ball=B002 X=112,8284 Y=318,4793 Vx=34,6006 Vy=-4,8777
[15185,227] Ball=B008 X=84,4333 Y=365,5688 Vx=62,4474 Vy=21,6539
[15195,864] Ball=B001 X=197,5022 Y=300,1291 Vx=-58,5950 Vy=93,6071
[15192,307] Ball=B006 X=361,3830 Y=80,2491 Vx=33,2078 Vy=-52,9436
[15192,784] Ball=B003 X=57,5099 Y=37,0679 Vx=-292,6199 Vy=5,1394
[15192,653] Ball=B004 X=306,7497 Y=285,1137 Vx=-167,4209 Vy=8,7920
[15187,876] Ball=B007 X=22,1573 Y=152,6667 Vx=-132,1713 Vy=11,3261
[15203,784] Ball=B007 X=20,0548 Y=152,8469 Vx=-132,1713 Vy=11,3261
[15208,570] Ball=B004 X=304,0849 Y=285,2536 Vx=-167,4209 Vy=8,7920
[15209,073] Ball=B003 X=52,7438 Y=37,1516 Vx=-292,6199 Vy=5,1394
[15212,181] Ball=B001 X=196,5461 Y=301,6564 Vx=-58,5950 Vy=93,6071
[15209,617] Ball=B002 X=113,3959 Y=318,3993 Vx=34,6006 Vy=-4,8777
[15208,648] Ball=B006 X=361,9257 Y=79,3839 Vx=33,2078 Vy=-52,9436
[15201,601] Ball=B008 X=85,4558 Y=365,9234 Vx=62,4474 Vy=21,6539
[15208,893] Ball=B005 X=153,7854 Y=291,5153 Vx=-22,5526 Vy=-21,4995
[15224,752] Ball=B003 X=48,1558 Y=37,2322 Vx=-292,6199 Vy=5,1394
[15225,260] Ball=B002 X=113,9372 Y=318,3230 Vx=34,6006 Vy=-4,8777
[15217,228] Ball=B008 X=86,4316 Y=366,2618 Vx=62,4474 Vy=21,6539
[15224,295] Ball=B006 X=362,4453 Y=78,5555 Vx=33,2078 Vy=-52,9436
[15227,876] Ball=B001 X=195,6264 Y=303,1256 Vx=-58,5950 Vy=93,6071
[15224,660] Ball=B004 X=301,3910 Y=285,3951 Vx=-167,4209 Vy=8,7920
[15219,946] Ball=B007 X=17,9186 Y=153,0299 Vx=-132,1713 Vy=11,3261
[15224,617] Ball=B005 X=153,4308 Y=291,1772 Vx=-22,5526 Vy=-21,4995
[15239,447] Ball=B005 X=153,0964 Y=290,8584 Vx=-22,5526 Vy=-21,4995
[15239,561] Ball=B004 X=298,8963 Y=285,5261 Vx=-167,4209 Vy=8,7920
[15239,708] Ball=B003 X=43,7793 Y=37,3091 Vx=-292,6199 Vy=5,1394
[15232,187] Ball=B008 X=87,3658 Y=366,5857 Vx=62,4474 Vy=21,6539
[15242,924] Ball=B001 X=194,7446 Y=304,5343 Vx=-58,5950 Vy=93,6071
[15240,330] Ball=B002 X=114,4586 Y=318,2495 Vx=34,6006 Vy=-4,8777
[15234,905] Ball=B007 X=15,9415 Y=153,1994 Vx=-132,1713 Vy=11,3261
[15239,483] Ball=B006 X=362,9496 Y=77,7514 Vx=33,2078 Vy=-52,9436
[15255,226] Ball=B002 X=114,9740 Y=318,1768 Vx=34,6006 Vy=-4,8777
[15249,767] Ball=B007 X=13,9773 Y=153,3677 Vx=-132,1713 Vy=11,3261
[15254,256] Ball=B006 X=363,4402 Y=76,9692 Vx=33,2078 Vy=-52,9436
[15254,482] Ball=B005 X=152,7572 Y=290,5352 Vx=-22,5526 Vy=-21,4995
[15257,852] Ball=B001 X=193,8700 Y=305,9316 Vx=-58,5950 Vy=93,6071
[15254,750] Ball=B003 X=39,3775 Y=37,3864 Vx=-292,6199 Vy=5,1394
[15254,677] Ball=B004 X=296,3656 Y=285,6590 Vx=-167,4209 Vy=8,7920
[15247,288] Ball=B008 X=88,3088 Y=366,9127 Vx=62,4474 Vy=21,6539
[15269,447] Ball=B005 X=152,4198 Y=290,2134 Vx=-22,5526 Vy=-21,4995
[15262,167] Ball=B008 X=89,2379 Y=367,2349 Vx=62,4474 Vy=21,6539
[15270,213] Ball=B002 X=115,4926 Y=318,1037 Vx=34,6006 Vy=-4,8777
[15264,790] Ball=B007 X=11,9915 Y=153,5379 Vx=-132,1713 Vy=11,3261
[15269,590] Ball=B004 X=293,8689 Y=285,7901 Vx=-167,4209 Vy=8,7920
[15269,736] Ball=B003 X=34,9923 Y=37,4634 Vx=-292,6199 Vy=5,1394
[15269,326] Ball=B006 X=363,9406 Y=76,1714 Vx=33,2078 Vy=-52,9436
[15272,965] Ball=B001 X=192,9844 Y=307,3463 Vx=-58,5950 Vy=93,6071
[15285,363] Ball=B006 X=364,4732 Y=75,3224 Vx=33,2078 Vy=-52,9436
[15285,704] Ball=B004 X=291,1711 Y=285,9318 Vx=-167,4209 Vy=8,7920
[15288,949] Ball=B001 X=192,0479 Y=308,8425 Vx=-58,5950 Vy=93,6071
[15285,607] Ball=B005 X=152,0553 Y=289,8660 Vx=-22,5526 Vy=-21,4995
[15285,942] Ball=B003 X=30,2500 Y=37,5467 Vx=-292,6199 Vy=5,1394
[15278,412] Ball=B008 X=90,2524 Y=367,5866 Vx=62,4474 Vy=21,6539
[15281,022] Ball=B007 X=9,8461 Y=153,7217 Vx=-132,1713 Vy=11,3261
[15286,504] Ball=B002 X=116,0563 Y=318,0243 Vx=34,6006 Vy=-4,8777
[15294,168] Ball=B008 X=91,2362 Y=367,9278 Vx=62,4474 Vy=21,6539
[15296,777] Ball=B007 X=7,7637 Y=153,9001 Vx=-132,1713 Vy=11,3261
[15302,248] Ball=B002 X=116,6010 Y=317,9475 Vx=34,6006 Vy=-4,8777
[15301,743] Ball=B003 X=25,6264 Y=37,6279 Vx=-292,6199 Vy=5,1394
[15301,604] Ball=B004 X=288,5092 Y=286,0716 Vx=-167,4209 Vy=8,7920
[15304,860] Ball=B001 X=191,1155 Y=310,3319 Vx=-58,5950 Vy=93,6071
[15301,508] Ball=B005 X=151,6967 Y=289,5241 Vx=-22,5526 Vy=-21,4995
[15301,375] Ball=B006 X=363,4682 Y=74,4746 Vx=-33,2078 Vy=-52,9436
[15316,375] Ball=B006 X=362,9701 Y=73,6805 Vx=-33,2078 Vy=-52,9436
[15319,952] Ball=B001 X=190,2312 Y=311,7446 Vx=-58,5950 Vy=93,6071
[15316,609] Ball=B005 X=151,3561 Y=289,1995 Vx=-22,5526 Vy=-21,4995
[15316,735] Ball=B004 X=285,9758 Y=286,2046 Vx=-167,4209 Vy=8,7920
[15309,345] Ball=B008 X=92,1841 Y=368,2565 Vx=62,4474 Vy=21,6539
[15317,383] Ball=B002 X=117,1247 Y=317,8737 Vx=34,6006 Vy=-4,8777
[15316,966] Ball=B003 X=21,1720 Y=37,7061 Vx=-292,6199 Vy=5,1394
[15312,044] Ball=B007 X=5,7458 Y=154,0731 Vx=-132,1713 Vy=11,3261
[15332,693] Ball=B004 X=283,3043 Y=286,3449 Vx=-167,4209 Vy=8,7920
[15327,911] Ball=B007 X=3,6488 Y=154,2528 Vx=-132,1713 Vy=11,3261
[15332,588] Ball=B005 X=150,9957 Y=288,8559 Vx=-22,5526 Vy=-21,4995
[15335,950] Ball=B001 X=189,2938 Y=313,2421 Vx=-58,5950 Vy=93,6071
[15332,859] Ball=B003 X=16,5213 Y=37,7878 Vx=-292,6199 Vy=5,1394
[15333,369] Ball=B002 X=117,6778 Y=317,7957 Vx=34,6006 Vy=-4,8777
[15325,337] Ball=B008 X=93,1828 Y=368,6027 Vx=62,4474 Vy=21,6539
[15332,402] Ball=B006 X=362,4379 Y=72,8319 Vx=-33,2078 Vy=-52,9436
[15347,754] Ball=B003 X=12,1628 Y=37,8644 Vx=-292,6199 Vy=5,1394
[15347,291] Ball=B006 X=361,9435 Y=72,0437 Vx=-33,2078 Vy=-52,9436
[15347,770] Ball=B004 X=280,7799 Y=286,4774 Vx=-167,4209 Vy=8,7920
[15340,378] Ball=B008 X=94,1220 Y=368,9285 Vx=62,4474 Vy=21,6539
[15348,430] Ball=B002 X=118,1989 Y=317,7222 Vx=34,6006 Vy=-4,8777
[15351,092] Ball=B001 X=188,4066 Y=314,6596 Vx=-58,5950 Vy=93,6071
[15347,748] Ball=B005 X=150,6539 Y=288,5300 Vx=-22,5526 Vy=-21,4995
[15343,085] Ball=B007 X=1,6431 Y=154,4246 Vx=-132,1713 Vy=11,3261
[15356,301] Ball=B008 X=95,1163 Y=369,2732 Vx=62,4474 Vy=21,6539
[15358,943] Ball=B007 X=-0,4529 Y=154,6042 Vx=-132,1713 Vy=11,3261
[15367,052] Ball=B001 X=187,4714 Y=316,1535 Vx=-58,5950 Vy=93,6071
[15363,816] Ball=B004 X=278,0934 Y=286,6185 Vx=-167,4209 Vy=8,7920
[15363,483] Ball=B006 X=361,4058 Y=71,1864 Vx=-33,2078 Vy=-52,9436
[15363,953] Ball=B003 X=7,4225 Y=37,9476 Vx=-292,6199 Vy=5,1394
[15364,593] Ball=B002 X=118,7505 Y=317,6445 Vx=34,6006 Vy=-4,8777
[15363,841] Ball=B005 X=150,2909 Y=288,1840 Vx=-22,5526 Vy=-21,4995
[15381,838] Ball=B001 X=186,6051 Y=317,5375 Vx=-58,5950 Vy=93,6071
[15379,423] Ball=B002 X=119,2713 Y=317,5710 Vx=34,6006 Vy=-4,8777
[15378,782] Ball=B004 X=275,5878 Y=286,7501 Vx=-167,4209 Vy=8,7920
[15378,459] Ball=B006 X=360,9085 Y=70,3935 Vx=-33,2078 Vy=-52,9436
[15378,678] Ball=B005 X=149,9563 Y=287,8650 Vx=-22,5526 Vy=-21,4995
[15378,942] Ball=B003 X=3,0364 Y=38,0247 Vx=-292,6199 Vy=5,1394
[15374,020] Ball=B007 X=1,9927 Y=154,7750 Vx=132,1713 Vy=11,3261
[15371,416] Ball=B008 X=96,0603 Y=369,6005 Vx=62,4474 Vy=21,6539
[15389,836] Ball=B007 X=4,0829 Y=154,9541 Vx=132,1713 Vy=11,3261
[15394,628] Ball=B004 X=272,9350 Y=286,8894 Vx=-167,4209 Vy=8,7920
[15395,431] Ball=B002 X=119,8252 Y=317,4930 Vx=34,6006 Vy=-4,8777
[15394,927] Ball=B003 X=-1,6410 Y=38,1068 Vx=-292,6199 Vy=5,1394
[15387,395] Ball=B008 X=97,0581 Y=369,9465 Vx=62,4474 Vy=21,6539
[15398,104] Ball=B001 X=185,6519 Y=319,0602 Vx=-58,5950 Vy=93,6071
[15394,751] Ball=B005 X=149,5938 Y=287,5195 Vx=-22,5526 Vy=-21,4995
[15394,537] Ball=B006 X=360,3745 Y=69,5423 Vx=-33,2078 Vy=-52,9436
[15409,436] Ball=B005 X=149,2626 Y=287,2037 Vx=-22,5526 Vy=-21,4995
[15412,794] Ball=B001 X=184,7912 Y=320,4352 Vx=-58,5950 Vy=93,6071
[15409,233] Ball=B006 X=359,8865 Y=68,7642 Vx=-33,2078 Vy=-52,9436
[15404,796] Ball=B007 X=6,0604 Y=155,1236 Vx=132,1713 Vy=11,3261
[15402,320] Ball=B008 X=97,9901 Y=370,2697 Vx=62,4474 Vy=21,6539
[15409,663] Ball=B004 X=270,4177 Y=287,0216 Vx=-167,4209 Vy=8,7920
[15409,858] Ball=B003 X=4,3693 Y=38,1836 Vx=292,6199 Vy=5,1394
[15410,422] Ball=B002 X=120,3439 Y=317,4198 Vx=34,6006 Vy=-4,8777
[15426,312] Ball=B002 X=120,8937 Y=317,3423 Vx=34,6006 Vy=-4,8777
[15418,273] Ball=B008 X=98,9863 Y=370,6152 Vx=62,4474 Vy=21,6539
[15425,812] Ball=B003 X=9,0376 Y=38,2655 Vx=292,6199 Vy=5,1394
[15425,680] Ball=B004 X=267,7361 Y=287,1624 Vx=-167,4209 Vy=8,7920
[15420,914] Ball=B007 X=8,1908 Y=155,3061 Vx=132,1713 Vy=11,3261
[15425,367] Ball=B006 X=359,3507 Y=67,9100 Vx=-33,2078 Vy=-52,9436
[15425,587] Ball=B005 X=148,8984 Y=286,8565 Vx=-22,5526 Vy=-21,4995
[15429,010] Ball=B001 X=183,8410 Y=321,9532 Vx=-58,5950 Vy=93,6071
[15440,448] Ball=B005 X=148,5632 Y=286,5370 Vx=-22,5526 Vy=-21,4995
[15440,233] Ball=B006 X=358,8571 Y=67,1230 Vx=-33,2078 Vy=-52,9436
[15440,598] Ball=B004 X=265,2385 Y=287,2936 Vx=-167,4209 Vy=8,7920
[15443,837] Ball=B001 X=182,9722 Y=323,3411 Vx=-58,5950 Vy=93,6071
[15435,889] Ball=B007 X=10,1701 Y=155,4758 Vx=132,1713 Vy=11,3261
[15440,819] Ball=B003 X=13,4288 Y=38,3427 Vx=292,6199 Vy=5,1394
[15441,334] Ball=B002 X=121,4135 Y=317,2691 Vx=34,6006 Vy=-4,8777
[15433,178] Ball=B008 X=99,9171 Y=370,9379 Vx=62,4474 Vy=21,6539
[15449,312] Ball=B008 X=100,9246 Y=371,2873 Vx=62,4474 Vy=21,6539
[15457,355] Ball=B002 X=121,9678 Y=317,1909 Vx=34,6006 Vy=-4,8777
[15456,721] Ball=B004 X=262,5392 Y=287,4354 Vx=-167,4209 Vy=8,7920
[15456,874] Ball=B003 X=18,1270 Y=38,4252 Vx=292,6199 Vy=5,1394
[15456,472] Ball=B006 X=358,3178 Y=66,2632 Vx=-33,2078 Vy=-52,9436
[15460,043] Ball=B001 X=182,0226 Y=324,8581 Vx=-58,5950 Vy=93,6071
[15452,019] Ball=B007 X=12,3020 Y=155,6584 Vx=132,1713 Vy=11,3261
[15456,803] Ball=B005 X=148,1944 Y=286,1854 Vx=-22,5526 Vy=-21,4995
[15471,226] Ball=B006 X=357,8279 Y=65,4821 Vx=-33,2078 Vy=-52,9436
[15471,464] Ball=B005 X=147,8637 Y=285,8702 Vx=-22,5526 Vy=-21,4995
[15466,810] Ball=B007 X=14,2569 Y=155,8260 Vx=132,1713 Vy=11,3261
[15471,602] Ball=B004 X=260,0477 Y=287,5662 Vx=-167,4209 Vy=8,7920
[15472,252] Ball=B002 X=122,4833 Y=317,1182 Vx=34,6006 Vy=-4,8777
[15474,799] Ball=B001 X=181,1580 Y=326,2394 Vx=-58,5950 Vy=93,6071
[15464,342] Ball=B008 X=101,8633 Y=371,6128 Vx=62,4474 Vy=21,6539
[15471,822] Ball=B003 X=22,5010 Y=38,5020 Vx=292,6199 Vy=5,1394
[15480,174] Ball=B008 X=102,8519 Y=371,9556 Vx=62,4474 Vy=21,6539
[15487,571] Ball=B004 X=257,3744 Y=287,7066 Vx=-167,4209 Vy=8,7920
[15488,023] Ball=B003 X=27,2416 Y=38,5853 Vx=292,6199 Vy=5,1394
[15488,535] Ball=B002 X=123,0467 Y=317,0388 Vx=34,6006 Vy=-4,8777
[15491,145] Ball=B001 X=180,2002 Y=327,7695 Vx=-58,5950 Vy=93,6071
[15483,170] Ball=B007 X=16,4192 Y=156,0113 Vx=132,1713 Vy=11,3261
[15487,631] Ball=B006 X=357,2831 Y=64,6135 Vx=-33,2078 Vy=-52,9436
[15487,867] Ball=B005 X=147,4938 Y=285,5175 Vx=-22,5526 Vy=-21,4995
[15503,372] Ball=B006 X=356,7604 Y=63,7802 Vx=-33,2078 Vy=-52,9436
[15503,590] Ball=B005 X=147,1392 Y=285,1795 Vx=-22,5526 Vy=-21,4995
[15498,928] Ball=B007 X=18,5019 Y=156,1897 Vx=132,1713 Vy=11,3261
[15504,393] Ball=B002 X=123,5954 Y=316,9615 Vx=34,6006 Vy=-4,8777
[15503,749] Ball=B004 X=254,6657 Y=287,8488 Vx=-167,4209 Vy=8,7920
[15506,989] Ball=B001 X=179,2718 Y=329,2526 Vx=-58,5950 Vy=93,6071
[15496,459] Ball=B008 X=103,8689 Y=372,3082 Vx=62,4474 Vy=21,6539
[15503,992] Ball=B003 X=31,9145 Y=38,6673 Vx=292,6199 Vy=5,1394
[15512,172] Ball=B008 X=104,8501 Y=372,6484 Vx=62,4474 Vy=21,6539
[15520,210] Ball=B002 X=124,1426 Y=316,8843 Vx=34,6006 Vy=-4,8777
[15519,707] Ball=B003 X=36,5131 Y=38,7481 Vx=292,6199 Vy=5,1394
[15519,487] Ball=B005 X=146,7807 Y=284,8377 Vx=-22,5526 Vy=-21,4995
[15514,818] Ball=B007 X=20,6021 Y=156,3697 Vx=132,1713 Vy=11,3261
[15519,602] Ball=B004 X=252,0116 Y=287,9882 Vx=-167,4209 Vy=8,7920
[15522,856] Ball=B001 X=178,3420 Y=330,7379 Vx=-58,5950 Vy=93,6071
[15519,286] Ball=B006 X=356,2319 Y=62,9376 Vx=-33,2078 Vy=-52,9436
[15534,247] Ball=B006 X=355,7351 Y=62,1456 Vx=-33,2078 Vy=-52,9436
[15534,583] Ball=B004 X=249,5035 Y=288,1199 Vx=-167,4209 Vy=8,7920
[15537,818] Ball=B001 X=177,4654 Y=332,1383 Vx=-58,5950 Vy=93,6071
[15529,851] Ball=B007 X=22,5891 Y=156,5400 Vx=132,1713 Vy=11,3261
[15534,935] Ball=B003 X=40,9688 Y=38,8264 Vx=292,6199 Vy=5,1394
[15534,689] Ball=B005 X=146,4379 Y=284,5109 Vx=-22,5526 Vy=-21,4995
[15535,502] Ball=B002 X=124,6717 Y=316,8097 Vx=34,6006 Vy=-4,8777
[15527,485] Ball=B008 X=105,8064 Y=372,9801 Vx=62,4474 Vy=21,6539
[15550,251] Ball=B006 X=355,2037 Y=61,2983 Vx=-33,2078 Vy=-52,9436
[15543,190] Ball=B008 X=106,7870 Y=373,3201 Vx=62,4474 Vy=21,6539
[15545,810] Ball=B007 X=24,6984 Y=156,7207 Vx=132,1713 Vy=11,3261
[15550,488] Ball=B005 X=146,0816 Y=284,1712 Vx=-22,5526 Vy=-21,4995
[15551,272] Ball=B002 X=125,2174 Y=316,7328 Vx=34,6006 Vy=-4,8777
[15550,642] Ball=B004 X=246,8148 Y=288,2611 Vx=-167,4209 Vy=8,7920
[15553,922] Ball=B001 X=176,5268 Y=333,6377 Vx=-58,5950 Vy=93,6071
[15550,820] Ball=B003 X=45,6173 Y=38,9080 Vx=292,6199 Vy=5,1394
[15566,761] Ball=B003 X=50,2821 Y=38,9899 Vx=292,6199 Vy=5,1394
[15566,287] Ball=B006 X=354,6711 Y=60,4493 Vx=-33,2078 Vy=-52,9436
[15566,505] Ball=B005 X=145,7204 Y=283,8269 Vx=-22,5526 Vy=-21,4995
[15559,240] Ball=B008 X=107,7894 Y=373,6677 Vx=62,4474 Vy=21,6539
[15566,641] Ball=B004 X=244,1363 Y=288,4018 Vx=-167,4209 Vy=8,7920
[15567,313] Ball=B002 X=125,7724 Y=316,6546 Vx=34,6006 Vy=-4,8777
[15569,910] Ball=B001 X=175,5849 Y=335,1424 Vx=-58,5950 Vy=93,6071
[15561,888] Ball=B007 X=26,8234 Y=156,9028 Vx=132,1713 Vy=11,3261
[15582,337] Ball=B006 X=354,1382 Y=59,5996 Vx=-33,2078 Vy=-52,9436
[15582,567] Ball=B005 X=145,3581 Y=283,4815 Vx=-22,5526 Vy=-21,4995
[15577,930] Ball=B007 X=28,9430 Y=157,0845 Vx=132,1713 Vy=11,3261
[15575,347] Ball=B008 X=108,7952 Y=374,0165 Vx=62,4474 Vy=21,6539
[15583,479] Ball=B002 X=126,3318 Y=316,5757 Vx=34,6006 Vy=-4,8777
[15582,835] Ball=B004 X=241,4251 Y=288,5441 Vx=-167,4209 Vy=8,7920
[15585,977] Ball=B001 X=174,6435 Y=336,6464 Vx=-58,5950 Vy=93,6071
[15582,980] Ball=B003 X=55,0281 Y=39,0733 Vx=292,6199 Vy=5,1394
[15597,724] Ball=B004 X=238,9324 Y=288,6751 Vx=-167,4209 Vy=8,7920
[15597,866] Ball=B003 X=59,3835 Y=39,1498 Vx=292,6199 Vy=5,1394
[15597,613] Ball=B005 X=145,0188 Y=283,1580 Vx=-22,5526 Vy=-21,4995
[15598,377] Ball=B002 X=126,8473 Y=316,5031 Vx=34,6006 Vy=-4,8777
[15600,980] Ball=B001 X=173,7644 Y=338,0508 Vx=-58,5950 Vy=93,6071
[15592,975] Ball=B007 X=30,9323 Y=157,2549 Vx=132,1713 Vy=11,3261
[15590,366] Ball=B008 X=109,7332 Y=373,6748 Vx=62,4474 Vy=-21,6539
[15597,436] Ball=B006 X=353,6367 Y=58,8001 Vx=-33,2078 Vy=-52,9436
[15608,904] Ball=B007 X=33,0361 Y=157,4352 Vx=132,1713 Vy=11,3261
[15606,315] Ball=B008 X=110,7291 Y=373,3294 Vx=62,4474 Vy=-21,6539
[15613,602] Ball=B005 X=144,6581 Y=282,8143 Vx=-22,5526 Vy=-21,4995
[15613,862] Ball=B003 X=64,0647 Y=39,2320 Vx=292,6199 Vy=5,1394
[15617,058] Ball=B001 X=172,8223 Y=339,5558 Vx=-58,5950 Vy=93,6071
[15613,823] Ball=B004 X=236,2371 Y=288,8166 Vx=-167,4209 Vy=8,7920
[15614,554] Ball=B002 X=127,4070 Y=316,4241 Vx=34,6006 Vy=-4,8777
[15613,681] Ball=B006 X=353,1067 Y=57,9551 Vx=-33,2078 Vy=-52,9436
[15631,944] Ball=B001 X=171,9501 Y=340,9492 Vx=-58,5950 Vy=93,6071
[15628,719] Ball=B004 X=233,7431 Y=288,9476 Vx=-167,4209 Vy=8,7920
[15628,861] Ball=B003 X=68,4537 Y=39,3091 Vx=292,6199 Vy=5,1394
[15623,944] Ball=B007 X=35,0254 Y=157,6057 Vx=132,1713 Vy=11,3261
[15628,637] Ball=B005 X=144,3191 Y=282,4910 Vx=-22,5526 Vy=-21,4995
[15621,461] Ball=B008 X=111,6749 Y=373,0015 Vx=62,4474 Vy=-21,6539
[15628,694] Ball=B006 X=352,5987 Y=57,1452 Vx=-33,2078 Vy=-52,9436
[15629,682] Ball=B002 X=127,9304 Y=316,3504 Vx=34,6006 Vy=-4,8777
[15648,810] Ball=B001 X=170,9619 Y=342,5280 Vx=-58,5950 Vy=93,6071
[15646,216] Ball=B002 X=128,5025 Y=316,2697 Vx=34,6006 Vy=-4,8777
[15645,284] Ball=B006 X=352,0478 Y=56,2668 Vx=-33,2078 Vy=-52,9436
[15638,225] Ball=B008 X=112,7218 Y=372,6384 Vx=62,4474 Vy=-21,6539
[15640,846] Ball=B007 X=37,2595 Y=157,7971 Vx=132,1713 Vy=11,3261
[15645,774] Ball=B003 X=73,4029 Y=39,3960 Vx=292,6199 Vy=5,1394
[15645,531] Ball=B005 X=143,9381 Y=282,1278 Vx=-22,5526 Vy=-21,4995
[15645,650] Ball=B004 X=230,9084 Y=289,0964 Vx=-167,4209 Vy=8,7920
[15661,589] Ball=B005 X=143,5759 Y=281,7826 Vx=-22,5526 Vy=-21,4995
[15661,711] Ball=B004 X=228,2196 Y=289,2376 Vx=-167,4209 Vy=8,7920
[15656,930] Ball=B007 X=39,3852 Y=157,9793 Vx=132,1713 Vy=11,3261
[15661,392] Ball=B006 X=351,5129 Y=55,4140 Vx=-33,2078 Vy=-52,9436
[15662,384] Ball=B002 X=129,0620 Y=316,1908 Vx=34,6006 Vy=-4,8777
[15661,943] Ball=B003 X=78,1343 Y=39,4791 Vx=292,6199 Vy=5,1394
[15665,047] Ball=B001 X=170,0104 Y=344,0479 Vx=-58,5950 Vy=93,6071
[15654,416] Ball=B008 X=113,7328 Y=372,2879 Vx=62,4474 Vy=-21,6539
[15670,303] Ball=B008 X=114,7249 Y=371,9439 Vx=62,4474 Vy=-21,6539
[15677,374] Ball=B006 X=350,9822 Y=54,5679 Vx=-33,2078 Vy=-52,9436
[15677,848] Ball=B003 X=82,7882 Y=39,5609 Vx=292,6199 Vy=5,1394
[15681,045] Ball=B001 X=169,0730 Y=345,5454 Vx=-58,5950 Vy=93,6071
[15678,459] Ball=B002 X=129,6181 Y=316,1124 Vx=34,6006 Vy=-4,8777
[15677,704] Ball=B005 X=143,2125 Y=281,4361 Vx=-22,5526 Vy=-21,4995
[15677,819] Ball=B004 X=225,5228 Y=289,3792 Vx=-167,4209 Vy=8,7920
[15673,118] Ball=B007 X=41,5249 Y=158,1626 Vx=132,1713 Vy=11,3261
[15696,946] Ball=B001 X=168,1413 Y=347,0339 Vx=-58,5950 Vy=93,6071
[15694,349] Ball=B002 X=130,1679 Y=316,0349 Vx=34,6006 Vy=-4,8777
[15693,599] Ball=B005 X=142,8540 Y=281,0944 Vx=-22,5526 Vy=-21,4995
[15688,938] Ball=B007 X=43,6158 Y=158,3418 Vx=132,1713 Vy=11,3261
[15686,336] Ball=B008 X=115,7262 Y=371,5967 Vx=62,4474 Vy=-21,6539
[15693,410] Ball=B006 X=350,4496 Y=53,7189 Vx=-33,2078 Vy=-52,9436
[15693,810] Ball=B004 X=222,8456 Y=289,5198 Vx=-167,4209 Vy=8,7920
[15693,954] Ball=B003 X=87,5013 Y=39,6436 Vx=292,6199 Vy=5,1394
[15709,654] Ball=B003 X=92,0952 Y=39,7243 Vx=292,6199 Vy=5,1394
[15702,122] Ball=B008 X=116,7120 Y=371,2548 Vx=62,4474 Vy=-21,6539
[15709,523] Ball=B004 X=220,2148 Y=289,6580 Vx=-167,4209 Vy=8,7920
[15709,198] Ball=B006 X=349,9254 Y=52,8830 Vx=-33,2078 Vy=-52,9436
[15712,843] Ball=B001 X=167,2098 Y=348,5220 Vx=-58,5950 Vy=93,6071
[15704,819] Ball=B007 X=45,7148 Y=158,5217 Vx=132,1713 Vy=11,3261
[15710,307] Ball=B002 X=130,7201 Y=315,9571 Vx=34,6006 Vy=-4,8777
[15709,610] Ball=B005 X=142,4929 Y=280,7501 Vx=-22,5526 Vy=-21,4995
[15725,350] Ball=B002 X=131,2406 Y=315,8837 Vx=34,6006 Vy=-4,8777
[15724,603] Ball=B005 X=142,1548 Y=280,4278 Vx=-22,5526 Vy=-21,4995
[15724,864] Ball=B003 X=96,5462 Y=39,8025 Vx=292,6199 Vy=5,1394
[15717,338] Ball=B008 X=117,6622 Y=370,9253 Vx=62,4474 Vy=-21,6539
[15724,731] Ball=B004 X=217,6688 Y=289,7917 Vx=-167,4209 Vy=8,7920
[15720,021] Ball=B007 X=47,7240 Y=158,6939 Vx=132,1713 Vy=11,3261
[15728,047] Ball=B001 X=166,3189 Y=349,9452 Vx=-58,5950 Vy=93,6071
[15724,518] Ball=B006 X=349,4166 Y=52,0719 Vx=-33,2078 Vy=-52,9436
[15739,558] Ball=B004 X=215,1866 Y=289,9220 Vx=-167,4209 Vy=8,7920
[15734,774] Ball=B007 X=49,6741 Y=158,8610 Vx=132,1713 Vy=11,3261
[15739,237] Ball=B006 X=348,9278 Y=51,2926 Vx=-33,2078 Vy=-52,9436
[15739,464] Ball=B005 X=141,8196 Y=280,1083 Vx=-22,5526 Vy=-21,4995
[15742,840] Ball=B001 X=165,4521 Y=351,3299 Vx=-58,5950 Vy=93,6071
[15732,212] Ball=B008 X=118,5910 Y=370,6033 Vx=62,4474 Vy=-21,6539
[15739,744] Ball=B003 X=100,9003 Y=39,8790 Vx=292,6199 Vy=5,1394
[15740,471] Ball=B002 X=131,7638 Y=315,8100 Vx=34,6006 Vy=-4,8777
[15755,690] Ball=B003 X=105,5661 Y=39,9609 Vx=292,6199 Vy=5,1394
[15758,798] Ball=B001 X=164,5171 Y=352,8237 Vx=-58,5950 Vy=93,6071
[15748,261] Ball=B008 X=119,5932 Y=370,2557 Vx=62,4474 Vy=-21,6539
[15756,435] Ball=B002 X=132,3162 Y=315,7321 Vx=34,6006 Vy=-4,8777
[15751,017] Ball=B007 X=51,8208 Y=159,0449 Vx=132,1713 Vy=11,3261
[15755,694] Ball=B005 X=141,4536 Y=279,7593 Vx=-22,5526 Vy=-21,4995
[15755,538] Ball=B006 X=348,3865 Y=50,4296 Vx=-33,2078 Vy=-52,9436
[15755,878] Ball=B004 X=212,4542 Y=290,0655 Vx=-167,4209 Vy=8,7920
[15770,225] Ball=B006 X=347,8988 Y=49,6521 Vx=-33,2078 Vy=-52,9436
[15770,712] Ball=B003 X=109,9619 Y=40,0381 Vx=292,6199 Vy=5,1394
[15770,584] Ball=B004 X=209,9920 Y=290,1948 Vx=-167,4209 Vy=8,7920
[15765,811] Ball=B007 X=53,7762 Y=159,2125 Vx=132,1713 Vy=11,3261
[15771,245] Ball=B002 X=132,8286 Y=315,6598 Vx=34,6006 Vy=-4,8777
[15773,848] Ball=B001 X=163,6352 Y=354,2325 Vx=-58,5950 Vy=93,6071
[15770,563] Ball=B005 X=141,1183 Y=279,4397 Vx=-22,5526 Vy=-21,4995
[15763,489] Ball=B008 X=120,5442 Y=369,9260 Vx=62,4474 Vy=-21,6539
[15787,287] Ball=B002 X=133,3836 Y=315,5816 Vx=34,6006 Vy=-4,8777
[15786,561] Ball=B005 X=140,7575 Y=279,0957 Vx=-22,5526 Vy=-21,4995
[15789,924] Ball=B001 X=162,6933 Y=355,7373 Vx=-58,5950 Vy=93,6071
[15779,303] Ball=B008 X=121,5317 Y=369,5836 Vx=62,4474 Vy=-21,6539
[15786,700] Ball=B004 X=207,2939 Y=290,3365 Vx=-167,4209 Vy=8,7920
[15786,923] Ball=B003 X=114,7057 Y=40,1215 Vx=292,6199 Vy=5,1394
[15786,457] Ball=B006 X=347,3598 Y=48,7926 Vx=-33,2078 Vy=-52,9436
[15782,106] Ball=B007 X=55,9300 Y=159,3970 Vx=132,1713 Vy=11,3261
[15801,616] Ball=B004 X=204,7966 Y=290,4677 Vx=-167,4209 Vy=8,7920
[15801,284] Ball=B006 X=346,8674 Y=48,0077 Vx=-33,2078 Vy=-52,9436
[15796,841] Ball=B007 X=57,8774 Y=159,5639 Vx=132,1713 Vy=11,3261
[15801,522] Ball=B005 X=140,4201 Y=278,7741 Vx=-22,5526 Vy=-21,4995
[15804,899] Ball=B001 X=161,8158 Y=357,1391 Vx=-58,5950 Vy=93,6071
[15802,372] Ball=B002 X=133,9056 Y=315,5080 Vx=34,6006 Vy=-4,8777
[15801,798] Ball=B003 X=119,0587 Y=40,1979 Vx=292,6199 Vy=5,1394
[15794,265] Ball=B008 X=122,4661 Y=369,2596 Vx=62,4474 Vy=-21,6539
[15817,590] Ball=B005 X=140,0577 Y=278,4286 Vx=-22,5526 Vy=-21,4995
[15817,374] Ball=B006 X=346,3331 Y=47,1558 Vx=-33,2078 Vy=-52,9436
[15810,329] Ball=B008 X=123,4692 Y=368,9117 Vx=62,4474 Vy=-21,6539
[15812,940] Ball=B007 X=60,0053 Y=159,7463 Vx=132,1713 Vy=11,3261
[15817,848] Ball=B003 X=123,7549 Y=40,2804 Vx=292,6199 Vy=5,1394
[15818,380] Ball=B002 X=134,4595 Y=315,4299 Vx=34,6006 Vy=-4,8777
[15821,045] Ball=B001 X=160,8697 Y=358,6505 Vx=-58,5950 Vy=93,6071
[15817,806] Ball=B004 X=202,0861 Y=290,6100 Vx=-167,4209 Vy=8,7920
[15835,928] Ball=B001 X=159,9977 Y=360,0435 Vx=-58,5950 Vy=93,6071
[15832,689] Ball=B004 X=199,5944 Y=290,7409 Vx=-167,4209 Vy=8,7920
[15832,583] Ball=B005 X=139,7196 Y=278,1063 Vx=-22,5526 Vy=-21,4995
[15832,843] Ball=B003 X=128,1429 Y=40,3575 Vx=292,6199 Vy=5,1394
[15827,936] Ball=B007 X=61,9873 Y=159,9161 Vx=132,1713 Vy=11,3261
[15825,329] Ball=B008 X=124,4059 Y=368,5869 Vx=62,4474 Vy=-21,6539
[15832,393] Ball=B006 X=345,8343 Y=46,3606 Vx=-33,2078 Vy=-52,9436
[15833,440] Ball=B002 X=134,9806 Y=315,3565 Vx=34,6006 Vy=-4,8777
[15848,353] Ball=B002 X=135,4965 Y=315,2837 Vx=34,6006 Vy=-4,8777
[15842,930] Ball=B007 X=63,9691 Y=160,0859 Vx=132,1713 Vy=11,3261
[15847,723] Ball=B004 X=197,0773 Y=290,8731 Vx=-167,4209 Vy=8,7920
[15847,402] Ball=B006 X=345,3359 Y=45,5660 Vx=-33,2078 Vy=-52,9436
[15847,888] Ball=B003 X=132,5455 Y=40,4348 Vx=292,6199 Vy=5,1394
[15840,357] Ball=B008 X=125,3444 Y=368,2615 Vx=62,4474 Vy=-21,6539
[15850,997] Ball=B001 X=159,1146 Y=361,4542 Vx=-58,5950 Vy=93,6071
[15847,642] Ball=B005 X=139,3799 Y=277,7825 Vx=-22,5526 Vy=-21,4995
[15863,700] Ball=B003 X=137,1722 Y=40,5160 Vx=292,6199 Vy=5,1394
[15863,448] Ball=B005 X=139,0235 Y=277,4427 Vx=-22,5526 Vy=-21,4995
[15863,570] Ball=B004 X=194,4242 Y=291,0124 Vx=-167,4209 Vy=8,7920
[15866,817] Ball=B001 X=158,1877 Y=362,9351 Vx=-58,5950 Vy=93,6071
[15863,263] Ball=B006 X=344,8092 Y=44,7262 Vx=-33,2078 Vy=-52,9436
[15856,203] Ball=B008 X=126,3339 Y=367,9184 Vx=62,4474 Vy=-21,6539
[15858,815] Ball=B007 X=66,0687 Y=160,2659 Vx=132,1713 Vy=11,3261
[15864,368] Ball=B002 X=136,0507 Y=315,2056 Vx=34,6006 Vy=-4,8777
[15871,290] Ball=B008 X=127,2761 Y=367,5917 Vx=62,4474 Vy=-21,6539
[15879,334] Ball=B002 X=136,5685 Y=315,1326 Vx=34,6006 Vy=-4,8777
[15873,908] Ball=B007 X=68,0636 Y=160,4368 Vx=132,1713 Vy=11,3261
[15878,484] Ball=B006 X=344,3037 Y=43,9204 Vx=-33,2078 Vy=-52,9436
[15882,060] Ball=B001 X=158,8787 Y=360,2866 Vx=26,3955 Vy=-108,9812
[15878,962] Ball=B003 X=141,6383 Y=40,5945 Vx=292,6199 Vy=5,1394
[15878,882] Ball=B004 X=191,8607 Y=291,1470 Vx=-167,4209 Vy=8,7920
[15878,864] Ball=B005 X=138,6758 Y=277,1113 Vx=-22,5526 Vy=-21,4995
[15893,504] Ball=B005 X=138,3457 Y=276,7965 Vx=-22,5526 Vy=-21,4995
[15886,224] Ball=B008 X=126,0649 Y=367,6561 Vx=-61,7695 Vy=0,8160
[15893,770] Ball=B003 X=145,9712 Y=40,6706 Vx=292,6199 Vy=5,1394
[15893,309] Ball=B006 X=343,8114 Y=43,1355 Vx=-33,2078 Vy=-52,9436
[15894,296] Ball=B002 X=137,0862 Y=315,0596 Vx=34,6006 Vy=-4,8777
[15888,881] Ball=B007 X=70,0425 Y=160,6064 Vx=132,1713 Vy=11,3261
[15893,666] Ball=B004 X=189,3855 Y=291,2770 Vx=-167,4209 Vy=8,7920
[15896,905] Ball=B001 X=159,2705 Y=358,6688 Vx=26,3955 Vy=-108,9812
[15908,588] Ball=B005 X=138,0055 Y=276,4722 Vx=-22,5526 Vy=-21,4995
[15909,346] Ball=B002 X=137,6069 Y=314,9862 Vx=34,6006 Vy=-4,8777
[15901,317] Ball=B008 X=125,1326 Y=367,6684 Vx=-61,7695 Vy=0,8160
[15908,857] Ball=B003 X=150,3862 Y=40,7481 Vx=292,6199 Vy=5,1394
[15912,036] Ball=B001 X=159,6685 Y=357,0255 Vx=26,3955 Vy=-108,9812
[15904,020] Ball=B007 X=72,0434 Y=160,7778 Vx=132,1713 Vy=11,3261
[15908,802] Ball=B004 X=186,8513 Y=291,4101 Vx=-167,4209 Vy=8,7920
[15908,592] Ball=B006 X=343,3100 Y=42,3360 Vx=-33,2078 Vy=-52,9436
[15924,588] Ball=B004 X=184,2086 Y=291,5488 Vx=-167,4209 Vy=8,7920
[15927,851] Ball=B001 X=160,0874 Y=355,2963 Vx=26,3955 Vy=-108,9812
[15924,495] Ball=B005 X=137,6467 Y=276,1302 Vx=-22,5526 Vy=-21,4995
[15924,750] Ball=B003 X=155,0367 Y=40,8298 Vx=292,6199 Vy=5,1394
[15925,264] Ball=B002 X=138,1578 Y=314,9086 Vx=34,6006 Vy=-4,8777
[15924,288] Ball=B006 X=342,7827 Y=41,4954 Vx=-33,2078 Vy=-52,9436
[15917,304] Ball=B008 X=124,1451 Y=367,6814 Vx=-61,7695 Vy=0,8160
[15919,909] Ball=B007 X=74,1436 Y=160,9578 Vx=132,1713 Vy=11,3261
[15934,729] Ball=B007 X=76,1023 Y=161,1257 Vx=132,1713 Vy=11,3261
[15939,658] Ball=B003 X=159,3992 Y=40,9064 Vx=292,6199 Vy=5,1394
[15932,136] Ball=B008 X=123,2290 Y=367,6935 Vx=-61,7695 Vy=0,8160
[15939,438] Ball=B005 X=137,3097 Y=275,8089 Vx=-22,5526 Vy=-21,4995
[15940,202] Ball=B002 X=138,6746 Y=314,8357 Vx=34,6006 Vy=-4,8777
[15939,227] Ball=B006 X=342,2866 Y=40,7044 Vx=-33,2078 Vy=-52,9436
[15942,804] Ball=B001 X=160,4821 Y=353,6666 Vx=26,3955 Vy=-108,9812
[15939,628] Ball=B004 X=181,6905 Y=291,6811 Vx=-167,4209 Vy=8,7920
[15955,333] Ball=B002 X=139,1981 Y=314,7619 Vx=34,6006 Vy=-4,8777
[15954,696] Ball=B004 X=179,1678 Y=291,8136 Vx=-167,4209 Vy=8,7920
[15957,946] Ball=B001 X=160,8817 Y=352,0165 Vx=26,3955 Vy=-108,9812
[15947,382] Ball=B008 X=122,2872 Y=367,7060 Vx=-61,7695 Vy=0,8160
[15954,665] Ball=B005 X=136,9663 Y=275,4816 Vx=-22,5526 Vy=-21,4995
[15954,488] Ball=B006 X=341,7798 Y=39,8964 Vx=-33,2078 Vy=-52,9436
[15954,828] Ball=B003 X=163,8381 Y=40,9844 Vx=292,6199 Vy=5,1394
[15950,094] Ball=B007 X=78,1332 Y=161,2997 Vx=132,1713 Vy=11,3261
[15970,476] Ball=B005 X=136,6097 Y=275,1416 Vx=-22,5526 Vy=-21,4995
[15963,208] Ball=B008 X=121,3097 Y=367,7189 Vx=-61,7695 Vy=0,8160
[15965,825] Ball=B007 X=80,2123 Y=161,4779 Vx=132,1713 Vy=11,3261
[15971,334] Ball=B002 X=139,7517 Y=314,6839 Vx=34,6006 Vy=-4,8777
[15970,839] Ball=B003 X=168,5233 Y=41,0667 Vx=292,6199 Vy=5,1394
[15970,299] Ball=B006 X=341,2548 Y=39,0594 Vx=-33,2078 Vy=-52,9436
[15974,072] Ball=B001 X=161,3074 Y=350,2590 Vx=26,3955 Vy=-108,9812
[15970,851] Ball=B004 X=176,4630 Y=291,9556 Vx=-167,4209 Vy=8,7920
[15985,832] Ball=B003 X=172,9051 Y=41,1436 Vx=292,6199 Vy=5,1394
[15985,695] Ball=B004 X=173,9780 Y=292,0861 Vx=-167,4209 Vy=8,7920
[15980,913] Ball=B007 X=82,2065 Y=161,6487 Vx=132,1713 Vy=11,3261
[15978,317] Ball=B008 X=120,3764 Y=367,7312 Vx=-61,7695 Vy=0,8160
[15985,472] Ball=B006 X=340,7509 Y=38,2561 Vx=-33,2078 Vy=-52,9436
[15985,692] Ball=B005 X=136,2666 Y=274,8145 Vx=-22,5526 Vy=-21,4995
[15989,048] Ball=B001 X=161,7027 Y=348,6269 Vx=26,3955 Vy=-108,9812
[15986,527] Ball=B002 X=140,2775 Y=314,6098 Vx=34,6006 Vy=-4,8777
[16004,922] Ball=B001 X=162,1217 Y=346,8970 Vx=26,3955 Vy=-108,9812
[16001,582] Ball=B005 X=135,9082 Y=274,4729 Vx=-22,5526 Vy=-21,4995
[15996,916] Ball=B007 X=84,3216 Y=161,8300 Vx=132,1713 Vy=11,3261
[16001,377] Ball=B006 X=340,2227 Y=37,4140 Vx=-33,2078 Vy=-52,9436
[16001,858] Ball=B003 X=177,6001 Y=41,2261 Vx=292,6199 Vy=5,1394
[16002,432] Ball=B002 X=140,8278 Y=314,5322 Vx=34,6006 Vy=-4,8777
[15994,394] Ball=B008 X=119,3833 Y=367,7443 Vx=-61,7695 Vy=0,8160
[16001,792] Ball=B004 X=171,2828 Y=292,2276 Vx=-167,4209 Vy=8,7920
[16017,834] Ball=B003 X=182,2748 Y=41,3082 Vx=292,6199 Vy=5,1394
[16010,295] Ball=B008 X=118,4011 Y=367,7573 Vx=-61,7695 Vy=0,8160
[16017,708] Ball=B004 X=168,6182 Y=292,3676 Vx=-167,4209 Vy=8,7920
[16020,954] Ball=B001 X=162,5449 Y=345,1498 Vx=26,3955 Vy=-108,9812
[16018,362] Ball=B002 X=141,3790 Y=314,4545 Vx=34,6006 Vy=-4,8777
[16017,401] Ball=B006 X=339,6906 Y=36,5656 Vx=-33,2078 Vy=-52,9436
[16012,953] Ball=B007 X=86,4413 Y=162,0116 Vx=132,1713 Vy=11,3261
[16017,625] Ball=B005 X=135,5464 Y=274,1279 Vx=-22,5526 Vy=-21,4995
[16032,450] Ball=B005 X=135,2121 Y=273,8092 Vx=-22,5526 Vy=-21,4995
[16027,798] Ball=B007 X=88,4033 Y=162,1798 Vx=132,1713 Vy=11,3261
[16032,588] Ball=B004 X=166,1270 Y=292,4984 Vx=-167,4209 Vy=8,7920
[16032,263] Ball=B006 X=339,1971 Y=35,7788 Vx=-33,2078 Vy=-52,9436
[16032,811] Ball=B003 X=186,6574 Y=41,3852 Vx=292,6199 Vy=5,1394
[16025,344] Ball=B008 X=117,4715 Y=367,7696 Vx=-61,7695 Vy=0,8160
[16035,986] Ball=B001 X=162,9416 Y=343,5116 Vx=26,3955 Vy=-108,9812
[16033,455] Ball=B002 X=141,9012 Y=314,3809 Vx=34,6006 Vy=-4,8777
[16049,333] Ball=B002 X=142,4506 Y=314,3034 Vx=34,6006 Vy=-4,8777
[16048,362] Ball=B006 X=338,6625 Y=34,9265 Vx=-33,2078 Vy=-52,9436
[16043,925] Ball=B007 X=90,5348 Y=162,3624 Vx=132,1713 Vy=11,3261
[16041,336] Ball=B008 X=116,4837 Y=367,7827 Vx=-61,7695 Vy=0,8160
[16048,942] Ball=B003 X=191,3776 Y=41,4681 Vx=292,6199 Vy=5,1394
[16048,748] Ball=B005 X=134,8445 Y=273,4588 Vx=-22,5526 Vy=-21,4995
[16048,803] Ball=B004 X=163,4124 Y=292,6409 Vx=-167,4209 Vy=8,7920
[16052,183] Ball=B001 X=163,3692 Y=341,7463 Vx=26,3955 Vy=-108,9812
[16066,924] Ball=B001 X=163,7582 Y=340,1400 Vx=26,3955 Vy=-108,9812
[16058,902] Ball=B007 X=92,5143 Y=162,5321 Vx=132,1713 Vy=11,3261
[16063,697] Ball=B004 X=160,9188 Y=292,7719 Vx=-167,4209 Vy=8,7920
[16056,317] Ball=B008 X=115,5583 Y=367,7949 Vx=-61,7695 Vy=0,8160
[16063,851] Ball=B003 X=195,7405 Y=41,5447 Vx=292,6199 Vy=5,1394
[16063,675] Ball=B005 X=134,5098 Y=273,1397 Vx=-22,5526 Vy=-21,4995
[16064,440] Ball=B002 X=140,7668 Y=316,8022 Vx=-76,2614 Vy=124,3724
[16063,597] Ball=B006 X=338,1565 Y=34,1198 Vx=-33,2078 Vy=-52,9436
[16080,196] Ball=B002 X=139,5653 Y=318,7617 Vx=-76,2614 Vy=124,3724
[16079,703] Ball=B003 X=200,3789 Y=41,6262 Vx=292,6199 Vy=5,1394
[16079,471] Ball=B005 X=134,1516 Y=272,7983 Vx=-22,5526 Vy=-21,4995
[16074,802] Ball=B007 X=94,6159 Y=162,7121 Vx=132,1713 Vy=11,3261
[16079,444] Ball=B006 X=337,6320 Y=33,2835 Vx=-33,2078 Vy=-52,9436
[16079,878] Ball=B004 X=159,9373 Y=290,9001 Vx=-93,5129 Vy=-77,3747
[16072,550] Ball=B008 X=114,5556 Y=367,8081 Vx=-61,7695 Vy=0,8160
[16083,273] Ball=B001 X=164,1898 Y=338,3582 Vx=26,3955 Vy=-108,9812
[16095,300] Ball=B006 X=337,1038 Y=32,4414 Vx=-33,2078 Vy=-52,9436
[16088,239] Ball=B008 X=113,5866 Y=367,8209 Vx=-61,7695 Vy=0,8160
[16090,881] Ball=B007 X=96,7411 Y=162,8943 Vx=132,1713 Vy=11,3261
[16095,666] Ball=B004 X=158,4608 Y=289,6784 Vx=-93,5129 Vy=-77,3747
[16095,620] Ball=B005 X=133,7874 Y=272,4511 Vx=-22,5526 Vy=-21,4995
[16096,385] Ball=B002 X=138,3306 Y=320,7753 Vx=-76,2614 Vy=124,3724
[16095,932] Ball=B003 X=205,1281 Y=41,7096 Vx=292,6199 Vy=5,1394
[16098,877] Ball=B001 X=164,6017 Y=336,6577 Vx=26,3955 Vy=-108,9812
[16111,831] Ball=B003 X=209,7800 Y=41,7913 Vx=292,6199 Vy=5,1394
[16111,589] Ball=B005 X=131,6842 Y=270,8907 Vx=-108,4084 Vy=-81,4453
[16112,354] Ball=B002 X=136,4332 Y=322,3505 Vx=-110,7503 Vy=103,5218
[16114,960] Ball=B001 X=165,5054 Y=335,1946 Vx=48,1780 Vy=-95,8124
[16104,342] Ball=B008 X=112,5918 Y=367,8341 Vx=-61,7695 Vy=0,8160
[16111,816] Ball=B004 X=158,3241 Y=289,3878 Vx=-31,5059 Vy=-34,0806
[16111,483] Ball=B006 X=336,5664 Y=31,5846 Vx=-33,2078 Vy=-52,9436
[16107,032] Ball=B007 X=98,8758 Y=163,0772 Vx=132,1713 Vy=11,3261
[16129,937] Ball=B001 X=166,2269 Y=333,7597 Vx=48,1780 Vy=-95,8124
[16121,916] Ball=B007 X=100,8429 Y=163,2458 Vx=132,1713 Vy=11,3261
[16126,707] Ball=B004 X=157,8549 Y=288,8803 Vx=-31,5059 Vy=-34,0806
[16126,602] Ball=B005 X=130,0567 Y=269,6680 Vx=-108,4084 Vy=-81,4453
[16127,379] Ball=B002 X=134,7692 Y=323,9059 Vx=-110,7503 Vy=103,5218
[16126,478] Ball=B006 X=336,0709 Y=30,7947 Vx=-33,2078 Vy=-52,9436
[16119,417] Ball=B008 X=111,6607 Y=367,8464 Vx=-61,7695 Vy=0,8160
[16127,105] Ball=B003 X=214,2497 Y=41,8698 Vx=292,6199 Vy=5,1394
[16142,371] Ball=B006 X=335,5407 Y=29,9493 Vx=-33,2078 Vy=-52,9436
[16142,846] Ball=B003 X=218,8559 Y=41,9507 Vx=292,6199 Vy=5,1394
[16135,315] Ball=B008 X=110,6787 Y=367,8593 Vx=-61,7695 Vy=0,8160
[16143,386] Ball=B002 X=132,9964 Y=325,5630 Vx=-110,7503 Vy=103,5218
[16142,637] Ball=B005 X=128,3183 Y=268,3620 Vx=-108,4084 Vy=-81,4453
[16137,975] Ball=B007 X=102,9656 Y=163,4276 Vx=132,1713 Vy=11,3261
[16142,763] Ball=B004 X=157,3490 Y=288,3331 Vx=-31,5059 Vy=-34,0806
[16146,012] Ball=B001 X=167,0014 Y=332,2195 Vx=48,1780 Vy=-95,8124
[16152,910] Ball=B007 X=104,9395 Y=163,5968 Vx=132,1713 Vy=11,3261
[16160,941] Ball=B001 X=167,7207 Y=330,7891 Vx=48,1780 Vy=-95,8124
[16158,353] Ball=B002 X=131,3388 Y=327,1124 Vx=-110,7503 Vy=103,5218
[16157,441] Ball=B006 X=335,0420 Y=29,1543 Vx=-33,2078 Vy=-52,9436
[16150,443] Ball=B008 X=109,7442 Y=367,8717 Vx=-61,7695 Vy=0,8160
[16157,761] Ball=B005 X=126,6787 Y=267,1302 Vx=-108,4084 Vy=-81,4453
[16157,881] Ball=B004 X=156,8727 Y=287,8179 Vx=-31,5059 Vy=-34,0806
[16158,023] Ball=B003 X=223,2971 Y=42,0287 Vx=292,6199 Vy=5,1394
[16176,642] Ball=B001 X=168,4771 Y=329,2848 Vx=48,1780 Vy=-95,8124
[16173,298] Ball=B005 X=124,9945 Y=265,8649 Vx=-108,4084 Vy=-81,4453
[16166,024] Ball=B008 X=108,7818 Y=367,8844 Vx=-61,7695 Vy=0,8160
[16168,641] Ball=B007 X=107,0187 Y=163,7750 Vx=132,1713 Vy=11,3261
[16173,437] Ball=B004 X=156,3826 Y=287,2877 Vx=-31,5059 Vy=-34,0806
[16173,109] Ball=B006 X=334,5199 Y=28,3219 Vx=-33,2078 Vy=-52,9436
[16173,579] Ball=B003 X=227,8492 Y=42,1087 Vx=292,6199 Vy=5,1394
[16174,101] Ball=B002 X=129,5947 Y=328,7427 Vx=-110,7503 Vy=103,5218
[16183,574] Ball=B007 X=108,9924 Y=163,9441 Vx=132,1713 Vy=11,3261
[16189,003] Ball=B002 X=127,9443 Y=330,2853 Vx=-110,7503 Vy=103,5218
[16188,035] Ball=B006 X=334,0242 Y=27,5317 Vx=-33,2078 Vy=-52,9436
[16188,515] Ball=B003 X=232,2195 Y=42,1854 Vx=292,6199 Vy=5,1394
[16181,064] Ball=B008 X=107,8528 Y=367,8967 Vx=-61,7695 Vy=0,8160
[16188,458] Ball=B004 X=155,9094 Y=286,7758 Vx=-31,5059 Vy=-34,0806
[16191,752] Ball=B001 X=169,2051 Y=327,8370 Vx=48,1780 Vy=-95,8124
[16188,349] Ball=B005 X=123,3627 Y=264,6390 Vx=-108,4084 Vy=-81,4453
[16206,705] Ball=B001 X=169,9255 Y=326,4043 Vx=48,1780 Vy=-95,8124
[16198,688] Ball=B007 X=110,9901 Y=164,1153 Vx=132,1713 Vy=11,3261
[16203,366] Ball=B005 X=121,7348 Y=263,4159 Vx=-108,4084 Vy=-81,4453
[16203,697] Ball=B003 X=236,6622 Y=42,2634 Vx=292,6199 Vy=5,1394
[16196,169] Ball=B008 X=106,9197 Y=367,9090 Vx=-61,7695 Vy=0,8160
[16203,297] Ball=B006 X=333,5174 Y=26,7237 Vx=-33,2078 Vy=-52,9436
[16203,624] Ball=B004 X=155,4316 Y=286,2590 Vx=-31,5059 Vy=-34,0806
[16204,268] Ball=B002 X=126,2537 Y=331,8656 Vx=-110,7503 Vy=103,5218
[16219,157] Ball=B002 X=124,6049 Y=333,4068 Vx=-110,7503 Vy=103,5218
[16218,556] Ball=B004 X=154,9611 Y=285,7500 Vx=-31,5059 Vy=-34,0806
[16218,710] Ball=B003 X=241,0554 Y=42,3406 Vx=292,6199 Vy=5,1394
[16222,052] Ball=B001 X=170,6649 Y=324,9338 Vx=48,1780 Vy=-95,8124
[16218,726] Ball=B005 X=120,0696 Y=262,1649 Vx=-108,4084 Vy=-81,4453
[16218,716] Ball=B006 X=333,0054 Y=25,9073 Vx=-33,2078 Vy=-52,9436
[16214,340] Ball=B007 X=113,0589 Y=164,2926 Vx=132,1713 Vy=11,3261
[16211,816] Ball=B008 X=105,9532 Y=367,9218 Vx=-61,7695 Vy=0,8160
[16237,830] Ball=B001 X=171,4250 Y=323,4222 Vx=48,1780 Vy=-95,8124
[16229,817] Ball=B007 X=115,1044 Y=164,4679 Vx=132,1713 Vy=11,3261
[16234,491] Ball=B005 X=118,3605 Y=260,8809 Vx=-108,4084 Vy=-81,4453
[16227,222] Ball=B008 X=105,0016 Y=367,9343 Vx=-61,7695 Vy=0,8160
[16234,371] Ball=B006 X=332,4855 Y=25,0785 Vx=-33,2078 Vy=-52,9436
[16235,348] Ball=B002 X=122,8116 Y=335,0831 Vx=-110,7503 Vy=103,5218
[16234,707] Ball=B004 X=154,4523 Y=285,1996 Vx=-31,5059 Vy=-34,0806
[16234,895] Ball=B003 X=245,7913 Y=42,4238 Vx=292,6199 Vy=5,1394
[16249,365] Ball=B005 X=116,7481 Y=259,6695 Vx=-108,4084 Vy=-81,4453
[16249,145] Ball=B006 X=331,9949 Y=24,2963 Vx=-33,2078 Vy=-52,9436
[16249,488] Ball=B004 X=153,9866 Y=284,6959 Vx=-31,5059 Vy=-34,0806
[16250,143] Ball=B002 X=121,1730 Y=336,6147 Vx=-110,7503 Vy=103,5218
[16244,745] Ball=B007 X=117,0775 Y=164,6369 Vx=132,1713 Vy=11,3261
[16242,136] Ball=B008 X=104,0804 Y=367,9465 Vx=-61,7695 Vy=0,8160
[16252,772] Ball=B001 X=172,1449 Y=321,9905 Vx=48,1780 Vy=-95,8124
[16249,668] Ball=B003 X=250,1142 Y=42,4997 Vx=292,6199 Vy=5,1394
[16259,747] Ball=B007 X=119,0602 Y=164,8068 Vx=132,1713 Vy=11,3261
[16257,138] Ball=B008 X=103,1538 Y=367,9587 Vx=-61,7695 Vy=0,8160
[16264,204] Ball=B006 X=331,4948 Y=23,4990 Vx=-33,2078 Vy=-52,9436
[16264,546] Ball=B004 X=153,5122 Y=284,1827 Vx=-31,5059 Vy=-34,0806
[16264,696] Ball=B003 X=254,5116 Y=42,5769 Vx=292,6199 Vy=5,1394
[16265,313] Ball=B002 X=119,4930 Y=338,1851 Vx=-110,7503 Vy=103,5218
[16264,555] Ball=B005 X=115,1014 Y=258,4324 Vx=-108,4084 Vy=-81,4453
[16267,913] Ball=B001 X=172,8744 Y=320,5398 Vx=48,1780 Vy=-95,8124
[16280,151] Ball=B002 X=117,8497 Y=339,7211 Vx=-110,7503 Vy=103,5218
[16279,394] Ball=B005 X=113,4928 Y=257,2239 Vx=-108,4084 Vy=-81,4453
[16274,731] Ball=B007 X=121,0408 Y=164,9766 Vx=132,1713 Vy=11,3261
[16279,528] Ball=B004 X=153,0401 Y=283,6721 Vx=-31,5059 Vy=-34,0806
[16279,691] Ball=B003 X=258,8995 Y=42,6540 Vx=292,6199 Vy=5,1394
[16272,238] Ball=B008 X=102,2210 Y=367,9711 Vx=-61,7695 Vy=0,8160
[16279,303] Ball=B006 X=330,9934 Y=22,6996 Vx=-33,2078 Vy=-52,9436
[16282,959] Ball=B001 X=173,5993 Y=319,0982 Vx=48,1780 Vy=-95,8124
[16294,739] Ball=B003 X=263,3029 Y=42,7313 Vx=292,6199 Vy=5,1394
[16294,604] Ball=B004 X=152,5651 Y=283,1583 Vx=-31,5059 Vy=-34,0806
[16287,225] Ball=B008 X=101,2953 Y=367,9833 Vx=-61,7695 Vy=0,8160
[16294,293] Ball=B006 X=330,4957 Y=21,9060 Vx=-33,2078 Vy=-52,9436
[16289,950] Ball=B007 X=123,0523 Y=165,1489 Vx=132,1713 Vy=11,3261
[16297,975] Ball=B001 X=174,3227 Y=317,6595 Vx=48,1780 Vy=-95,8124
[16295,428] Ball=B002 X=116,1577 Y=341,3027 Vx=-110,7503 Vy=103,5218
[16294,672] Ball=B005 X=111,8364 Y=255,9795 Vx=-108,4084 Vy=-81,4453
[16310,417] Ball=B005 X=110,1296 Y=254,6972 Vx=-108,4084 Vy=-81,4453
[16313,795] Ball=B001 X=175,0849 Y=316,1438 Vx=48,1780 Vy=-95,8124
[16305,774] Ball=B007 X=125,1437 Y=165,3282 Vx=132,1713 Vy=11,3261
[16311,213] Ball=B002 X=114,4096 Y=342,9367 Vx=-110,7503 Vy=103,5218
[16310,706] Ball=B003 X=267,9750 Y=42,8134 Vx=292,6199 Vy=5,1394
[16303,181] Ball=B008 X=100,3097 Y=367,9963 Vx=-61,7695 Vy=0,8160
[16310,251] Ball=B006 X=329,9657 Y=21,0611 Vx=-33,2078 Vy=-52,9436
[16310,665] Ball=B004 X=152,0591 Y=282,6109 Vx=-31,5059 Vy=-34,0806
[16325,268] Ball=B006 X=329,4671 Y=20,2661 Vx=-33,2078 Vy=-52,9436
[16325,744] Ball=B003 X=272,3754 Y=42,8907 Vx=292,6199 Vy=5,1394
[16318,212] Ball=B008 X=99,3812 Y=368,0086 Vx=-61,7695 Vy=0,8160
[16320,830] Ball=B007 X=127,1337 Y=165,4987 Vx=132,1713 Vy=11,3261
[16326,271] Ball=B002 X=112,7418 Y=344,4956 Vx=-110,7503 Vy=103,5218
[16325,615] Ball=B005 X=108,4819 Y=253,4593 Vx=-108,4084 Vy=-81,4453
[16328,974] Ball=B001 X=175,8162 Y=314,6894 Vx=48,1780 Vy=-95,8124
[16325,777] Ball=B004 X=151,5830 Y=282,0959 Vx=-31,5059 Vy=-34,0806
[16341,594] Ball=B004 X=151,0847 Y=281,5569 Vx=-31,5059 Vy=-34,0806
[16344,831] Ball=B001 X=176,5801 Y=313,1701 Vx=48,1780 Vy=-95,8124
[16342,251] Ball=B002 X=110,9721 Y=346,1498 Vx=-110,7503 Vy=103,5218
[16334,213] Ball=B008 X=98,3929 Y=368,0216 Vx=-61,7695 Vy=0,8160
[16341,498] Ball=B005 X=106,7601 Y=252,1657 Vx=-108,4084 Vy=-81,4453
[16336,840] Ball=B007 X=129,2499 Y=165,6800 Vx=132,1713 Vy=11,3261
[16341,769] Ball=B003 X=277,0650 Y=42,9731 Vx=292,6199 Vy=5,1394
[16341,301] Ball=B006 X=328,9346 Y=19,4172 Vx=-33,2078 Vy=-52,9436
[16357,279] Ball=B006 X=328,4041 Y=18,5713 Vx=-33,2078 Vy=-52,9436
[16358,264] Ball=B002 X=109,1986 Y=347,8075 Vx=-110,7503 Vy=103,5218
[16357,502] Ball=B005 X=105,0252 Y=250,8623 Vx=-108,4084 Vy=-81,4453
[16350,235] Ball=B008 X=97,4032 Y=368,0347 Vx=-61,7695 Vy=0,8160
[16352,852] Ball=B007 X=131,3662 Y=165,8614 Vx=132,1713 Vy=11,3261
[16357,787] Ball=B003 X=281,7519 Y=43,0554 Vx=292,6199 Vy=5,1394
[16357,726] Ball=B004 X=150,5764 Y=281,0071 Vx=-31,5059 Vy=-34,0806
[16360,967] Ball=B001 X=177,3576 Y=311,6240 Vx=48,1780 Vy=-95,8124
[16373,538] Ball=B004 X=150,0783 Y=280,4682 Vx=-31,5059 Vy=-34,0806
[16376,782] Ball=B001 X=178,1195 Y=310,1088 Vx=48,1780 Vy=-95,8124
[16373,213] Ball=B006 X=327,8749 Y=17,7277 Vx=-33,2078 Vy=-52,9436
[16373,693] Ball=B003 X=286,4063 Y=43,1371 Vx=292,6199 Vy=5,1394
[16366,169] Ball=B008 X=95,1460 Y=370,2307 Vx=-116,6082 Vy=94,8550
[16368,786] Ball=B007 X=133,4721 Y=166,0418 Vx=132,1713 Vy=11,3261
[16374,223] Ball=B002 X=108,7785 Y=347,1493 Vx=-51,3417 Vy=1,6462
[16373,544] Ball=B005 X=103,2860 Y=249,5557 Vx=-108,4084 Vy=-81,4453
[16388,209] Ball=B006 X=327,3769 Y=16,9338 Vx=-33,2078 Vy=-52,9436
[16388,446] Ball=B005 X=101,6706 Y=248,3421 Vx=-108,4084 Vy=-81,4453
[16389,224] Ball=B002 X=108,0083 Y=347,1740 Vx=-51,3417 Vy=1,6462
[16391,907] Ball=B001 X=178,8482 Y=308,6596 Vx=48,1780 Vy=-95,8124
[16388,814] Ball=B003 X=290,8309 Y=43,2148 Vx=292,6199 Vy=5,1394
[16383,993] Ball=B007 X=135,4820 Y=166,2141 Vx=132,1713 Vy=11,3261
[16381,384] Ball=B008 X=93,3717 Y=371,6739 Vx=-116,6082 Vy=94,8550
[16388,783] Ball=B004 X=149,5979 Y=279,9486 Vx=-31,5059 Vy=-34,0806
[16404,355] Ball=B005 X=99,9460 Y=247,0464 Vx=-108,4084 Vy=-81,4453
[16404,475] Ball=B004 X=149,1036 Y=279,4138 Vx=-31,5059 Vy=-34,0806
[16399,720] Ball=B007 X=137,5608 Y=166,3922 Vx=132,1713 Vy=11,3261
[16405,154] Ball=B002 X=107,1904 Y=347,2002 Vx=-51,3417 Vy=1,6462
[16407,838] Ball=B001 X=179,6157 Y=307,1333 Vx=48,1780 Vy=-95,8124
[16404,271] Ball=B006 X=326,8436 Y=16,0834 Vx=-33,2078 Vy=-52,9436
[16404,827] Ball=B003 X=295,5168 Y=43,2971 Vx=292,6199 Vy=5,1394
[16397,373] Ball=B008 X=91,5073 Y=373,1905 Vx=-116,6082 Vy=94,8550
[16422,770] Ball=B001 X=180,3350 Y=305,7027 Vx=48,1780 Vy=-95,8124
[16412,179] Ball=B008 X=89,7808 Y=374,5950 Vx=-116,6082 Vy=94,8550
[16419,462] Ball=B005 X=98,3082 Y=245,8160 Vx=-108,4084 Vy=-81,4453
[16414,918] Ball=B007 X=139,5695 Y=166,5643 Vx=132,1713 Vy=11,3261
[16419,850] Ball=B003 X=299,9127 Y=43,3743 Vx=292,6199 Vy=5,1394
[16420,412] Ball=B002 X=106,4070 Y=347,2253 Vx=-51,3417 Vy=1,6462
[16419,773] Ball=B004 X=148,6216 Y=278,8925 Vx=-31,5059 Vy=-34,0806
[16419,315] Ball=B006 X=326,3440 Y=15,2869 Vx=-33,2078 Vy=-52,9436
[16435,509] Ball=B004 X=148,1258 Y=278,3562 Vx=-31,5059 Vy=-34,0806
[16428,128] Ball=B008 X=87,9211 Y=372,4872 Vx=-116,6082 Vy=-94,8550
[16435,826] Ball=B003 X=304,5878 Y=43,4564 Vx=292,6199 Vy=5,1394
[16430,910] Ball=B007 X=141,6831 Y=166,7455 Vx=132,1713 Vy=11,3261
[16435,362] Ball=B006 X=325,8111 Y=14,4373 Vx=-33,2078 Vy=-52,9436
[16435,588] Ball=B005 X=96,5600 Y=244,5026 Vx=-108,4084 Vy=-81,4453
[16436,422] Ball=B002 X=105,5850 Y=347,2517 Vx=-51,3417 Vy=1,6462
[16439,019] Ball=B001 X=181,1180 Y=304,1457 Vx=48,1780 Vy=-95,8124
[16454,845] Ball=B001 X=181,8803 Y=302,6295 Vx=48,1780 Vy=-95,8124
[16446,821] Ball=B007 X=143,7861 Y=166,9257 Vx=132,1713 Vy=11,3261
[16451,287] Ball=B006 X=325,2822 Y=13,5942 Vx=-33,2078 Vy=-52,9436
[16452,271] Ball=B002 X=104,7713 Y=347,2778 Vx=-51,3417 Vy=1,6462
[16451,791] Ball=B003 X=309,2594 Y=43,5385 Vx=292,6199 Vy=5,1394
[16451,758] Ball=B004 X=147,6139 Y=277,8024 Vx=-31,5059 Vy=-34,0806
[16451,537] Ball=B005 X=94,8309 Y=243,2035 Vx=-108,4084 Vy=-81,4453
[16444,256] Ball=B008 X=86,0403 Y=370,9573 Vx=-116,6082 Vy=-94,8550
[16460,198] Ball=B008 X=84,1814 Y=369,4452 Vx=-116,6082 Vy=-94,8550
[16467,269] Ball=B006 X=324,7515 Y=12,7480 Vx=-33,2078 Vy=-52,9436
[16468,245] Ball=B002 X=103,9512 Y=347,3041 Vx=-51,3417 Vy=1,6462
[16467,625] Ball=B004 X=147,1139 Y=277,2616 Vx=-31,5059 Vy=-34,0806
[16467,900] Ball=B003 X=313,9732 Y=43,6213 Vx=292,6199 Vy=5,1394
[16471,059] Ball=B001 X=182,6616 Y=301,0758 Vx=48,1780 Vy=-95,8124
[16462,980] Ball=B007 X=145,9219 Y=167,1087 Vx=132,1713 Vy=11,3261
[16467,715] Ball=B005 X=93,0771 Y=241,8859 Vx=-108,4084 Vy=-81,4453
[16477,819] Ball=B007 X=147,8830 Y=167,2767 Vx=132,1713 Vy=11,3261
[16482,745] Ball=B003 X=318,3171 Y=43,6976 Vx=292,6199 Vy=5,1394
[16485,855] Ball=B001 X=183,3744 Y=299,6583 Vx=48,1780 Vy=-95,8124
[16482,509] Ball=B005 X=91,4733 Y=240,6810 Vx=-108,4084 Vy=-81,4453
[16482,315] Ball=B006 X=324,2519 Y=11,9514 Vx=-33,2078 Vy=-52,9436
[16482,647] Ball=B004 X=146,6407 Y=276,7497 Vx=-31,5059 Vy=-34,0806
[16475,254] Ball=B008 X=82,4257 Y=368,0170 Vx=-116,6082 Vy=-94,8550
[16483,497] Ball=B002 X=103,1681 Y=347,3292 Vx=-51,3417 Vy=1,6462
[16499,262] Ball=B002 X=102,3588 Y=347,3551 Vx=-51,3417 Vy=1,6462
[16498,536] Ball=B005 X=89,7358 Y=239,3757 Vx=-108,4084 Vy=-81,4453
[16499,078] Ball=B004 X=146,1230 Y=276,1897 Vx=-31,5059 Vy=-34,0806
[16498,748] Ball=B006 X=323,7062 Y=11,0814 Vx=-33,2078 Vy=-52,9436
[16499,284] Ball=B003 X=323,1567 Y=43,7826 Vx=292,6199 Vy=5,1394
[16491,833] Ball=B008 X=80,4925 Y=366,4444 Vx=-116,6082 Vy=-94,8550
[16494,447] Ball=B007 X=150,0809 Y=167,4651 Vx=132,1713 Vy=11,3261
[16502,484] Ball=B001 X=184,1755 Y=298,0650 Vx=48,1780 Vy=-95,8124
[16516,708] Ball=B001 X=184,8608 Y=296,7022 Vx=48,1780 Vy=-95,8124
[16508,684] Ball=B007 X=151,9625 Y=167,6263 Vx=132,1713 Vy=11,3261
[16506,092] Ball=B008 X=78,8298 Y=365,0919 Vx=-116,6082 Vy=-94,8550
[16513,164] Ball=B006 X=323,2274 Y=10,3182 Vx=-33,2078 Vy=-52,9436
[16513,657] Ball=B003 X=327,3625 Y=43,8565 Vx=292,6199 Vy=5,1394
[16514,373] Ball=B002 X=101,5829 Y=347,3800 Vx=-51,3417 Vy=1,6462
[16513,617] Ball=B005 X=88,1010 Y=238,1474 Vx=-108,4084 Vy=-81,4453
[16513,732] Ball=B004 X=145,6613 Y=275,6903 Vx=-31,5059 Vy=-34,0806
[16530,114] Ball=B002 X=100,7748 Y=347,4059 Vx=-51,3417 Vy=1,6462
[16529,473] Ball=B004 X=145,1654 Y=275,1538 Vx=-31,5059 Vy=-34,0806
[16529,643] Ball=B003 X=332,0406 Y=43,9386 Vx=292,6199 Vy=5,1394
[16529,395] Ball=B005 X=86,3904 Y=236,8624 Vx=-108,4084 Vy=-81,4453
[16529,288] Ball=B006 X=322,6920 Y=9,4645 Vx=-33,2078 Vy=-52,9436
[16522,289] Ball=B008 X=76,9410 Y=363,5555 Vx=-116,6082 Vy=-94,8550
[16524,955] Ball=B007 X=154,1133 Y=167,8106 Vx=132,1713 Vy=11,3261
[16532,983] Ball=B001 X=185,6391 Y=295,1544 Vx=48,1780 Vy=-95,8124
[16548,839] Ball=B001 X=186,4088 Y=293,6236 Vx=48,1780 Vy=-95,8124
[16540,817] Ball=B007 X=156,2096 Y=167,9903 Vx=132,1713 Vy=11,3261
[16538,216] Ball=B008 X=75,0838 Y=362,0448 Vx=-116,6082 Vy=-94,8550
[16545,503] Ball=B005 X=84,6442 Y=235,5505 Vx=-108,4084 Vy=-81,4453
[16545,303] Ball=B006 X=322,1602 Y=8,6166 Vx=-33,2078 Vy=-52,9436
[16545,639] Ball=B004 X=144,6561 Y=274,6029 Vx=-31,5059 Vy=-34,0806
[16545,780] Ball=B003 X=336,7624 Y=44,0215 Vx=292,6199 Vy=5,1394
[16546,382] Ball=B002 X=99,9395 Y=347,4327 Vx=-51,3417 Vy=1,6462
[16562,251] Ball=B002 X=99,1248 Y=347,4588 Vx=-51,3417 Vy=1,6462
[16561,611] Ball=B004 X=144,1529 Y=274,0586 Vx=-31,5059 Vy=-34,0806
[16564,857] Ball=B001 X=187,1806 Y=292,0889 Vx=48,1780 Vy=-95,8124
[16561,763] Ball=B003 X=341,4394 Y=44,1037 Vx=292,6199 Vy=5,1394
[16561,533] Ball=B005 X=82,9064 Y=234,2449 Vx=-108,4084 Vy=-81,4453
[16561,315] Ball=B006 X=321,6284 Y=7,7689 Vx=-33,2078 Vy=-52,9436
[16556,864] Ball=B007 X=158,3307 Y=168,1720 Vx=132,1713 Vy=11,3261
[16554,354] Ball=B008 X=73,2021 Y=360,5140 Vx=-116,6082 Vy=-94,8550
[16571,827] Ball=B007 X=160,3082 Y=168,3415 Vx=132,1713 Vy=11,3261
[16576,755] Ball=B003 X=345,8263 Y=44,1807 Vx=292,6199 Vy=5,1394
[16577,272] Ball=B002 X=98,3536 Y=347,4835 Vx=-51,3417 Vy=1,6462
[16579,888] Ball=B001 X=187,9047 Y=290,6487 Vx=48,1780 Vy=-95,8124
[16576,317] Ball=B006 X=321,1303 Y=6,9746 Vx=-33,2078 Vy=-52,9436
[16576,660] Ball=B005 X=81,2666 Y=233,0129 Vx=-108,4084 Vy=-81,4453
[16576,778] Ball=B004 X=143,6750 Y=273,5416 Vx=-31,5059 Vy=-34,0806
[16569,327] Ball=B008 X=71,4560 Y=359,0937 Vx=-116,6082 Vy=-94,8550
[16593,253] Ball=B002 X=97,5331 Y=347,5098 Vx=-51,3417 Vy=1,6462
[16592,441] Ball=B006 X=320,5948 Y=6,1210 Vx=-33,2078 Vy=-52,9436
[16596,147] Ball=B001 X=188,6881 Y=289,0909 Vx=48,1780 Vy=-95,8124
[16592,807] Ball=B005 X=79,5161 Y=231,6978 Vx=-108,4084 Vy=-81,4453
[16588,313] Ball=B007 X=162,4873 Y=168,5282 Vx=132,1713 Vy=11,3261
[16593,259] Ball=B003 X=350,6558 Y=44,2656 Vx=292,6199 Vy=5,1394
[16585,731] Ball=B008 X=69,5432 Y=357,5377 Vx=-116,6082 Vy=-94,8550
[16593,125] Ball=B004 X=143,1600 Y=272,9845 Vx=-31,5059 Vy=-34,0806
[16601,089] Ball=B008 X=67,7525 Y=356,0811 Vx=-116,6082 Vy=-94,8550
[16608,489] Ball=B004 X=142,6759 Y=272,4609 Vx=-31,5059 Vy=-34,0806
[16608,639] Ball=B003 X=355,1560 Y=44,3446 Vx=292,6199 Vy=5,1394
[16608,205] Ball=B006 X=320,0713 Y=5,2863 Vx=-33,2078 Vy=-52,9436
[16603,753] Ball=B007 X=164,5281 Y=168,7031 Vx=132,1713 Vy=11,3261
[16608,433] Ball=B005 X=77,8221 Y=230,4251 Vx=-108,4084 Vy=-81,4453
[16611,794] Ball=B001 X=189,4419 Y=287,5917 Vx=48,1780 Vy=-95,8124
[16609,201] Ball=B002 X=96,7143 Y=347,5361 Vx=-51,3417 Vy=1,6462
[16624,492] Ball=B005 X=76,0813 Y=229,1173 Vx=-108,4084 Vy=-81,4453
[16627,850] Ball=B001 X=190,2154 Y=286,0533 Vx=48,1780 Vy=-95,8124
[16625,264] Ball=B002 X=95,8896 Y=347,5625 Vx=-51,3417 Vy=1,6462
[16624,631] Ball=B004 X=142,1673 Y=271,9108 Vx=-31,5059 Vy=-34,0806
[16624,792] Ball=B003 X=359,8831 Y=44,4276 Vx=292,6199 Vy=5,1394
[16624,322] Ball=B006 X=319,5361 Y=4,4331 Vx=-33,2078 Vy=-52,9436
[16619,871] Ball=B007 X=166,6584 Y=168,8857 Vx=132,1713 Vy=11,3261
[16617,400] Ball=B008 X=65,8503 Y=354,5337 Vx=-116,6082 Vy=-94,8550
[16632,066] Ball=B008 X=64,1403 Y=353,1427 Vx=-116,6082 Vy=-94,8550
[16639,352] Ball=B005 X=74,4702 Y=227,9069 Vx=-108,4084 Vy=-81,4453
[16639,159] Ball=B006 X=319,0434 Y=3,6475 Vx=-33,2078 Vy=-52,9436
[16634,714] Ball=B007 X=168,6202 Y=169,0538 Vx=132,1713 Vy=11,3261
[16639,505] Ball=B004 X=141,6987 Y=271,4039 Vx=-31,5059 Vy=-34,0806
[16640,157] Ball=B002 X=95,1249 Y=347,5871 Vx=-51,3417 Vy=1,6462
[16639,657] Ball=B003 X=364,2328 Y=44,5040 Vx=292,6199 Vy=5,1394
[16642,767] Ball=B001 X=190,9341 Y=284,6241 Vx=48,1780 Vy=-95,8124
[16655,736] Ball=B003 X=368,9373 Y=44,5867 Vx=292,6199 Vy=5,1394
[16658,842] Ball=B001 X=191,7085 Y=283,0840 Vx=48,1780 Vy=-95,8124
[16655,606] Ball=B004 X=141,1915 Y=270,8551 Vx=-31,5059 Vy=-34,0806
[16655,285] Ball=B006 X=318,5079 Y=2,7938 Vx=-33,2078 Vy=-52,9436
[16655,511] Ball=B005 X=72,7184 Y=226,5908 Vx=-108,4084 Vy=-81,4453
[16656,285] Ball=B002 X=94,2969 Y=347,6136 Vx=-51,3417 Vy=1,6462
[16648,248] Ball=B008 X=62,2532 Y=351,6077 Vx=-116,6082 Vy=-94,8550
[16650,857] Ball=B007 X=170,7538 Y=169,2366 Vx=132,1713 Vy=11,3261
[16670,377] Ball=B005 X=71,1069 Y=225,3801 Vx=-108,4084 Vy=-81,4453
[16663,101] Ball=B008 X=60,5212 Y=350,1988 Vx=-116,6082 Vy=-94,8550
[16665,716] Ball=B007 X=172,7178 Y=169,4049 Vx=132,1713 Vy=11,3261
[16670,668] Ball=B003 X=373,3073 Y=44,6634 Vx=292,6199 Vy=5,1394
[16671,175] Ball=B002 X=93,5324 Y=347,6381 Vx=-51,3417 Vy=1,6462
[16670,206] Ball=B006 X=318,0124 Y=2,0038 Vx=-33,2078 Vy=-52,9436
[16670,631] Ball=B004 X=140,7180 Y=270,3431 Vx=-31,5059 Vy=-34,0806
[16673,885] Ball=B001 X=192,4333 Y=281,6426 Vx=48,1780 Vy=-95,8124
[16686,262] Ball=B006 X=317,4792 Y=1,1538 Vx=-33,2078 Vy=-52,9436
[16679,208] Ball=B008 X=58,6431 Y=348,6710 Vx=-116,6082 Vy=-94,8550
[16689,843] Ball=B001 X=193,2021 Y=280,1137 Vx=48,1780 Vy=-95,8124
[16681,826] Ball=B007 X=174,8470 Y=169,5874 Vx=132,1713 Vy=11,3261
[16687,272] Ball=B002 X=92,7059 Y=347,6646 Vx=-51,3417 Vy=1,6462
[16686,628] Ball=B004 X=140,2141 Y=269,7979 Vx=-31,5059 Vy=-34,0806
[16686,767] Ball=B003 X=378,0183 Y=44,7461 Vx=292,6199 Vy=5,1394
[16686,518] Ball=B005 X=69,3571 Y=224,0655 Vx=-108,4084 Vy=-81,4453
[16701,747] Ball=B003 X=382,4012 Y=44,8231 Vx=292,6199 Vy=5,1394
[16701,621] Ball=B004 X=139,7417 Y=269,2869 Vx=-31,5059 Vy=-34,0806
[16702,267] Ball=B002 X=91,9361 Y=347,6893 Vx=-51,3417 Vy=1,6462
[16704,866] Ball=B001 X=193,9259 Y=278,6742 Vx=48,1780 Vy=-95,8124
[16701,531] Ball=B005 X=67,7295 Y=222,8427 Vx=-108,4084 Vy=-81,4453
[16694,251] Ball=B008 X=56,8888 Y=347,2440 Vx=-116,6082 Vy=-94,8550
[16701,315] Ball=B006 X=316,9794 Y=0,3568 Vx=-33,2078 Vy=-52,9436
[16696,864] Ball=B007 X=176,8346 Y=169,7577 Vx=132,1713 Vy=11,3261
[16719,708] Ball=B001 X=194,6409 Y=277,2523 Vx=48,1780 Vy=-95,8124
[16717,121] Ball=B002 X=91,1735 Y=347,7138 Vx=-51,3417 Vy=1,6462
[16711,699] Ball=B007 X=178,7954 Y=169,9257 Vx=132,1713 Vy=11,3261
[16716,161] Ball=B006 X=316,4864 Y=-0,4292 Vx=-33,2078 Vy=-52,9436
[16709,111] Ball=B008 X=55,1561 Y=345,8345 Vx=-116,6082 Vy=-94,8550
[16716,510] Ball=B004 X=139,2726 Y=268,7795 Vx=-31,5059 Vy=-34,0806
[16716,649] Ball=B003 X=375,6390 Y=44,8997 Vx=-292,6199 Vy=5,1394
[16716,404] Ball=B005 X=66,1171 Y=221,6314 Vx=-108,4084 Vy=-81,4453
[16732,481] Ball=B005 X=64,3743 Y=220,3221 Vx=-108,4084 Vy=-81,4453
[16732,744] Ball=B003 X=370,9295 Y=44,9824 Vx=-292,6199 Vy=5,1394
[16733,255] Ball=B002 X=90,3451 Y=347,7403 Vx=-51,3417 Vy=1,6462
[16732,618] Ball=B004 X=138,7651 Y=268,2305 Vx=-31,5059 Vy=-34,0806
[16725,241] Ball=B008 X=53,2751 Y=344,3045 Vx=-116,6082 Vy=-94,8550
[16735,876] Ball=B001 X=195,4199 Y=275,7031 Vx=48,1780 Vy=-95,8124
[16727,858] Ball=B007 X=180,9312 Y=170,1087 Vx=132,1713 Vy=11,3261
[16732,449] Ball=B006 X=315,9455 Y=0,8623 Vx=-33,2078 Vy=52,9436
[16743,814] Ball=B007 X=183,0401 Y=170,2894 Vx=132,1713 Vy=11,3261
[16751,854] Ball=B001 X=196,1897 Y=274,1722 Vx=48,1780 Vy=-95,8124
[16741,230] Ball=B008 X=51,4108 Y=342,7879 Vx=-116,6082 Vy=-94,8550
[16748,372] Ball=B006 X=315,4167 Y=1,7053 Vx=-33,2078 Vy=52,9436
[16749,287] Ball=B002 X=89,5220 Y=347,7667 Vx=-51,3417 Vy=1,6462
[16748,854] Ball=B003 X=366,2152 Y=45,0652 Vx=-292,6199 Vy=5,1394
[16748,660] Ball=B005 X=62,6204 Y=219,0043 Vx=-108,4084 Vy=-81,4453
[16748,604] Ball=B004 X=138,2615 Y=267,6857 Vx=-31,5059 Vy=-34,0806
[16764,489] Ball=B005 X=60,9045 Y=217,7152 Vx=-108,4084 Vy=-81,4453
[16765,264] Ball=B002 X=88,7018 Y=347,7930 Vx=-51,3417 Vy=1,6462
[16764,761] Ball=B003 X=361,5606 Y=45,1470 Vx=-292,6199 Vy=5,1394
[16757,245] Ball=B008 X=49,5433 Y=341,2688 Vx=-116,6082 Vy=-94,8550
[16767,882] Ball=B001 X=196,9619 Y=272,6365 Vx=48,1780 Vy=-95,8124
[16764,314] Ball=B006 X=314,8873 Y=2,5494 Vx=-33,2078 Vy=52,9436
[16764,711] Ball=B004 X=137,7571 Y=267,1402 Vx=-31,5059 Vy=-34,0806
[16759,931] Ball=B007 X=185,1703 Y=170,4720 Vx=132,1713 Vy=11,3261
[16779,474] Ball=B004 X=137,2889 Y=266,6337 Vx=-31,5059 Vy=-34,0806
[16779,618] Ball=B003 X=357,2131 Y=45,2233 Vx=-292,6199 Vy=5,1394
[16774,719] Ball=B007 X=187,1249 Y=170,6395 Vx=132,1713 Vy=11,3261
[16782,966] Ball=B001 X=197,6886 Y=271,1913 Vx=48,1780 Vy=-95,8124
[16779,397] Ball=B006 X=314,3864 Y=3,3479 Vx=-33,2078 Vy=52,9436
[16780,389] Ball=B002 X=87,9252 Y=347,8179 Vx=-51,3417 Vy=1,6462
[16779,726] Ball=B005 X=59,2525 Y=216,4741 Vx=-108,4084 Vy=-81,4453
[16772,579] Ball=B008 X=47,7552 Y=339,8143 Vx=-116,6082 Vy=-94,8550
[16795,485] Ball=B005 X=57,5441 Y=215,1906 Vx=-108,4084 Vy=-81,4453
[16795,616] Ball=B004 X=136,7803 Y=266,0836 Vx=-31,5059 Vy=-34,0806
[16788,234] Ball=B008 X=45,9297 Y=338,3293 Vx=-116,6082 Vy=-94,8550
[16798,875] Ball=B001 X=198,4551 Y=269,6670 Vx=48,1780 Vy=-95,8124
[16796,279] Ball=B002 X=87,1094 Y=347,8441 Vx=-51,3417 Vy=1,6462
[16795,858] Ball=B003 X=352,4608 Y=45,3068 Vx=-292,6199 Vy=5,1394
[16790,939] Ball=B007 X=189,2687 Y=170,8232 Vx=132,1713 Vy=11,3261
[16795,395] Ball=B006 X=313,8552 Y=4,1949 Vx=-33,2078 Vy=52,9436
[16812,245] Ball=B002 X=86,2897 Y=347,8703 Vx=-51,3417 Vy=1,6462
[16811,272] Ball=B006 X=313,3282 Y=5,0351 Vx=-33,2078 Vy=52,9436
[16811,746] Ball=B003 X=347,8119 Y=45,3885 Vx=-292,6199 Vy=5,1394
[16806,831] Ball=B007 X=191,3691 Y=171,0032 Vx=132,1713 Vy=11,3261
[16804,233] Ball=B008 X=44,0640 Y=336,8117 Vx=-116,6082 Vy=-94,8550
[16811,627] Ball=B004 X=136,2759 Y=265,5379 Vx=-31,5059 Vy=-34,0806
[16814,953] Ball=B001 X=199,2297 Y=268,1266 Vx=48,1780 Vy=-95,8124
[16811,651] Ball=B005 X=55,7915 Y=213,8739 Vx=-108,4084 Vy=-81,4453
[16826,605] Ball=B004 X=135,8040 Y=265,0274 Vx=-31,5059 Vy=-34,0806
[16829,861] Ball=B001 X=199,9479 Y=266,6982 Vx=48,1780 Vy=-95,8124
[16819,234] Ball=B008 X=42,3149 Y=335,3888 Vx=-116,6082 Vy=-94,8550
[16826,299] Ball=B006 X=312,8289 Y=5,8311 Vx=-33,2078 Vy=52,9436
[16827,362] Ball=B002 X=85,5135 Y=347,8952 Vx=-51,3417 Vy=1,6462
[16821,938] Ball=B007 X=193,3658 Y=171,1743 Vx=132,1713 Vy=11,3261
[16826,869] Ball=B003 X=343,3867 Y=45,4662 Vx=-292,6199 Vy=5,1394
[16826,762] Ball=B005 X=54,1790 Y=212,6625 Vx=-108,4084 Vy=-81,4453
[16842,497] Ball=B005 X=52,4477 Y=211,3618 Vx=-108,4084 Vy=-81,4453
[16843,261] Ball=B002 X=84,6972 Y=347,9214 Vx=-51,3417 Vy=1,6462
[16842,769] Ball=B003 X=338,7337 Y=45,5479 Vx=-292,6199 Vy=5,1394
[16837,850] Ball=B007 X=195,4689 Y=171,3545 Vx=132,1713 Vy=11,3261
[16842,310] Ball=B006 X=312,2972 Y=6,6788 Vx=-33,2078 Vy=52,9436
[16835,256] Ball=B008 X=40,4465 Y=333,8690 Vx=-116,6082 Vy=-94,8550
[16845,963] Ball=B001 X=200,7237 Y=265,1554 Vx=48,1780 Vy=-95,8124
[16842,724] Ball=B004 X=135,2961 Y=264,4780 Vx=-31,5059 Vy=-34,0806
[16857,173] Ball=B006 X=311,8037 Y=7,4656 Vx=-33,2078 Vy=52,9436
[16852,731] Ball=B007 X=197,4358 Y=171,5231 Vx=132,1713 Vy=11,3261
[16857,518] Ball=B004 X=134,8300 Y=263,9739 Vx=-31,5059 Vy=-34,0806
[16857,433] Ball=B005 X=50,8284 Y=210,1453 Vx=-108,4084 Vy=-81,4453
[16860,872] Ball=B001 X=201,4419 Y=263,7270 Vx=48,1780 Vy=-95,8124
[16850,247] Ball=B008 X=38,6985 Y=332,4471 Vx=-116,6082 Vy=-94,8550
[16858,289] Ball=B002 X=83,9257 Y=347,9461 Vx=-51,3417 Vy=1,6462
[16857,684] Ball=B003 X=334,3692 Y=45,6246 Vx=-292,6199 Vy=5,1394
[16874,287] Ball=B002 X=83,1043 Y=347,9725 Vx=-51,3417 Vy=1,6462
[16866,244] Ball=B008 X=36,8332 Y=330,9298 Vx=-116,6082 Vy=-94,8550
[16873,797] Ball=B003 X=329,6545 Y=45,7074 Vx=-292,6199 Vy=5,1394
[16873,351] Ball=B006 X=311,2664 Y=8,3222 Vx=-33,2078 Vy=52,9436
[16876,924] Ball=B001 X=202,2153 Y=262,1889 Vx=48,1780 Vy=-95,8124
[16873,668] Ball=B005 X=49,0685 Y=208,8230 Vx=-108,4084 Vy=-81,4453
[16873,854] Ball=B004 X=134,3154 Y=263,4172 Vx=-31,5059 Vy=-34,0806
[16869,131] Ball=B007 X=199,6033 Y=171,7088 Vx=132,1713 Vy=11,3261
[16889,472] Ball=B004 X=133,8233 Y=262,8849 Vx=-31,5059 Vy=-34,0806
[16889,361] Ball=B005 X=47,3672 Y=207,5449 Vx=-108,4084 Vy=-81,4453
[16882,091] Ball=B008 X=34,9852 Y=329,4265 Vx=-116,6082 Vy=-94,8550
[16884,708] Ball=B007 X=201,6623 Y=171,8852 Vx=132,1713 Vy=11,3261
[16889,175] Ball=B006 X=310,7409 Y=9,1600 Vx=-33,2078 Vy=52,9436
[16890,152] Ball=B002 X=82,2898 Y=347,9986 Vx=-51,3417 Vy=1,6462
[16892,753] Ball=B001 X=202,9780 Y=260,6723 Vx=48,1780 Vy=-95,8124
[16889,655] Ball=B003 X=325,0140 Y=45,7889 Vx=-292,6199 Vy=5,1394
[16908,701] Ball=B001 X=203,7462 Y=259,1444 Vx=48,1780 Vy=-95,8124
[16906,116] Ball=B002 X=81,4702 Y=348,0249 Vx=-51,3417 Vy=1,6462
[16905,616] Ball=B003 X=320,3435 Y=45,8709 Vx=-292,6199 Vy=5,1394
[16905,165] Ball=B006 X=310,2099 Y=10,0066 Vx=-33,2078 Vy=52,9436
[16900,718] Ball=B007 X=203,7783 Y=172,0666 Vx=132,1713 Vy=11,3261
[16898,109] Ball=B008 X=33,1173 Y=327,9070 Vx=-116,6082 Vy=-94,8550
[16905,393] Ball=B005 X=45,6291 Y=206,2391 Vx=-108,4084 Vy=-81,4453
[16905,519] Ball=B004 X=133,3177 Y=262,3380 Vx=-31,5059 Vy=-34,0806
[16914,085] Ball=B008 X=31,2545 Y=326,3918 Vx=-116,6082 Vy=-94,8550
[16921,490] Ball=B004 X=132,8145 Y=261,7937 Vx=-31,5059 Vy=-34,0806
[16921,848] Ball=B003 X=315,5937 Y=45,9543 Vx=-292,6199 Vy=5,1394
[16916,930] Ball=B007 X=205,9211 Y=172,2502 Vx=132,1713 Vy=11,3261
[16922,367] Ball=B002 X=80,6358 Y=348,0516 Vx=-51,3417 Vy=1,6462
[16921,604] Ball=B006 X=309,6641 Y=10,8769 Vx=-33,2078 Vy=52,9436
[16925,176] Ball=B001 X=204,5400 Y=257,5658 Vx=48,1780 Vy=-95,8124
[16921,815] Ball=B005 X=43,8488 Y=204,9016 Vx=-108,4084 Vy=-81,4453
[16939,744] Ball=B001 X=205,2419 Y=256,1700 Vx=48,1780 Vy=-95,8124
[16931,724] Ball=B007 X=207,8764 Y=172,4177 Vx=132,1713 Vy=11,3261
[16936,676] Ball=B003 X=311,2548 Y=46,0305 Vx=-292,6199 Vy=5,1394
[16936,625] Ball=B004 X=132,3377 Y=261,2778 Vx=-31,5059 Vy=-34,0806
[16936,571] Ball=B005 X=42,2493 Y=203,6999 Vx=-108,4084 Vy=-81,4453
[16937,266] Ball=B002 X=79,8709 Y=348,0762 Vx=-51,3417 Vy=1,6462
[16936,290] Ball=B006 X=309,1764 Y=11,6544 Vx=-33,2078 Vy=52,9436
[16929,143] Ball=B008 X=29,4985 Y=324,9633 Vx=-116,6082 Vy=-94,8550
[16947,832] Ball=B007 X=210,0053 Y=172,6002 Vx=132,1713 Vy=11,3261
[16952,502] Ball=B005 X=40,5221 Y=202,4023 Vx=-108,4084 Vy=-81,4453
[16955,867] Ball=B001 X=206,0186 Y=254,6253 Vx=48,1780 Vy=-95,8124
[16945,242] Ball=B008 X=27,6212 Y=323,4363 Vx=-116,6082 Vy=-94,8550
[16953,364] Ball=B002 X=79,0479 Y=348,1025 Vx=-51,3417 Vy=1,6462
[16952,395] Ball=B006 X=308,6416 Y=12,5071 Vx=-33,2078 Vy=52,9436
[16952,780] Ball=B004 X=131,8287 Y=260,7273 Vx=-31,5059 Vy=-34,0806
[16952,915] Ball=B003 X=306,5029 Y=46,1140 Vx=-292,6199 Vy=5,1394
[16968,512] Ball=B004 X=131,3331 Y=260,1911 Vx=-31,5059 Vy=-34,0806
[16969,161] Ball=B002 X=78,2333 Y=348,1287 Vx=-51,3417 Vy=1,6462
[16961,143] Ball=B008 X=25,7671 Y=321,9280 Vx=-116,6082 Vy=-94,8550
[16968,860] Ball=B003 X=301,8372 Y=46,1959 Vx=-292,6199 Vy=5,1394
[16968,392] Ball=B006 X=308,1103 Y=13,3540 Vx=-33,2078 Vy=52,9436
[16971,963] Ball=B001 X=206,7941 Y=253,0830 Vx=48,1780 Vy=-95,8124
[16968,633] Ball=B005 X=38,7734 Y=201,0885 Vx=-108,4084 Vy=-81,4453
[16963,965] Ball=B007 X=212,1377 Y=172,7829 Vx=132,1713 Vy=11,3261
[16984,287] Ball=B006 X=307,5825 Y=14,1955 Vx=-33,2078 Vy=52,9436
[16977,239] Ball=B008 X=23,8902 Y=320,4012 Vx=-116,6082 Vy=-94,8550
[16979,838] Ball=B007 X=214,2355 Y=172,9627 Vx=132,1713 Vy=11,3261
[16984,525] Ball=B005 X=37,0506 Y=199,7942 Vx=-108,4084 Vy=-81,4453
[16984,655] Ball=B004 X=130,8244 Y=259,6410 Vx=-31,5059 Vy=-34,0806
[16985,385] Ball=B002 X=77,4003 Y=348,1554 Vx=-51,3417 Vy=1,6462
[16984,882] Ball=B003 X=297,1487 Y=46,2783 Vx=-292,6199 Vy=5,1394
[16988,074] Ball=B001 X=207,5703 Y=251,5394 Vx=48,1780 Vy=-95,8124
[17000,608] Ball=B003 X=292,5474 Y=46,3591 Vx=-292,6199 Vy=5,1394
[16993,096] Ball=B008 X=22,0410 Y=318,8971 Vx=-116,6082 Vy=-94,8550
[17003,745] Ball=B001 X=208,3253 Y=250,0379 Vx=48,1780 Vy=-95,8124
[17001,160] Ball=B002 X=76,5904 Y=348,1813 Vx=-51,3417 Vy=1,6462
[17000,358] Ball=B005 X=35,3342 Y=198,5047 Vx=-108,4084 Vy=-81,4453
[17000,521] Ball=B004 X=130,3246 Y=259,1002 Vx=-31,5059 Vy=-34,0806
[17000,280] Ball=B006 X=307,0514 Y=15,0422 Vx=-33,2078 Vy=52,9436
[16995,834] Ball=B007 X=216,3498 Y=173,1439 Vx=132,1713 Vy=11,3261
[17016,273] Ball=B006 X=306,5203 Y=15,8890 Vx=-33,2078 Vy=52,9436
[17016,617] Ball=B004 X=129,8175 Y=258,5517 Vx=-31,5059 Vy=-34,0806
[17019,862] Ball=B001 X=209,1018 Y=248,4937 Vx=48,1780 Vy=-95,8124
[17011,847] Ball=B007 X=218,4664 Y=173,3252 Vx=132,1713 Vy=11,3261
[17009,255] Ball=B008 X=20,1568 Y=317,3643 Vx=-116,6082 Vy=-94,8550
[17016,535] Ball=B005 X=33,5804 Y=197,1871 Vx=-108,4084 Vy=-81,4453
[17017,295] Ball=B002 X=75,7622 Y=348,2079 Vx=-51,3417 Vy=1,6462
[17016,795] Ball=B003 X=287,8104 Y=46,4423 Vx=-292,6199 Vy=5,1394
[17033,265] Ball=B002 X=74,9422 Y=348,2342 Vx=-51,3417 Vy=1,6462
[17027,837] Ball=B007 X=220,5797 Y=173,5063 Vx=132,1713 Vy=11,3261
[17035,866] Ball=B001 X=209,8728 Y=246,9603 Vx=48,1780 Vy=-95,8124
[17032,775] Ball=B003 X=283,1344 Y=46,5244 Vx=-292,6199 Vy=5,1394
[17032,798] Ball=B004 X=129,3077 Y=258,0002 Vx=-31,5059 Vy=-34,0806
[17025,404] Ball=B008 X=18,2737 Y=315,8325 Vx=-116,6082 Vy=-94,8550
[17032,686] Ball=B005 X=31,8295 Y=195,8717 Vx=-108,4084 Vy=-81,4453
[17032,470] Ball=B006 X=305,9824 Y=16,7465 Vx=-33,2078 Vy=52,9436
[17048,279] Ball=B006 X=305,4575 Y=17,5835 Vx=-33,2078 Vy=52,9436
[17049,268] Ball=B002 X=74,1204 Y=348,2605 Vx=-51,3417 Vy=1,6462
[17048,509] Ball=B005 X=30,1142 Y=194,5830 Vx=-108,4084 Vy=-81,4453
[17041,240] Ball=B008 X=16,4270 Y=314,3303 Vx=-116,6082 Vy=-94,8550
[17048,859] Ball=B003 X=278,4277 Y=46,6071 Vx=-292,6199 Vy=5,1394
[17043,940] Ball=B007 X=222,7081 Y=173,6887 Vx=132,1713 Vy=11,3261
[17048,788] Ball=B004 X=128,8039 Y=257,4553 Vx=-31,5059 Vy=-34,0806
[17052,028] Ball=B001 X=210,6515 Y=245,4118 Vx=48,1780 Vy=-95,8124
[17058,822] Ball=B007 X=224,6750 Y=173,8573 Vx=132,1713 Vy=11,3261
[17056,222] Ball=B008 X=14,6800 Y=312,9093 Vx=-116,6082 Vy=-94,8550
[17064,267] Ball=B002 X=73,3504 Y=348,2852 Vx=-51,3417 Vy=1,6462
[17063,307] Ball=B006 X=304,9584 Y=18,3791 Vx=-33,2078 Vy=52,9436
[17066,949] Ball=B001 X=211,3703 Y=243,9822 Vx=48,1780 Vy=-95,8124
[17063,851] Ball=B003 X=274,0408 Y=46,6841 Vx=-292,6199 Vy=5,1394
[17063,604] Ball=B005 X=28,4778 Y=193,3536 Vx=-108,4084 Vy=-81,4453
[17063,893] Ball=B004 X=128,3294 Y=256,9420 Vx=-31,5059 Vy=-34,0806
[17078,728] Ball=B003 X=269,6877 Y=46,7606 Vx=-292,6199 Vy=5,1394
[17078,264] Ball=B006 X=304,4618 Y=19,1710 Vx=-33,2078 Vy=52,9436
[17078,659] Ball=B005 X=26,8457 Y=192,1274 Vx=-108,4084 Vy=-81,4453
[17078,781] Ball=B004 X=127,8589 Y=256,4331 Vx=-31,5059 Vy=-34,0806
[17082,024] Ball=B001 X=212,0967 Y=242,5378 Vx=48,1780 Vy=-95,8124
[17071,402] Ball=B008 X=12,9099 Y=311,4693 Vx=-116,6082 Vy=-94,8550
[17074,016] Ball=B007 X=226,6833 Y=174,0294 Vx=132,1713 Vy=11,3261
[17079,446] Ball=B002 X=72,5711 Y=348,3102 Vx=-51,3417 Vy=1,6462
[17095,249] Ball=B002 X=71,7598 Y=348,3362 Vx=-51,3417 Vy=1,6462
[17089,826] Ball=B007 X=228,7729 Y=174,2084 Vx=132,1713 Vy=11,3261
[17087,215] Ball=B008 X=11,0661 Y=309,9695 Vx=-116,6082 Vy=-94,8550
[17094,506] Ball=B005 X=25,1278 Y=190,8368 Vx=-108,4084 Vy=-81,4453
[17097,865] Ball=B001 X=212,8598 Y=241,0200 Vx=48,1780 Vy=-95,8124
[17094,877] Ball=B003 X=264,9619 Y=46,8436 Vx=-292,6199 Vy=5,1394
[17094,472] Ball=B006 X=303,9235 Y=20,0292 Vx=-33,2078 Vy=52,9436
[17094,811] Ball=B004 X=127,3539 Y=255,8868 Vx=-31,5059 Vy=-34,0806
[17109,134] Ball=B006 X=303,4366 Y=20,8054 Vx=-33,2078 Vy=52,9436
[17112,709] Ball=B001 X=213,5750 Y=239,5978 Vx=48,1780 Vy=-95,8124
[17110,140] Ball=B002 X=70,9952 Y=348,3607 Vx=-51,3417 Vy=1,6462
[17109,461] Ball=B005 X=23,5065 Y=189,6188 Vx=-108,4084 Vy=-81,4453
[17109,769] Ball=B003 X=260,6042 Y=46,9201 Vx=-292,6199 Vy=5,1394
[17104,909] Ball=B007 X=230,7664 Y=174,3792 Vx=132,1713 Vy=11,3261
[17102,302] Ball=B008 X=9,3067 Y=308,5383 Vx=-116,6082 Vy=-94,8550
[17109,915] Ball=B004 X=126,8780 Y=255,3720 Vx=-31,5059 Vy=-34,0806
[17118,203] Ball=B008 X=7,4527 Y=307,0302 Vx=-116,6082 Vy=-94,8550
[17126,243] Ball=B002 X=70,1684 Y=348,3872 Vx=-51,3417 Vy=1,6462
[17125,611] Ball=B004 X=126,3835 Y=254,8371 Vx=-31,5059 Vy=-34,0806
[17125,758] Ball=B003 X=255,9255 Y=47,0023 Vx=-292,6199 Vy=5,1394
[17125,527] Ball=B005 X=21,7648 Y=188,3103 Vx=-108,4084 Vy=-81,4453
[17120,856] Ball=B007 X=232,8743 Y=174,5599 Vx=132,1713 Vy=11,3261
[17125,313] Ball=B006 X=302,8993 Y=21,6620 Vx=-33,2078 Vy=52,9436
[17128,881] Ball=B001 X=214,3541 Y=238,0483 Vx=48,1780 Vy=-95,8124
[17140,618] Ball=B003 X=251,5775 Y=47,0787 Vx=-292,6199 Vy=5,1394
[17140,370] Ball=B005 X=20,1557 Y=187,1014 Vx=-108,4084 Vy=-81,4453
[17141,126] Ball=B002 X=69,4043 Y=348,4117 Vx=-51,3417 Vy=1,6462
[17140,168] Ball=B006 X=302,4060 Y=22,4484 Vx=-33,2078 Vy=52,9436
[17143,751] Ball=B001 X=215,0705 Y=236,6236 Vx=48,1780 Vy=-95,8124
[17133,130] Ball=B008 X=5,7119 Y=305,6141 Vx=-116,6082 Vy=-94,8550
[17140,525] Ball=B004 X=125,9136 Y=254,3288 Vx=-31,5059 Vy=-34,0806
[17135,740] Ball=B007 X=234,8415 Y=174,7285 Vx=132,1713 Vy=11,3261
[17159,846] Ball=B001 X=215,8459 Y=235,0816 Vx=48,1780 Vy=-95,8124
[17149,218] Ball=B008 X=3,8360 Y=304,0882 Vx=-116,6082 Vy=-94,8550
[17156,502] Ball=B005 X=18,4068 Y=185,7874 Vx=-108,4084 Vy=-81,4453
[17156,628] Ball=B004 X=125,4063 Y=253,7800 Vx=-31,5059 Vy=-34,0806
[17156,831] Ball=B003 X=246,8329 Y=47,1620 Vx=-292,6199 Vy=5,1394
[17151,914] Ball=B007 X=236,9792 Y=174,9116 Vx=132,1713 Vy=11,3261
[17157,406] Ball=B002 X=68,5685 Y=348,4385 Vx=-51,3417 Vy=1,6462
[17156,369] Ball=B006 X=301,8680 Y=23,3062 Vx=-33,2078 Vy=52,9436
[17175,823] Ball=B001 X=216,6157 Y=233,5507 Vx=48,1780 Vy=-95,8124
[17172,264] Ball=B006 X=301,3402 Y=24,1477 Vx=-33,2078 Vy=52,9436
[17167,816] Ball=B007 X=239,0810 Y=175,0917 Vx=132,1713 Vy=11,3261
[17173,255] Ball=B002 X=67,7548 Y=348,4646 Vx=-51,3417 Vy=1,6462
[17172,833] Ball=B003 X=242,1506 Y=47,2442 Vx=-292,6199 Vy=5,1394
[17172,708] Ball=B004 X=124,8997 Y=253,2320 Vx=-31,5059 Vy=-34,0806
[17172,608] Ball=B005 X=16,6608 Y=184,4757 Vx=-108,4084 Vy=-81,4453
[17165,466] Ball=B008 X=1,9413 Y=302,5469 Vx=-116,6082 Vy=-94,8550
[17188,123] Ball=B002 X=66,9914 Y=348,4891 Vx=-51,3417 Vy=1,6462
[17187,477] Ball=B004 X=124,4344 Y=252,7287 Vx=-31,5059 Vy=-34,0806
[17182,735] Ball=B007 X=241,0528 Y=175,2607 Vx=132,1713 Vy=11,3261
[17180,129] Ball=B008 X=0,2315 Y=301,1561 Vx=-116,6082 Vy=-94,8550
[17187,746] Ball=B003 X=237,7867 Y=47,3209 Vx=-292,6199 Vy=5,1394
[17190,897] Ball=B001 X=217,3419 Y=232,1065 Vx=48,1780 Vy=-95,8124
[17187,336] Ball=B006 X=300,8397 Y=24,9456 Vx=-33,2078 Vy=52,9436
[17187,567] Ball=B005 X=15,0392 Y=183,2574 Vx=-108,4084 Vy=-81,4453
[17203,744] Ball=B003 X=233,1055 Y=47,4031 Vx=-292,6199 Vy=5,1394
[17203,291] Ball=B006 X=300,3099 Y=25,7904 Vx=-33,2078 Vy=52,9436
[17203,517] Ball=B005 X=13,3101 Y=181,9584 Vx=-108,4084 Vy=-81,4453
[17206,881] Ball=B001 X=218,1120 Y=230,5750 Vx=48,1780 Vy=-95,8124
[17198,924] Ball=B007 X=243,1925 Y=175,4441 Vx=132,1713 Vy=11,3261
[17203,712] Ball=B004 X=123,9229 Y=252,1754 Vx=-31,5059 Vy=-34,0806
[17204,507] Ball=B002 X=66,1502 Y=348,5161 Vx=-51,3417 Vy=1,6462
[17196,473] Ball=B008 X=-1,6744 Y=299,6058 Vx=-116,6082 Vy=-94,8550
[17218,611] Ball=B004 X=123,4535 Y=251,6676 Vx=-31,5059 Vy=-34,0806
[17218,277] Ball=B006 X=299,8122 Y=26,5838 Vx=-33,2078 Vy=52,9436
[17219,270] Ball=B002 X=65,3923 Y=348,5404 Vx=-51,3417 Vy=1,6462
[17218,531] Ball=B005 X=11,6824 Y=180,7355 Vx=-108,4084 Vy=-81,4453
[17222,082] Ball=B001 X=218,8444 Y=229,1185 Vx=48,1780 Vy=-95,8124
[17211,450] Ball=B008 X=1,7465 Y=298,1851 Vx=116,6082 Vy=-94,8550
[17218,999] Ball=B003 X=228,6414 Y=47,4815 Vx=-292,6199 Vy=5,1394
[17214,158] Ball=B007 X=245,2060 Y=175,6166 Vx=132,1713 Vy=11,3261
[17233,190] Ball=B006 X=299,3170 Y=27,3733 Vx=-33,2078 Vy=52,9436
[17233,661] Ball=B003 X=224,3516 Y=47,5569 Vx=-292,6199 Vy=5,1394
[17236,806] Ball=B001 X=219,5537 Y=227,7078 Vx=48,1780 Vy=-95,8124
[17228,783] Ball=B007 X=247,1390 Y=175,7823 Vx=132,1713 Vy=11,3261
[17234,309] Ball=B002 X=64,6202 Y=348,5651 Vx=-51,3417 Vy=1,6462
[17233,558] Ball=B005 X=10,0533 Y=179,5117 Vx=-108,4084 Vy=-81,4453
[17226,287] Ball=B008 X=3,4766 Y=296,7777 Vx=116,6082 Vy=-94,8550
[17233,693] Ball=B004 X=122,9783 Y=251,1536 Vx=-31,5059 Vy=-34,0806
[17248,651] Ball=B003 X=219,9647 Y=47,6339 Vx=-292,6199 Vy=5,1394
[17248,508] Ball=B004 X=122,5115 Y=250,6487 Vx=-31,5059 Vy=-34,0806
[17241,144] Ball=B008 X=5,2090 Y=295,3685 Vx=116,6082 Vy=-94,8550
[17243,770] Ball=B007 X=249,1199 Y=175,9520 Vx=132,1713 Vy=11,3261
[17248,441] Ball=B005 X=8,4399 Y=178,2995 Vx=-108,4084 Vy=-81,4453
[17249,218] Ball=B002 X=63,8547 Y=348,5897 Vx=-51,3417 Vy=1,6462
[17251,822] Ball=B001 X=220,2772 Y=226,2690 Vx=48,1780 Vy=-95,8124
[17248,252] Ball=B006 X=298,8168 Y=28,1708 Vx=-33,2078 Vy=52,9436
[17267,860] Ball=B001 X=221,0498 Y=224,7325 Vx=48,1780 Vy=-95,8124
[17265,270] Ball=B002 X=63,0306 Y=348,6161 Vx=-51,3417 Vy=1,6462
[17264,294] Ball=B006 X=298,2841 Y=29,0201 Vx=-33,2078 Vy=52,9436
[17257,245] Ball=B008 X=7,0865 Y=293,8412 Vx=116,6082 Vy=-94,8550
[17259,860] Ball=B007 X=251,2465 Y=176,1342 Vx=132,1713 Vy=11,3261
[17264,872] Ball=B003 X=215,2181 Y=47,7173 Vx=-292,6199 Vy=5,1394
[17264,619] Ball=B005 X=6,6860 Y=176,9819 Vx=-108,4084 Vy=-81,4453
[17264,736] Ball=B004 X=122,0002 Y=250,0956 Vx=-31,5059 Vy=-34,0806
[17282,697] Ball=B001 X=221,7646 Y=223,3109 Vx=48,1780 Vy=-95,8124
[17274,677] Ball=B007 X=253,2049 Y=176,3021 Vx=132,1713 Vy=11,3261
[17272,075] Ball=B008 X=8,8159 Y=292,4345 Vx=116,6082 Vy=-94,8550
[17279,492] Ball=B004 X=121,5353 Y=249,5927 Vx=-31,5059 Vy=-34,0806
[17279,638] Ball=B003 X=210,8974 Y=47,7932 Vx=-292,6199 Vy=5,1394
[17279,387] Ball=B005 X=5,0858 Y=175,7796 Vx=-108,4084 Vy=-81,4453
[17280,151] Ball=B002 X=62,2665 Y=348,6406 Vx=-51,3417 Vy=1,6462
[17279,181] Ball=B006 X=297,7897 Y=29,8083 Vx=-33,2078 Vy=52,9436
[17294,499] Ball=B005 X=3,4473 Y=174,5487 Vx=-108,4084 Vy=-81,4453
[17295,261] Ball=B002 X=61,4908 Y=348,6655 Vx=-51,3417 Vy=1,6462
[17294,292] Ball=B006 X=297,2879 Y=30,6083 Vx=-33,2078 Vy=52,9436
[17287,236] Ball=B008 X=10,5837 Y=290,9964 Vx=116,6082 Vy=-94,8550
[17294,637] Ball=B004 X=121,0582 Y=249,0766 Vx=-31,5059 Vy=-34,0806
[17294,782] Ball=B003 X=206,4658 Y=47,8710 Vx=-292,6199 Vy=5,1394
[17289,858] Ball=B007 X=255,2114 Y=176,4740 Vx=132,1713 Vy=11,3261
[17297,888] Ball=B001 X=222,4966 Y=221,8553 Vx=48,1780 Vy=-95,8124
[17310,509] Ball=B004 X=120,5581 Y=248,5357 Vx=-31,5059 Vy=-34,0806
[17303,118] Ball=B008 X=12,4357 Y=289,4899 Vx=116,6082 Vy=-94,8550
[17313,757] Ball=B001 X=223,2611 Y=220,3349 Vx=48,1780 Vy=-95,8124
[17310,663] Ball=B003 X=201,8188 Y=47,9526 Vx=-292,6199 Vy=5,1394
[17305,756] Ball=B007 X=257,3128 Y=176,6541 Vx=132,1713 Vy=11,3261
[17310,208] Ball=B006 X=296,7594 Y=31,4510 Vx=-33,2078 Vy=52,9436
[17310,503] Ball=B005 X=1,7119 Y=173,2449 Vx=-108,4084 Vy=-81,4453
[17311,263] Ball=B002 X=60,6692 Y=348,6918 Vx=-51,3417 Vy=1,6462
[17326,356] Ball=B005 X=-0,0067 Y=171,9537 Vx=-108,4084 Vy=-81,4453
[17326,621] Ball=B003 X=197,1491 Y=48,0346 Vx=-292,6199 Vy=5,1394
[17326,156] Ball=B006 X=296,2298 Y=32,2953 Vx=-33,2078 Vy=52,9436
[17329,730] Ball=B001 X=224,0306 Y=218,8045 Vx=48,1780 Vy=-95,8124
[17326,564] Ball=B004 X=120,0523 Y=247,9885 Vx=-31,5059 Vy=-34,0806
[17327,216] Ball=B002 X=59,8501 Y=348,7181 Vx=-51,3417 Vy=1,6462
[17321,795] Ball=B007 X=259,4326 Y=176,8357 Vx=132,1713 Vy=11,3261
[17319,242] Ball=B008 X=14,3158 Y=287,9605 Vx=116,6082 Vy=-94,8550
[17343,120] Ball=B002 X=59,0336 Y=348,7443 Vx=-51,3417 Vy=1,6462
[17345,714] Ball=B001 X=224,8007 Y=217,2731 Vx=48,1780 Vy=-95,8124
[17335,092] Ball=B008 X=16,1642 Y=286,4570 Vx=116,6082 Vy=-94,8550
[17337,830] Ball=B007 X=261,5519 Y=177,0173 Vx=132,1713 Vy=11,3261
[17342,756] Ball=B003 X=192,4278 Y=48,1176 Vx=-292,6199 Vy=5,1394
[17342,653] Ball=B005 X=1,7667 Y=170,6264 Vx=108,4084 Vy=-81,4453
[17342,776] Ball=B006 X=295,6779 Y=33,1752 Vx=-33,2078 Vy=52,9436
[17343,328] Ball=B004 X=119,5241 Y=247,4172 Vx=-31,5059 Vy=-34,0806
[17357,501] Ball=B006 X=295,1889 Y=33,9548 Vx=-33,2078 Vy=52,9436
[17353,043] Ball=B007 X=263,5626 Y=177,1896 Vx=132,1713 Vy=11,3261
[17357,982] Ball=B003 X=187,9723 Y=48,1958 Vx=-292,6199 Vy=5,1394
[17357,945] Ball=B004 X=119,0636 Y=246,9190 Vx=-31,5059 Vy=-34,0806
[17350,552] Ball=B008 X=17,9669 Y=284,9906 Vx=116,6082 Vy=-94,8550
[17357,835] Ball=B005 X=3,4125 Y=169,3899 Vx=108,4084 Vy=-81,4453
[17358,655] Ball=B002 X=58,2361 Y=348,7698 Vx=-51,3417 Vy=1,6462
[17361,253] Ball=B001 X=225,5493 Y=215,7842 Vx=48,1780 Vy=-95,8124
[17372,866] Ball=B006 X=294,6787 Y=34,7683 Vx=-33,2078 Vy=52,9436
[17368,414] Ball=B007 X=265,5942 Y=177,3637 Vx=132,1713 Vy=11,3261
[17365,806] Ball=B008 X=19,7455 Y=283,5437 Vx=116,6082 Vy=-94,8550
[17376,414] Ball=B001 X=226,2794 Y=214,3323 Vx=48,1780 Vy=-95,8124
[17373,189] Ball=B005 X=5,0771 Y=168,1393 Vx=108,4084 Vy=-81,4453
[17373,952] Ball=B002 X=57,4507 Y=348,7950 Vx=-51,3417 Vy=1,6462
[17373,452] Ball=B003 X=183,4454 Y=48,2753 Vx=-292,6199 Vy=5,1394
[17373,444] Ball=B004 X=118,5753 Y=246,3908 Vx=-31,5059 Vy=-34,0806
[17388,283] Ball=B004 X=118,1078 Y=245,8851 Vx=-31,5059 Vy=-34,0806
[17391,537] Ball=B001 X=227,0084 Y=212,8826 Vx=48,1780 Vy=-95,8124
[17388,444] Ball=B003 X=179,0586 Y=48,3524 Vx=-292,6199 Vy=5,1394
[17388,262] Ball=B005 X=6,7111 Y=166,9118 Vx=108,4084 Vy=-81,4453
[17383,602] Ball=B007 X=267,6016 Y=177,5358 Vx=132,1713 Vy=11,3261
[17380,993] Ball=B008 X=21,5166 Y=282,1031 Vx=116,6082 Vy=-94,8550
[17388,066] Ball=B006 X=294,1739 Y=35,5730 Vx=-33,2078 Vy=52,9436
[17388,932] Ball=B002 X=56,6815 Y=348,8197 Vx=-51,3417 Vy=1,6462
[17407,447] Ball=B001 X=227,7748 Y=211,3584 Vx=48,1780 Vy=-95,8124
[17404,854] Ball=B002 X=55,8641 Y=348,8459 Vx=-51,3417 Vy=1,6462
[17399,432] Ball=B007 X=269,6939 Y=177,7151 Vx=132,1713 Vy=11,3261
[17403,912] Ball=B006 X=293,6477 Y=36,4120 Vx=-33,2078 Vy=52,9436
[17404,140] Ball=B005 X=8,4325 Y=165,6185 Vx=108,4084 Vy=-81,4453
[17396,870] Ball=B008 X=23,3679 Y=280,5971 Vx=116,6082 Vy=-94,8550
[17404,413] Ball=B003 X=174,3857 Y=48,4344 Vx=-292,6199 Vy=5,1394
[17404,280] Ball=B004 X=117,6038 Y=245,3399 Vx=-31,5059 Vy=-34,0806
[17419,456] Ball=B003 X=169,9839 Y=48,5117 Vx=-292,6199 Vy=5,1394
[17419,212] Ball=B005 X=10,0664 Y=164,3910 Vx=108,4084 Vy=-81,4453
[17419,970] Ball=B002 X=55,0880 Y=348,8708 Vx=-51,3417 Vy=1,6462
[17414,567] Ball=B007 X=271,6944 Y=177,8865 Vx=132,1713 Vy=11,3261
[17419,103] Ball=B006 X=293,1432 Y=37,2162 Vx=-33,2078 Vy=52,9436
[17412,045] Ball=B008 X=25,1374 Y=279,1577 Vx=116,6082 Vy=-94,8550
[17419,498] Ball=B004 X=117,1243 Y=244,8213 Vx=-31,5059 Vy=-34,0806
[17422,673] Ball=B001 X=228,5084 Y=209,8995 Vx=48,1780 Vy=-95,8124
[17438,566] Ball=B001 X=229,2741 Y=208,3768 Vx=48,1780 Vy=-95,8124
[17435,223] Ball=B005 X=11,8021 Y=163,0870 Vx=108,4084 Vy=-81,4453
[17435,984] Ball=B002 X=54,2658 Y=348,8971 Vx=-51,3417 Vy=1,6462
[17435,347] Ball=B004 X=116,6250 Y=244,2811 Vx=-31,5059 Vy=-34,0806
[17427,975] Ball=B008 X=26,9951 Y=277,6466 Vx=116,6082 Vy=-94,8550
[17435,038] Ball=B006 X=292,6140 Y=38,0599 Vx=-33,2078 Vy=52,9436
[17435,509] Ball=B003 X=165,2863 Y=48,5943 Vx=-292,6199 Vy=5,1394
[17430,691] Ball=B007 X=273,8254 Y=178,0691 Vx=132,1713 Vy=11,3261
[17451,205] Ball=B004 X=116,1254 Y=243,7407 Vx=-31,5059 Vy=-34,0806
[17451,093] Ball=B005 X=13,5225 Y=161,7945 Vx=108,4084 Vy=-81,4453
[17446,443] Ball=B007 X=275,9074 Y=178,2475 Vx=132,1713 Vy=11,3261
[17451,466] Ball=B003 X=160,6398 Y=48,6759 Vx=-292,6199 Vy=5,1394
[17451,982] Ball=B002 X=53,4444 Y=348,9235 Vx=-51,3417 Vy=1,6462
[17451,118] Ball=B006 X=292,0801 Y=38,9113 Vx=-33,2078 Vy=52,9436
[17444,006] Ball=B008 X=28,8644 Y=276,1260 Vx=116,6082 Vy=-94,8550
[17454,723] Ball=B001 X=230,0526 Y=206,8286 Vx=48,1780 Vy=-95,8124
[17467,277] Ball=B004 X=115,6190 Y=243,1929 Vx=-31,5059 Vy=-34,0806
[17462,506] Ball=B007 X=278,0305 Y=178,4294 Vx=132,1713 Vy=11,3261
[17467,424] Ball=B003 X=155,9476 Y=48,7583 Vx=-292,6199 Vy=5,1394
[17459,901] Ball=B008 X=30,7179 Y=274,6183 Vx=116,6082 Vy=-94,8550
[17470,642] Ball=B001 X=230,8195 Y=205,3034 Vx=48,1780 Vy=-95,8124
[17468,119] Ball=B002 X=52,6159 Y=348,9500 Vx=-51,3417 Vy=1,6462
[17467,430] Ball=B005 X=15,2937 Y=160,4638 Vx=108,4084 Vy=-81,4453
[17467,144] Ball=B006 X=291,5479 Y=39,7597 Vx=-33,2078 Vy=52,9436
[17482,431] Ball=B003 X=151,5565 Y=48,8354 Vx=-292,6199 Vy=5,1394
[17474,907] Ball=B008 X=32,4676 Y=273,1949 Vx=116,6082 Vy=-94,8550
[17485,544] Ball=B001 X=231,5374 Y=203,8756 Vx=48,1780 Vy=-95,8124
[17482,958] Ball=B002 X=51,8541 Y=348,9745 Vx=-51,3417 Vy=1,6462
[17482,216] Ball=B005 X=16,8966 Y=159,2596 Vx=108,4084 Vy=-81,4453
[17482,066] Ball=B006 X=291,0524 Y=40,5497 Vx=-33,2078 Vy=52,9436
[17477,615] Ball=B007 X=280,0276 Y=178,6006 Vx=132,1713 Vy=11,3261
[17482,413] Ball=B004 X=115,1421 Y=242,6771 Vx=-31,5059 Vy=-34,0806
[17500,801] Ball=B001 X=232,2724 Y=202,4139 Vx=48,1780 Vy=-95,8124
[17497,725] Ball=B003 X=147,0810 Y=48,9140 Vx=-292,6199 Vy=5,1394
[17497,488] Ball=B006 X=290,5402 Y=41,3662 Vx=-33,2078 Vy=52,9436
[17493,052] Ball=B007 X=282,0678 Y=178,7754 Vx=132,1713 Vy=11,3261
[17497,973] Ball=B004 X=114,6519 Y=242,1468 Vx=-31,5059 Vy=-34,0806
[17498,623] Ball=B002 X=51,0498 Y=349,0002 Vx=-51,3417 Vy=1,6462
[17490,588] Ball=B008 X=34,2962 Y=271,7075 Vx=116,6082 Vy=-94,8550
[17497,924] Ball=B005 X=18,5994 Y=157,9803 Vx=108,4084 Vy=-81,4453
[17513,359] Ball=B002 X=50,2933 Y=349,0245 Vx=-51,3417 Vy=1,6462
[17512,606] Ball=B005 X=20,1911 Y=156,7845 Vx=108,4084 Vy=-81,4453
[17505,325] Ball=B008 X=36,0146 Y=270,3096 Vx=116,6082 Vy=-94,8550
[17512,736] Ball=B004 X=114,1868 Y=241,6436 Vx=-31,5059 Vy=-34,0806
[17512,415] Ball=B006 X=290,0445 Y=42,1565 Vx=-33,2078 Vy=52,9436
[17512,896] Ball=B003 X=142,6413 Y=48,9920 Vx=-292,6199 Vy=5,1394
[17515,997] Ball=B001 X=233,0046 Y=200,9578 Vx=48,1780 Vy=-95,8124
[17507,978] Ball=B007 X=284,0406 Y=178,9445 Vx=132,1713 Vy=11,3261
[17528,368] Ball=B006 X=289,5148 Y=43,0011 Vx=-33,2078 Vy=52,9436
[17529,353] Ball=B002 X=49,4721 Y=349,0508 Vx=-51,3417 Vy=1,6462
[17528,616] Ball=B005 X=21,9267 Y=155,4806 Vx=108,4084 Vy=-81,4453
[17528,869] Ball=B003 X=137,9674 Y=49,0741 Vx=-292,6199 Vy=5,1394
[17528,892] Ball=B004 X=113,6777 Y=241,0930 Vx=-31,5059 Vy=-34,0806
[17532,140] Ball=B001 X=233,7823 Y=199,4112 Vx=48,1780 Vy=-95,8124
[17521,522] Ball=B008 X=37,9034 Y=268,7732 Vx=116,6082 Vy=-94,8550
[17524,141] Ball=B007 X=286,1770 Y=179,1275 Vx=132,1713 Vy=11,3261
[17544,490] Ball=B005 X=23,6476 Y=154,1877 Vx=108,4084 Vy=-81,4453
[17539,822] Ball=B007 X=288,2494 Y=179,3051 Vx=132,1713 Vy=11,3261
[17537,209] Ball=B008 X=39,7324 Y=267,2854 Vx=116,6082 Vy=-94,8550
[17544,754] Ball=B003 X=133,3190 Y=49,1557 Vx=-292,6199 Vy=5,1394
[17544,625] Ball=B004 X=113,1821 Y=240,5569 Vx=-31,5059 Vy=-34,0806
[17547,887] Ball=B001 X=234,5410 Y=197,9024 Vx=48,1780 Vy=-95,8124
[17545,293] Ball=B002 X=48,6537 Y=349,0771 Vx=-51,3417 Vy=1,6462
[17544,317] Ball=B006 X=288,9851 Y=43,8455 Vx=-33,2078 Vy=52,9436
[17555,573] Ball=B007 X=290,3313 Y=179,4835 Vx=132,1713 Vy=11,3261
[17560,244] Ball=B005 X=25,3555 Y=152,9046 Vx=108,4084 Vy=-81,4453
[17560,035] Ball=B006 X=288,4632 Y=44,6777 Vx=-33,2078 Vy=52,9436
[17561,017] Ball=B002 X=47,8464 Y=349,1030 Vx=-51,3417 Vy=1,6462
[17563,626] Ball=B001 X=235,2993 Y=196,3944 Vx=48,1780 Vy=-95,8124
[17560,388] Ball=B004 X=112,6854 Y=240,0196 Vx=-31,5059 Vy=-34,0806
[17560,609] Ball=B003 X=128,6797 Y=49,2372 Vx=-292,6199 Vy=5,1394
[17553,007] Ball=B008 X=41,5748 Y=265,7867 Vx=116,6082 Vy=-94,8550
[17575,638] Ball=B003 X=124,2821 Y=49,3144 Vx=-292,6199 Vy=5,1394
[17575,509] Ball=B004 X=112,2091 Y=239,5043 Vx=-31,5059 Vy=-34,0806
[17575,182] Ball=B006 X=287,9602 Y=45,4796 Vx=-33,2078 Vy=52,9436
[17570,807] Ball=B007 X=292,3449 Y=179,6561 Vx=132,1713 Vy=11,3261
[17568,201] Ball=B008 X=43,3465 Y=264,3455 Vx=116,6082 Vy=-94,8550
[17578,838] Ball=B001 X=236,0321 Y=194,9369 Vx=48,1780 Vy=-95,8124
[17575,532] Ball=B005 X=27,0128 Y=151,6595 Vx=108,4084 Vy=-81,4453
[17576,297] Ball=B002 X=47,0619 Y=349,1281 Vx=-51,3417 Vy=1,6462
[17592,157] Ball=B002 X=46,2477 Y=349,1542 Vx=-51,3417 Vy=1,6462
[17591,653] Ball=B003 X=119,5955 Y=49,3967 Vx=-292,6199 Vy=5,1394
[17591,410] Ball=B005 X=28,7341 Y=150,3663 Vx=108,4084 Vy=-81,4453
[17584,138] Ball=B008 X=45,2049 Y=262,8338 Vx=116,6082 Vy=-94,8550
[17594,843] Ball=B001 X=236,8032 Y=193,4034 Vx=48,1780 Vy=-95,8124
[17591,624] Ball=B004 X=111,7013 Y=238,9551 Vx=-31,5059 Vy=-34,0806
[17591,295] Ball=B006 X=287,4251 Y=46,3327 Vx=-33,2078 Vy=52,9436
[17586,853] Ball=B007 X=294,4656 Y=179,8378 Vx=132,1713 Vy=11,3261
[17599,108] Ball=B008 X=46,9504 Y=261,4139 Vx=116,6082 Vy=-94,8550
[17601,728] Ball=B007 X=296,4315 Y=180,0063 Vx=132,1713 Vy=11,3261
[17606,520] Ball=B004 X=111,2320 Y=238,4475 Vx=-31,5059 Vy=-34,0806
[17606,197] Ball=B006 X=286,9303 Y=47,1216 Vx=-33,2078 Vy=52,9436
[17606,678] Ball=B003 X=115,1989 Y=49,4740 Vx=-292,6199 Vy=5,1394
[17609,792] Ball=B001 X=237,5235 Y=191,9711 Vx=48,1780 Vy=-95,8124
[17607,198] Ball=B002 X=45,4754 Y=349,1790 Vx=-51,3417 Vy=1,6462
[17606,440] Ball=B005 X=30,3635 Y=149,1422 Vx=108,4084 Vy=-81,4453
[17625,750] Ball=B001 X=238,2922 Y=190,4422 Vx=48,1780 Vy=-95,8124
[17622,182] Ball=B006 X=286,3994 Y=47,9679 Vx=-33,2078 Vy=52,9436
[17623,163] Ball=B002 X=44,6557 Y=349,2053 Vx=-51,3417 Vy=1,6462
[17615,137] Ball=B008 X=48,8197 Y=259,8934 Vx=116,6082 Vy=-94,8550
[17622,428] Ball=B005 X=32,0967 Y=147,8400 Vx=108,4084 Vy=-81,4453
[17622,545] Ball=B004 X=110,7271 Y=237,9013 Vx=-31,5059 Vy=-34,0806
[17622,752] Ball=B003 X=110,4951 Y=49,5566 Vx=-292,6199 Vy=5,1394
[17617,931] Ball=B007 X=298,5733 Y=180,1898 Vx=132,1713 Vy=11,3261
[17637,501] Ball=B003 X=106,1795 Y=49,6324 Vx=-292,6199 Vy=5,1394
[17629,982] Ball=B008 X=50,5507 Y=258,4853 Vx=116,6082 Vy=-94,8550
[17640,619] Ball=B001 X=239,0086 Y=189,0175 Vx=48,1780 Vy=-95,8124
[17632,674] Ball=B007 X=300,5218 Y=180,3568 Vx=132,1713 Vy=11,3261
[17637,512] Ball=B004 X=110,2556 Y=237,3912 Vx=-31,5059 Vy=-34,0806
[17637,184] Ball=B006 X=285,9013 Y=48,7622 Vx=-33,2078 Vy=52,9436
[17638,221] Ball=B002 X=43,8826 Y=349,2300 Vx=-51,3417 Vy=1,6462
[17637,471] Ball=B005 X=33,7275 Y=146,6148 Vx=108,4084 Vy=-81,4453
[17653,160] Ball=B006 X=285,3707 Y=49,6080 Vx=-33,2078 Vy=52,9436
[17653,390] Ball=B005 X=35,4532 Y=145,3183 Vx=108,4084 Vy=-81,4453
[17654,150] Ball=B002 X=43,0648 Y=349,2563 Vx=-51,3417 Vy=1,6462
[17646,211] Ball=B008 X=52,4432 Y=256,9458 Vx=116,6082 Vy=-94,8550
[17648,820] Ball=B007 X=302,6557 Y=180,5396 Vx=132,1713 Vy=11,3261
[17656,900] Ball=B001 X=239,7930 Y=187,4575 Vx=48,1780 Vy=-95,8124
[17653,744] Ball=B004 X=109,7442 Y=236,8380 Vx=-31,5059 Vy=-34,0806
[17653,663] Ball=B003 X=101,4501 Y=49,7154 Vx=-292,6199 Vy=5,1394
[17663,702] Ball=B007 X=304,6228 Y=180,7082 Vx=132,1713 Vy=11,3261
[17668,174] Ball=B006 X=284,8724 Y=50,4025 Vx=-33,2078 Vy=52,9436
[17668,646] Ball=B003 X=97,0657 Y=49,7924 Vx=-292,6199 Vy=5,1394
[17661,119] Ball=B008 X=54,1815 Y=255,5318 Vx=116,6082 Vy=-94,8550
[17668,485] Ball=B005 X=37,0897 Y=144,0889 Vx=108,4084 Vy=-81,4453
[17668,601] Ball=B004 X=109,2761 Y=236,3317 Vx=-31,5059 Vy=-34,0806
[17671,903] Ball=B001 X=240,5133 Y=186,0251 Vx=48,1780 Vy=-95,8124
[17669,314] Ball=B002 X=42,2862 Y=349,2812 Vx=-51,3417 Vy=1,6462
[17685,120] Ball=B002 X=41,4748 Y=349,3072 Vx=-51,3417 Vy=1,6462
[17684,625] Ball=B003 X=92,3901 Y=49,8746 Vx=-292,6199 Vy=5,1394
[17684,381] Ball=B005 X=38,8129 Y=142,7943 Vx=108,4084 Vy=-81,4453
[17684,501] Ball=B004 X=108,7752 Y=235,7898 Vx=-31,5059 Vy=-34,0806
[17677,124] Ball=B008 X=56,0479 Y=254,0136 Vx=116,6082 Vy=-94,8550
[17684,277] Ball=B006 X=284,3374 Y=51,2555 Vx=-33,2078 Vy=52,9436
[17687,852] Ball=B001 X=241,2842 Y=184,4920 Vx=48,1780 Vy=-95,8124
[17679,957] Ball=B007 X=306,7712 Y=180,8923 Vx=132,1713 Vy=11,3261
[17700,143] Ball=B006 X=283,8105 Y=52,0955 Vx=-33,2078 Vy=52,9436
[17700,480] Ball=B004 X=108,2717 Y=235,2452 Vx=-31,5059 Vy=-34,0806
[17700,628] Ball=B003 X=87,7073 Y=49,9568 Vx=-292,6199 Vy=5,1394
[17695,718] Ball=B007 X=308,8544 Y=181,0708 Vx=132,1713 Vy=11,3261
[17693,114] Ball=B008 X=57,9125 Y=252,4968 Vx=116,6082 Vy=-94,8550
[17703,749] Ball=B001 X=242,0501 Y=182,9688 Vx=48,1780 Vy=-95,8124
[17701,158] Ball=B002 X=40,6513 Y=349,3336 Vx=-51,3417 Vy=1,6462
[17700,367] Ball=B005 X=40,5459 Y=141,4923 Vx=108,4084 Vy=-81,4453
[17711,679] Ball=B007 X=310,9639 Y=181,2516 Vx=132,1713 Vy=11,3261
[17719,711] Ball=B001 X=242,8191 Y=181,4395 Vx=48,1780 Vy=-95,8124
[17717,125] Ball=B002 X=39,8316 Y=349,3599 Vx=-51,3417 Vy=1,6462
[17716,377] Ball=B005 X=42,2816 Y=140,1883 Vx=108,4084 Vy=-81,4453
[17716,605] Ball=B003 X=83,0323 Y=50,0389 Vx=-292,6199 Vy=5,1394
[17709,114] Ball=B008 X=59,7782 Y=250,9792 Vx=116,6082 Vy=-94,8550
[17716,505] Ball=B004 X=107,7668 Y=234,6991 Vx=-31,5059 Vy=-34,0806
[17716,342] Ball=B006 X=283,2726 Y=52,9532 Vx=-33,2078 Vy=52,9436
[17731,383] Ball=B005 X=43,9083 Y=138,9662 Vx=108,4084 Vy=-81,4453
[17724,115] Ball=B008 X=61,5274 Y=249,5563 Vx=116,6082 Vy=-94,8550
[17734,752] Ball=B001 X=243,5438 Y=179,9984 Vx=48,1780 Vy=-95,8124
[17731,263] Ball=B006 X=282,7771 Y=53,7431 Vx=-33,2078 Vy=52,9436
[17732,242] Ball=B002 X=39,0554 Y=349,3848 Vx=-51,3417 Vy=1,6462
[17731,642] Ball=B004 X=107,2913 Y=234,1847 Vx=-31,5059 Vy=-34,0806
[17726,926] Ball=B007 X=312,9793 Y=181,4243 Vx=132,1713 Vy=11,3261
[17731,855] Ball=B003 X=78,5696 Y=50,1173 Vx=-292,6199 Vy=5,1394
[17747,502] Ball=B004 X=106,7903 Y=233,6427 Vx=-31,5059 Vy=-34,0806
[17750,753] Ball=B001 X=244,3147 Y=178,4653 Vx=48,1780 Vy=-95,8124
[17742,739] Ball=B007 X=315,0693 Y=181,6034 Vx=132,1713 Vy=11,3261
[17747,644] Ball=B003 X=73,9496 Y=50,1984 Vx=-292,6199 Vy=5,1394
[17748,185] Ball=B002 X=38,2369 Y=349,4111 Vx=-51,3417 Vy=1,6462
[17747,285] Ball=B006 X=282,2450 Y=54,5914 Vx=-33,2078 Vy=52,9436
[17747,513] Ball=B005 X=45,6569 Y=137,6525 Vx=108,4084 Vy=-81,4453
[17740,237] Ball=B008 X=63,4074 Y=248,0269 Vx=116,6082 Vy=-94,8550
[17762,382] Ball=B005 X=47,2688 Y=136,4415 Vx=108,4084 Vy=-81,4453
[17762,169] Ball=B006 X=281,7508 Y=55,3793 Vx=-33,2078 Vy=52,9436
[17755,112] Ball=B008 X=65,1419 Y=246,6161 Vx=116,6082 Vy=-94,8550
[17763,156] Ball=B002 X=37,4682 Y=349,4357 Vx=-51,3417 Vy=1,6462
[17757,812] Ball=B007 X=317,0513 Y=181,7732 Vx=132,1713 Vy=11,3261
[17765,840] Ball=B001 X=245,0415 Y=177,0197 Vx=48,1780 Vy=-95,8124
[17762,742] Ball=B003 X=69,5315 Y=50,2760 Vx=-292,6199 Vy=5,1394
[17762,604] Ball=B004 X=106,3144 Y=233,1280 Vx=-31,5059 Vy=-34,0806
[17777,650] Ball=B003 X=65,1693 Y=50,3527 Vx=-292,6199 Vy=5,1394
[17778,163] Ball=B002 X=36,6977 Y=349,4604 Vx=-51,3417 Vy=1,6462
[17780,765] Ball=B001 X=245,7606 Y=175,5897 Vx=48,1780 Vy=-95,8124
[17777,423] Ball=B005 X=48,8995 Y=135,2164 Vx=108,4084 Vy=-81,4453
[17772,769] Ball=B007 X=319,0384 Y=181,9435 Vx=132,1713 Vy=11,3261
[17777,554] Ball=B004 X=105,8434 Y=232,6185 Vx=-31,5059 Vy=-34,0806
[17770,162] Ball=B008 X=66,8969 Y=245,1884 Vx=116,6082 Vy=-94,8550
[17777,229] Ball=B006 X=281,2506 Y=56,1767 Vx=-33,2078 Vy=52,9436
[17793,389] Ball=B005 X=50,6302 Y=133,9161 Vx=108,4084 Vy=-81,4453
[17793,184] Ball=B006 X=280,7208 Y=57,0214 Vx=-33,2078 Vy=52,9436
[17793,524] Ball=B004 X=105,3403 Y=232,0742 Vx=-31,5059 Vy=-34,0806
[17788,739] Ball=B007 X=321,1491 Y=182,1244 Vx=132,1713 Vy=11,3261
[17786,141] Ball=B008 X=68,7601 Y=243,6728 Vx=116,6082 Vy=-94,8550
[17796,847] Ball=B001 X=246,5354 Y=174,0489 Vx=48,1780 Vy=-95,8124
[17794,257] Ball=B002 X=35,8714 Y=349,4869 Vx=-51,3417 Vy=1,6462
[17793,857] Ball=B003 X=60,4265 Y=50,4360 Vx=-292,6199 Vy=5,1394
[17811,623] Ball=B001 X=247,2472 Y=172,6332 Vx=48,1780 Vy=-95,8124
[17800,998] Ball=B008 X=70,4926 Y=242,2635 Vx=116,6082 Vy=-94,8550
[17808,694] Ball=B003 X=56,0851 Y=50,5122 Vx=-292,6199 Vy=5,1394
[17808,273] Ball=B006 X=280,2198 Y=57,8203 Vx=-33,2078 Vy=52,9436
[17808,623] Ball=B004 X=104,8646 Y=231,5597 Vx=-31,5059 Vy=-34,0806
[17809,270] Ball=B002 X=35,1006 Y=349,5116 Vx=-51,3417 Vy=1,6462
[17803,854] Ball=B007 X=323,1470 Y=182,2956 Vx=132,1713 Vy=11,3261
[17808,528] Ball=B005 X=52,2716 Y=132,6830 Vx=108,4084 Vy=-81,4453
[17824,372] Ball=B005 X=53,9891 Y=131,3926 Vx=108,4084 Vy=-81,4453
[17817,094] Ball=B008 X=72,3695 Y=240,7367 Vx=116,6082 Vy=-94,8550
[17819,712] Ball=B007 X=325,2429 Y=182,4752 Vx=132,1713 Vy=11,3261
[17825,148] Ball=B002 X=34,2854 Y=349,5378 Vx=-51,3417 Vy=1,6462
[17827,825] Ball=B001 X=248,0279 Y=171,0808 Vx=48,1780 Vy=-95,8124
[17824,731] Ball=B003 X=51,3921 Y=50,5946 Vx=-292,6199 Vy=5,1394
[17824,595] Ball=B004 X=104,3614 Y=231,0153 Vx=-31,5059 Vy=-34,0806
[17824,395] Ball=B006 X=279,6844 Y=58,6738 Vx=-33,2078 Vy=52,9436
[17839,576] Ball=B003 X=47,0484 Y=50,6709 Vx=-292,6199 Vy=5,1394
[17842,677] Ball=B001 X=248,7433 Y=169,6579 Vx=48,1780 Vy=-95,8124
[17839,579] Ball=B004 X=103,8893 Y=230,5047 Vx=-31,5059 Vy=-34,0806
[17839,255] Ball=B006 X=279,1909 Y=59,4606 Vx=-33,2078 Vy=52,9436
[17840,238] Ball=B002 X=33,5107 Y=349,5626 Vx=-51,3417 Vy=1,6462
[17839,485] Ball=B005 X=55,6276 Y=130,1617 Vx=108,4084 Vy=-81,4453
[17832,213] Ball=B008 X=74,1325 Y=239,3026 Vx=116,6082 Vy=-94,8550
[17834,780] Ball=B007 X=327,2344 Y=182,6459 Vx=132,1713 Vy=11,3261
[17850,571] Ball=B007 X=329,3214 Y=182,8247 Vx=132,1713 Vy=11,3261
[17855,261] Ball=B005 X=57,3377 Y=128,8769 Vx=108,4084 Vy=-81,4453
[17856,016] Ball=B002 X=32,7006 Y=349,5886 Vx=-51,3417 Vy=1,6462
[17855,516] Ball=B003 X=42,3839 Y=50,7529 Vx=-292,6199 Vy=5,1394
[17858,714] Ball=B001 X=249,5160 Y=168,1213 Vx=48,1780 Vy=-95,8124
[17855,477] Ball=B004 X=103,3884 Y=229,9629 Vx=-31,5059 Vy=-34,0806
[17855,144] Ball=B006 X=278,6633 Y=60,3018 Vx=-33,2078 Vy=52,9436
[17848,088] Ball=B008 X=75,9701 Y=237,8078 Vx=116,6082 Vy=-94,8550
[17871,372] Ball=B004 X=106,1198 Y=228,4964 Vx=96,7993 Vy=-70,7914
[17872,019] Ball=B002 X=31,8790 Y=349,6149 Vx=-51,3417 Vy=1,6462
[17863,978] Ball=B008 X=73,8002 Y=237,4445 Vx=-61,0452 Vy=-44,0246
[17871,309] Ball=B005 X=59,0775 Y=127,5698 Vx=108,4084 Vy=-81,4453
[17874,664] Ball=B001 X=250,2844 Y=166,5931 Vx=48,1780 Vy=-95,8124
[17871,704] Ball=B003 X=37,6469 Y=50,8361 Vx=-292,6199 Vy=5,1394
[17866,840] Ball=B007 X=331,4719 Y=183,0090 Vx=132,1713 Vy=11,3261
[17871,295] Ball=B006 X=278,1288 Y=61,1540 Vx=-33,2078 Vy=52,9436
[17887,168] Ball=B006 X=277,5999 Y=61,9972 Vx=-33,2078 Vy=52,9436
[17882,987] Ball=B007 X=333,6060 Y=183,1918 Vx=132,1713 Vy=11,3261
[17880,512] Ball=B008 X=72,7908 Y=236,7165 Vx=-61,0452 Vy=-44,0246
[17887,801] Ball=B005 X=60,8653 Y=126,2267 Vx=108,4084 Vy=-81,4453
[17888,560] Ball=B002 X=31,0298 Y=349,6421 Vx=-51,3417 Vy=1,6462
[17891,156] Ball=B001 X=251,0790 Y=165,0129 Vx=48,1780 Vy=-95,8124
[17888,120] Ball=B003 X=32,8432 Y=50,9204 Vx=-292,6199 Vy=5,1394
[17887,787] Ball=B004 X=107,7089 Y=227,3343 Vx=96,7993 Vy=-70,7914
[17904,464] Ball=B003 X=28,0609 Y=51,0044 Vx=-292,6199 Vy=5,1394
[17907,606] Ball=B001 X=251,8715 Y=163,4368 Vx=48,1780 Vy=-95,8124
[17904,471] Ball=B004 X=109,3238 Y=226,1532 Vx=96,7993 Vy=-70,7914
[17905,257] Ball=B002 X=30,1867 Y=349,6692 Vx=-51,3417 Vy=1,6462
[17899,839] Ball=B007 X=335,8334 Y=183,3827 Vx=132,1713 Vy=11,3261
[17904,293] Ball=B006 X=277,0312 Y=62,9039 Vx=-33,2078 Vy=52,9436
[17904,518] Ball=B005 X=62,6776 Y=124,8651 Vx=108,4084 Vy=-81,4453
[17897,249] Ball=B008 X=71,7691 Y=235,9797 Vx=-61,0452 Vy=-44,0246
[17914,540] Ball=B007 X=337,7764 Y=183,5492 Vx=132,1713 Vy=11,3261
[17911,946] Ball=B008 X=70,8720 Y=235,3327 Vx=-61,0452 Vy=-44,0246
[17919,240] Ball=B005 X=64,2736 Y=123,6661 Vx=108,4084 Vy=-81,4453
[17919,096] Ball=B006 X=276,5396 Y=63,6877 Vx=-33,2078 Vy=52,9436
[17922,665] Ball=B001 X=252,5970 Y=161,9940 Vx=48,1780 Vy=-95,8124
[17919,555] Ball=B004 X=110,7840 Y=225,0853 Vx=96,7993 Vy=-70,7914
[17919,694] Ball=B003 X=23,6042 Y=51,0827 Vx=-292,6199 Vy=5,1394
[17920,137] Ball=B002 X=29,4086 Y=349,6941 Vx=-51,3417 Vy=1,6462
[17935,577] Ball=B003 X=18,9567 Y=51,1643 Vx=-292,6199 Vy=5,1394
[17938,687] Ball=B001 X=253,3689 Y=160,4589 Vx=48,1780 Vy=-95,8124
[17936,097] Ball=B002 X=28,5891 Y=349,7204 Vx=-51,3417 Vy=1,6462
[17935,359] Ball=B005 X=66,0210 Y=122,3533 Vx=108,4084 Vy=-81,4453
[17928,089] Ball=B008 X=69,8865 Y=234,6220 Vx=-61,0452 Vy=-44,0246
[17935,483] Ball=B004 X=112,3259 Y=223,9578 Vx=96,7993 Vy=-70,7914
[17935,239] Ball=B006 X=276,0035 Y=64,5423 Vx=-33,2078 Vy=52,9436
[17930,788] Ball=B007 X=339,9240 Y=183,7333 Vx=132,1713 Vy=11,3261
[17953,614] Ball=B001 X=254,0881 Y=159,0287 Vx=48,1780 Vy=-95,8124
[17945,582] Ball=B007 X=341,8792 Y=183,9008 Vx=132,1713 Vy=11,3261
[17943,012] Ball=B008 X=68,9756 Y=233,9650 Vx=-61,0452 Vy=-44,0246
[17950,295] Ball=B005 X=67,6403 Y=121,1368 Vx=108,4084 Vy=-81,4453
[17950,555] Ball=B004 X=113,7848 Y=222,8908 Vx=96,7993 Vy=-70,7914
[17950,143] Ball=B006 X=275,5086 Y=65,3314 Vx=-33,2078 Vy=52,9436
[17951,266] Ball=B002 X=27,8103 Y=349,7454 Vx=-51,3417 Vy=1,6462
[17950,775] Ball=B003 X=14,5091 Y=51,2424 Vx=-292,6199 Vy=5,1394
[17959,113] Ball=B008 X=67,9927 Y=233,2562 Vx=-61,0452 Vy=-44,0246
[17969,759] Ball=B001 X=254,8659 Y=157,4818 Vx=48,1780 Vy=-95,8124
[17966,420] Ball=B005 X=69,3883 Y=119,8235 Vx=108,4084 Vy=-81,4453
[17966,674] Ball=B003 X=9,8569 Y=51,3241 Vx=-292,6199 Vy=5,1394
[17966,215] Ball=B006 X=274,9749 Y=66,1823 Vx=-33,2078 Vy=52,9436
[17967,262] Ball=B002 X=26,9891 Y=349,7717 Vx=-51,3417 Vy=1,6462
[17966,624] Ball=B004 X=115,3403 Y=221,7533 Vx=96,7993 Vy=-70,7914
[17961,851] Ball=B007 X=344,0295 Y=184,0851 Vx=132,1713 Vy=11,3261
[17981,504] Ball=B004 X=116,7806 Y=220,6999 Vx=96,7993 Vy=-70,7914
[17981,177] Ball=B006 X=274,4780 Y=66,9744 Vx=-33,2078 Vy=52,9436
[17976,730] Ball=B007 X=345,9961 Y=184,2536 Vx=132,1713 Vy=11,3261
[17981,411] Ball=B005 X=71,0135 Y=118,6025 Vx=108,4084 Vy=-81,4453
[17974,146] Ball=B008 X=67,0749 Y=232,5943 Vx=-61,0452 Vy=-44,0246
[17981,679] Ball=B003 X=5,4660 Y=51,4013 Vx=-292,6199 Vy=5,1394
[17984,788] Ball=B001 X=255,5900 Y=156,0418 Vx=48,1780 Vy=-95,8124
[17982,417] Ball=B002 X=26,2110 Y=349,7966 Vx=-51,3417 Vy=1,6462
[17998,135] Ball=B002 X=25,4041 Y=349,8225 Vx=-51,3417 Vy=1,6462
[18000,738] Ball=B001 X=256,3584 Y=154,5137 Vx=48,1780 Vy=-95,8124
[17997,648] Ball=B003 X=0,7933 Y=51,4833 Vx=-292,6199 Vy=5,1394
[17997,192] Ball=B006 X=273,9462 Y=67,8223 Vx=-33,2078 Vy=52,9436
[17990,133] Ball=B008 X=66,0990 Y=231,8905 Vx=-61,0452 Vy=-44,0246
[17992,829] Ball=B007 X=348,1239 Y=184,4359 Vx=132,1713 Vy=11,3261
[17997,618] Ball=B004 X=118,3404 Y=219,5592 Vx=96,7993 Vy=-70,7914
[17997,519] Ball=B005 X=72,7597 Y=117,2906 Vx=108,4084 Vy=-81,4453
[18006,101] Ball=B008 X=65,1243 Y=231,1875 Vx=-61,0452 Vy=-44,0246
[18008,713] Ball=B007 X=350,2233 Y=184,6158 Vx=132,1713 Vy=11,3261
[18013,386] Ball=B005 X=74,4799 Y=115,9983 Vx=108,4084 Vy=-81,4453
[18013,174] Ball=B006 X=273,4155 Y=68,6685 Vx=-33,2078 Vy=52,9436
[18013,517] Ball=B004 X=119,8795 Y=218,4337 Vx=96,7993 Vy=-70,7914
[18013,672] Ball=B003 X=-3,8958 Y=51,5657 Vx=-292,6199 Vy=5,1394
[18014,178] Ball=B002 X=24,5804 Y=349,8489 Vx=-51,3417 Vy=1,6462
[18016,991] Ball=B001 X=257,1415 Y=152,9563 Vx=48,1780 Vy=-95,8124
[18022,021] Ball=B008 X=64,1524 Y=230,4867 Vx=-61,0452 Vy=-44,0246
[18029,562] Ball=B003 X=4,6495 Y=51,6474 Vx=292,6199 Vy=5,1394
[18030,076] Ball=B002 X=23,7641 Y=349,8751 Vx=-51,3417 Vy=1,6462
[18024,659] Ball=B007 X=352,3309 Y=184,7964 Vx=132,1713 Vy=11,3261
[18032,700] Ball=B001 X=257,8983 Y=151,4512 Vx=48,1780 Vy=-95,8124
[18029,424] Ball=B005 X=76,2185 Y=114,6921 Vx=108,4084 Vy=-81,4453
[18029,209] Ball=B006 X=272,8830 Y=69,5174 Vx=-33,2078 Vy=52,9436
[18029,832] Ball=B004 X=121,4584 Y=217,2789 Vx=96,7993 Vy=-70,7914
[18047,727] Ball=B001 X=258,6222 Y=150,0116 Vx=48,1780 Vy=-95,8124
[18044,502] Ball=B004 X=122,8788 Y=216,2402 Vx=96,7993 Vy=-70,7914
[18039,726] Ball=B007 X=354,3224 Y=184,9671 Vx=132,1713 Vy=11,3261
[18044,258] Ball=B006 X=272,3832 Y=70,3141 Vx=-33,2078 Vy=52,9436
[18044,813] Ball=B003 X=9,1124 Y=51,7257 Vx=292,6199 Vy=5,1394
[18037,284] Ball=B008 X=63,2207 Y=229,8147 Vx=-61,0452 Vy=-44,0246
[18044,565] Ball=B005 X=77,8599 Y=113,4590 Vx=108,4084 Vy=-81,4453
[18045,326] Ball=B002 X=22,9811 Y=349,9002 Vx=-51,3417 Vy=1,6462
[18052,047] Ball=B008 X=62,3195 Y=229,1648 Vx=-61,0452 Vy=-44,0246
[18060,089] Ball=B002 X=22,2232 Y=349,9245 Vx=-51,3417 Vy=1,6462
[18054,900] Ball=B007 X=356,3280 Y=185,1390 Vx=132,1713 Vy=11,3261
[18062,923] Ball=B001 X=259,3544 Y=148,5555 Vx=48,1780 Vy=-95,8124
[18059,368] Ball=B006 X=271,8815 Y=71,1141 Vx=-33,2078 Vy=52,9436
[18059,711] Ball=B004 X=124,3510 Y=215,1635 Vx=96,7993 Vy=-70,7914
[18059,854] Ball=B003 X=13,5136 Y=51,8030 Vx=292,6199 Vy=5,1394
[18059,805] Ball=B005 X=79,5120 Y=112,2177 Vx=108,4084 Vy=-81,4453
[18070,718] Ball=B007 X=358,4185 Y=185,3181 Vx=132,1713 Vy=11,3261
[18075,515] Ball=B004 X=125,8808 Y=214,0448 Vx=96,7993 Vy=-70,7914
[18075,189] Ball=B006 X=271,3561 Y=71,9518 Vx=-33,2078 Vy=52,9436
[18075,415] Ball=B005 X=81,2043 Y=110,9463 Vx=108,4084 Vy=-81,4453
[18075,760] Ball=B003 X=18,1680 Y=51,8848 Vx=292,6199 Vy=5,1394
[18078,865] Ball=B001 X=260,1225 Y=147,0280 Vx=48,1780 Vy=-95,8124
[18076,271] Ball=B002 X=21,3924 Y=349,9511 Vx=-51,3417 Vy=1,6462
[18068,238] Ball=B008 X=61,3311 Y=228,4520 Vx=-61,0452 Vy=-44,0246
[18086,697] Ball=B007 X=360,5305 Y=185,4991 Vx=132,1713 Vy=11,3261
[18091,372] Ball=B005 X=82,9342 Y=109,6467 Vx=108,4084 Vy=-81,4453
[18091,638] Ball=B003 X=22,8143 Y=51,9664 Vx=292,6199 Vy=5,1394
[18094,746] Ball=B001 X=260,8875 Y=145,5065 Vx=48,1780 Vy=-95,8124
[18092,160] Ball=B002 X=20,5766 Y=349,9773 Vx=-51,3417 Vy=1,6462
[18091,598] Ball=B004 X=127,4377 Y=212,9062 Vx=96,7993 Vy=-70,7914
[18091,269] Ball=B006 X=270,8221 Y=72,8031 Vx=-33,2078 Vy=52,9436
[18084,353] Ball=B008 X=60,3474 Y=227,7425 Vx=-61,0452 Vy=-44,0246
[18107,149] Ball=B006 X=270,2948 Y=73,6438 Vx=-33,2078 Vy=52,9436
[18100,097] Ball=B008 X=59,3862 Y=227,0494 Vx=-61,0452 Vy=-44,0246
[18107,496] Ball=B004 X=128,9766 Y=211,7807 Vx=96,7993 Vy=-70,7914
[18102,727] Ball=B007 X=362,6493 Y=185,6807 Vx=132,1713 Vy=11,3261
[18110,830] Ball=B001 X=261,6625 Y=143,9654 Vx=48,1780 Vy=-95,8124
[18108,240] Ball=B002 X=19,7510 Y=350,0038 Vx=-51,3417 Vy=1,6462
[18107,736] Ball=B003 X=27,5249 Y=52,0491 Vx=292,6199 Vy=5,1394
[18107,599] Ball=B005 X=84,6934 Y=108,3251 Vx=108,4084 Vy=-81,4453
[18123,629] Ball=B003 X=32,1753 Y=52,1308 Vx=292,6199 Vy=5,1394
[18118,716] Ball=B007 X=364,7626 Y=185,8617 Vx=132,1713 Vy=11,3261
[18126,755] Ball=B001 X=262,4297 Y=142,4396 Vx=48,1780 Vy=-95,8124
[18123,523] Ball=B004 X=130,5280 Y=210,6461 Vx=96,7993 Vy=-70,7914
[18123,413] Ball=B005 X=86,4078 Y=107,0371 Vx=108,4084 Vy=-81,4453
[18116,138] Ball=B008 X=58,4070 Y=226,3432 Vx=-61,0452 Vy=-44,0246
[18123,207] Ball=B006 X=269,7615 Y=74,4940 Vx=-33,2078 Vy=52,9436
[18124,383] Ball=B002 X=18,9222 Y=350,0303 Vx=-51,3417 Vy=1,6462
[18138,250] Ball=B005 X=88,0161 Y=105,8287 Vx=108,4084 Vy=-81,4453
[18141,623] Ball=B001 X=263,1460 Y=141,0151 Vx=48,1780 Vy=-95,8124
[18139,040] Ball=B002 X=18,1697 Y=350,0545 Vx=-51,3417 Vy=1,6462
[18138,071] Ball=B006 X=269,2679 Y=75,2810 Vx=-33,2078 Vy=52,9436
[18131,016] Ball=B008 X=57,4988 Y=225,6882 Vx=-61,0452 Vy=-44,0246
[18138,417] Ball=B004 X=131,9697 Y=209,5918 Vx=96,7993 Vy=-70,7914
[18133,638] Ball=B007 X=366,7349 Y=186,0308 Vx=132,1713 Vy=11,3261
[18138,568] Ball=B003 X=36,5469 Y=52,2076 Vx=292,6199 Vy=5,1394
[18154,497] Ball=B003 X=41,2078 Y=52,2894 Vx=292,6199 Vy=5,1394
[18149,581] Ball=B007 X=368,8421 Y=186,2113 Vx=132,1713 Vy=11,3261
[18154,374] Ball=B004 X=133,5143 Y=208,4622 Vx=96,7993 Vy=-70,7914
[18154,126] Ball=B006 X=268,7348 Y=76,1310 Vx=-33,2078 Vy=52,9436
[18157,745] Ball=B001 X=263,9228 Y=139,4703 Vx=48,1780 Vy=-95,8124
[18147,131] Ball=B008 X=56,5150 Y=224,9787 Vx=-61,0452 Vy=-44,0246
[18154,418] Ball=B005 X=89,7689 Y=104,5119 Vx=108,4084 Vy=-81,4453
[18155,174] Ball=B002 X=17,3414 Y=350,0810 Vx=-51,3417 Vy=1,6462
[18170,304] Ball=B005 X=91,4910 Y=103,2181 Vx=108,4084 Vy=-81,4453
[18171,074] Ball=B002 X=16,5250 Y=350,1072 Vx=-51,3417 Vy=1,6462
[18170,579] Ball=B003 X=45,9139 Y=52,3721 Vx=292,6199 Vy=5,1394
[18163,032] Ball=B008 X=55,5444 Y=224,2787 Vx=-61,0452 Vy=-44,0246
[18170,523] Ball=B004 X=135,0776 Y=207,3190 Vx=96,7993 Vy=-70,7914
[18173,762] Ball=B001 X=264,6944 Y=137,9358 Vx=48,1780 Vy=-95,8124
[18170,248] Ball=B006 X=268,1994 Y=76,9845 Vx=-33,2078 Vy=52,9436
[18165,742] Ball=B007 X=370,9782 Y=186,3944 Vx=132,1713 Vy=11,3261
[18180,714] Ball=B007 X=372,9569 Y=186,5639 Vx=132,1713 Vy=11,3261
[18188,741] Ball=B001 X=265,4160 Y=136,5006 Vx=48,1780 Vy=-95,8124
[18185,648] Ball=B003 X=50,3235 Y=52,4495 Vx=292,6199 Vy=5,1394
[18185,521] Ball=B004 X=136,5294 Y=206,2572 Vx=96,7993 Vy=-70,7914
[18185,200] Ball=B006 X=267,7029 Y=77,7761 Vx=-33,2078 Vy=52,9436
[18178,141] Ball=B008 X=54,6220 Y=223,6135 Vx=-61,0452 Vy=-44,0246
[18186,261] Ball=B002 X=15,7453 Y=350,1322 Vx=-51,3417 Vy=1,6462
[18185,512] Ball=B005 X=93,1398 Y=101,9794 Vx=108,4084 Vy=-81,4453
[18201,152] Ball=B006 X=267,1731 Y=78,6207 Vx=-33,2078 Vy=52,9436
[18194,095] Ball=B008 X=53,6481 Y=222,9112 Vx=-61,0452 Vy=-44,0246
[18202,154] Ball=B002 X=14,9293 Y=350,1584 Vx=-51,3417 Vy=1,6462
[18201,515] Ball=B004 X=138,0775 Y=205,1250 Vx=96,7993 Vy=-70,7914
[18201,656] Ball=B003 X=55,0078 Y=52,5318 Vx=292,6199 Vy=5,1394
[18196,752] Ball=B007 X=375,0768 Y=186,7456 Vx=132,1713 Vy=11,3261
[18204,794] Ball=B001 X=266,1895 Y=134,9625 Vx=48,1780 Vy=-95,8124
[18201,536] Ball=B005 X=94,8768 Y=100,6744 Vx=108,4084 Vy=-81,4453
[18217,291] Ball=B005 X=96,5848 Y=99,3913 Vx=108,4084 Vy=-81,4453
[18220,775] Ball=B001 X=266,9594 Y=133,4314 Vx=48,1780 Vy=-95,8124
[18212,757] Ball=B007 X=377,1921 Y=186,9269 Vx=132,1713 Vy=11,3261
[18217,546] Ball=B004 X=139,6293 Y=203,9902 Vx=96,7993 Vy=-70,7914
[18217,751] Ball=B003 X=59,7174 Y=52,6145 Vx=292,6199 Vy=5,1394
[18217,287] Ball=B006 X=266,6373 Y=79,4750 Vx=-33,2078 Vy=52,9436
[18210,335] Ball=B008 X=52,6568 Y=222,1962 Vx=-61,0452 Vy=-44,0246
[18218,374] Ball=B002 X=14,0965 Y=350,1851 Vx=-51,3417 Vy=1,6462
[18232,498] Ball=B004 X=141,0766 Y=202,9317 Vx=96,7993 Vy=-70,7914
[18225,111] Ball=B008 X=51,7547 Y=221,5457 Vx=-61,0452 Vy=-44,0246
[18235,750] Ball=B001 X=267,6808 Y=131,9965 Vx=48,1780 Vy=-95,8124
[18232,189] Ball=B006 X=266,1425 Y=80,2639 Vx=-33,2078 Vy=52,9436
[18227,832] Ball=B007 X=379,1845 Y=187,0976 Vx=132,1713 Vy=11,3261
[18233,261] Ball=B002 X=13,3322 Y=350,2096 Vx=-51,3417 Vy=1,6462
[18232,507] Ball=B005 X=98,2344 Y=98,1519 Vx=108,4084 Vy=-81,4453
[18232,636] Ball=B003 X=64,0730 Y=52,6910 Vx=292,6199 Vy=5,1394
[18247,492] Ball=B003 X=68,4201 Y=52,7674 Vx=292,6199 Vy=5,1394
[18247,021] Ball=B006 X=265,6499 Y=81,0491 Vx=-33,2078 Vy=52,9436
[18239,976] Ball=B008 X=50,8473 Y=220,8913 Vx=-61,0452 Vy=-44,0246
[18247,377] Ball=B004 X=142,5170 Y=201,8784 Vx=96,7993 Vy=-70,7914
[18250,703] Ball=B001 X=268,4013 Y=130,5638 Vx=48,1780 Vy=-95,8124
[18248,123] Ball=B002 X=12,5692 Y=350,2340 Vx=-51,3417 Vy=1,6462
[18247,364] Ball=B005 X=99,8450 Y=96,9419 Vx=108,4084 Vy=-81,4453
[18242,700] Ball=B007 X=381,1498 Y=187,2660 Vx=132,1713 Vy=11,3261
[18262,291] Ball=B005 X=101,4631 Y=95,7263 Vx=108,4084 Vy=-81,4453
[18262,073] Ball=B006 X=265,1501 Y=81,8460 Vx=-33,2078 Vy=52,9436
[18255,022] Ball=B008 X=49,9288 Y=220,2289 Vx=-61,0452 Vy=-44,0246
[18257,651] Ball=B007 X=378,0239 Y=187,4353 Vx=-132,1713 Vy=11,3261
[18262,460] Ball=B004 X=143,9770 Y=200,8106 Vx=96,7993 Vy=-70,7914
[18263,105] Ball=B002 X=11,8000 Y=350,2587 Vx=-51,3417 Vy=1,6462
[18265,700] Ball=B001 X=269,1238 Y=129,1269 Vx=48,1780 Vy=-95,8124
[18262,606] Ball=B003 X=72,8430 Y=52,8451 Vx=292,6199 Vy=5,1394
[18278,649] Ball=B003 X=77,5370 Y=52,9275 Vx=292,6199 Vy=5,1394
[18279,165] Ball=B002 X=10,9755 Y=350,2851 Vx=-51,3417 Vy=1,6462
[18281,766] Ball=B001 X=269,8978 Y=127,5876 Vx=48,1780 Vy=-95,8124
[18278,535] Ball=B004 X=145,5330 Y=199,6727 Vx=96,7993 Vy=-70,7914
[18273,840] Ball=B007 X=375,8842 Y=187,6187 Vx=-132,1713 Vy=11,3261
[18278,296] Ball=B006 X=264,6113 Y=82,7050 Vx=-33,2078 Vy=52,9436
[18271,246] Ball=B008 X=48,9384 Y=219,5146 Vx=-61,0452 Vy=-44,0246
[18278,588] Ball=B005 X=103,2300 Y=94,3989 Vx=108,4084 Vy=-81,4453
[18289,620] Ball=B007 X=373,7987 Y=187,7974 Vx=-132,1713 Vy=11,3261
[18297,641] Ball=B001 X=270,6626 Y=126,0667 Vx=48,1780 Vy=-95,8124
[18295,067] Ball=B002 X=10,1590 Y=350,3113 Vx=-51,3417 Vy=1,6462
[18294,431] Ball=B004 X=147,0717 Y=198,5474 Vx=96,7993 Vy=-70,7914
[18294,104] Ball=B006 X=264,0864 Y=83,5419 Vx=-33,2078 Vy=52,9436
[18287,044] Ball=B008 X=47,9740 Y=218,8191 Vx=-61,0452 Vy=-44,0246
[18294,325] Ball=B005 X=104,9360 Y=93,1172 Vx=108,4084 Vy=-81,4453
[18294,662] Ball=B003 X=82,2232 Y=53,0098 Vx=292,6199 Vy=5,1394
[18310,510] Ball=B003 X=86,8591 Y=53,0912 Vx=292,6199 Vy=5,1394
[18310,264] Ball=B005 X=106,6639 Y=91,8190 Vx=108,4084 Vy=-81,4453
[18311,030] Ball=B002 X=9,3395 Y=350,3376 Vx=-51,3417 Vy=1,6462
[18310,475] Ball=B004 X=148,6247 Y=197,4116 Vx=96,7993 Vy=-70,7914
[18313,720] Ball=B001 X=271,4373 Y=124,5260 Vx=48,1780 Vy=-95,8124
[18303,144] Ball=B008 X=46,9912 Y=218,1103 Vx=-61,0452 Vy=-44,0246
[18305,708] Ball=B007 X=371,6722 Y=187,9796 Vx=-132,1713 Vy=11,3261
[18310,066] Ball=B006 X=263,5564 Y=84,3870 Vx=-33,2078 Vy=52,9436
[18326,167] Ball=B006 X=263,0217 Y=85,2394 Vx=-33,2078 Vy=52,9436
[18321,715] Ball=B007 X=369,5565 Y=188,1609 Vx=-132,1713 Vy=11,3261
[18326,509] Ball=B004 X=150,1768 Y=196,2766 Vx=96,7993 Vy=-70,7914
[18329,753] Ball=B001 X=272,2097 Y=122,9899 Vx=48,1780 Vy=-95,8124
[18319,128] Ball=B008 X=46,0154 Y=217,4066 Vx=-61,0452 Vy=-44,0246
[18327,191] Ball=B002 X=8,5097 Y=350,3642 Vx=-51,3417 Vy=1,6462
[18326,686] Ball=B003 X=91,5939 Y=53,1744 Vx=292,6199 Vy=5,1394
[18326,433] Ball=B005 X=108,4168 Y=90,5021 Vx=108,4084 Vy=-81,4453
[18342,539] Ball=B003 X=96,2328 Y=53,2559 Vx=292,6199 Vy=5,1394
[18342,081] Ball=B006 X=262,4932 Y=86,0820 Vx=-33,2078 Vy=52,9436
[18343,063] Ball=B002 X=7,6948 Y=350,3903 Vx=-51,3417 Vy=1,6462
[18345,744] Ball=B001 X=272,9802 Y=121,4577 Vx=48,1780 Vy=-95,8124
[18342,505] Ball=B004 X=151,7253 Y=195,1441 Vx=96,7993 Vy=-70,7914
[18335,196] Ball=B008 X=45,0346 Y=216,6992 Vx=-61,0452 Vy=-44,0246
[18337,811] Ball=B007 X=367,4291 Y=188,3432 Vx=-132,1713 Vy=11,3261
[18342,293] Ball=B005 X=110,1361 Y=89,2104 Vx=108,4084 Vy=-81,4453
[18357,505] Ball=B003 X=100,6119 Y=53,3328 Vx=292,6199 Vy=5,1394
[18357,256] Ball=B005 X=111,7582 Y=87,9918 Vx=108,4084 Vy=-81,4453
[18352,595] Ball=B007 X=365,4751 Y=188,5107 Vx=-132,1713 Vy=11,3261
[18357,388] Ball=B004 X=153,1660 Y=194,0905 Vx=96,7993 Vy=-70,7914
[18350,014] Ball=B008 X=44,1300 Y=216,0469 Vx=-61,0452 Vy=-44,0246
[18357,087] Ball=B006 X=261,4569 Y=85,0616 Vx=-68,0869 Vy=-64,7147
[18358,161] Ball=B002 X=6,9197 Y=350,4152 Vx=-51,3417 Vy=1,6462
[18360,738] Ball=B001 X=274,2125 Y=121,7416 Vx=81,2214 Vy=15,6533
[18372,617] Ball=B005 X=113,4234 Y=86,7407 Vx=108,4084 Vy=-81,4453
[18372,399] Ball=B006 X=260,4144 Y=84,0708 Vx=-68,0869 Vy=-64,7147
[18372,740] Ball=B004 X=154,6520 Y=193,0037 Vx=96,7993 Vy=-70,7914
[18367,965] Ball=B007 X=363,4436 Y=188,6848 Vx=-132,1713 Vy=11,3261
[18376,003] Ball=B001 X=275,4524 Y=121,9805 Vx=81,2214 Vy=15,6533
[18373,413] Ball=B002 X=6,1367 Y=350,4403 Vx=-51,3417 Vy=1,6462
[18372,911] Ball=B003 X=105,1204 Y=53,4120 Vx=292,6199 Vy=5,1394
[18365,378] Ball=B008 X=43,1921 Y=215,3705 Vx=-61,0452 Vy=-44,0246
[18388,006] Ball=B003 X=109,5371 Y=53,4895 Vx=292,6199 Vy=5,1394
[18387,873] Ball=B004 X=156,1169 Y=191,9325 Vx=96,7993 Vy=-70,7914
[18387,550] Ball=B006 X=259,3828 Y=83,0903 Vx=-68,0869 Vy=-64,7147
[18380,495] Ball=B008 X=42,2693 Y=214,7050 Vx=-61,0452 Vy=-44,0246
[18388,624] Ball=B002 X=5,3557 Y=350,4653 Vx=-51,3417 Vy=1,6462
[18391,220] Ball=B001 X=276,6883 Y=122,2187 Vx=81,2214 Vy=15,6533
[18383,354] Ball=B007 X=361,4097 Y=188,8591 Vx=-132,1713 Vy=11,3261
[18388,132] Ball=B005 X=115,1055 Y=85,4770 Vx=108,4084 Vy=-81,4453
[18399,945] Ball=B007 X=359,2170 Y=189,0470 Vx=-132,1713 Vy=11,3261
[18404,402] Ball=B006 X=258,2354 Y=81,9998 Vx=-68,0869 Vy=-64,7147
[18405,388] Ball=B002 X=4,4949 Y=350,4929 Vx=-51,3417 Vy=1,6462
[18404,754] Ball=B004 X=157,7509 Y=190,7375 Vx=96,7993 Vy=-70,7914
[18397,383] Ball=B008 X=41,2384 Y=213,9615 Vx=-61,0452 Vy=-44,0246
[18408,107] Ball=B001 X=278,0600 Y=122,4831 Vx=81,2214 Vy=15,6533
[18404,760] Ball=B005 X=116,9081 Y=84,1227 Vx=108,4084 Vy=-81,4453
[18405,025] Ball=B003 X=114,5174 Y=53,5770 Vx=292,6199 Vy=5,1394
[18420,980] Ball=B002 X=3,6945 Y=350,5186 Vx=-51,3417 Vy=1,6462
[18420,474] Ball=B003 X=119,0378 Y=53,6564 Vx=292,6199 Vy=5,1394
[18423,582] Ball=B001 X=279,3168 Y=122,7253 Vx=81,2214 Vy=15,6533
[18420,030] Ball=B006 X=257,1713 Y=80,9883 Vx=-68,0869 Vy=-64,7147
[18415,592] Ball=B007 X=357,1487 Y=189,2242 Vx=-132,1713 Vy=11,3261
[18420,466] Ball=B004 X=159,2719 Y=189,6251 Vx=96,7993 Vy=-70,7914
[18420,355] Ball=B005 X=118,5987 Y=82,8526 Vx=108,4084 Vy=-81,4453
[18413,081] Ball=B008 X=40,2801 Y=213,2704 Vx=-61,0452 Vy=-44,0246
[18436,249] Ball=B004 X=160,7996 Y=188,5079 Vx=96,7993 Vy=-70,7914
[18436,132] Ball=B005 X=120,3091 Y=81,5677 Vx=108,4084 Vy=-81,4453
[18435,954] Ball=B006 X=256,0871 Y=79,9578 Vx=-68,0869 Vy=-64,7147
[18431,502] Ball=B007 X=355,0458 Y=189,4044 Vx=-132,1713 Vy=11,3261
[18436,939] Ball=B002 X=2,8750 Y=350,5449 Vx=-51,3417 Vy=1,6462
[18439,537] Ball=B001 X=280,6127 Y=122,9751 Vx=81,2214 Vy=15,6533
[18436,441] Ball=B003 X=123,7107 Y=53,7385 Vx=292,6199 Vy=5,1394
[18428,908] Ball=B008 X=39,3139 Y=212,5736 Vx=-61,0452 Vy=-44,0246
[18443,901] Ball=B008 X=38,3987 Y=211,9136 Vx=-61,0452 Vy=-44,0246
[18451,438] Ball=B003 X=128,0988 Y=53,8156 Vx=292,6199 Vy=5,1394
[18454,579] Ball=B001 X=281,8345 Y=123,2105 Vx=81,2214 Vy=15,6533
[18451,988] Ball=B002 X=2,1024 Y=350,5696 Vx=-51,3417 Vy=1,6462
[18451,358] Ball=B004 X=162,2622 Y=187,4382 Vx=96,7993 Vy=-70,7914
[18446,575] Ball=B007 X=353,0535 Y=189,5751 Vx=-132,1713 Vy=11,3261
[18451,257] Ball=B005 X=121,9487 Y=80,3358 Vx=108,4084 Vy=-81,4453
[18451,078] Ball=B006 X=255,0573 Y=78,9790 Vx=-68,0869 Vy=-64,7147
[18461,646] Ball=B007 X=351,0618 Y=189,7458 Vx=-132,1713 Vy=11,3261
[18466,099] Ball=B006 X=254,0353 Y=78,0076 Vx=-68,0869 Vy=-64,7147
[18469,677] Ball=B001 X=283,0608 Y=123,4469 Vx=81,2214 Vy=15,6533
[18466,325] Ball=B005 X=123,5822 Y=79,1086 Vx=108,4084 Vy=-81,4453
[18459,055] Ball=B008 X=37,4736 Y=211,2464 Vx=-61,0452 Vy=-44,0246
[18467,119] Ball=B002 X=1,3256 Y=350,5945 Vx=-51,3417 Vy=1,6462
[18466,475] Ball=B004 X=163,7255 Y=186,3681 Vx=96,7993 Vy=-70,7914
[18466,701] Ball=B003 X=132,5652 Y=53,8940 Vx=292,6199 Vy=5,1394
[18481,429] Ball=B004 X=165,1730 Y=185,3095 Vx=96,7993 Vy=-70,7914
[18474,050] Ball=B008 X=36,5582 Y=210,5863 Vx=-61,0452 Vy=-44,0246
[18481,589] Ball=B003 X=136,9217 Y=53,9705 Vx=292,6199 Vy=5,1394
[18481,128] Ball=B006 X=253,0113 Y=77,0344 Vx=-68,0869 Vy=-64,7147
[18482,192] Ball=B002 X=0,5517 Y=350,6194 Vx=-51,3417 Vy=1,6462
[18481,353] Ball=B005 X=125,2114 Y=77,8846 Vx=108,4084 Vy=-81,4453
[18476,765] Ball=B007 X=349,0634 Y=189,9170 Vx=-132,1713 Vy=11,3261
[18484,873] Ball=B001 X=284,2950 Y=123,6847 Vx=81,2214 Vy=15,6533
[18497,326] Ball=B005 X=126,9429 Y=76,5838 Vx=108,4084 Vy=-81,4453
[18492,669] Ball=B007 X=346,9614 Y=190,0972 Vx=-132,1713 Vy=11,3261
[18500,704] Ball=B001 X=285,5807 Y=123,9325 Vx=81,2214 Vy=15,6533
[18497,608] Ball=B003 X=141,6091 Y=54,0528 Vx=292,6199 Vy=5,1394
[18497,146] Ball=B006 X=251,9207 Y=75,9978 Vx=-68,0869 Vy=-64,7147
[18498,125] Ball=B002 X=-0,2663 Y=350,6456 Vx=-51,3417 Vy=1,6462
[18490,171] Ball=B008 X=35,5741 Y=209,8765 Vx=-61,0452 Vy=-44,0246
[18497,567] Ball=B004 X=166,7352 Y=184,1670 Vx=96,7993 Vy=-70,7914
[18516,537] Ball=B001 X=286,8667 Y=124,1804 Vx=81,2214 Vy=15,6533
[18513,438] Ball=B003 X=146,2412 Y=54,1342 Vx=292,6199 Vy=5,1394
[18513,336] Ball=B004 X=168,2616 Y=183,0507 Vx=96,7993 Vy=-70,7914
[18513,982] Ball=B002 X=0,8142 Y=350,6717 Vx=51,3417 Vy=1,6462
[18513,242] Ball=B005 X=128,6685 Y=75,2874 Vx=108,4084 Vy=-81,4453
[18505,964] Ball=B008 X=34,6100 Y=209,1813 Vx=-61,0452 Vy=-44,0246
[18513,121] Ball=B006 X=250,8330 Y=74,9639 Vx=-68,0869 Vy=-64,7147
[18508,678] Ball=B007 X=344,8454 Y=190,2785 Vx=-132,1713 Vy=11,3261
[18524,608] Ball=B007 X=342,7401 Y=190,4589 Vx=-132,1713 Vy=11,3261
[18529,063] Ball=B006 X=249,7476 Y=73,9323 Vx=-68,0869 Vy=-64,7147
[18529,294] Ball=B005 X=130,4085 Y=73,9801 Vx=108,4084 Vy=-81,4453
[18522,021] Ball=B008 X=33,6298 Y=208,4744 Vx=-61,0452 Vy=-44,0246
[18530,076] Ball=B002 X=1,6405 Y=350,6982 Vx=51,3417 Vy=1,6462
[18532,677] Ball=B001 X=288,1777 Y=124,4330 Vx=81,2214 Vy=15,6533
[18529,657] Ball=B003 X=150,9872 Y=54,2176 Vx=292,6199 Vy=5,1394
[18529,531] Ball=B004 X=169,8293 Y=181,9043 Vx=96,7993 Vy=-70,7914
[18545,537] Ball=B003 X=155,6337 Y=54,2992 Vx=292,6199 Vy=5,1394
[18546,074] Ball=B002 X=2,4618 Y=350,7245 Vx=51,3417 Vy=1,6462
[18538,050] Ball=B008 X=32,6513 Y=207,7687 Vx=-61,0452 Vy=-44,0246
[18545,347] Ball=B005 X=132,1489 Y=72,6726 Vx=108,4084 Vy=-81,4453
[18545,461] Ball=B004 X=171,3712 Y=180,7766 Vx=96,7993 Vy=-70,7914
[18548,706] Ball=B001 X=289,4796 Y=124,6839 Vx=81,2214 Vy=15,6533
[18545,217] Ball=B006 X=248,6477 Y=72,8869 Vx=-68,0869 Vy=-64,7147
[18540,772] Ball=B007 X=340,6035 Y=190,6420 Vx=-132,1713 Vy=11,3261
[18559,964] Ball=B006 X=247,6437 Y=71,9326 Vx=-68,0869 Vy=-64,7147
[18563,535] Ball=B001 X=290,6840 Y=124,9160 Vx=81,2214 Vy=15,6533
[18560,467] Ball=B004 X=172,8238 Y=179,7143 Vx=96,7993 Vy=-70,7914
[18560,420] Ball=B005 X=133,7829 Y=71,4450 Vx=108,4084 Vy=-81,4453
[18553,150] Ball=B008 X=31,7296 Y=207,1039 Vx=-61,0452 Vy=-44,0246
[18561,200] Ball=B002 X=3,2384 Y=350,7494 Vx=51,3417 Vy=1,6462
[18560,705] Ball=B003 X=160,0725 Y=54,3771 Vx=292,6199 Vy=5,1394
[18555,695] Ball=B007 X=338,6311 Y=190,8110 Vx=-132,1713 Vy=11,3261
[18577,087] Ball=B002 X=4,0541 Y=350,7756 Vx=51,3417 Vy=1,6462
[18571,650] Ball=B007 X=336,5224 Y=190,9917 Vx=-132,1713 Vy=11,3261
[18576,585] Ball=B003 X=164,7192 Y=54,4587 Vx=292,6199 Vy=5,1394
[18579,699] Ball=B001 X=291,9969 Y=125,1691 Vx=81,2214 Vy=15,6533
[18576,150] Ball=B006 X=246,5415 Y=70,8850 Vx=-68,0869 Vy=-64,7147
[18576,371] Ball=B005 X=135,5122 Y=70,1458 Vx=108,4084 Vy=-81,4453
[18569,092] Ball=B008 X=30,7564 Y=206,4021 Vx=-61,0452 Vy=-44,0246
[18576,487] Ball=B004 X=174,3746 Y=178,5802 Vx=96,7993 Vy=-70,7914
[18595,686] Ball=B001 X=293,2953 Y=125,4193 Vx=81,2214 Vy=15,6533
[18585,054] Ball=B008 X=29,7821 Y=205,6994 Vx=-61,0452 Vy=-44,0246
[18587,669] Ball=B007 X=334,4051 Y=191,1732 Vx=-132,1713 Vy=11,3261
[18592,464] Ball=B004 X=175,9211 Y=177,4492 Vx=96,7993 Vy=-70,7914
[18592,369] Ball=B005 X=137,2464 Y=68,8429 Vx=108,4084 Vy=-81,4453
[18592,623] Ball=B003 X=169,4124 Y=54,5412 Vx=292,6199 Vy=5,1394
[18593,131] Ball=B002 X=4,8778 Y=350,8020 Vx=51,3417 Vy=1,6462
[18592,153] Ball=B006 X=245,4519 Y=69,8494 Vx=-68,0869 Vy=-64,7147
[18607,089] Ball=B006 X=244,4350 Y=68,8829 Vx=-68,0869 Vy=-64,7147
[18600,033] Ball=B008 X=28,8676 Y=205,0399 Vx=-61,0452 Vy=-44,0246
[18608,079] Ball=B002 X=5,6452 Y=350,8266 Vx=51,3417 Vy=1,6462
[18602,655] Ball=B007 X=332,4244 Y=191,3429 Vx=-132,1713 Vy=11,3261
[18607,465] Ball=B004 X=177,3733 Y=176,3872 Vx=96,7993 Vy=-70,7914
[18607,617] Ball=B003 X=173,8000 Y=54,6182 Vx=292,6199 Vy=5,1394
[18607,358] Ball=B005 X=138,8715 Y=67,6221 Vx=108,4084 Vy=-81,4453
[18610,844] Ball=B001 X=294,5163 Y=125,6546 Vx=81,2214 Vy=15,6533
[18623,589] Ball=B003 X=178,4734 Y=54,7003 Vx=292,6199 Vy=5,1394
[18624,095] Ball=B002 X=6,4675 Y=350,8530 Vx=51,3417 Vy=1,6462
[18626,698] Ball=B001 X=295,8142 Y=125,9047 Vx=81,2214 Vy=15,6533
[18618,682] Ball=B007 X=330,3061 Y=191,5244 Vx=-132,1713 Vy=11,3261
[18623,243] Ball=B006 X=243,3351 Y=67,8374 Vx=-68,0869 Vy=-64,7147
[18623,464] Ball=B005 X=140,6174 Y=66,3104 Vx=108,4084 Vy=-81,4453
[18616,185] Ball=B008 X=27,8815 Y=204,3288 Vx=-61,0452 Vy=-44,0246
[18623,578] Ball=B004 X=178,9329 Y=175,2466 Vx=96,7993 Vy=-70,7914
[18630,948] Ball=B008 X=26,9803 Y=203,6789 Vx=-61,0452 Vy=-44,0246
[18638,490] Ball=B003 X=182,8339 Y=54,7769 Vx=292,6199 Vy=5,1394
[18638,328] Ball=B005 X=142,2289 Y=65,0997 Vx=108,4084 Vy=-81,4453
[18641,737] Ball=B001 X=297,0357 Y=126,1402 Vx=81,2214 Vy=15,6533
[18633,764] Ball=B007 X=328,3126 Y=191,6952 Vx=-132,1713 Vy=11,3261
[18639,212] Ball=B002 X=7,2437 Y=350,8778 Vx=51,3417 Vy=1,6462
[18638,444] Ball=B006 X=242,3001 Y=66,8537 Vx=-68,0869 Vy=-64,7147
[18638,970] Ball=B004 X=180,4178 Y=174,1607 Vx=96,7993 Vy=-70,7914
[18653,933] Ball=B002 X=7,9994 Y=350,9021 Vx=51,3417 Vy=1,6462
[18645,915] Ball=B008 X=26,0667 Y=203,0199 Vx=-61,0452 Vy=-44,0246
[18653,052] Ball=B006 X=241,3056 Y=65,9084 Vx=-68,0869 Vy=-64,7147
[18653,390] Ball=B004 X=181,8187 Y=173,1362 Vx=96,7993 Vy=-70,7914
[18656,633] Ball=B001 X=298,2456 Y=126,3733 Vx=81,2214 Vy=15,6533
[18648,611] Ball=B007 X=326,3503 Y=191,8634 Vx=-132,1713 Vy=11,3261
[18653,691] Ball=B003 X=187,2821 Y=54,8550 Vx=292,6199 Vy=5,1394
[18653,586] Ball=B005 X=143,8829 Y=63,8571 Vx=108,4084 Vy=-81,4453
[18672,620] Ball=B001 X=299,5440 Y=126,6236 Vx=81,2214 Vy=15,6533
[18669,413] Ball=B004 X=183,3697 Y=172,0019 Vx=96,7993 Vy=-70,7914
[18669,322] Ball=B005 X=145,5889 Y=62,5754 Vx=108,4084 Vy=-81,4453
[18670,281] Ball=B002 X=8,8388 Y=350,9290 Vx=51,3417 Vy=1,6462
[18669,801] Ball=B003 X=191,9963 Y=54,9378 Vx=292,6199 Vy=5,1394
[18669,670] Ball=B006 X=240,1741 Y=64,8330 Vx=-68,0869 Vy=-64,7147
[18665,274] Ball=B007 X=324,1480 Y=192,0521 Vx=-132,1713 Vy=11,3261
[18662,698] Ball=B008 X=25,0422 Y=202,2811 Vx=-61,0452 Vy=-44,0246
[18678,050] Ball=B008 X=24,1051 Y=201,6053 Vx=-61,0452 Vy=-44,0246
[18680,662] Ball=B007 X=322,1140 Y=192,2264 Vx=-132,1713 Vy=11,3261
[18685,130] Ball=B006 X=239,1214 Y=63,8324 Vx=-68,0869 Vy=-64,7147
[18686,123] Ball=B002 X=9,6521 Y=350,9551 Vx=51,3417 Vy=1,6462
[18685,369] Ball=B005 X=147,3285 Y=61,2684 Vx=108,4084 Vy=-81,4453
[18685,627] Ball=B003 X=196,6272 Y=55,0192 Vx=292,6199 Vy=5,1394
[18688,732] Ball=B001 X=300,8527 Y=126,8758 Vx=81,2214 Vy=15,6533
[18685,500] Ball=B004 X=184,9270 Y=170,8630 Vx=96,7993 Vy=-70,7914
[18700,293] Ball=B004 X=186,3588 Y=169,8159 Vx=96,7993 Vy=-70,7914
[18700,436] Ball=B003 X=200,9604 Y=55,0953 Vx=292,6199 Vy=5,1394
[18703,543] Ball=B001 X=302,0557 Y=127,1076 Vx=81,2214 Vy=15,6533
[18700,216] Ball=B005 X=148,9380 Y=60,0592 Vx=108,4084 Vy=-81,4453
[18700,008] Ball=B006 X=238,1084 Y=62,8696 Vx=-68,0869 Vy=-64,7147
[18695,564] Ball=B007 X=320,1445 Y=192,3952 Vx=-132,1713 Vy=11,3261
[18701,074] Ball=B002 X=10,4197 Y=350,9797 Vx=51,3417 Vy=1,6462
[18693,143] Ball=B008 X=23,1836 Y=200,9408 Vx=-61,0452 Vy=-44,0246
[18716,982] Ball=B002 X=11,2364 Y=351,0059 Vx=51,3417 Vy=1,6462
[18716,640] Ball=B003 X=205,7022 Y=55,1785 Vx=292,6199 Vy=5,1394
[18709,112] Ball=B008 X=22,2088 Y=200,2377 Vx=-61,0452 Vy=-44,0246
[18719,823] Ball=B001 X=303,3779 Y=127,3625 Vx=81,2214 Vy=15,6533
[18711,800] Ball=B007 X=317,9985 Y=192,5791 Vx=-132,1713 Vy=11,3261
[18716,258] Ball=B006 X=237,0020 Y=61,8180 Vx=-68,0869 Vy=-64,7147
[18716,601] Ball=B004 X=187,9375 Y=168,6614 Vx=96,7993 Vy=-70,7914
[18716,484] Ball=B005 X=150,7016 Y=58,7343 Vx=108,4084 Vy=-81,4453
[18732,108] Ball=B006 X=235,9229 Y=60,7923 Vx=-68,0869 Vy=-64,7147
[18732,335] Ball=B005 X=152,4200 Y=57,4433 Vx=108,4084 Vy=-81,4453
[18735,710] Ball=B001 X=304,6683 Y=127,6111 Vx=81,2214 Vy=15,6533
[18733,119] Ball=B002 X=12,0650 Y=351,0324 Vx=51,3417 Vy=1,6462
[18727,691] Ball=B007 X=315,8982 Y=192,7591 Vx=-132,1713 Vy=11,3261
[18732,694] Ball=B003 X=210,3999 Y=55,2611 Vx=292,6199 Vy=5,1394
[18725,592] Ball=B008 X=21,2028 Y=199,5122 Vx=-61,0452 Vy=-44,0246
[18732,987] Ball=B004 X=189,5236 Y=167,5014 Vx=96,7993 Vy=-70,7914
[18741,861] Ball=B008 X=20,2097 Y=198,7960 Vx=-61,0452 Vy=-44,0246
[18749,450] Ball=B003 X=206,6483 Y=53,4715 Vx=-168,9325 Vy=-94,8868
[18749,966] Ball=B002 X=12,9300 Y=351,0602 Vx=51,3417 Vy=1,6462
[18752,563] Ball=B001 X=306,0372 Y=127,8750 Vx=81,2214 Vy=15,6533
[18749,455] Ball=B004 X=191,1178 Y=166,3355 Vx=96,7993 Vy=-70,7914
[18749,127] Ball=B006 X=240,0493 Y=60,8362 Vx=188,3311 Vy=-9,1446
[18744,618] Ball=B007 X=313,6609 Y=192,9508 Vx=-132,1713 Vy=11,3261
[18749,189] Ball=B005 X=154,2471 Y=56,0706 Vx=108,4084 Vy=-81,4453
[18764,319] Ball=B005 X=155,8872 Y=54,8384 Vx=108,4084 Vy=-81,4453
[18759,652] Ball=B007 X=311,6739 Y=193,1211 Vx=-132,1713 Vy=11,3261
[18764,443] Ball=B004 X=192,5686 Y=165,2745 Vx=96,7993 Vy=-70,7914
[18757,056] Ball=B008 X=19,2821 Y=198,1270 Vx=-61,0452 Vy=-44,0246
[18767,779] Ball=B001 X=307,2730 Y=128,1131 Vx=81,2214 Vy=15,6533
[18764,208] Ball=B006 X=242,8894 Y=60,6983 Vx=188,3311 Vy=-9,1446
[18765,188] Ball=B002 X=13,7115 Y=351,0852 Vx=51,3417 Vy=1,6462
[18764,684] Ball=B003 X=204,0748 Y=52,0260 Vx=-168,9325 Vy=-94,8868
[18779,446] Ball=B003 X=201,5813 Y=50,6254 Vx=-168,9325 Vy=-94,8868
[18782,547] Ball=B001 X=308,4725 Y=128,3443 Vx=81,2214 Vy=15,6533
[18780,001] Ball=B002 X=14,4720 Y=351,1096 Vx=51,3417 Vy=1,6462
[18774,658] Ball=B007 X=309,6905 Y=193,2910 Vx=-132,1713 Vy=11,3261
[18772,107] Ball=B008 X=18,3633 Y=197,4644 Vx=-61,0452 Vy=-44,0246
[18779,509] Ball=B004 X=194,0270 Y=164,2080 Vx=96,7993 Vy=-70,7914
[18779,447] Ball=B005 X=157,5273 Y=53,6063 Vx=108,4084 Vy=-81,4453
[18779,117] Ball=B006 X=245,6972 Y=60,5620 Vx=188,3311 Vy=-9,1446
[18795,269] Ball=B005 X=159,2425 Y=52,3177 Vx=108,4084 Vy=-81,4453
[18790,623] Ball=B007 X=307,5804 Y=193,4718 Vx=-132,1713 Vy=11,3261
[18795,090] Ball=B006 X=248,7056 Y=60,4159 Vx=188,3311 Vy=-9,1446
[18795,566] Ball=B003 X=198,8578 Y=49,0957 Vx=-168,9325 Vy=-94,8868
[18796,071] Ball=B002 X=15,2970 Y=351,1361 Vx=51,3417 Vy=1,6462
[18788,038] Ball=B008 X=17,3907 Y=196,7630 Vx=-61,0452 Vy=-44,0246
[18795,503] Ball=B004 X=195,5752 Y=163,0757 Vx=96,7993 Vy=-70,7914
[18798,748] Ball=B001 X=309,7884 Y=128,5979 Vx=81,2214 Vy=15,6533
[18813,527] Ball=B001 X=310,9887 Y=128,8292 Vx=81,2214 Vy=15,6533
[18810,947] Ball=B002 X=16,0608 Y=351,1605 Vx=51,3417 Vy=1,6462
[18810,452] Ball=B003 X=196,3432 Y=47,6833 Vx=-168,9325 Vy=-94,8868
[18805,611] Ball=B007 X=305,5994 Y=193,6416 Vx=-132,1713 Vy=11,3261
[18810,289] Ball=B005 X=160,8708 Y=51,0943 Vx=108,4084 Vy=-81,4453
[18810,122] Ball=B006 X=251,5365 Y=60,2785 Vx=188,3311 Vy=-9,1446
[18802,927] Ball=B008 X=16,4819 Y=196,1076 Vx=-61,0452 Vy=-44,0246
[18810,296] Ball=B004 X=197,0070 Y=162,0286 Vx=96,7993 Vy=-70,7914
[18826,320] Ball=B005 X=162,6088 Y=49,7887 Vx=108,4084 Vy=-81,4453
[18826,442] Ball=B004 X=198,5701 Y=160,8855 Vx=96,7993 Vy=-70,7914
[18819,077] Ball=B008 X=15,4960 Y=195,3965 Vx=-61,0452 Vy=-44,0246
[18826,271] Ball=B006 X=254,5777 Y=60,1308 Vx=188,3311 Vy=-9,1446
[18821,894] Ball=B007 X=303,4473 Y=193,8260 Vx=-132,1713 Vy=11,3261
[18829,932] Ball=B001 X=312,3212 Y=129,0860 Vx=81,2214 Vy=15,6533
[18827,115] Ball=B002 X=16,8909 Y=351,1872 Vx=51,3417 Vy=1,6462
[18826,572] Ball=B003 X=193,6202 Y=46,1538 Vx=-168,9325 Vy=-94,8868
[18842,049] Ball=B002 X=17,6576 Y=351,2117 Vx=51,3417 Vy=1,6462
[18844,655] Ball=B001 X=313,5169 Y=129,3165 Vx=81,2214 Vy=15,6533
[18841,422] Ball=B004 X=200,0201 Y=159,8251 Vx=96,7993 Vy=-70,7914
[18834,108] Ball=B008 X=14,5784 Y=194,7348 Vx=-61,0452 Vy=-44,0246
[18836,724] Ball=B007 X=301,4872 Y=193,9940 Vx=-132,1713 Vy=11,3261
[18841,186] Ball=B006 X=257,3867 Y=59,9944 Vx=188,3311 Vy=-9,1446
[18841,781] Ball=B003 X=191,0507 Y=44,7106 Vx=-168,9325 Vy=-94,8868
[18841,540] Ball=B005 X=164,2587 Y=48,5491 Vx=108,4084 Vy=-81,4453
[18857,558] Ball=B003 X=188,3855 Y=43,2136 Vx=-168,9325 Vy=-94,8868
[18850,038] Ball=B008 X=13,6060 Y=194,0335 Vx=-61,0452 Vy=-44,0246
[18852,655] Ball=B007 X=299,3815 Y=194,1744 Vx=-132,1713 Vy=11,3261
[18857,112] Ball=B006 X=260,3861 Y=59,8488 Vx=188,3311 Vy=-9,1446
[18857,338] Ball=B005 X=165,9713 Y=47,2624 Vx=108,4084 Vy=-81,4453
[18860,767] Ball=B001 X=314,8256 Y=129,5687 Vx=81,2214 Vy=15,6533
[18857,679] Ball=B004 X=201,5938 Y=158,6742 Vx=96,7993 Vy=-70,7914
[18858,329] Ball=B002 X=18,4935 Y=351,2385 Vx=51,3417 Vy=1,6462
[18874,065] Ball=B002 X=19,3014 Y=351,2644 Vx=51,3417 Vy=1,6462
[18873,096] Ball=B006 X=263,3963 Y=59,7026 Vx=188,3311 Vy=-9,1446
[18876,673] Ball=B001 X=316,1176 Y=129,8177 Vx=81,2214 Vy=15,6533
[18873,531] Ball=B004 X=203,1282 Y=157,5521 Vx=96,7993 Vy=-70,7914
[18873,423] Ball=B005 X=163,8816 Y=46,6448 Vx=-123,0923 Vy=-39,6273
[18868,758] Ball=B007 X=297,2532 Y=194,3568 Vx=-132,1713 Vy=11,3261
[18873,736] Ball=B003 X=190,6310 Y=40,7792 Vx=132,0184 Vy=-149,2501
[18866,271] Ball=B008 X=12,6150 Y=193,3189 Vx=-61,0452 Vy=-44,0246
[18889,536] Ball=B003 X=192,7169 Y=38,4211 Vx=132,0184 Vy=-149,2501
[18889,297] Ball=B005 X=161,9277 Y=46,0158 Vx=-123,0923 Vy=-39,6273
[18890,063] Ball=B002 X=20,1227 Y=351,2908 Vx=51,3417 Vy=1,6462
[18882,252] Ball=B008 X=11,6395 Y=192,6153 Vx=-61,0452 Vy=-44,0246
[18889,316] Ball=B006 X=266,4511 Y=59,5543 Vx=188,3311 Vy=-9,1446
[18889,664] Ball=B004 X=204,6899 Y=156,4100 Vx=96,7993 Vy=-70,7914
[18884,885] Ball=B007 X=295,1216 Y=194,5395 Vx=-132,1713 Vy=11,3261
[18892,918] Ball=B001 X=317,4370 Y=130,0720 Vx=81,2214 Vy=15,6533
[18900,479] Ball=B007 X=293,0607 Y=194,7161 Vx=-132,1713 Vy=11,3261
[18905,408] Ball=B003 X=194,8123 Y=36,0522 Vx=132,0184 Vy=-149,2501
[18904,941] Ball=B006 X=269,3937 Y=59,4114 Vx=188,3311 Vy=-9,1446
[18905,170] Ball=B005 X=159,9738 Y=45,3868 Vx=-123,0923 Vy=-39,6273
[18908,530] Ball=B001 X=318,7050 Y=130,3164 Vx=81,2214 Vy=15,6533
[18905,300] Ball=B004 X=206,2035 Y=155,3030 Vx=96,7993 Vy=-70,7914
[18897,926] Ball=B008 X=10,6826 Y=191,9253 Vx=-61,0452 Vy=-44,0246
[18905,965] Ball=B002 X=20,9392 Y=351,3170 Vx=51,3417 Vy=1,6462
[18919,968] Ball=B006 X=272,2237 Y=59,2740 Vx=188,3311 Vy=-9,1446
[18920,306] Ball=B004 X=207,6560 Y=154,2408 Vx=96,7993 Vy=-70,7914
[18915,534] Ball=B007 X=291,0707 Y=194,8866 Vx=-132,1713 Vy=11,3261
[18912,932] Ball=B008 X=9,7666 Y=191,2646 Vx=-61,0452 Vy=-44,0246
[18921,007] Ball=B002 X=21,7115 Y=351,3417 Vx=51,3417 Vy=1,6462
[18920,501] Ball=B003 X=196,8049 Y=33,7994 Vx=132,0184 Vy=-149,2501
[18923,619] Ball=B001 X=319,9306 Y=130,5526 Vx=81,2214 Vy=15,6533
[18920,269] Ball=B005 X=158,1152 Y=44,7885 Vx=-123,0923 Vy=-39,6273
[18931,470] Ball=B007 X=288,9646 Y=195,0671 Vx=-132,1713 Vy=11,3261
[18936,148] Ball=B005 X=156,1607 Y=44,1592 Vx=-123,0923 Vy=-39,6273
[18939,507] Ball=B001 X=321,2210 Y=130,8013 Vx=81,2214 Vy=15,6533
[18936,274] Ball=B004 X=209,2017 Y=153,1104 Vx=96,7993 Vy=-70,7914
[18936,923] Ball=B002 X=22,5286 Y=351,3679 Vx=51,3417 Vy=1,6462
[18928,898] Ball=B008 X=8,7919 Y=190,5617 Vx=-61,0452 Vy=-44,0246
[18936,436] Ball=B003 X=198,9087 Y=31,4211 Vx=132,0184 Vy=-149,2501
[18935,977] Ball=B006 X=275,2389 Y=59,1276 Vx=188,3311 Vy=-9,1446
[18951,593] Ball=B003 X=200,9096 Y=29,1590 Vx=132,0184 Vy=-149,2501
[18951,466] Ball=B004 X=210,6722 Y=152,0350 Vx=96,7993 Vy=-70,7914
[18952,117] Ball=B002 X=23,3087 Y=351,3929 Vx=51,3417 Vy=1,6462
[18944,089] Ball=B008 X=7,8646 Y=189,8930 Vx=-61,0452 Vy=-44,0246
[18951,162] Ball=B006 X=278,0987 Y=58,9887 Vx=188,3311 Vy=-9,1446
[18954,736] Ball=B001 X=322,4579 Y=131,0396 Vx=81,2214 Vy=15,6533
[18951,464] Ball=B005 X=154,2754 Y=43,5523 Vx=-123,0923 Vy=-39,6273
[18946,796] Ball=B007 X=286,9387 Y=195,2407 Vx=-132,1713 Vy=11,3261
[18967,318] Ball=B005 X=152,3239 Y=42,9240 Vx=-123,0923 Vy=-39,6273
[18970,674] Ball=B001 X=323,7524 Y=131,2891 Vx=81,2214 Vy=15,6533
[18962,658] Ball=B007 X=284,8423 Y=195,4203 Vx=-132,1713 Vy=11,3261
[18960,057] Ball=B008 X=6,8899 Y=189,1900 Vx=-61,0452 Vy=-44,0246
[18967,519] Ball=B004 X=212,2262 Y=150,8985 Vx=96,7993 Vy=-70,7914
[18967,129] Ball=B006 X=281,1058 Y=58,8427 Vx=188,3311 Vy=-9,1446
[18967,662] Ball=B003 X=203,0311 Y=26,7606 Vx=132,0184 Vy=-149,2501
[18968,236] Ball=B002 X=24,1363 Y=351,4195 Vx=51,3417 Vy=1,6462
[18981,962] Ball=B006 X=283,8991 Y=58,7071 Vx=188,3311 Vy=-9,1446
[18985,543] Ball=B001 X=324,9601 Y=131,5219 Vx=81,2214 Vy=15,6533
[18974,919] Ball=B008 X=5,9826 Y=188,5357 Vx=-61,0452 Vy=-44,0246
[18982,502] Ball=B004 X=213,6766 Y=149,8378 Vx=96,7993 Vy=-70,7914
[18977,723] Ball=B007 X=282,8511 Y=195,5910 Vx=-132,1713 Vy=11,3261
[18982,396] Ball=B005 X=150,4679 Y=42,3265 Vx=-123,0923 Vy=-39,6273
[18982,650] Ball=B003 X=205,0097 Y=24,5237 Vx=132,0184 Vy=-149,2501
[18983,169] Ball=B002 X=24,9030 Y=351,4441 Vx=51,3417 Vy=1,6462
[18992,463] Ball=B007 X=280,9030 Y=195,7579 Vx=-132,1713 Vy=11,3261
[18989,854] Ball=B008 X=5,0709 Y=187,8782 Vx=-61,0452 Vy=-44,0246
[18997,148] Ball=B005 X=148,6521 Y=41,7420 Vx=-123,0923 Vy=-39,6273
[18997,412] Ball=B003 X=206,9586 Y=22,3205 Vx=132,0184 Vy=-149,2501
[18997,407] Ball=B004 X=215,1193 Y=148,7827 Vx=96,7993 Vy=-70,7914
[18998,052] Ball=B002 X=25,6671 Y=351,4685 Vx=51,3417 Vy=1,6462
[19000,646] Ball=B001 X=326,1868 Y=131,7583 Vx=81,2214 Vy=15,6533
[18997,078] Ball=B006 X=286,7460 Y=58,5688 Vx=188,3311 Vy=-9,1446
[19015,684] Ball=B001 X=327,4081 Y=131,9937 Vx=81,2214 Vy=15,6533
[19012,331] Ball=B005 X=146,7833 Y=41,1403 Vx=-123,0923 Vy=-39,6273
[19013,096] Ball=B002 X=26,4395 Y=351,4933 Vx=51,3417 Vy=1,6462
[19012,133] Ball=B006 X=289,5814 Y=58,4312 Vx=188,3311 Vy=-9,1446
[19005,088] Ball=B008 X=4,1409 Y=187,2075 Vx=-61,0452 Vy=-44,0246
[19012,483] Ball=B004 X=216,5787 Y=147,7154 Vx=96,7993 Vy=-70,7914
[19012,623] Ball=B003 X=208,9668 Y=20,0501 Vx=132,0184 Vy=-149,2501
[19007,704] Ball=B007 X=278,8884 Y=195,9305 Vx=-132,1713 Vy=11,3261
[19023,667] Ball=B007 X=276,7787 Y=196,1113 Vx=-132,1713 Vy=11,3261
[19029,098] Ball=B002 X=27,2610 Y=351,5197 Vx=51,3417 Vy=1,6462
[19028,345] Ball=B005 X=144,8120 Y=40,5057 Vx=-123,0923 Vy=-39,6273
[19028,467] Ball=B004 X=218,1259 Y=146,5839 Vx=96,7993 Vy=-70,7914
[19028,636] Ball=B003 X=211,0807 Y=17,6603 Vx=132,0184 Vy=-149,2501
[19028,167] Ball=B006 X=292,6011 Y=58,2845 Vx=188,3311 Vy=-9,1446
[19021,107] Ball=B008 X=3,1630 Y=186,5022 Vx=-61,0452 Vy=-44,0246
[19031,831] Ball=B001 X=328,7197 Y=132,2464 Vx=81,2214 Vy=15,6533
[19043,471] Ball=B003 X=213,0391 Y=15,4463 Vx=132,0184 Vy=-149,2501
[19038,704] Ball=B007 X=274,7912 Y=196,2816 Vx=-132,1713 Vy=11,3261
[19043,159] Ball=B006 X=295,4245 Y=58,1474 Vx=188,3311 Vy=-9,1446
[19036,106] Ball=B008 X=2,2474 Y=185,8419 Vx=-61,0452 Vy=-44,0246
[19043,384] Ball=B005 X=142,9607 Y=39,9097 Vx=-123,0923 Vy=-39,6273
[19043,570] Ball=B004 X=219,5879 Y=145,5147 Vx=96,7993 Vy=-70,7914
[19046,810] Ball=B001 X=329,9363 Y=132,4809 Vx=81,2214 Vy=15,6533
[19044,215] Ball=B002 X=28,0372 Y=351,5445 Vx=51,3417 Vy=1,6462
[19061,627] Ball=B001 X=331,1397 Y=132,7128 Vx=81,2214 Vy=15,6533
[19059,032] Ball=B002 X=28,7979 Y=351,5689 Vx=51,3417 Vy=1,6462
[19058,395] Ball=B004 X=221,0229 Y=144,4653 Vx=96,7993 Vy=-70,7914
[19058,612] Ball=B003 X=215,0381 Y=13,1864 Vx=132,0184 Vy=-149,2501
[19058,148] Ball=B006 X=298,2474 Y=58,0104 Vx=188,3311 Vy=-9,1446
[19058,420] Ball=B005 X=141,1099 Y=39,3139 Vx=-123,0923 Vy=-39,6273
[19051,217] Ball=B008 X=1,3249 Y=185,1767 Vx=-61,0452 Vy=-44,0246
[19053,833] Ball=B007 X=272,7915 Y=196,4530 Vx=-132,1713 Vy=11,3261
[19069,661] Ball=B007 X=270,6996 Y=196,6322 Vx=-132,1713 Vy=11,3261
[19067,052] Ball=B008 X=0,3583 Y=184,4795 Vx=-61,0452 Vy=-44,0246
[19077,699] Ball=B001 X=332,4451 Y=132,9644 Vx=81,2214 Vy=15,6533
[19074,348] Ball=B005 X=139,1493 Y=38,6827 Vx=-123,0923 Vy=-39,6273
[19074,133] Ball=B006 X=301,2578 Y=57,8642 Vx=188,3311 Vy=-9,1446
[19074,543] Ball=B004 X=222,5861 Y=143,3221 Vx=96,7993 Vy=-70,7914
[19074,748] Ball=B003 X=217,1684 Y=10,7780 Vx=132,0184 Vy=-149,2501
[19075,258] Ball=B002 X=29,6310 Y=351,5956 Vx=51,3417 Vy=1,6462
[19089,083] Ball=B006 X=304,0734 Y=57,7275 Vx=188,3311 Vy=-9,1446
[19089,560] Ball=B003 X=219,1238 Y=8,5674 Vx=132,0184 Vy=-149,2501
[19092,686] Ball=B001 X=333,6624 Y=133,1990 Vx=81,2214 Vy=15,6533
[19089,336] Ball=B005 X=137,3044 Y=38,0888 Vx=-123,0923 Vy=-39,6273
[19089,460] Ball=B004 X=224,0301 Y=142,2661 Vx=96,7993 Vy=-70,7914
[19084,742] Ball=B007 X=268,7062 Y=196,8031 Vx=-132,1713 Vy=11,3261
[19082,136] Ball=B008 X=-0,5625 Y=183,8155 Vx=-61,0452 Vy=-44,0246
[19090,476] Ball=B002 X=30,4123 Y=351,6207 Vx=51,3417 Vy=1,6462
[19097,898] Ball=B008 X=0,9621 Y=183,1216 Vx=61,0452 Vy=-44,0246
[19100,513] Ball=B007 X=266,6220 Y=196,9817 Vx=-132,1713 Vy=11,3261
[19106,046] Ball=B002 X=31,2117 Y=351,6463 Vx=51,3417 Vy=1,6462
[19105,471] Ball=B004 X=225,5799 Y=141,1327 Vx=96,7993 Vy=-70,7914
[19108,749] Ball=B001 X=334,9671 Y=133,4505 Vx=81,2214 Vy=15,6533
[19105,660] Ball=B003 X=221,2494 Y=6,1644 Vx=132,0184 Vy=-149,2501
[19105,196] Ball=B006 X=307,1081 Y=57,5801 Vx=188,3311 Vy=-9,1446
[19105,355] Ball=B005 X=135,3325 Y=37,4540 Vx=-123,0923 Vy=-39,6273
[19120,442] Ball=B003 X=223,2007 Y=3,9584 Vx=132,0184 Vy=-149,2501
[19119,974] Ball=B006 X=309,8911 Y=57,4450 Vx=188,3311 Vy=-9,1446
[19115,554] Ball=B007 X=264,6338 Y=197,1520 Vx=-132,1713 Vy=11,3261
[19120,433] Ball=B004 X=227,0281 Y=140,0735 Vx=96,7993 Vy=-70,7914
[19121,169] Ball=B002 X=31,9881 Y=351,6712 Vx=51,3417 Vy=1,6462
[19113,207] Ball=B008 X=1,8967 Y=182,4476 Vx=61,0452 Vy=-44,0246
[19120,498] Ball=B005 X=133,4686 Y=36,8539 Vx=-123,0923 Vy=-39,6273
[19124,048] Ball=B001 X=336,2097 Y=133,6899 Vx=81,2214 Vy=15,6533
[19130,575] Ball=B007 X=262,6486 Y=197,3222 Vx=-132,1713 Vy=11,3261
[19127,963] Ball=B008 X=2,7974 Y=181,7980 Vx=61,0452 Vy=-44,0246
[19138,602] Ball=B001 X=337,3912 Y=133,9176 Vx=81,2214 Vy=15,6533
[19135,069] Ball=B006 X=312,7340 Y=57,3070 Vx=188,3311 Vy=-9,1446
[19136,046] Ball=B002 X=32,7520 Y=351,6957 Vx=51,3417 Vy=1,6462
[19135,401] Ball=B004 X=228,4771 Y=139,0139 Vx=96,7993 Vy=-70,7914
[19135,615] Ball=B003 X=225,2039 Y=1,6937 Vx=132,0184 Vy=-149,2501
[19135,296] Ball=B005 X=131,6470 Y=36,2675 Vx=-123,0923 Vy=-39,6273
[19151,153] Ball=B005 X=129,6953 Y=35,6392 Vx=-123,0923 Vy=-39,6273
[19151,912] Ball=B002 X=33,5665 Y=351,7218 Vx=51,3417 Vy=1,6462
[19150,936] Ball=B006 X=315,7224 Y=57,1619 Vx=188,3311 Vy=-9,1446
[19154,512] Ball=B001 X=338,6840 Y=134,1668 Vx=81,2214 Vy=15,6533
[19151,419] Ball=B003 X=227,2904 Y=-0,6652 Vx=132,0184 Vy=-149,2501
[19143,983] Ball=B008 X=3,7754 Y=181,0927 Vx=61,0452 Vy=-44,0246
[19151,382] Ball=B004 X=230,0240 Y=137,8826 Vx=96,7993 Vy=-70,7914
[19146,609] Ball=B007 X=260,5293 Y=197,5038 Vx=-132,1713 Vy=11,3261
[19166,480] Ball=B003 X=229,2785 Y=2,2476 Vx=132,0184 Vy=149,2501
[19166,342] Ball=B004 X=231,4721 Y=136,8236 Vx=96,7993 Vy=-70,7914
[19166,021] Ball=B006 X=318,5632 Y=57,0239 Vx=188,3311 Vy=-9,1446
[19158,993] Ball=B008 X=4,6917 Y=180,4319 Vx=61,0452 Vy=-44,0246
[19169,625] Ball=B001 X=339,9116 Y=134,4034 Vx=81,2214 Vy=15,6533
[19167,122] Ball=B002 X=34,3474 Y=351,7469 Vx=51,3417 Vy=1,6462
[19161,695] Ball=B007 X=258,5353 Y=197,6746 Vx=-132,1713 Vy=11,3261
[19166,549] Ball=B005 X=127,8219 Y=35,0361 Vx=-123,0923 Vy=-39,6273
[19182,334] Ball=B005 X=125,8571 Y=34,4035 Vx=-123,0923 Vy=-39,6273
[19183,103] Ball=B002 X=35,1679 Y=351,7732 Vx=51,3417 Vy=1,6462
[19175,068] Ball=B008 X=5,6731 Y=179,7242 Vx=61,0452 Vy=-44,0246
[19182,730] Ball=B003 X=231,4240 Y=4,6731 Vx=132,0184 Vy=149,2501
[19177,873] Ball=B007 X=256,3971 Y=197,8579 Vx=-132,1713 Vy=11,3261
[19182,720] Ball=B004 X=233,0575 Y=135,6642 Vx=96,7993 Vy=-70,7914
[19182,405] Ball=B006 X=321,6489 Y=56,8741 Vx=188,3311 Vy=-9,1446
[19186,075] Ball=B001 X=341,2476 Y=134,6609 Vx=81,2214 Vy=15,6533
[19197,127] Ball=B006 X=324,4214 Y=56,7395 Vx=188,3311 Vy=-9,1446
[19197,595] Ball=B003 X=233,3864 Y=6,8917 Vx=132,0184 Vy=149,2501
[19197,456] Ball=B004 X=234,4830 Y=134,6216 Vx=96,7993 Vy=-70,7914
[19200,707] Ball=B001 X=342,4360 Y=134,8899 Vx=81,2214 Vy=15,6533
[19192,712] Ball=B007 X=254,4357 Y=198,0259 Vx=-132,1713 Vy=11,3261
[19197,494] Ball=B005 X=123,9910 Y=33,8028 Vx=-123,0923 Vy=-39,6273
[19190,269] Ball=B008 X=6,5986 Y=179,0567 Vx=61,0452 Vy=-44,0246
[19198,609] Ball=B002 X=35,9641 Y=351,7987 Vx=51,3417 Vy=1,6462
[19213,417] Ball=B004 X=236,0288 Y=133,4911 Vx=96,7993 Vy=-70,7914
[19206,034] Ball=B008 X=7,5633 Y=178,3609 Vx=61,0452 Vy=-44,0246
[19214,078] Ball=B002 X=36,7583 Y=351,8242 Vx=51,3417 Vy=1,6462
[19213,681] Ball=B003 X=235,5101 Y=9,2926 Vx=132,0184 Vy=149,2501
[19213,515] Ball=B005 X=122,0189 Y=33,1679 Vx=-123,0923 Vy=-39,6273
[19213,300] Ball=B006 X=327,4673 Y=56,5916 Vx=188,3311 Vy=-9,1446
[19208,848] Ball=B007 X=252,3031 Y=198,2087 Vx=-132,1713 Vy=11,3261
[19216,872] Ball=B001 X=343,7489 Y=135,1429 Vx=81,2214 Vy=15,6533
[19229,196] Ball=B005 X=120,0887 Y=32,5465 Vx=-123,0923 Vy=-39,6273
[19229,953] Ball=B002 X=37,5733 Y=351,8503 Vx=51,3417 Vy=1,6462
[19228,990] Ball=B006 X=330,4222 Y=56,4481 Vx=188,3311 Vy=-9,1446
[19232,568] Ball=B001 X=345,0238 Y=135,3886 Vx=81,2214 Vy=15,6533
[19224,573] Ball=B007 X=250,2247 Y=198,3868 Vx=-132,1713 Vy=11,3261
[19229,499] Ball=B003 X=237,5983 Y=11,6534 Vx=132,0184 Vy=149,2501
[19221,967] Ball=B008 X=8,5360 Y=177,6594 Vx=61,0452 Vy=-44,0246
[19229,363] Ball=B004 X=237,5726 Y=132,3622 Vx=96,7993 Vy=-70,7914
[19244,587] Ball=B003 X=239,5901 Y=13,9052 Vx=132,0184 Vy=149,2501
[19237,059] Ball=B008 X=9,4573 Y=176,9951 Vx=61,0452 Vy=-44,0246
[19239,664] Ball=B007 X=248,2302 Y=198,5577 Vx=-132,1713 Vy=11,3261
[19244,465] Ball=B004 X=239,0344 Y=131,2931 Vx=96,7993 Vy=-70,7914
[19247,712] Ball=B001 X=346,2538 Y=135,6257 Vx=81,2214 Vy=15,6533
[19244,157] Ball=B006 X=333,2787 Y=56,3094 Vx=188,3311 Vy=-9,1446
[19244,389] Ball=B005 X=118,2186 Y=31,9445 Vx=-123,0923 Vy=-39,6273
[19245,155] Ball=B002 X=38,3538 Y=351,8753 Vx=51,3417 Vy=1,6462
[19254,660] Ball=B007 X=246,2482 Y=198,7276 Vx=-132,1713 Vy=11,3261
[19259,467] Ball=B004 X=240,4866 Y=130,2311 Vx=96,7993 Vy=-70,7914
[19259,357] Ball=B005 X=116,3761 Y=31,3513 Vx=-123,0923 Vy=-39,6273
[19262,724] Ball=B001 X=347,4731 Y=135,8607 Vx=81,2214 Vy=15,6533
[19252,094] Ball=B008 X=10,3751 Y=176,3331 Vx=61,0452 Vy=-44,0246
[19259,634] Ball=B003 X=241,5768 Y=16,1511 Vx=132,0184 Vy=149,2501
[19260,148] Ball=B002 X=39,1236 Y=351,9000 Vx=51,3417 Vy=1,6462
[19259,179] Ball=B006 X=336,1078 Y=56,1720 Vx=188,3311 Vy=-9,1446
[19270,514] Ball=B007 X=244,1526 Y=198,9071 Vx=-132,1713 Vy=11,3261
[19274,971] Ball=B006 X=339,0819 Y=56,0276 Vx=188,3311 Vy=-9,1446
[19275,317] Ball=B004 X=242,0208 Y=129,1091 Vx=96,7993 Vy=-70,7914
[19275,239] Ball=B005 X=114,4211 Y=30,7219 Vx=-123,0923 Vy=-39,6273
[19276,010] Ball=B002 X=39,9379 Y=351,9261 Vx=51,3417 Vy=1,6462
[19275,507] Ball=B003 X=243,6723 Y=18,5202 Vx=132,0184 Vy=149,2501
[19267,979] Ball=B008 X=11,3448 Y=175,6338 Vx=61,0452 Vy=-44,0246
[19278,624] Ball=B001 X=348,7645 Y=136,1096 Vx=81,2214 Vy=15,6533
[19285,584] Ball=B007 X=242,1607 Y=199,0778 Vx=-132,1713 Vy=11,3261
[19282,976] Ball=B008 X=12,2598 Y=174,9739 Vx=61,0452 Vy=-44,0246
[19291,011] Ball=B002 X=40,7080 Y=351,9508 Vx=51,3417 Vy=1,6462
[19290,284] Ball=B005 X=112,5693 Y=30,1258 Vx=-123,0923 Vy=-39,6273
[19293,651] Ball=B001 X=349,9851 Y=136,3448 Vx=81,2214 Vy=15,6533
[19290,551] Ball=B003 X=245,6584 Y=20,7655 Vx=132,0184 Vy=149,2501
[19290,083] Ball=B006 X=341,9280 Y=55,8894 Vx=188,3311 Vy=-9,1446
[19292,284] Ball=B004 X=243,6632 Y=127,9079 Vx=96,7993 Vy=-70,7914
[19309,497] Ball=B001 X=351,2720 Y=136,5928 Vx=81,2214 Vy=15,6533
[19306,410] Ball=B003 X=247,7520 Y=23,1324 Vx=132,0184 Vy=149,2501
[19305,950] Ball=B006 X=344,9161 Y=55,7443 Vx=188,3311 Vy=-9,1446
[19306,176] Ball=B005 X=110,6131 Y=29,4960 Vx=-123,0923 Vy=-39,6273
[19306,985] Ball=B002 X=41,5283 Y=351,9771 Vx=51,3417 Vy=1,6462
[19298,959] Ball=B008 X=13,2359 Y=174,2700 Vx=61,0452 Vy=-44,0246
[19301,506] Ball=B007 X=240,0563 Y=199,2582 Vx=-132,1713 Vy=11,3261
[19307,257] Ball=B004 X=245,1126 Y=126,8480 Vx=96,7993 Vy=-70,7914
[19321,143] Ball=B005 X=108,7708 Y=28,9029 Vx=-123,0923 Vy=-39,6273
[19313,873] Ball=B008 X=14,1464 Y=173,6134 Vx=61,0452 Vy=-44,0246
[19316,484] Ball=B007 X=238,0767 Y=199,4278 Vx=-132,1713 Vy=11,3261
[19321,921] Ball=B002 X=42,2951 Y=352,0017 Vx=51,3417 Vy=1,6462
[19321,440] Ball=B003 X=249,7363 Y=25,3756 Vx=132,0184 Vy=149,2501
[19320,970] Ball=B006 X=347,7450 Y=55,6070 Vx=188,3311 Vy=-9,1446
[19324,543] Ball=B001 X=352,4942 Y=136,8283 Vx=81,2214 Vy=15,6533
[19323,241] Ball=B004 X=246,6599 Y=125,7164 Vx=96,7993 Vy=-70,7914
[19336,925] Ball=B006 X=350,7498 Y=55,4611 Vx=188,3311 Vy=-9,1446
[19340,497] Ball=B001 X=353,7899 Y=137,0781 Vx=81,2214 Vy=15,6533
[19337,906] Ball=B002 X=43,1158 Y=352,0280 Vx=51,3417 Vy=1,6462
[19337,304] Ball=B005 X=106,7815 Y=28,2625 Vx=-123,0923 Vy=-39,6273
[19332,632] Ball=B007 X=235,9424 Y=199,6107 Vx=-132,1713 Vy=11,3261
[19337,556] Ball=B003 X=251,8638 Y=27,7809 Vx=132,0184 Vy=149,2501
[19330,092] Ball=B008 X=15,1365 Y=172,8993 Vx=61,0452 Vy=-44,0246
[19338,261] Ball=B004 X=248,1137 Y=124,6532 Vx=96,7993 Vy=-70,7914
[19348,480] Ball=B007 X=233,8479 Y=199,7902 Vx=-132,1713 Vy=11,3261
[19353,275] Ball=B004 X=249,5670 Y=123,5903 Vx=96,7993 Vy=-70,7914
[19352,958] Ball=B006 X=353,7692 Y=55,3144 Vx=188,3311 Vy=-9,1446
[19356,532] Ball=B001 X=355,0923 Y=137,3291 Vx=81,2214 Vy=15,6533
[19353,413] Ball=B003 X=253,9573 Y=30,1476 Vx=132,0184 Vy=149,2501
[19353,282] Ball=B005 X=104,8146 Y=27,6293 Vx=-123,0923 Vy=-39,6273
[19346,002] Ball=B008 X=16,1077 Y=172,1989 Vx=61,0452 Vy=-44,0246
[19354,100] Ball=B002 X=43,9472 Y=352,0547 Vx=51,3417 Vy=1,6462
[19369,058] Ball=B002 X=44,7151 Y=352,0793 Vx=51,3417 Vy=1,6462
[19368,311] Ball=B005 X=102,9647 Y=27,0337 Vx=-123,0923 Vy=-39,6273
[19368,438] Ball=B004 X=251,0348 Y=122,5169 Vx=96,7993 Vy=-70,7914
[19371,658] Ball=B001 X=356,3209 Y=137,5658 Vx=81,2214 Vy=15,6533
[19361,117] Ball=B008 X=17,0264 Y=171,5364 Vx=61,0452 Vy=-44,0246
[19368,192] Ball=B006 X=356,6383 Y=55,1751 Vx=188,3311 Vy=-9,1446
[19363,799] Ball=B007 X=231,8229 Y=199,9637 Vx=-132,1713 Vy=11,3261
[19368,726] Ball=B003 X=255,9788 Y=32,4330 Vx=132,0184 Vy=149,2501
[19378,815] Ball=B007 X=229,8384 Y=200,1338 Vx=-132,1713 Vy=11,3261
[19383,747] Ball=B003 X=257,9618 Y=34,6748 Vx=132,0184 Vy=149,2501
[19383,501] Ball=B005 X=101,0949 Y=26,4318 Vx=-123,0923 Vy=-39,6273
[19384,264] Ball=B002 X=45,4959 Y=352,1043 Vx=51,3417 Vy=1,6462
[19376,246] Ball=B008 X=17,9540 Y=170,8674 Vx=61,0452 Vy=-44,0246
[19383,713] Ball=B004 X=252,5134 Y=121,4356 Vx=96,7993 Vy=-70,7914
[19383,384] Ball=B006 X=359,4995 Y=55,0362 Vx=188,3311 Vy=-9,1446
[19386,873] Ball=B001 X=357,5567 Y=137,8040 Vx=81,2214 Vy=15,6533
[19399,270] Ball=B006 X=362,4910 Y=54,8909 Vx=188,3311 Vy=-9,1446
[19399,602] Ball=B004 X=254,0515 Y=120,3108 Vx=96,7993 Vy=-70,7914
[19392,216] Ball=B008 X=18,9289 Y=170,1643 Vx=61,0452 Vy=-44,0246
[19399,508] Ball=B005 X=99,1246 Y=25,7975 Vx=-123,0923 Vy=-39,6273
[19394,851] Ball=B007 X=227,7187 Y=200,3154 Vx=-132,1713 Vy=11,3261
[19399,770] Ball=B003 X=260,0772 Y=37,0663 Vx=132,0184 Vy=149,2501
[19402,884] Ball=B001 X=358,8572 Y=138,0547 Vx=81,2214 Vy=15,6533
[19400,291] Ball=B002 X=46,3188 Y=352,1307 Vx=51,3417 Vy=1,6462
[19415,720] Ball=B003 X=262,1829 Y=39,4468 Vx=132,0184 Vy=149,2501
[19415,472] Ball=B005 X=97,1596 Y=25,1649 Vx=-123,0923 Vy=-39,6273
[19416,247] Ball=B002 X=47,1379 Y=352,1570 Vx=51,3417 Vy=1,6462
[19408,212] Ball=B008 X=19,9053 Y=169,4601 Vx=61,0452 Vy=-44,0246
[19415,612] Ball=B004 X=255,6013 Y=119,1774 Vx=96,7993 Vy=-70,7914
[19418,851] Ball=B001 X=360,1539 Y=138,3046 Vx=81,2214 Vy=15,6533
[19410,831] Ball=B007 X=225,6067 Y=200,4964 Vx=-132,1713 Vy=11,3261
[19415,358] Ball=B006 X=365,5212 Y=54,7438 Vx=188,3311 Vy=-9,1446
[19431,909] Ball=B003 X=264,3200 Y=41,8629 Vx=132,0184 Vy=149,2501
[19435,016] Ball=B001 X=361,4669 Y=138,5576 Vx=81,2214 Vy=15,6533
[19426,991] Ball=B007 X=223,4708 Y=200,6794 Vx=-132,1713 Vy=11,3261
[19431,783] Ball=B004 X=257,1666 Y=118,0326 Vx=96,7993 Vy=-70,7914
[19432,437] Ball=B002 X=47,9692 Y=352,1836 Vx=51,3417 Vy=1,6462
[19424,409] Ball=B008 X=20,8941 Y=168,7471 Vx=61,0452 Vy=-44,0246
[19431,691] Ball=B005 X=95,1631 Y=24,5222 Vx=-123,0923 Vy=-39,6273
[19431,552] Ball=B006 X=360,9639 Y=54,5964 Vx=-188,3311 Vy=-9,1446
[19441,976] Ball=B007 X=221,4902 Y=200,8491 Vx=-132,1713 Vy=11,3261
[19446,425] Ball=B006 X=358,1492 Y=54,4597 Vx=-188,3311 Vy=-9,1446
[19439,373] Ball=B008 X=21,8076 Y=168,0883 Vx=61,0452 Vy=-44,0246
[19450,022] Ball=B001 X=362,6858 Y=138,7925 Vx=81,2214 Vy=15,6533
[19446,677] Ball=B005 X=93,3184 Y=23,9283 Vx=-123,0923 Vy=-39,6273
[19446,927] Ball=B003 X=266,3029 Y=44,1046 Vx=132,0184 Vy=149,2501
[19446,793] Ball=B004 X=258,6196 Y=116,9700 Vx=96,7993 Vy=-70,7914
[19447,444] Ball=B002 X=48,7397 Y=352,2083 Vx=51,3417 Vy=1,6462
[19461,903] Ball=B003 X=268,2799 Y=46,3397 Vx=132,0184 Vy=149,2501
[19465,010] Ball=B001 X=360,7827 Y=139,0271 Vx=-81,2214 Vy=15,6533
[19456,990] Ball=B007 X=219,5059 Y=201,0192 Vx=-132,1713 Vy=11,3261
[19461,787] Ball=B004 X=260,0710 Y=115,9086 Vx=96,7993 Vy=-70,7914
[19462,436] Ball=B002 X=49,5094 Y=352,2330 Vx=51,3417 Vy=1,6462
[19461,683] Ball=B005 X=91,4713 Y=23,3337 Vx=-123,0923 Vy=-39,6273
[19454,403] Ball=B008 X=22,7251 Y=167,4266 Vx=61,0452 Vy=-44,0246
[19461,530] Ball=B006 X=355,3044 Y=54,3216 Vx=-188,3311 Vy=-9,1446
[19470,304] Ball=B008 X=23,6957 Y=166,7266 Vx=61,0452 Vy=-44,0246
[19477,723] Ball=B004 X=261,6136 Y=114,7804 Vx=96,7993 Vy=-70,7914
[19477,405] Ball=B006 X=352,3147 Y=54,1764 Vx=-188,3311 Vy=-9,1446
[19477,905] Ball=B003 X=270,3926 Y=48,7281 Vx=132,0184 Vy=149,2501
[19477,660] Ball=B005 X=89,5047 Y=22,7006 Vx=-123,0923 Vy=-39,6273
[19481,016] Ball=B001 X=359,4827 Y=139,2777 Vx=-81,2214 Vy=15,6533
[19478,491] Ball=B002 X=50,3305 Y=352,2593 Vx=51,3417 Vy=1,6462
[19473,072] Ball=B007 X=217,3804 Y=201,2013 Vx=-132,1713 Vy=11,3261
[19496,950] Ball=B001 X=358,1886 Y=139,5271 Vx=-81,2214 Vy=15,6533
[19494,382] Ball=B002 X=51,1495 Y=352,2856 Vx=51,3417 Vy=1,6462
[19488,963] Ball=B007 X=215,2799 Y=201,3813 Vx=-132,1713 Vy=11,3261
[19493,897] Ball=B003 X=272,5038 Y=51,1149 Vx=132,0184 Vy=149,2501
[19493,763] Ball=B005 X=87,5225 Y=22,0624 Vx=-123,0923 Vy=-39,6273
[19493,544] Ball=B006 X=349,2762 Y=54,0289 Vx=-188,3311 Vy=-9,1446
[19493,887] Ball=B004 X=263,1782 Y=113,6362 Vx=96,7993 Vy=-70,7914
[19486,497] Ball=B008 X=24,6843 Y=166,0136 Vx=61,0452 Vy=-44,0246
[19509,774] Ball=B003 X=274,5998 Y=53,4844 Vx=132,0184 Vy=149,2501
[19502,409] Ball=B008 X=25,6556 Y=165,3131 Vx=61,0452 Vy=-44,0246
[19505,077] Ball=B007 X=213,1501 Y=201,5638 Vx=-132,1713 Vy=11,3261
[19509,755] Ball=B005 X=85,5540 Y=21,4287 Vx=-123,0923 Vy=-39,6273
[19509,471] Ball=B006 X=346,2757 Y=53,8832 Vx=-188,3311 Vy=-9,1446
[19509,885] Ball=B004 X=264,7268 Y=112,5037 Vx=96,7993 Vy=-70,7914
[19513,125] Ball=B001 X=356,8747 Y=139,7803 Vx=-81,2214 Vy=15,6533
[19510,597] Ball=B002 X=51,9745 Y=352,3120 Vx=51,3417 Vy=1,6462
[19527,947] Ball=B001 X=355,6709 Y=140,0123 Vx=-81,2214 Vy=15,6533
[19525,352] Ball=B002 X=52,7395 Y=352,3366 Vx=51,3417 Vy=1,6462
[19524,713] Ball=B004 X=266,1622 Y=111,4540 Vx=96,7993 Vy=-70,7914
[19519,975] Ball=B007 X=211,1810 Y=201,7326 Vx=-132,1713 Vy=11,3261
[19524,428] Ball=B006 X=343,4587 Y=53,7464 Vx=-188,3311 Vy=-9,1446
[19524,646] Ball=B005 X=83,7210 Y=20,8386 Vx=-123,0923 Vy=-39,6273
[19517,378] Ball=B008 X=26,5694 Y=164,6541 Vx=61,0452 Vy=-44,0246
[19524,912] Ball=B003 X=276,5983 Y=55,7439 Vx=132,0184 Vy=149,2501
[19539,804] Ball=B003 X=278,5643 Y=57,9664 Vx=132,0184 Vy=149,2501
[19532,275] Ball=B008 X=27,4788 Y=163,9983 Vx=61,0452 Vy=-44,0246
[19539,368] Ball=B006 X=340,6451 Y=53,6098 Vx=-188,3311 Vy=-9,1446
[19539,700] Ball=B004 X=267,6129 Y=110,3930 Vx=96,7993 Vy=-70,7914
[19534,912] Ball=B007 X=209,2068 Y=201,9017 Vx=-132,1713 Vy=11,3261
[19539,589] Ball=B005 X=81,8817 Y=20,2465 Vx=-123,0923 Vy=-39,6273
[19543,014] Ball=B001 X=354,4471 Y=140,2481 Vx=-81,2214 Vy=15,6533
[19540,422] Ball=B002 X=53,5133 Y=352,3614 Vx=51,3417 Vy=1,6462
[19556,361] Ball=B002 X=54,3316 Y=352,3876 Vx=51,3417 Vy=1,6462
[19548,386] Ball=B008 X=28,4623 Y=163,2890 Vx=61,0452 Vy=-44,0246
[19555,666] Ball=B005 X=79,9029 Y=19,6094 Vx=-123,0923 Vy=-39,6273
[19550,997] Ball=B007 X=207,0808 Y=202,0839 Vx=-132,1713 Vy=11,3261
[19555,869] Ball=B004 X=269,1780 Y=109,2484 Vx=96,7993 Vy=-70,7914
[19559,112] Ball=B001 X=353,1396 Y=140,5001 Vx=-81,2214 Vy=15,6533
[19556,015] Ball=B003 X=280,7044 Y=60,3859 Vx=132,0184 Vy=149,2501
[19555,533] Ball=B006 X=337,6008 Y=53,4620 Vx=-188,3311 Vy=-9,1446
[19565,881] Ball=B007 X=205,1136 Y=202,2525 Vx=-132,1713 Vy=11,3261
[19573,920] Ball=B001 X=351,9369 Y=140,7319 Vx=-81,2214 Vy=15,6533
[19570,567] Ball=B005 X=78,0686 Y=19,0189 Vx=-123,0923 Vy=-39,6273
[19571,330] Ball=B002 X=55,1002 Y=352,4123 Vx=51,3417 Vy=1,6462
[19570,927] Ball=B003 X=282,6731 Y=62,6115 Vx=132,0184 Vy=149,2501
[19563,397] Ball=B008 X=29,3787 Y=162,6281 Vx=61,0452 Vy=-44,0246
[19570,793] Ball=B004 X=270,6227 Y=108,1919 Vx=96,7993 Vy=-70,7914
[19570,519] Ball=B006 X=334,7874 Y=53,3254 Vx=-188,3311 Vy=-9,1446
[19586,360] Ball=B006 X=331,7953 Y=53,1801 Vx=-188,3311 Vy=-9,1446
[19579,307] Ball=B008 X=30,3498 Y=161,9277 Vx=61,0452 Vy=-44,0246
[19586,880] Ball=B003 X=284,7792 Y=64,9926 Vx=132,0184 Vy=149,2501
[19587,498] Ball=B002 X=55,9303 Y=352,4389 Vx=51,3417 Vy=1,6462
[19586,858] Ball=B004 X=272,1777 Y=107,0547 Vx=96,7993 Vy=-70,7914
[19582,080] Ball=B007 X=202,9725 Y=202,4360 Vx=-132,1713 Vy=11,3261
[19590,106] Ball=B001 X=350,6222 Y=140,9853 Vx=-81,2214 Vy=15,6533
[19586,844] Ball=B005 X=76,0650 Y=18,3739 Vx=-123,0923 Vy=-39,6273
[19597,000] Ball=B007 X=201,0007 Y=202,6049 Vx=-132,1713 Vy=11,3261
[19605,023] Ball=B001 X=349,4107 Y=141,2188 Vx=-81,2214 Vy=15,6533
[19601,674] Ball=B005 X=74,2395 Y=17,7862 Vx=-123,0923 Vy=-39,6273
[19594,406] Ball=B008 X=31,2716 Y=161,2630 Vx=61,0452 Vy=-44,0246
[19601,811] Ball=B004 X=273,6253 Y=105,9961 Vx=96,7993 Vy=-70,7914
[19602,461] Ball=B002 X=56,6985 Y=352,4635 Vx=51,3417 Vy=1,6462
[19601,967] Ball=B003 X=286,7710 Y=67,2443 Vx=132,0184 Vy=149,2501
[19601,504] Ball=B006 X=328,9430 Y=53,0416 Vx=-188,3311 Vy=-9,1446
[19617,898] Ball=B003 X=288,8740 Y=69,6218 Vx=132,0184 Vy=149,2501
[19610,374] Ball=B008 X=32,2463 Y=160,5600 Vx=61,0452 Vy=-44,0246
[19617,771] Ball=B004 X=275,1702 Y=104,8662 Vx=96,7993 Vy=-70,7914
[19617,446] Ball=B006 X=325,9405 Y=52,8958 Vx=-188,3311 Vy=-9,1446
[19612,994] Ball=B007 X=198,8866 Y=202,7861 Vx=-132,1713 Vy=11,3261
[19617,675] Ball=B005 X=72,2699 Y=17,1521 Vx=-123,0923 Vy=-39,6273
[19618,459] Ball=B002 X=57,5199 Y=352,4898 Vx=51,3417 Vy=1,6462
[19621,126] Ball=B001 X=348,1028 Y=141,4708 Vx=-81,2214 Vy=15,6533
[19633,344] Ball=B002 X=58,2841 Y=352,5143 Vx=51,3417 Vy=1,6462
[19625,314] Ball=B008 X=33,1584 Y=159,9023 Vx=61,0452 Vy=-44,0246
[19632,722] Ball=B005 X=70,4177 Y=16,5559 Vx=-123,0923 Vy=-39,6273
[19628,057] Ball=B007 X=196,8957 Y=202,9567 Vx=-132,1713 Vy=11,3261
[19632,512] Ball=B006 X=323,1033 Y=52,7580 Vx=-188,3311 Vy=-9,1446
[19636,089] Ball=B001 X=346,8874 Y=141,7051 Vx=-81,2214 Vy=15,6533
[19632,856] Ball=B004 X=276,6303 Y=103,7984 Vx=96,7993 Vy=-70,7914
[19633,001] Ball=B003 X=290,8680 Y=71,8761 Vx=132,0184 Vy=149,2501
[19650,906] Ball=B001 X=345,6840 Y=141,9370 Vx=-81,2214 Vy=15,6533
[19647,806] Ball=B003 X=292,8226 Y=74,0858 Vx=132,0184 Vy=149,2501
[19647,689] Ball=B004 X=278,0662 Y=102,7483 Vx=96,7993 Vy=-70,7914
[19647,363] Ball=B006 X=320,3062 Y=52,6222 Vx=-188,3311 Vy=-9,1446
[19647,669] Ball=B005 X=68,5779 Y=15,9636 Vx=-123,0923 Vy=-39,6273
[19642,997] Ball=B007 X=194,9210 Y=203,1259 Vx=-132,1713 Vy=11,3261
[19648,431] Ball=B002 X=59,0587 Y=352,5392 Vx=51,3417 Vy=1,6462
[19640,394] Ball=B008 X=34,0789 Y=159,2384 Vx=61,0452 Vy=-44,0246
[19664,381] Ball=B002 X=59,8776 Y=352,5654 Vx=51,3417 Vy=1,6462
[19658,968] Ball=B007 X=192,8101 Y=203,3068 Vx=-132,1713 Vy=11,3261
[19663,445] Ball=B006 X=317,2774 Y=52,4751 Vx=-188,3311 Vy=-9,1446
[19663,777] Ball=B004 X=279,6235 Y=101,6094 Vx=96,7993 Vy=-70,7914
[19667,023] Ball=B001 X=344,3748 Y=142,1893 Vx=-81,2214 Vy=15,6533
[19663,674] Ball=B005 X=66,6078 Y=15,3293 Vx=-123,0923 Vy=-39,6273
[19656,403] Ball=B008 X=35,0562 Y=158,5336 Vx=61,0452 Vy=-44,0246
[19663,936] Ball=B003 X=294,9520 Y=76,4932 Vx=132,0184 Vy=149,2501
[19672,206] Ball=B008 X=36,0209 Y=157,8379 Vx=61,0452 Vy=-44,0246
[19679,738] Ball=B003 X=297,0381 Y=78,8515 Vx=132,0184 Vy=149,2501
[19682,848] Ball=B001 X=343,0896 Y=142,4370 Vx=-81,2214 Vy=15,6533
[19679,291] Ball=B006 X=314,2932 Y=52,3302 Vx=-188,3311 Vy=-9,1446
[19674,842] Ball=B007 X=190,7121 Y=203,4866 Vx=-132,1713 Vy=11,3261
[19679,520] Ball=B005 X=64,6573 Y=14,7014 Vx=-123,0923 Vy=-39,6273
[19680,384] Ball=B002 X=60,6992 Y=352,5918 Vx=51,3417 Vy=1,6462
[19679,739] Ball=B004 X=281,1686 Y=100,4795 Vx=96,7993 Vy=-70,7914
[19696,240] Ball=B002 X=61,5133 Y=352,6179 Vx=51,3417 Vy=1,6462
[19695,593] Ball=B004 X=281,3069 Y=101,2601 Vx=30,6384 Vy=19,3772
[19695,487] Ball=B005 X=62,6919 Y=14,0687 Vx=-123,0923 Vy=-39,6273
[19695,279] Ball=B006 X=311,2821 Y=52,1840 Vx=-188,3311 Vy=-9,1446
[19690,933] Ball=B007 X=188,5853 Y=203,6688 Vx=-132,1713 Vy=11,3261
[19688,365] Ball=B008 X=37,0073 Y=157,1265 Vx=61,0452 Vy=-44,0246
[19699,050] Ball=B001 X=341,7736 Y=142,6906 Vx=-81,2214 Vy=15,6533
[19695,905] Ball=B003 X=301,4452 Y=78,1670 Vx=251,1081 Vy=-13,0533
[19710,996] Ball=B005 X=60,7829 Y=13,4541 Vx=-123,0923 Vy=-39,6273
[19711,112] Ball=B004 X=281,7824 Y=101,5608 Vx=30,6384 Vy=19,3772
[19710,796] Ball=B006 X=309,0233 Y=50,2900 Vx=-148,0570 Vy=-115,5234
[19706,353] Ball=B007 X=186,5473 Y=203,8435 Vx=-132,1713 Vy=11,3261
[19703,815] Ball=B008 X=37,9505 Y=156,4463 Vx=61,0452 Vy=-44,0246
[19711,786] Ball=B002 X=62,3114 Y=352,6435 Vx=51,3417 Vy=1,6462
[19714,461] Ball=B001 X=340,5219 Y=142,9319 Vx=-81,2214 Vy=15,6533
[19711,465] Ball=B003 X=304,1860 Y=81,0450 Vx=178,6148 Vy=178,4284
[19726,238] Ball=B003 X=306,8247 Y=83,6809 Vx=178,6148 Vy=178,4284
[19726,749] Ball=B002 X=63,0796 Y=352,6681 Vx=51,3417 Vy=1,6462
[19725,785] Ball=B006 X=306,8040 Y=48,5583 Vx=-148,0570 Vy=-115,5234
[19729,367] Ball=B001 X=339,3112 Y=143,1652 Vx=-81,2214 Vy=15,6533
[19721,419] Ball=B007 X=184,5559 Y=204,0141 Vx=-132,1713 Vy=11,3261
[19726,205] Ball=B004 X=282,2448 Y=101,8533 Vx=30,6384 Vy=19,3772
[19718,812] Ball=B008 X=38,8660 Y=155,7861 Vx=61,0452 Vy=-44,0246
[19726,092] Ball=B005 X=58,9246 Y=12,8558 Vx=-123,0923 Vy=-39,6273
[19741,999] Ball=B005 X=56,9667 Y=12,2255 Vx=-123,0923 Vy=-39,6273
[19737,327] Ball=B007 X=182,4535 Y=204,1943 Vx=-132,1713 Vy=11,3261
[19734,728] Ball=B008 X=39,8376 Y=155,0853 Vx=61,0452 Vy=-44,0246
[19742,137] Ball=B004 X=282,7330 Y=102,1620 Vx=30,6384 Vy=19,3772
[19745,380] Ball=B001 X=338,0106 Y=143,4158 Vx=-81,2214 Vy=15,6533
[19741,905] Ball=B006 X=304,4173 Y=46,6961 Vx=-148,0570 Vy=-115,5234
[19742,885] Ball=B002 X=63,9081 Y=352,6947 Vx=51,3417 Vy=1,6462
[19742,396] Ball=B003 X=309,7108 Y=86,5640 Vx=178,6148 Vy=178,4284
[19757,281] Ball=B003 X=312,3693 Y=89,2197 Vx=178,6148 Vy=178,4284
[19757,142] Ball=B004 X=283,1927 Y=102,4528 Vx=30,6384 Vy=19,3772
[19752,363] Ball=B007 X=180,4660 Y=204,3646 Vx=-132,1713 Vy=11,3261
[19749,764] Ball=B008 X=40,7554 Y=154,4234 Vx=61,0452 Vy=-44,0246
[19757,052] Ball=B005 X=55,1137 Y=11,6290 Vx=-123,0923 Vy=-39,6273
[19757,816] Ball=B002 X=64,6747 Y=352,7192 Vx=51,3417 Vy=1,6462
[19756,919] Ball=B006 X=302,2041 Y=44,9691 Vx=-148,0570 Vy=-115,5234
[19760,508] Ball=B001 X=336,7819 Y=143,6526 Vx=-81,2214 Vy=15,6533
[19773,518] Ball=B006 X=299,7367 Y=43,0440 Vx=-148,0570 Vy=-115,5234
[19773,986] Ball=B003 X=315,3531 Y=92,2004 Vx=178,6148 Vy=178,4284
[19777,087] Ball=B001 X=335,4355 Y=143,9121 Vx=-81,2214 Vy=15,6533
[19766,462] Ball=B008 X=41,7748 Y=153,6883 Vx=61,0452 Vy=-44,0246
[19769,084] Ball=B007 X=178,2560 Y=204,5540 Vx=-132,1713 Vy=11,3261
[19774,521] Ball=B002 X=65,5324 Y=352,7467 Vx=51,3417 Vy=1,6462
[19773,951] Ball=B004 X=283,7077 Y=102,7785 Vx=30,6384 Vy=19,3772
[19773,842] Ball=B005 X=53,0469 Y=10,9636 Vx=-123,0923 Vy=-39,6273
[19784,075] Ball=B007 X=176,2746 Y=204,7238 Vx=-132,1713 Vy=11,3261
[19789,504] Ball=B002 X=66,3016 Y=352,7714 Vx=51,3417 Vy=1,6462
[19788,750] Ball=B005 X=51,2120 Y=10,3729 Vx=-123,0923 Vy=-39,6273
[19789,009] Ball=B003 X=318,0365 Y=94,8810 Vx=178,6148 Vy=178,4284
[19792,123] Ball=B001 X=334,2141 Y=144,1475 Vx=-81,2214 Vy=15,6533
[19788,888] Ball=B004 X=284,1653 Y=103,0679 Vx=30,6384 Vy=19,3772
[19788,627] Ball=B006 X=297,4999 Y=41,2986 Vx=-148,0570 Vy=-115,5234
[19781,626] Ball=B008 X=42,7005 Y=153,0207 Vx=61,0452 Vy=-44,0246
[19805,429] Ball=B002 X=67,1192 Y=352,7976 Vx=51,3417 Vy=1,6462
[19800,000] Ball=B007 X=174,1699 Y=204,9041 Vx=-132,1713 Vy=11,3261
[19804,790] Ball=B004 X=284,6526 Y=103,3760 Vx=30,6384 Vy=19,3772
[19804,560] Ball=B006 X=295,1408 Y=39,4579 Vx=-148,0570 Vy=-115,5234
[19808,145] Ball=B001 X=332,9127 Y=144,3983 Vx=-81,2214 Vy=15,6533
[19797,514] Ball=B008 X=43,6703 Y=152,3212 Vx=61,0452 Vy=-44,0246
[19805,049] Ball=B003 X=320,9016 Y=97,7431 Vx=178,6148 Vy=178,4284
[19804,880] Ball=B005 X=49,2265 Y=9,7337 Vx=-123,0923 Vy=-39,6273
[19819,917] Ball=B003 X=323,5571 Y=100,3959 Vx=178,6148 Vy=178,4284
[19819,666] Ball=B005 X=47,4064 Y=9,1478 Vx=-123,0923 Vy=-39,6273
[19820,439] Ball=B002 X=67,8898 Y=352,8223 Vx=51,3417 Vy=1,6462
[19823,036] Ball=B001 X=331,7033 Y=144,6314 Vx=-81,2214 Vy=15,6533
[19815,039] Ball=B007 X=172,1819 Y=205,0745 Vx=-132,1713 Vy=11,3261
[19819,893] Ball=B004 X=285,1132 Y=103,6674 Vx=30,6384 Vy=19,3772
[19812,427] Ball=B008 X=44,5807 Y=151,6647 Vx=61,0452 Vy=-44,0246
[19819,680] Ball=B006 X=292,9022 Y=37,7112 Vx=-148,0570 Vy=-115,5234
[19830,981] Ball=B007 X=170,0750 Y=205,2550 Vx=-132,1713 Vy=11,3261
[19835,771] Ball=B004 X=285,6017 Y=103,9764 Vx=30,6384 Vy=19,3772
[19835,663] Ball=B005 X=45,4373 Y=8,5139 Vx=-123,0923 Vy=-39,6273
[19835,457] Ball=B006 X=290,5663 Y=35,8886 Vx=-148,0570 Vy=-115,5234
[19828,461] Ball=B008 X=45,5595 Y=150,9588 Vx=61,0452 Vy=-44,0246
[19839,095] Ball=B001 X=330,3989 Y=144,8828 Vx=-81,2214 Vy=15,6533
[19836,502] Ball=B002 X=68,7146 Y=352,8488 Vx=51,3417 Vy=1,6462
[19836,002] Ball=B003 X=326,4302 Y=103,2660 Vx=178,6148 Vy=178,4284
[19850,553] Ball=B006 X=288,3313 Y=34,1447 Vx=-148,0570 Vy=-115,5234
[19843,523] Ball=B008 X=46,4790 Y=150,2957 Vx=61,0452 Vy=-44,0246
[19851,633] Ball=B002 X=69,4914 Y=352,8737 Vx=51,3417 Vy=1,6462
[19846,210] Ball=B007 X=168,0622 Y=205,4275 Vx=-132,1713 Vy=11,3261
[19851,132] Ball=B003 X=329,1327 Y=105,9657 Vx=178,6148 Vy=178,4284
[19854,241] Ball=B001 X=329,1688 Y=145,1199 Vx=-81,2214 Vy=15,6533
[19850,897] Ball=B005 X=43,5620 Y=7,9102 Vx=-123,0923 Vy=-39,6273
[19851,127] Ball=B004 X=286,0685 Y=104,2716 Vx=30,6384 Vy=19,3772
[19870,187] Ball=B001 X=327,8737 Y=145,3695 Vx=-81,2214 Vy=15,6533
[19866,948] Ball=B004 X=286,5570 Y=104,5805 Vx=30,6384 Vy=19,3772
[19867,095] Ball=B003 X=331,9839 Y=108,8138 Vx=178,6148 Vy=178,4284
[19866,847] Ball=B005 X=41,5988 Y=7,2781 Vx=-123,0923 Vy=-39,6273
[19866,638] Ball=B006 X=285,9498 Y=32,2865 Vx=-148,0570 Vy=-115,5234
[19867,620] Ball=B002 X=70,3123 Y=352,9000 Vx=51,3417 Vy=1,6462
[19859,585] Ball=B008 X=47,4595 Y=149,5885 Vx=61,0452 Vy=-44,0246
[19862,194] Ball=B007 X=165,9496 Y=205,6086 Vx=-132,1713 Vy=11,3261
[19882,562] Ball=B006 X=283,5922 Y=30,4470 Vx=-148,0570 Vy=-115,5234
[19878,158] Ball=B007 X=163,8396 Y=205,7894 Vx=-132,1713 Vy=11,3261
[19882,836] Ball=B005 X=39,6307 Y=6,6445 Vx=-123,0923 Vy=-39,6273
[19875,570] Ball=B008 X=48,4353 Y=148,8848 Vx=61,0452 Vy=-44,0246
[19883,197] Ball=B003 X=334,8600 Y=111,6869 Vx=178,6148 Vy=178,4284
[19883,066] Ball=B004 X=287,0508 Y=104,8928 Vx=30,6384 Vy=19,3772
[19883,709] Ball=B002 X=71,1383 Y=352,9265 Vx=51,3417 Vy=1,6462
[19886,307] Ball=B001 X=326,5644 Y=145,6218 Vx=-81,2214 Vy=15,6533
[19899,061] Ball=B002 X=71,9264 Y=352,9518 Vx=51,3417 Vy=1,6462
[19898,559] Ball=B003 X=337,6038 Y=114,4279 Vx=178,6148 Vy=178,4284
[19898,355] Ball=B005 X=37,7203 Y=6,0295 Vx=-123,0923 Vy=-39,6273
[19901,710] Ball=B001 X=325,3133 Y=145,8629 Vx=-81,2214 Vy=15,6533
[19891,092] Ball=B008 X=49,3829 Y=148,2015 Vx=61,0452 Vy=-44,0246
[19898,492] Ball=B004 X=287,5234 Y=105,1917 Vx=30,6384 Vy=19,3772
[19893,714] Ball=B007 X=161,7834 Y=205,9656 Vx=-132,1713 Vy=11,3261
[19898,191] Ball=B006 X=281,2781 Y=28,6414 Vx=-148,0570 Vy=-115,5234
[19914,099] Ball=B006 X=278,9230 Y=26,8038 Vx=-148,0570 Vy=-115,5234
[19909,707] Ball=B007 X=159,6696 Y=206,1467 Vx=-132,1713 Vy=11,3261
[19914,404] Ball=B005 X=35,7448 Y=5,3935 Vx=-123,0923 Vy=-39,6273
[19907,127] Ball=B008 X=50,3617 Y=147,4955 Vx=61,0452 Vy=-44,0246
[19914,520] Ball=B004 X=288,0145 Y=105,5023 Vx=30,6384 Vy=19,3772
[19917,844] Ball=B001 X=324,0029 Y=146,1155 Vx=-81,2214 Vy=15,6533
[19914,749] Ball=B003 X=340,4809 Y=117,3020 Vx=178,6148 Vy=178,4284
[19915,388] Ball=B002 X=72,7647 Y=352,9786 Vx=51,3417 Vy=1,6462
[19923,058] Ball=B008 X=51,3341 Y=146,7942 Vx=61,0452 Vy=-44,0246
[19931,128] Ball=B002 X=73,5728 Y=353,0045 Vx=51,3417 Vy=1,6462
[19933,731] Ball=B001 X=322,7125 Y=146,3642 Vx=-81,2214 Vy=15,6533
[19930,500] Ball=B004 X=288,5041 Y=105,8119 Vx=30,6384 Vy=19,3772
[19930,746] Ball=B003 X=343,3529 Y=120,1710 Vx=178,6148 Vy=178,4284
[19930,501] Ball=B005 X=33,7635 Y=4,7557 Vx=-123,0923 Vy=-39,6273
[19925,833] Ball=B007 X=157,5383 Y=206,3294 Vx=-132,1713 Vy=11,3261
[19930,289] Ball=B006 X=276,5258 Y=24,9333 Vx=-148,0570 Vy=-115,5234
[19945,634] Ball=B003 X=346,0120 Y=122,8273 Vx=178,6148 Vy=178,4284
[19945,177] Ball=B006 X=274,3216 Y=23,2135 Vx=-148,0570 Vy=-115,5234
[19945,401] Ball=B005 X=31,9294 Y=4,1652 Vx=-123,0923 Vy=-39,6273
[19948,763] Ball=B001 X=321,4916 Y=146,5995 Vx=-81,2214 Vy=15,6533
[19945,527] Ball=B004 X=288,9645 Y=106,1031 Vx=30,6384 Vy=19,3772
[19940,827] Ball=B007 X=155,5564 Y=206,4992 Vx=-132,1713 Vy=11,3261
[19946,258] Ball=B002 X=74,3496 Y=353,0295 Vx=51,3417 Vy=1,6462
[19938,276] Ball=B008 X=52,2632 Y=146,1242 Vx=61,0452 Vy=-44,0246
[19961,095] Ball=B002 X=75,1114 Y=353,0539 Vx=51,3417 Vy=1,6462
[19963,695] Ball=B001 X=320,2788 Y=146,8332 Vx=-81,2214 Vy=15,6533
[19955,678] Ball=B007 X=153,5936 Y=206,6674 Vx=-132,1713 Vy=11,3261
[19960,141] Ball=B006 X=272,1060 Y=21,4847 Vx=-148,0570 Vy=-115,5234
[19960,450] Ball=B005 X=30,0770 Y=3,5689 Vx=-123,0923 Vy=-39,6273
[19960,628] Ball=B004 X=289,4272 Y=106,3957 Vx=30,6384 Vy=19,3772
[19960,825] Ball=B003 X=348,7173 Y=125,5298 Vx=178,6148 Vy=178,4284
[19953,296] Ball=B008 X=53,1801 Y=145,4630 Vx=61,0452 Vy=-44,0246
[19976,745] Ball=B003 X=351,5688 Y=128,3784 Vx=178,6148 Vy=178,4284
[19976,621] Ball=B004 X=289,9172 Y=106,7056 Vx=30,6384 Vy=19,3772
[19969,230] Ball=B008 X=54,1528 Y=144,7615 Vx=61,0452 Vy=-44,0246
[19976,592] Ball=B005 X=28,0899 Y=2,9292 Vx=-123,0923 Vy=-39,6273
[19971,929] Ball=B007 X=151,4457 Y=206,8514 Vx=-132,1713 Vy=11,3261
[19976,384] Ball=B006 X=269,7011 Y=19,6083 Vx=-148,0570 Vy=-115,5234
[19979,957] Ball=B001 X=318,9579 Y=147,0878 Vx=-81,2214 Vy=15,6533
[19977,366] Ball=B002 X=75,9468 Y=353,0807 Vx=51,3417 Vy=1,6462
[19987,827] Ball=B007 X=149,3445 Y=207,0315 Vx=-132,1713 Vy=11,3261
[19992,289] Ball=B006 X=267,3462 Y=17,7708 Vx=-148,0570 Vy=-115,5234
[19985,234] Ball=B008 X=55,1298 Y=144,0569 Vx=61,0452 Vy=-44,0246
[19992,645] Ball=B004 X=290,4081 Y=107,0161 Vx=30,6384 Vy=19,3772
[19993,289] Ball=B002 X=76,7643 Y=353,1069 Vx=51,3417 Vy=1,6462
[19992,613] Ball=B005 X=26,1179 Y=2,2943 Vx=-123,0923 Vy=-39,6273
[19992,927] Ball=B003 X=354,4594 Y=131,2660 Vx=178,6148 Vy=178,4284
[19996,019] Ball=B001 X=317,6534 Y=147,3392 Vx=-81,2214 Vy=15,6533
[20007,500] Ball=B005 X=24,2856 Y=1,7045 Vx=-123,0923 Vy=-39,6273
[20007,288] Ball=B006 X=265,1255 Y=16,0381 Vx=-148,0570 Vy=-115,5234
[20007,767] Ball=B003 X=357,1099 Y=133,9137 Vx=178,6148 Vy=178,4284
[20010,877] Ball=B001 X=316,4466 Y=147,5718 Vx=-81,2214 Vy=15,6533
[20008,293] Ball=B002 X=77,5346 Y=353,1316 Vx=51,3417 Vy=1,6462
[20000,264] Ball=B008 X=56,0473 Y=143,3952 Vx=61,0452 Vy=-44,0246
[20002,943] Ball=B007 X=147,3465 Y=207,2027 Vx=-132,1713 Vy=11,3261
[20007,652] Ball=B004 X=290,8679 Y=107,3069 Vx=30,6384 Vy=19,3772
[20026,745] Ball=B001 X=315,1578 Y=147,8201 Vx=-81,2214 Vy=15,6533
[20016,110] Ball=B008 X=57,0146 Y=142,6976 Vx=61,0452 Vy=-44,0246
[20023,653] Ball=B003 X=359,9474 Y=136,7482 Vx=178,6148 Vy=178,4284
[20018,737] Ball=B007 X=145,2591 Y=207,3816 Vx=-132,1713 Vy=11,3261
[20023,205] Ball=B006 X=262,7689 Y=14,1993 Vx=-148,0570 Vy=-115,5234
[20023,539] Ball=B004 X=291,3547 Y=107,6148 Vx=30,6384 Vy=19,3772
[20024,184] Ball=B002 X=78,3505 Y=353,1577 Vx=51,3417 Vy=1,6462
[20023,494] Ball=B005 X=22,3167 Y=1,0706 Vx=-123,0923 Vy=-39,6273
[20039,135] Ball=B002 X=79,1181 Y=353,1823 Vx=51,3417 Vy=1,6462
[20038,510] Ball=B006 X=260,5029 Y=12,4313 Vx=-148,0570 Vy=-115,5234
[20038,866] Ball=B004 X=291,8243 Y=107,9118 Vx=30,6384 Vy=19,3772
[20031,487] Ball=B008 X=57,9533 Y=142,0206 Vx=61,0452 Vy=-44,0246
[20034,206] Ball=B007 X=143,2145 Y=207,5568 Vx=-132,1713 Vy=11,3261
[20038,868] Ball=B005 X=20,4244 Y=0,4614 Vx=-123,0923 Vy=-39,6273
[20042,293] Ball=B001 X=313,8950 Y=148,0635 Vx=-81,2214 Vy=15,6533
[20039,201] Ball=B003 X=362,7247 Y=139,5226 Vx=178,6148 Vy=178,4284
[20046,085] Ball=B008 X=58,8444 Y=141,3780 Vx=61,0452 Vy=-44,0246
[20056,713] Ball=B001 X=312,7238 Y=148,2892 Vx=-81,2214 Vy=15,6533
[20048,703] Ball=B007 X=141,2984 Y=207,7210 Vx=-132,1713 Vy=11,3261
[20053,513] Ball=B004 X=292,2730 Y=108,1956 Vx=30,6384 Vy=19,3772
[20054,228] Ball=B002 X=79,8930 Y=353,2072 Vx=51,3417 Vy=1,6462
[20053,383] Ball=B006 X=258,3009 Y=10,7131 Vx=-148,0570 Vy=-115,5234
[20055,479] Ball=B005 X=18,3804 Y=-0,1966 Vx=-123,0923 Vy=-39,6273
[20055,754] Ball=B003 X=365,6811 Y=142,4759 Vx=178,6148 Vy=178,4284
[20069,329] Ball=B004 X=292,7576 Y=108,5021 Vx=30,6384 Vy=19,3772
[20061,942] Ball=B008 X=59,8124 Y=140,6799 Vx=61,0452 Vy=-44,0246
[20072,588] Ball=B001 X=311,4344 Y=148,5377 Vx=-81,2214 Vy=15,6533
[20064,570] Ball=B007 X=139,2013 Y=207,9007 Vx=-132,1713 Vy=11,3261
[20070,078] Ball=B002 X=80,7068 Y=353,2333 Vx=51,3417 Vy=1,6462
[20069,105] Ball=B006 X=255,9730 Y=8,8967 Vx=-148,0570 Vy=-115,5234
[20070,493] Ball=B003 X=368,3137 Y=145,1058 Vx=178,6148 Vy=178,4284
[20070,387] Ball=B005 X=16,5446 Y=0,5910 Vx=-123,0923 Vy=39,6273
[20088,736] Ball=B001 X=310,1228 Y=148,7905 Vx=-81,2214 Vy=15,6533
[20085,397] Ball=B005 X=14,6976 Y=1,1856 Vx=-123,0923 Vy=39,6273
[20085,657] Ball=B003 X=371,0222 Y=147,8115 Vx=178,6148 Vy=178,4284
[20080,737] Ball=B007 X=137,0644 Y=208,0838 Vx=-132,1713 Vy=11,3261
[20085,603] Ball=B004 X=293,2562 Y=108,8174 Vx=30,6384 Vy=19,3772
[20085,277] Ball=B006 X=253,5787 Y=7,0286 Vx=-148,0570 Vy=-115,5234
[20086,257] Ball=B002 X=81,5374 Y=353,2599 Vx=51,3417 Vy=1,6462
[20078,222] Ball=B008 X=60,8062 Y=139,9632 Vx=61,0452 Vy=-44,0246
[20094,118] Ball=B008 X=61,7765 Y=139,2634 Vx=61,0452 Vy=-44,0246
[20096,733] Ball=B007 X=134,9503 Y=208,2650 Vx=-132,1713 Vy=11,3261
[20101,191] Ball=B006 X=251,2225 Y=5,1901 Vx=-148,0570 Vy=-115,5234
[20102,175] Ball=B002 X=82,3547 Y=353,2861 Vx=51,3417 Vy=1,6462
[20101,687] Ball=B003 X=373,8855 Y=150,6717 Vx=178,6148 Vy=178,4284
[20101,506] Ball=B005 X=12,7141 Y=1,8242 Vx=-123,0923 Vy=39,6273
[20104,872] Ball=B001 X=308,8122 Y=149,0431 Vx=-81,2214 Vy=15,6533
[20101,545] Ball=B004 X=293,7446 Y=109,1263 Vx=30,6384 Vy=19,3772
[20119,730] Ball=B001 X=307,6054 Y=149,2757 Vx=-81,2214 Vy=15,6533
[20116,388] Ball=B005 X=10,8823 Y=2,4139 Vx=-123,0923 Vy=39,6273
[20116,180] Ball=B006 X=249,0033 Y=3,4586 Vx=-148,0570 Vy=-115,5234
[20111,736] Ball=B007 X=132,9672 Y=208,4349 Vx=-132,1713 Vy=11,3261
[20116,604] Ball=B004 X=294,2060 Y=109,4181 Vx=30,6384 Vy=19,3772
[20116,744] Ball=B003 X=376,5750 Y=153,3584 Vx=178,6148 Vy=178,4284
[20117,251] Ball=B002 X=83,1287 Y=353,3109 Vx=51,3417 Vy=1,6462
[20109,214] Ball=B008 X=62,6982 Y=138,5987 Vx=61,0452 Vy=-44,0246
[20131,640] Ball=B003 X=379,2354 Y=156,0161 Vx=178,6148 Vy=178,4284
[20131,171] Ball=B006 X=246,7838 Y=1,7268 Vx=-148,0570 Vy=-115,5234
[20132,162] Ball=B002 X=83,8942 Y=353,3355 Vx=51,3417 Vy=1,6462
[20131,410] Ball=B005 X=9,0331 Y=3,0092 Vx=-123,0923 Vy=39,6273
[20131,509] Ball=B004 X=294,6627 Y=109,7069 Vx=30,6384 Vy=19,3772
[20126,831] Ball=B007 X=130,9721 Y=208,6059 Vx=-132,1713 Vy=11,3261
[20134,857] Ball=B001 X=306,3768 Y=149,5124 Vx=-81,2214 Vy=15,6533
[20124,367] Ball=B008 X=63,6231 Y=137,9317 Vx=61,0452 Vy=-44,0246
[20146,379] Ball=B005 X=7,1907 Y=3,6023 Vx=-123,0923 Vy=39,6273
[20149,732] Ball=B001 X=305,1686 Y=149,7453 Vx=-81,2214 Vy=15,6533
[20141,710] Ball=B007 X=129,0056 Y=208,7744 Vx=-132,1713 Vy=11,3261
[20146,507] Ball=B004 X=295,1222 Y=109,9975 Vx=30,6384 Vy=19,3772
[20139,124] Ball=B008 X=64,5240 Y=137,2819 Vx=61,0452 Vy=-44,0246
[20147,247] Ball=B002 X=84,6688 Y=353,3603 Vx=51,3417 Vy=1,6462
[20146,278] Ball=B006 X=244,5471 Y=-0,0184 Vx=-148,0570 Vy=-115,5234
[20146,843] Ball=B003 X=381,9510 Y=158,7289 Vx=178,6148 Vy=178,4284
[20162,148] Ball=B002 X=85,4338 Y=353,3848 Vx=51,3417 Vy=1,6462
[20164,754] Ball=B001 X=303,9485 Y=149,9804 Vx=-81,2214 Vy=15,6533
[20161,659] Ball=B003 X=377,3536 Y=161,3725 Vx=-178,6148 Vy=178,4284
[20156,836] Ball=B007 X=127,0063 Y=208,9457 Vx=-132,1713 Vy=11,3261
[20161,686] Ball=B004 X=295,5873 Y=110,2917 Vx=30,6384 Vy=19,3772
[20161,577] Ball=B005 X=5,3197 Y=4,2046 Vx=-123,0923 Vy=39,6273
[20154,299] Ball=B008 X=65,4504 Y=136,6139 Vx=61,0452 Vy=-44,0246
[20161,288] Ball=B006 X=242,3248 Y=1,7340 Vx=-148,0570 Vy=115,5234
[20172,734] Ball=B007 X=124,9051 Y=209,1258 Vx=-132,1713 Vy=11,3261
[20170,125] Ball=B008 X=66,4164 Y=135,9172 Vx=61,0452 Vy=-44,0246
[20177,202] Ball=B006 X=239,9685 Y=3,5725 Vx=-148,0570 Vy=115,5234
[20177,677] Ball=B003 X=374,4926 Y=164,2305 Vx=-178,6148 Vy=178,4284
[20178,291] Ball=B002 X=86,2626 Y=353,4114 Vx=51,3417 Vy=1,6462
[20177,531] Ball=B005 X=3,3559 Y=4,8369 Vx=-123,0923 Vy=39,6273
[20177,719] Ball=B004 X=296,0785 Y=110,6023 Vx=30,6384 Vy=19,3772
[20180,959] Ball=B001 X=302,6324 Y=150,2341 Vx=-81,2214 Vy=15,6533
[20185,116] Ball=B008 X=67,3316 Y=135,2572 Vx=61,0452 Vy=-44,0246
[20193,149] Ball=B002 X=87,0254 Y=353,4359 Vx=51,3417 Vy=1,6462
[20192,517] Ball=B004 X=296,5319 Y=110,8891 Vx=30,6384 Vy=19,3772
[20195,765] Ball=B001 X=301,4297 Y=150,4659 Vx=-81,2214 Vy=15,6533
[20187,748] Ball=B007 X=122,9207 Y=209,2958 Vx=-132,1713 Vy=11,3261
[20192,507] Ball=B005 X=1,5125 Y=5,4303 Vx=-123,0923 Vy=39,6273
[20192,763] Ball=B003 X=371,7979 Y=166,9224 Vx=-178,6148 Vy=178,4284
[20192,293] Ball=B006 X=237,7343 Y=5,3158 Vx=-148,0570 Vy=115,5234
[20208,690] Ball=B003 X=368,9534 Y=169,7640 Vx=-178,6148 Vy=178,4284
[20208,601] Ball=B005 X=-0,4685 Y=6,0681 Vx=-123,0923 Vy=39,6273
[20201,433] Ball=B008 X=68,3277 Y=134,5388 Vx=61,0452 Vy=-44,0246
[20204,044] Ball=B007 X=120,7667 Y=209,4804 Vx=-132,1713 Vy=11,3261
[20209,495] Ball=B002 X=87,8647 Y=353,4628 Vx=51,3417 Vy=1,6462
[20212,094] Ball=B001 X=300,1034 Y=150,7215 Vx=-81,2214 Vy=15,6533
[20208,913] Ball=B004 X=297,0342 Y=111,2068 Vx=30,6384 Vy=19,3772
[20208,587] Ball=B006 X=235,3218 Y=7,1982 Vx=-148,0570 Vy=115,5234
[20224,194] Ball=B006 X=233,0111 Y=9,0011 Vx=-148,0570 Vy=115,5234
[20227,768] Ball=B001 X=298,8304 Y=150,9668 Vx=-81,2214 Vy=15,6533
[20224,669] Ball=B003 X=366,0990 Y=172,6153 Vx=-178,6148 Vy=178,4284
[20224,424] Ball=B005 X=1,9476 Y=6,6951 Vx=123,0923 Vy=39,6273
[20224,558] Ball=B004 X=297,5136 Y=111,5100 Vx=30,6384 Vy=19,3772
[20225,272] Ball=B002 X=88,6747 Y=353,4888 Vx=51,3417 Vy=1,6462
[20219,847] Ball=B007 X=118,6781 Y=209,6594 Vx=-132,1713 Vy=11,3261
[20217,243] Ball=B008 X=69,2928 Y=133,8428 Vx=61,0452 Vy=-44,0246
[20234,653] Ball=B007 X=116,7212 Y=209,8271 Vx=-132,1713 Vy=11,3261
[20240,090] Ball=B002 X=89,4355 Y=353,5132 Vx=51,3417 Vy=1,6462
[20239,676] Ball=B003 X=363,4186 Y=175,2929 Vx=-178,6148 Vy=178,4284
[20242,850] Ball=B001 X=297,6054 Y=151,2029 Vx=-81,2214 Vy=15,6533
[20232,281] Ball=B008 X=70,2108 Y=133,1807 Vx=61,0452 Vy=-44,0246
[20239,564] Ball=B005 X=3,8113 Y=7,2951 Vx=123,0923 Vy=39,6273
[20239,680] Ball=B004 X=297,9769 Y=111,8030 Vx=30,6384 Vy=19,3772
[20239,419] Ball=B006 X=230,7569 Y=10,7600 Vx=-148,0570 Vy=115,5234
[20255,295] Ball=B005 X=5,7476 Y=7,9184 Vx=123,0923 Vy=39,6273
[20248,015] Ball=B008 X=71,1712 Y=132,4881 Vx=61,0452 Vy=-44,0246
[20255,185] Ball=B006 X=228,4227 Y=12,5813 Vx=-148,0570 Vy=115,5234
[20250,833] Ball=B007 X=114,5826 Y=210,0103 Vx=-132,1713 Vy=11,3261
[20255,619] Ball=B004 X=298,4652 Y=112,1118 Vx=30,6384 Vy=19,3772
[20258,860] Ball=B001 X=296,3050 Y=151,4535 Vx=-81,2214 Vy=15,6533
[20255,762] Ball=B003 X=360,5455 Y=178,1631 Vx=-178,6148 Vy=178,4284
[20256,282] Ball=B002 X=90,2668 Y=353,5398 Vx=51,3417 Vy=1,6462
[20270,565] Ball=B003 X=357,9015 Y=180,8043 Vx=-178,6148 Vy=178,4284
[20270,435] Ball=B004 X=298,9191 Y=112,3989 Vx=30,6384 Vy=19,3772
[20265,826] Ball=B007 X=112,6009 Y=210,1802 Vx=-132,1713 Vy=11,3261
[20270,674] Ball=B005 X=7,6407 Y=8,5279 Vx=123,0923 Vy=39,6273
[20263,612] Ball=B008 X=72,1234 Y=131,8014 Vx=61,0452 Vy=-44,0246
[20271,785] Ball=B002 X=91,0627 Y=353,5653 Vx=51,3417 Vy=1,6462
[20274,399] Ball=B001 X=295,0430 Y=151,6967 Vx=-81,2214 Vy=15,6533
[20270,846] Ball=B006 X=226,1038 Y=14,3906 Vx=-148,0570 Vy=115,5234
[20287,540] Ball=B003 X=354,8695 Y=183,8331 Vx=-178,6148 Vy=178,4284
[20290,654] Ball=B001 X=293,7228 Y=151,9512 Vx=-81,2214 Vy=15,6533
[20280,168] Ball=B008 X=73,1340 Y=131,0726 Vx=61,0452 Vy=-44,0246
[20288,261] Ball=B002 X=91,9087 Y=353,5924 Vx=51,3417 Vy=1,6462
[20282,843] Ball=B007 X=110,3517 Y=210,3729 Vx=-132,1713 Vy=11,3261
[20287,515] Ball=B005 X=9,7136 Y=9,1952 Vx=123,0923 Vy=39,6273
[20287,635] Ball=B004 X=299,4461 Y=112,7322 Vx=30,6384 Vy=19,3772
[20287,367] Ball=B006 X=223,6580 Y=16,2990 Vx=-148,0570 Vy=115,5234
[20302,284] Ball=B005 X=11,5315 Y=9,7804 Vx=123,0923 Vy=39,6273
[20302,071] Ball=B006 X=221,4809 Y=17,9978 Vx=-148,0570 Vy=115,5234
[20305,648] Ball=B001 X=292,5049 Y=152,1859 Vx=-81,2214 Vy=15,6533
[20302,418] Ball=B004 X=299,8990 Y=113,0187 Vx=30,6384 Vy=19,3772
[20297,657] Ball=B007 X=108,3938 Y=210,5407 Vx=-132,1713 Vy=11,3261
[20303,090] Ball=B002 X=92,6700 Y=353,6169 Vx=51,3417 Vy=1,6462
[20302,667] Ball=B003 X=352,1675 Y=186,5323 Vx=-178,6148 Vy=178,4284
[20295,216] Ball=B008 X=74,0511 Y=130,4112 Vx=61,0452 Vy=-44,0246
[20318,281] Ball=B005 X=13,5006 Y=10,4144 Vx=123,0923 Vy=39,6273
[20311,001] Ball=B008 X=75,0162 Y=129,7152 Vx=61,0452 Vy=-44,0246
[20319,048] Ball=B002 X=93,4893 Y=353,6431 Vx=51,3417 Vy=1,6462
[20318,413] Ball=B004 X=300,3891 Y=113,3286 Vx=30,6384 Vy=19,3772
[20318,559] Ball=B003 X=349,3290 Y=189,3679 Vx=-178,6148 Vy=178,4284
[20321,681] Ball=B001 X=291,2027 Y=152,4369 Vx=-81,2214 Vy=15,6533
[20318,174] Ball=B006 X=219,1061 Y=19,8507 Vx=-148,0570 Vy=115,5234
[20313,659] Ball=B007 X=106,2788 Y=210,7219 Vx=-132,1713 Vy=11,3261
[20337,622] Ball=B001 X=289,9080 Y=152,6864 Vx=-81,2214 Vy=15,6533
[20334,387] Ball=B004 X=300,8785 Y=113,6381 Vx=30,6384 Vy=19,3772
[20334,538] Ball=B003 X=346,4749 Y=192,2189 Vx=-178,6148 Vy=178,4284
[20329,618] Ball=B007 X=104,1695 Y=210,9027 Vx=-132,1713 Vy=11,3261
[20334,304] Ball=B005 X=15,4731 Y=11,0494 Vx=123,0923 Vy=39,6273
[20335,075] Ball=B002 X=94,3122 Y=353,6695 Vx=51,3417 Vy=1,6462
[20334,197] Ball=B006 X=216,7244 Y=21,7091 Vx=-148,0570 Vy=115,5234
[20327,142] Ball=B008 X=76,0016 Y=129,0045 Vx=61,0452 Vy=-44,0246
[20349,060] Ball=B006 X=214,5238 Y=23,4261 Vx=-148,0570 Vy=115,5234
[20352,632] Ball=B001 X=288,6889 Y=152,9213 Vx=-81,2214 Vy=15,6533
[20350,041] Ball=B002 X=95,0806 Y=353,6941 Vx=51,3417 Vy=1,6462
[20349,546] Ball=B003 X=343,7942 Y=194,8969 Vx=-178,6148 Vy=178,4284
[20344,632] Ball=B007 X=102,1851 Y=211,0727 Vx=-132,1713 Vy=11,3261
[20349,315] Ball=B005 X=17,3208 Y=11,6442 Vx=123,0923 Vy=39,6273
[20342,038] Ball=B008 X=76,9109 Y=128,3487 Vx=61,0452 Vy=-44,0246
[20349,437] Ball=B004 X=301,3397 Y=113,9298 Vx=30,6384 Vy=19,3772
[20365,194] Ball=B003 X=340,9994 Y=197,6888 Vx=-178,6148 Vy=178,4284
[20365,056] Ball=B004 X=301,8182 Y=114,2324 Vx=30,6384 Vy=19,3772
[20364,724] Ball=B006 X=212,2047 Y=25,2356 Vx=-148,0570 Vy=115,5234
[20368,305] Ball=B001 X=287,4158 Y=153,1667 Vx=-81,2214 Vy=15,6533
[20364,964] Ball=B005 X=19,2470 Y=12,2643 Vx=123,0923 Vy=39,6273
[20360,307] Ball=B007 X=100,1133 Y=211,2503 Vx=-132,1713 Vy=11,3261
[20357,701] Ball=B008 X=77,8671 Y=127,6592 Vx=61,0452 Vy=-44,0246
[20365,742] Ball=B002 X=95,8866 Y=353,7200 Vx=51,3417 Vy=1,6462
[20380,707] Ball=B002 X=96,6550 Y=353,7446 Vx=51,3417 Vy=1,6462
[20379,953] Ball=B005 X=21,0914 Y=12,8580 Vx=123,0923 Vy=39,6273
[20379,740] Ball=B006 X=209,9813 Y=26,9704 Vx=-148,0570 Vy=115,5234
[20375,291] Ball=B007 X=98,1328 Y=211,4200 Vx=-132,1713 Vy=11,3261
[20372,697] Ball=B008 X=78,7825 Y=126,9990 Vx=61,0452 Vy=-44,0246
[20383,331] Ball=B001 X=286,1954 Y=153,4019 Vx=-81,2214 Vy=15,6533
[20380,104] Ball=B004 X=302,2792 Y=114,5240 Vx=30,6384 Vy=19,3772
[20380,243] Ball=B003 X=338,3113 Y=200,3741 Vx=-178,6148 Vy=178,4284
[20395,745] Ball=B002 X=97,4270 Y=353,7694 Vx=51,3417 Vy=1,6462
[20387,711] Ball=B008 X=79,6990 Y=126,3380 Vx=61,0452 Vy=-44,0246
[20390,325] Ball=B007 X=96,1458 Y=211,5902 Vx=-132,1713 Vy=11,3261
[20395,118] Ball=B004 X=302,7392 Y=114,8149 Vx=30,6384 Vy=19,3772
[20395,270] Ball=B003 X=335,6272 Y=203,0554 Vx=-178,6148 Vy=178,4284
[20398,447] Ball=B001 X=284,9676 Y=153,6385 Vx=-81,2214 Vy=15,6533
[20394,877] Ball=B006 X=207,7402 Y=28,7191 Vx=-148,0570 Vy=115,5234
[20395,139] Ball=B005 X=22,9613 Y=13,4600 Vx=123,0923 Vy=39,6273
[20410,692] Ball=B002 X=98,1944 Y=353,7940 Vx=51,3417 Vy=1,6462
[20413,293] Ball=B001 X=283,7618 Y=153,8709 Vx=-81,2214 Vy=15,6533
[20402,654] Ball=B008 X=80,6112 Y=125,6801 Vx=61,0452 Vy=-44,0246
[20409,736] Ball=B006 X=205,5403 Y=30,4356 Vx=-148,0570 Vy=115,5234
[20410,215] Ball=B003 X=332,9579 Y=205,7219 Vx=-178,6148 Vy=178,4284
[20409,973] Ball=B005 X=24,7874 Y=14,0479 Vx=123,0923 Vy=39,6273
[20405,383] Ball=B007 X=94,1555 Y=211,7608 Vx=-132,1713 Vy=11,3261
[20410,171] Ball=B004 X=303,2004 Y=115,1066 Vx=30,6384 Vy=19,3772
[20425,191] Ball=B004 X=303,6606 Y=115,3976 Vx=30,6384 Vy=19,3772
[20425,358] Ball=B003 X=330,2531 Y=208,4239 Vx=-178,6148 Vy=178,4284
[20420,437] Ball=B007 X=92,1659 Y=211,9313 Vx=-132,1713 Vy=11,3261
[20424,898] Ball=B006 X=203,2955 Y=32,1871 Vx=-148,0570 Vy=115,5234
[20425,194] Ball=B005 X=26,6610 Y=14,6511 Vx=123,0923 Vy=39,6273
[20417,914] Ball=B008 X=81,5428 Y=125,0083 Vx=61,0452 Vy=-44,0246
[20428,547] Ball=B001 X=282,5229 Y=154,1097 Vx=-81,2214 Vy=15,6533
[20425,958] Ball=B002 X=98,9783 Y=353,8191 Vx=51,3417 Vy=1,6462
[20441,218] Ball=B004 X=304,1516 Y=115,7082 Vx=30,6384 Vy=19,3772
[20433,824] Ball=B008 X=82,5140 Y=124,3079 Vx=61,0452 Vy=-44,0246
[20441,868] Ball=B002 X=99,7951 Y=353,8453 Vx=51,3417 Vy=1,6462
[20441,113] Ball=B005 X=28,6205 Y=15,2819 Vx=123,0923 Vy=39,6273
[20444,472] Ball=B001 X=281,2294 Y=154,3590 Vx=-81,2214 Vy=15,6533
[20436,531] Ball=B007 X=90,0386 Y=212,1136 Vx=-132,1713 Vy=11,3261
[20441,455] Ball=B003 X=327,3779 Y=211,2961 Vx=-178,6148 Vy=178,4284
[20440,974] Ball=B006 X=200,9152 Y=34,0443 Vx=-148,0570 Vy=115,5234
[20452,306] Ball=B007 X=87,9538 Y=212,2922 Vx=-132,1713 Vy=11,3261
[20457,126] Ball=B004 X=304,6391 Y=116,0165 Vx=30,6384 Vy=19,3772
[20460,449] Ball=B001 X=279,9317 Y=154,6090 Vx=-81,2214 Vy=15,6533
[20457,148] Ball=B005 X=30,5941 Y=15,9173 Vx=123,0923 Vy=39,6273
[20457,406] Ball=B003 X=324,5288 Y=214,1422 Vx=-178,6148 Vy=178,4284
[20456,992] Ball=B006 X=198,5438 Y=35,8947 Vx=-148,0570 Vy=115,5234
[20457,972] Ball=B002 X=100,6219 Y=353,8718 Vx=51,3417 Vy=1,6462
[20449,872] Ball=B008 X=83,4937 Y=123,6014 Vx=61,0452 Vy=-44,0246
[20472,749] Ball=B002 X=101,3805 Y=353,8961 Vx=51,3417 Vy=1,6462
[20471,777] Ball=B006 X=196,3547 Y=37,6028 Vx=-148,0570 Vy=115,5234
[20472,006] Ball=B005 X=32,4231 Y=16,5061 Vx=123,0923 Vy=39,6273
[20464,730] Ball=B008 X=84,4007 Y=122,9473 Vx=61,0452 Vy=-44,0246
[20472,277] Ball=B003 X=321,8727 Y=216,7956 Vx=-178,6148 Vy=178,4284
[20475,380] Ball=B001 X=278,7190 Y=154,8428 Vx=-81,2214 Vy=15,6533
[20472,145] Ball=B004 X=305,0992 Y=116,3075 Vx=30,6384 Vy=19,3772
[20467,383] Ball=B007 X=85,9609 Y=212,4630 Vx=-132,1713 Vy=11,3261
[20487,766] Ball=B002 X=102,1515 Y=353,9209 Vx=51,3417 Vy=1,6462
[20487,017] Ball=B005 X=34,2707 Y=17,1009 Vx=123,0923 Vy=39,6273
[20486,806] Ball=B006 X=194,1296 Y=39,3390 Vx=-148,0570 Vy=115,5234
[20487,282] Ball=B003 X=319,1926 Y=219,4729 Vx=-178,6148 Vy=178,4284
[20487,394] Ball=B004 X=305,5664 Y=116,6030 Vx=30,6384 Vy=19,3772
[20490,835] Ball=B001 X=277,4638 Y=155,0847 Vx=-81,2214 Vy=15,6533
[20480,205] Ball=B008 X=85,3454 Y=122,2660 Vx=61,0452 Vy=-44,0246
[20483,022] Ball=B007 X=83,8940 Y=212,6401 Vx=-132,1713 Vy=11,3261
[20506,492] Ball=B001 X=276,1921 Y=155,3298 Vx=-81,2214 Vy=15,6533
[20502,942] Ball=B006 X=191,7406 Y=41,2030 Vx=-148,0570 Vy=115,5234
[20498,504] Ball=B007 X=81,8477 Y=212,8155 Vx=-132,1713 Vy=11,3261
[20495,901] Ball=B008 X=86,3035 Y=121,5750 Vx=61,0452 Vy=-44,0246
[20504,010] Ball=B002 X=102,9856 Y=353,9476 Vx=51,3417 Vy=1,6462
[20503,255] Ball=B005 X=36,2696 Y=17,7444 Vx=123,0923 Vy=39,6273
[20503,514] Ball=B003 X=316,2933 Y=222,3691 Vx=-178,6148 Vy=178,4284
[20503,373] Ball=B004 X=306,0560 Y=116,9126 Vx=30,6384 Vy=19,3772
[20511,952] Ball=B008 X=87,2833 Y=120,8684 Vx=61,0452 Vy=-44,0246
[20519,519] Ball=B003 X=313,4347 Y=225,2247 Vx=-178,6148 Vy=178,4284
[20520,115] Ball=B002 X=103,8124 Y=353,9741 Vx=51,3417 Vy=1,6462
[20519,476] Ball=B004 X=306,5493 Y=117,2246 Vx=30,6384 Vy=19,3772
[20522,719] Ball=B001 X=274,8741 Y=155,5838 Vx=-81,2214 Vy=15,6533
[20514,756] Ball=B007 X=79,6995 Y=212,9996 Vx=-132,1713 Vy=11,3261
[20519,303] Ball=B006 X=189,3303 Y=43,0836 Vx=-148,0570 Vy=115,5234
[20519,363] Ball=B005 X=38,2524 Y=18,3827 Vx=123,0923 Vy=39,6273
[20530,534] Ball=B007 X=77,6143 Y=213,1783 Vx=-132,1713 Vy=11,3261
[20535,240] Ball=B005 X=40,2067 Y=19,0119 Vx=123,0923 Vy=39,6273
[20538,718] Ball=B001 X=273,5746 Y=155,8342 Vx=-81,2214 Vy=15,6533
[20536,129] Ball=B002 X=104,6346 Y=354,0005 Vx=51,3417 Vy=1,6462
[20528,104] Ball=B008 X=88,2694 Y=120,1572 Vx=61,0452 Vy=-44,0246
[20535,155] Ball=B006 X=186,9712 Y=44,9243 Vx=-148,0570 Vy=115,5234
[20535,560] Ball=B004 X=307,0421 Y=117,5363 Vx=30,6384 Vy=19,3772
[20535,702] Ball=B003 X=310,5440 Y=228,1124 Vx=-178,6148 Vy=178,4284
[20550,439] Ball=B003 X=307,9120 Y=230,7417 Vx=-178,6148 Vy=178,4284
[20550,951] Ball=B002 X=105,3956 Y=354,0249 Vx=51,3417 Vy=1,6462
[20543,065] Ball=B008 X=89,1827 Y=119,4986 Vx=61,0452 Vy=-44,0246
[20550,349] Ball=B005 X=42,0665 Y=19,6106 Vx=123,0923 Vy=39,6273
[20545,798] Ball=B007 X=75,5967 Y=213,3511 Vx=-132,1713 Vy=11,3261
[20550,584] Ball=B004 X=307,5024 Y=117,8274 Vx=30,6384 Vy=19,3772
[20553,829] Ball=B001 X=272,3473 Y=156,0707 Vx=-81,2214 Vy=15,6533
[20550,449] Ball=B006 X=184,7067 Y=46,6912 Vx=-148,0570 Vy=115,5234
[20566,399] Ball=B003 X=305,0612 Y=233,5895 Vx=-178,6148 Vy=178,4284
[20569,508] Ball=B001 X=271,0738 Y=156,3162 Vx=-81,2214 Vy=15,6533
[20565,943] Ball=B006 X=182,4128 Y=48,4811 Vx=-148,0570 Vy=115,5234
[20566,542] Ball=B004 X=307,9914 Y=118,1366 Vx=30,6384 Vy=19,3772
[20561,778] Ball=B007 X=73,4846 Y=213,5321 Vx=-132,1713 Vy=11,3261
[20567,272] Ball=B002 X=106,2336 Y=354,0517 Vx=51,3417 Vy=1,6462
[20559,342] Ball=B008 X=90,1763 Y=118,7820 Vx=61,0452 Vy=-44,0246
[20566,651] Ball=B005 X=44,0732 Y=20,2566 Vx=123,0923 Vy=39,6273
[20581,295] Ball=B005 X=45,8758 Y=20,8369 Vx=123,0923 Vy=39,6273
[20581,077] Ball=B006 X=180,1722 Y=50,2293 Vx=-148,0570 Vy=115,5234
[20584,659] Ball=B001 X=269,8432 Y=156,5533 Vx=-81,2214 Vy=15,6533
[20576,668] Ball=B007 X=71,5165 Y=213,7008 Vx=-132,1713 Vy=11,3261
[20574,132] Ball=B008 X=91,0791 Y=118,1309 Vx=61,0452 Vy=-44,0246
[20581,733] Ball=B003 X=302,3221 Y=236,3257 Vx=-178,6148 Vy=178,4284
[20581,537] Ball=B004 X=308,4508 Y=118,4272 Vx=30,6384 Vy=19,3772
[20582,309] Ball=B002 X=106,9947 Y=354,0762 Vx=51,3417 Vy=1,6462
[20597,252] Ball=B004 X=308,9322 Y=118,7317 Vx=30,6384 Vy=19,3772
[20596,925] Ball=B006 X=177,8256 Y=52,0603 Vx=-148,0570 Vy=115,5234
[20597,942] Ball=B002 X=107,8082 Y=354,1022 Vx=51,3417 Vy=1,6462
[20597,210] Ball=B005 X=47,8348 Y=21,4676 Vx=123,0923 Vy=39,6273
[20589,930] Ball=B008 X=92,0436 Y=117,4354 Vx=61,0452 Vy=-44,0246
[20597,481] Ball=B003 X=299,5094 Y=239,1355 Vx=-178,6148 Vy=178,4284
[20600,584] Ball=B001 X=268,5498 Y=156,8026 Vx=-81,2214 Vy=15,6533
[20592,467] Ball=B007 X=69,4285 Y=213,8797 Vx=-132,1713 Vy=11,3261
[20612,403] Ball=B004 X=309,3964 Y=119,0253 Vx=30,6384 Vy=19,3772
[20607,618] Ball=B007 X=67,4260 Y=214,0513 Vx=-132,1713 Vy=11,3261
[20615,649] Ball=B001 X=267,3262 Y=157,0384 Vx=-81,2214 Vy=15,6533
[20612,608] Ball=B003 X=296,8075 Y=241,8346 Vx=-178,6148 Vy=178,4284
[20612,356] Ball=B005 X=49,6992 Y=22,0678 Vx=123,0923 Vy=39,6273
[20613,133] Ball=B002 X=108,5882 Y=354,1272 Vx=51,3417 Vy=1,6462
[20605,096] Ball=B008 X=92,9694 Y=116,7677 Vx=61,0452 Vy=-44,0246
[20612,174] Ball=B006 X=175,5679 Y=53,8220 Vx=-148,0570 Vy=115,5234
[20628,449] Ball=B004 X=309,8881 Y=119,3362 Vx=30,6384 Vy=19,3772
[20623,664] Ball=B007 X=65,3052 Y=214,2331 Vx=-132,1713 Vy=11,3261
[20621,063] Ball=B008 X=93,9441 Y=116,0648 Vx=61,0452 Vy=-44,0246
[20628,627] Ball=B003 X=293,9462 Y=244,6929 Vx=-178,6148 Vy=178,4284
[20629,136] Ball=B002 X=109,4098 Y=354,1536 Vx=51,3417 Vy=1,6462
[20628,405] Ball=B005 X=51,6747 Y=22,7038 Vx=123,0923 Vy=39,6273
[20631,758] Ball=B001 X=266,0177 Y=157,2906 Vx=-81,2214 Vy=15,6533
[20628,186] Ball=B006 X=173,1971 Y=55,6718 Vx=-148,0570 Vy=115,5234
[20644,420] Ball=B004 X=310,3774 Y=119,6457 Vx=30,6384 Vy=19,3772
[20644,332] Ball=B005 X=53,6351 Y=23,3349 Vx=123,0923 Vy=39,6273
[20644,586] Ball=B003 X=291,0957 Y=247,5404 Vx=-178,6148 Vy=178,4284
[20647,706] Ball=B001 X=264,7225 Y=157,5402 Vx=-81,2214 Vy=15,6533
[20644,245] Ball=B006 X=170,8195 Y=57,5269 Vx=-148,0570 Vy=115,5234
[20637,184] Ball=B008 X=94,9282 Y=115,3550 Vx=61,0452 Vy=-44,0246
[20645,224] Ball=B002 X=110,2357 Y=354,1801 Vx=51,3417 Vy=1,6462
[20639,806] Ball=B007 X=63,1715 Y=214,4159 Vx=-132,1713 Vy=11,3261
[20659,900] Ball=B006 X=168,5018 Y=59,3353 Vx=-148,0570 Vy=115,5234
[20655,456] Ball=B007 X=61,1031 Y=214,5931 Vx=-132,1713 Vy=11,3261
[20660,134] Ball=B005 X=55,5802 Y=23,9611 Vx=123,0923 Vy=39,6273
[20660,415] Ball=B003 X=288,2684 Y=250,3648 Vx=-178,6148 Vy=178,4284
[20663,669] Ball=B001 X=263,4259 Y=157,7901 Vx=-81,2214 Vy=15,6533
[20653,139] Ball=B008 X=95,9022 Y=114,6526 Vx=61,0452 Vy=-44,0246
[20660,536] Ball=B004 X=310,8712 Y=119,9580 Vx=30,6384 Vy=19,3772
[20660,934] Ball=B002 X=111,0424 Y=354,2059 Vx=51,3417 Vy=1,6462
[20667,834] Ball=B008 X=96,7992 Y=114,0057 Vx=61,0452 Vy=-44,0246
[20675,216] Ball=B005 X=57,4367 Y=24,5588 Vx=123,0923 Vy=39,6273
[20675,977] Ball=B002 X=111,8146 Y=354,2307 Vx=51,3417 Vy=1,6462
[20675,477] Ball=B003 X=285,5782 Y=253,0522 Vx=-178,6148 Vy=178,4284
[20675,354] Ball=B004 X=311,3252 Y=120,2451 Vx=30,6384 Vy=19,3772
[20678,596] Ball=B001 X=262,2135 Y=158,0238 Vx=-81,2214 Vy=15,6533
[20670,642] Ball=B007 X=59,0960 Y=214,7651 Vx=-132,1713 Vy=11,3261
[20674,930] Ball=B006 X=166,2764 Y=61,0717 Vx=-148,0570 Vy=115,5234
[20689,975] Ball=B006 X=164,0492 Y=62,8096 Vx=-148,0570 Vy=115,5234
[20690,193] Ball=B005 X=59,2801 Y=25,1522 Vx=123,0923 Vy=39,6273
[20690,326] Ball=B004 X=311,7839 Y=120,5352 Vx=30,6384 Vy=19,3772
[20685,553] Ball=B007 X=57,1251 Y=214,9340 Vx=-132,1713 Vy=11,3261
[20691,000] Ball=B002 X=112,5860 Y=354,2554 Vx=51,3417 Vy=1,6462
[20693,596] Ball=B001 X=260,9952 Y=158,2586 Vx=-81,2214 Vy=15,6533
[20690,498] Ball=B003 X=282,8952 Y=255,7324 Vx=-178,6148 Vy=178,4284
[20683,121] Ball=B008 X=97,7294 Y=113,3349 Vx=61,0452 Vy=-44,0246
[20706,434] Ball=B003 X=280,0488 Y=258,5757 Vx=-178,6148 Vy=178,4284
[20706,949] Ball=B002 X=113,4048 Y=354,2817 Vx=51,3417 Vy=1,6462
[20701,527] Ball=B007 X=55,0139 Y=215,1149 Vx=-132,1713 Vy=11,3261
[20698,929] Ball=B008 X=98,6974 Y=112,6367 Vx=61,0452 Vy=-44,0246
[20706,066] Ball=B006 X=161,6665 Y=64,6687 Vx=-148,0570 Vy=115,5234
[20706,334] Ball=B004 X=312,2744 Y=120,8454 Vx=30,6384 Vy=19,3772
[20709,646] Ball=B001 X=259,6916 Y=158,5098 Vx=-81,2214 Vy=15,6533
[20706,308] Ball=B005 X=61,2639 Y=25,7909 Vx=123,0923 Vy=39,6273
[20722,549] Ball=B003 X=277,1704 Y=261,4512 Vx=-178,6148 Vy=178,4284
[20723,055] Ball=B002 X=114,2317 Y=354,3082 Vx=51,3417 Vy=1,6462
[20722,086] Ball=B006 X=159,2947 Y=66,5193 Vx=-148,0570 Vy=115,5234
[20717,643] Ball=B007 X=52,8837 Y=215,2975 Vx=-132,1713 Vy=11,3261
[20725,676] Ball=B001 X=258,3896 Y=158,7607 Vx=-81,2214 Vy=15,6533
[20722,514] Ball=B005 X=63,2587 Y=26,4330 Vx=123,0923 Vy=39,6273
[20715,188] Ball=B008 X=99,6899 Y=111,9210 Vx=61,0452 Vy=-44,0246
[20722,636] Ball=B004 X=312,7738 Y=121,1613 Vx=30,6384 Vy=19,3772
[20737,259] Ball=B004 X=313,2218 Y=121,4446 Vx=30,6384 Vy=19,3772
[20729,873] Ball=B008 X=100,5864 Y=111,2745 Vx=61,0452 Vy=-44,0246
[20738,066] Ball=B002 X=114,9995 Y=354,3328 Vx=51,3417 Vy=1,6462
[20737,245] Ball=B005 X=65,0720 Y=27,0168 Vx=123,0923 Vy=39,6273
[20740,715] Ball=B001 X=257,1681 Y=158,9961 Vx=-81,2214 Vy=15,6533
[20732,706] Ball=B007 X=50,8928 Y=215,4681 Vx=-132,1713 Vy=11,3261
[20737,157] Ball=B006 X=157,0633 Y=68,2604 Vx=-148,0570 Vy=115,5234
[20737,640] Ball=B003 X=274,4750 Y=264,1438 Vx=-178,6148 Vy=178,4284
[20753,537] Ball=B003 X=271,6357 Y=266,9801 Vx=-178,6148 Vy=178,4284
[20748,627] Ball=B007 X=48,7886 Y=215,6484 Vx=-132,1713 Vy=11,3261
[20753,086] Ball=B006 X=154,7050 Y=70,1005 Vx=-148,0570 Vy=115,5234
[20753,291] Ball=B005 X=67,0471 Y=27,6527 Vx=123,0923 Vy=39,6273
[20756,734] Ball=B001 X=255,8670 Y=159,2469 Vx=-81,2214 Vy=15,6533
[20754,149] Ball=B002 X=115,8281 Y=354,3594 Vx=51,3417 Vy=1,6462
[20746,216] Ball=B008 X=101,5840 Y=110,5549 Vx=61,0452 Vy=-44,0246
[20753,612] Ball=B004 X=313,7229 Y=121,7615 Vx=30,6384 Vy=19,3772
[20768,950] Ball=B002 X=116,5880 Y=354,3837 Vx=51,3417 Vy=1,6462
[20768,304] Ball=B004 X=314,1730 Y=122,0462 Vx=30,6384 Vy=19,3772
[20760,926] Ball=B008 X=102,4820 Y=109,9073 Vx=61,0452 Vy=-44,0246
[20768,467] Ball=B003 X=268,9687 Y=269,6443 Vx=-178,6148 Vy=178,4284
[20771,686] Ball=B001 X=254,6526 Y=159,4809 Vx=-81,2214 Vy=15,6533
[20768,119] Ball=B006 X=152,4792 Y=71,8372 Vx=-148,0570 Vy=115,5234
[20768,345] Ball=B005 X=68,9002 Y=28,2492 Vx=123,0923 Vy=39,6273
[20763,684] Ball=B007 X=46,7984 Y=215,8190 Vx=-132,1713 Vy=11,3261
[20784,223] Ball=B005 X=70,8547 Y=28,8784 Vx=123,0923 Vy=39,6273
[20779,550] Ball=B007 X=44,7016 Y=215,9986 Vx=-132,1713 Vy=11,3261
[20784,990] Ball=B002 X=117,4116 Y=354,4101 Vx=51,3417 Vy=1,6462
[20784,355] Ball=B004 X=314,6648 Y=122,3572 Vx=30,6384 Vy=19,3772
[20784,672] Ball=B003 X=266,0743 Y=272,5357 Vx=-178,6148 Vy=178,4284
[20784,208] Ball=B006 X=150,0971 Y=73,6958 Vx=-148,0570 Vy=115,5234
[20777,203] Ball=B008 X=103,4728 Y=109,1928 Vx=61,0452 Vy=-44,0246
[20787,761] Ball=B001 X=253,3511 Y=159,7318 Vx=-81,2214 Vy=15,6533
[20794,592] Ball=B007 X=42,7134 Y=216,1690 Vx=-132,1713 Vy=11,3261
[20791,993] Ball=B008 X=104,3785 Y=108,5396 Vx=61,0452 Vy=-44,0246
[20799,157] Ball=B006 X=147,8838 Y=75,4228 Vx=-148,0570 Vy=115,5234
[20799,502] Ball=B004 X=315,1289 Y=122,6507 Vx=30,6384 Vy=19,3772
[20799,641] Ball=B003 X=263,4006 Y=275,2066 Vx=-178,6148 Vy=178,4284
[20800,198] Ball=B002 X=118,1924 Y=354,4352 Vx=51,3417 Vy=1,6462
[20799,451] Ball=B005 X=72,7291 Y=29,4819 Vx=123,0923 Vy=39,6273
[20802,617] Ball=B001 X=252,1404 Y=159,9651 Vx=-81,2214 Vy=15,6533
[20818,476] Ball=B001 X=250,8523 Y=160,2133 Vx=-81,2214 Vy=15,6533
[20815,236] Ball=B004 X=315,6109 Y=122,9556 Vx=30,6384 Vy=19,3772
[20814,916] Ball=B006 X=145,5505 Y=77,2434 Vx=-148,0570 Vy=115,5234
[20815,900] Ball=B002 X=118,9986 Y=354,4610 Vx=51,3417 Vy=1,6462
[20815,166] Ball=B005 X=74,6635 Y=30,1046 Vx=123,0923 Vy=39,6273
[20810,571] Ball=B007 X=40,6013 Y=216,3500 Vx=-132,1713 Vy=11,3261
[20807,961] Ball=B008 X=105,3532 Y=107,8367 Vx=61,0452 Vy=-44,0246
[20815,628] Ball=B003 X=260,5450 Y=278,0592 Vx=-178,6148 Vy=178,4284
[20830,145] Ball=B005 X=76,5072 Y=30,6982 Vx=123,0923 Vy=39,6273
[20829,929] Ball=B006 X=143,3277 Y=78,9777 Vx=-148,0570 Vy=115,5234
[20830,271] Ball=B004 X=316,0716 Y=123,2470 Vx=30,6384 Vy=19,3772
[20830,513] Ball=B003 X=257,8864 Y=280,7151 Vx=-178,6148 Vy=178,4284
[20825,590] Ball=B007 X=38,6257 Y=216,5193 Vx=-132,1713 Vy=11,3261
[20831,021] Ball=B002 X=119,7749 Y=354,4859 Vx=51,3417 Vy=1,6462
[20833,682] Ball=B001 X=249,6172 Y=160,4514 Vx=-81,2214 Vy=15,6533
[20823,050] Ball=B008 X=106,2744 Y=107,1724 Vx=61,0452 Vy=-44,0246
[20838,012] Ball=B008 X=107,1877 Y=106,5137 Vx=61,0452 Vy=-44,0246
[20840,635] Ball=B007 X=36,6278 Y=216,6905 Vx=-132,1713 Vy=11,3261
[20848,664] Ball=B001 X=248,4004 Y=160,6859 Vx=-81,2214 Vy=15,6533
[20846,075] Ball=B002 X=120,5478 Y=354,5107 Vx=51,3417 Vy=1,6462
[20845,580] Ball=B003 X=255,1952 Y=283,4035 Vx=-178,6148 Vy=178,4284
[20845,120] Ball=B006 X=141,0785 Y=80,7327 Vx=-148,0570 Vy=115,5234
[20845,455] Ball=B004 X=316,5368 Y=123,5412 Vx=30,6384 Vy=19,3772
[20845,537] Ball=B005 X=78,4019 Y=31,3081 Vx=123,0923 Vy=39,6273
[20859,934] Ball=B006 X=138,8853 Y=82,4440 Vx=-148,0570 Vy=115,5234
[20860,931] Ball=B002 X=121,3105 Y=354,5352 Vx=51,3417 Vy=1,6462
[20855,643] Ball=B007 X=34,6441 Y=216,8605 Vx=-132,1713 Vy=11,3261
[20860,495] Ball=B004 X=316,9976 Y=123,8326 Vx=30,6384 Vy=19,3772
[20860,394] Ball=B005 X=80,2307 Y=31,8969 Vx=123,0923 Vy=39,6273
[20863,753] Ball=B001 X=247,1748 Y=160,9221 Vx=-81,2214 Vy=15,6533
[20860,663] Ball=B003 X=252,5012 Y=286,0947 Vx=-178,6148 Vy=178,4284
[20853,239] Ball=B008 X=108,1173 Y=105,8433 Vx=61,0452 Vy=-44,0246
[20868,989] Ball=B008 X=109,0787 Y=105,1499 Vx=61,0452 Vy=-44,0246
[20876,283] Ball=B005 X=82,1865 Y=32,5265 Vx=123,0923 Vy=39,6273
[20876,600] Ball=B003 X=249,6546 Y=288,9382 Vx=-178,6148 Vy=178,4284
[20879,706] Ball=B001 X=245,8791 Y=161,1718 Vx=-81,2214 Vy=15,6533
[20871,741] Ball=B007 X=32,5164 Y=217,0428 Vx=-132,1713 Vy=11,3261
[20876,591] Ball=B004 X=317,4907 Y=124,1445 Vx=30,6384 Vy=19,3772
[20876,263] Ball=B006 X=136,4676 Y=84,3304 Vx=-148,0570 Vy=115,5234
[20877,243] Ball=B002 X=122,1480 Y=354,5620 Vx=51,3417 Vy=1,6462
[20891,300] Ball=B005 X=84,0349 Y=33,1216 Vx=123,0923 Vy=39,6273
[20884,030] Ball=B008 X=109,9969 Y=104,4877 Vx=61,0452 Vy=-44,0246
[20886,645] Ball=B007 X=30,5465 Y=217,2116 Vx=-132,1713 Vy=11,3261
[20891,439] Ball=B004 X=317,9457 Y=124,4322 Vx=30,6384 Vy=19,3772
[20892,098] Ball=B002 X=122,9107 Y=354,5865 Vx=51,3417 Vy=1,6462
[20894,695] Ball=B001 X=244,6617 Y=161,4064 Vx=-81,2214 Vy=15,6533
[20891,124] Ball=B006 X=134,2674 Y=86,0472 Vx=-148,0570 Vy=115,5234
[20891,679] Ball=B003 X=246,9612 Y=291,6289 Vx=-178,6148 Vy=178,4284
[20910,652] Ball=B001 X=243,3657 Y=161,6562 Vx=-81,2214 Vy=15,6533
[20907,090] Ball=B006 X=134,9144 Y=85,6040 Vx=27,5911 Vy=-17,9330
[20907,567] Ball=B003 X=244,1236 Y=294,4636 Vx=-178,6148 Vy=178,4284
[20908,087] Ball=B002 X=123,7316 Y=354,6128 Vx=51,3417 Vy=1,6462
[20907,452] Ball=B004 X=318,4363 Y=124,7425 Vx=30,6384 Vy=19,3772
[20900,060] Ball=B008 X=106,8702 Y=106,9012 Vx=-182,1599 Vy=140,7611
[20907,411] Ball=B005 X=86,0182 Y=33,7601 Vx=123,0923 Vy=39,6273
[20902,669] Ball=B007 X=28,4285 Y=217,3931 Vx=-132,1713 Vy=11,3261
[20923,049] Ball=B002 X=124,4997 Y=354,6374 Vx=51,3417 Vy=1,6462
[20922,292] Ball=B005 X=87,8499 Y=34,3497 Vx=123,0923 Vy=39,6273
[20917,630] Ball=B007 X=26,4512 Y=217,5626 Vx=-132,1713 Vy=11,3261
[20922,426] Ball=B004 X=318,8951 Y=125,0327 Vx=30,6384 Vy=19,3772
[20922,668] Ball=B003 X=241,4262 Y=297,1581 Vx=-178,6148 Vy=178,4284
[20922,256] Ball=B006 X=135,3328 Y=85,3320 Vx=27,5911 Vy=-17,9330
[20925,838] Ball=B001 X=242,1322 Y=161,8939 Vx=-81,2214 Vy=15,6533
[20915,185] Ball=B008 X=104,1216 Y=109,0252 Vx=-182,1599 Vy=140,7611
[20940,501] Ball=B001 X=240,9413 Y=162,1234 Vx=-81,2214 Vy=15,6533
[20937,157] Ball=B005 X=89,6795 Y=34,9388 Vx=123,0923 Vy=39,6273
[20936,955] Ball=B006 X=135,7384 Y=85,0684 Vx=27,5911 Vy=-17,9330
[20937,371] Ball=B004 X=319,3530 Y=125,3222 Vx=30,6384 Vy=19,3772
[20938,029] Ball=B002 X=125,2688 Y=354,6621 Vx=51,3417 Vy=1,6462
[20932,651] Ball=B007 X=24,4659 Y=217,7327 Vx=-132,1713 Vy=11,3261
[20930,100] Ball=B008 X=101,3983 Y=111,1295 Vx=-182,1599 Vy=140,7611
[20937,643] Ball=B003 X=238,7515 Y=299,8300 Vx=-178,6148 Vy=178,4284
[20946,044] Ball=B008 X=98,4940 Y=113,3737 Vx=-182,1599 Vy=140,7611
[20953,328] Ball=B005 X=91,6702 Y=35,5796 Vx=123,0923 Vy=39,6273
[20953,577] Ball=B003 X=235,9054 Y=302,6731 Vx=-178,6148 Vy=178,4284
[20948,671] Ball=B007 X=22,3484 Y=217,9141 Vx=-132,1713 Vy=11,3261
[20953,459] Ball=B004 X=319,8459 Y=125,6340 Vx=30,6384 Vy=19,3772
[20956,712] Ball=B001 X=239,6246 Y=162,3772 Vx=-81,2214 Vy=15,6533
[20954,124] Ball=B002 X=126,0952 Y=354,6886 Vx=51,3417 Vy=1,6462
[20953,152] Ball=B006 X=136,1853 Y=84,7780 Vx=27,5911 Vy=-17,9330
[20969,395] Ball=B004 X=320,3341 Y=125,9428 Vx=30,6384 Vy=19,3772
[20969,091] Ball=B006 X=136,6249 Y=84,4922 Vx=27,5911 Vy=-17,9330
[20972,675] Ball=B001 X=238,3280 Y=162,6271 Vx=-81,2214 Vy=15,6533
[20969,666] Ball=B003 X=233,0317 Y=305,5438 Vx=-178,6148 Vy=178,4284
[20964,617] Ball=B007 X=20,2410 Y=218,0947 Vx=-132,1713 Vy=11,3261
[20969,550] Ball=B005 X=93,6669 Y=36,2224 Vx=123,0923 Vy=39,6273
[20970,318] Ball=B002 X=126,9266 Y=354,7152 Vx=51,3417 Vy=1,6462
[20962,286] Ball=B008 X=95,5353 Y=115,6601 Vx=-182,1599 Vy=140,7611
[20978,101] Ball=B008 X=92,6545 Y=117,8861 Vx=-182,1599 Vy=140,7611
[20980,719] Ball=B007 X=18,1126 Y=218,2771 Vx=-132,1713 Vy=11,3261
[20986,149] Ball=B002 X=127,7394 Y=354,7413 Vx=51,3417 Vy=1,6462
[20985,201] Ball=B006 X=137,0696 Y=84,2032 Vx=27,5911 Vy=-17,9330
[20989,012] Ball=B001 X=237,0011 Y=162,8828 Vx=-81,2214 Vy=15,6533
[20985,782] Ball=B004 X=320,8362 Y=126,2603 Vx=30,6384 Vy=19,3772
[20985,999] Ball=B003 X=230,1144 Y=308,4581 Vx=-178,6148 Vy=178,4284
[20986,137] Ball=B005 X=95,7087 Y=36,8797 Vx=123,0923 Vy=39,6273
[21001,031] Ball=B006 X=137,5063 Y=83,9194 Vx=27,5911 Vy=-17,9330
[21004,622] Ball=B001 X=235,7333 Y=163,1271 Vx=-81,2214 Vy=15,6533
[21001,273] Ball=B005 X=97,5719 Y=37,4795 Vx=123,0923 Vy=39,6273
[21002,039] Ball=B002 X=128,5552 Y=354,7674 Vx=51,3417 Vy=1,6462
[20996,706] Ball=B007 X=15,9997 Y=218,4582 Vx=-132,1713 Vy=11,3261
[21001,510] Ball=B004 X=321,3181 Y=126,5651 Vx=30,6384 Vy=19,3772
[20994,124] Ball=B008 X=89,7356 Y=120,1417 Vx=-182,1599 Vy=140,7611
[21001,688] Ball=B003 X=227,3120 Y=311,2576 Vx=-178,6148 Vy=178,4284
[21020,603] Ball=B001 X=234,4353 Y=163,3773 Vx=-81,2214 Vy=15,6533
[21017,263] Ball=B005 X=99,5400 Y=38,1132 Vx=123,0923 Vy=39,6273
[21017,560] Ball=B003 X=224,4770 Y=314,0896 Vx=-178,6148 Vy=178,4284
[21010,109] Ball=B008 X=86,8238 Y=122,3917 Vx=-182,1599 Vy=140,7611
[21017,182] Ball=B006 X=137,9520 Y=83,6297 Vx=27,5911 Vy=-17,9330
[21012,727] Ball=B007 X=13,8822 Y=218,6396 Vx=-132,1713 Vy=11,3261
[21018,167] Ball=B002 X=129,3833 Y=354,7940 Vx=51,3417 Vy=1,6462
[21017,663] Ball=B004 X=321,8130 Y=126,8781 Vx=30,6384 Vy=19,3772
[21034,014] Ball=B002 X=130,1968 Y=354,8201 Vx=51,3417 Vy=1,6462
[21028,585] Ball=B007 X=11,7862 Y=218,8192 Vx=-132,1713 Vy=11,3261
[21033,387] Ball=B004 X=322,2947 Y=127,1828 Vx=30,6384 Vy=19,3772
[21033,295] Ball=B005 X=101,5135 Y=38,7485 Vx=123,0923 Vy=39,6273
[21033,088] Ball=B006 X=138,3908 Y=83,3445 Vx=27,5911 Vy=-17,9330
[21026,028] Ball=B008 X=83,9240 Y=124,6325 Vx=-182,1599 Vy=140,7611
[21033,647] Ball=B003 X=221,6038 Y=316,9598 Vx=-178,6148 Vy=178,4284
[21036,755] Ball=B001 X=233,1233 Y=163,6301 Vx=-81,2214 Vy=15,6533
[21051,582] Ball=B001 X=231,9191 Y=163,8622 Vx=-81,2214 Vy=15,6533
[21048,242] Ball=B005 X=103,3533 Y=39,3408 Vx=123,0923 Vy=39,6273
[21048,033] Ball=B006 X=138,8032 Y=83,0765 Vx=27,5911 Vy=-17,9330
[21048,511] Ball=B003 X=218,9488 Y=319,6120 Vx=-178,6148 Vy=178,4284
[21043,673] Ball=B007 X=9,7920 Y=218,9901 Vx=-132,1713 Vy=11,3261
[21049,113] Ball=B002 X=130,9721 Y=354,8449 Vx=51,3417 Vy=1,6462
[21048,537] Ball=B004 X=322,7589 Y=127,4763 Vx=30,6384 Vy=19,3772
[21040,948] Ball=B008 X=81,2063 Y=126,7325 Vx=-182,1599 Vy=140,7611
[21063,532] Ball=B003 X=216,2660 Y=322,2920 Vx=-178,6148 Vy=178,4284
[21058,612] Ball=B007 X=7,8175 Y=219,1593 Vx=-132,1713 Vy=11,3261
[21064,046] Ball=B002 X=131,7388 Y=354,8695 Vx=51,3417 Vy=1,6462
[21056,024] Ball=B008 X=78,4600 Y=128,8547 Vx=-182,1599 Vy=140,7611
[21063,309] Ball=B005 X=105,2080 Y=39,9379 Vx=123,0923 Vy=39,6273
[21063,436] Ball=B004 X=323,2154 Y=127,7650 Vx=30,6384 Vy=19,3772
[21066,676] Ball=B001 X=230,6931 Y=164,0985 Vx=-81,2214 Vy=15,6533
[21063,115] Ball=B006 X=139,2193 Y=82,8060 Vx=27,5911 Vy=-17,9330
[21071,929] Ball=B008 X=75,5630 Y=131,0933 Vx=-182,1599 Vy=140,7611
[21079,209] Ball=B005 X=107,1651 Y=40,5679 Vx=123,0923 Vy=39,6273
[21078,997] Ball=B006 X=139,6575 Y=82,5212 Vx=27,5911 Vy=-17,9330
[21079,358] Ball=B004 X=323,7032 Y=128,0736 Vx=30,6384 Vy=19,3772
[21079,576] Ball=B003 X=213,4002 Y=325,1549 Vx=-178,6148 Vy=178,4284
[21074,718] Ball=B007 X=5,6886 Y=219,3418 Vx=-132,1713 Vy=11,3261
[21082,572] Ball=B001 X=229,4021 Y=164,3473 Vx=-81,2214 Vy=15,6533
[21080,229] Ball=B002 X=132,5697 Y=354,8962 Vx=51,3417 Vy=1,6462
[21098,561] Ball=B001 X=228,1035 Y=164,5976 Vx=-81,2214 Vy=15,6533
[21095,322] Ball=B004 X=324,1923 Y=128,3829 Vx=30,6384 Vy=19,3772
[21095,465] Ball=B003 X=210,5621 Y=327,9900 Vx=-178,6148 Vy=178,4284
[21095,226] Ball=B005 X=109,1367 Y=41,2026 Vx=123,0923 Vy=39,6273
[21095,991] Ball=B002 X=133,3789 Y=354,9221 Vx=51,3417 Vy=1,6462
[21087,960] Ball=B008 X=72,6424 Y=133,3502 Vx=-182,1599 Vy=140,7611
[21090,569] Ball=B007 X=3,5936 Y=219,5213 Vx=-132,1713 Vy=11,3261
[21095,032] Ball=B006 X=140,0999 Y=82,2336 Vx=27,5911 Vy=-17,9330
[21111,192] Ball=B005 X=111,1020 Y=41,8353 Vx=123,0923 Vy=39,6273
[21111,306] Ball=B004 X=324,6820 Y=128,6926 Vx=30,6384 Vy=19,3772
[21114,550] Ball=B001 X=226,8047 Y=164,8479 Vx=-81,2214 Vy=15,6533
[21106,533] Ball=B007 X=1,4837 Y=219,7021 Vx=-132,1713 Vy=11,3261
[21111,973] Ball=B002 X=134,1994 Y=354,9484 Vx=51,3417 Vy=1,6462
[21111,474] Ball=B003 X=207,7026 Y=330,8465 Vx=-178,6148 Vy=178,4284
[21111,005] Ball=B006 X=140,5406 Y=81,9472 Vx=27,5911 Vy=-17,9330
[21103,944] Ball=B008 X=69,7308 Y=135,6001 Vx=-182,1599 Vy=140,7611
[21130,550] Ball=B001 X=225,5053 Y=165,0983 Vx=-81,2214 Vy=15,6533
[21127,959] Ball=B002 X=135,0202 Y=354,9747 Vx=51,3417 Vy=1,6462
[21119,926] Ball=B008 X=66,8195 Y=137,8497 Vx=-182,1599 Vy=140,7611
[21122,552] Ball=B007 X=-0,6336 Y=219,8835 Vx=-132,1713 Vy=11,3261
[21127,334] Ball=B004 X=325,1731 Y=129,0032 Vx=30,6384 Vy=19,3772
[21127,006] Ball=B006 X=140,9821 Y=81,6602 Vx=27,5911 Vy=-17,9330
[21127,228] Ball=B005 X=113,0759 Y=42,4708 Vx=123,0923 Vy=39,6273
[21127,483] Ball=B003 X=204,8432 Y=333,7030 Vx=-178,6148 Vy=178,4284
[21142,315] Ball=B004 X=325,6321 Y=129,2935 Vx=30,6384 Vy=19,3772
[21142,452] Ball=B003 X=202,1698 Y=336,3736 Vx=-178,6148 Vy=178,4284
[21142,215] Ball=B005 X=114,9207 Y=43,0647 Vx=123,0923 Vy=39,6273
[21142,000] Ball=B006 X=141,3958 Y=81,3914 Vx=27,5911 Vy=-17,9330
[21137,554] Ball=B007 X=1,9829 Y=220,0534 Vx=132,1713 Vy=11,3261
[21134,957] Ball=B008 X=64,0815 Y=139,9655 Vx=-182,1599 Vy=140,7611
[21145,588] Ball=B001 X=224,2838 Y=165,3337 Vx=-81,2214 Vy=15,6533
[21143,062] Ball=B002 X=135,7956 Y=354,9996 Vx=51,3417 Vy=1,6462
[21158,966] Ball=B002 X=136,6121 Y=355,0258 Vx=51,3417 Vy=1,6462
[21150,949] Ball=B008 X=61,1685 Y=142,2164 Vx=-182,1599 Vy=140,7611
[21161,587] Ball=B001 X=222,9843 Y=165,5842 Vx=-81,2214 Vy=15,6533
[21158,020] Ball=B006 X=141,8378 Y=81,1041 Vx=27,5911 Vy=-17,9330
[21158,245] Ball=B005 X=116,8938 Y=43,6999 Vx=123,0923 Vy=39,6273
[21158,581] Ball=B003 X=199,2887 Y=339,2517 Vx=-178,6148 Vy=178,4284
[21158,444] Ball=B004 X=326,1263 Y=129,6060 Vx=30,6384 Vy=19,3772
[21153,663] Ball=B007 X=4,1120 Y=220,2359 Vx=132,1713 Vy=11,3261
[21173,392] Ball=B004 X=326,5843 Y=129,8957 Vx=30,6384 Vy=19,3772
[21168,606] Ball=B007 X=6,0869 Y=220,4051 Vx=132,1713 Vy=11,3261
[21173,280] Ball=B005 X=118,7445 Y=44,2957 Vx=123,0923 Vy=39,6273
[21176,634] Ball=B001 X=221,7622 Y=165,8197 Vx=-81,2214 Vy=15,6533
[21166,008] Ball=B008 X=58,4253 Y=144,3362 Vx=-182,1599 Vy=140,7611
[21173,081] Ball=B006 X=142,2534 Y=80,8340 Vx=27,5911 Vy=-17,9330
[21173,561] Ball=B003 X=196,6130 Y=341,9246 Vx=-178,6148 Vy=178,4284
[21174,076] Ball=B002 X=137,3879 Y=355,0506 Vx=51,3417 Vy=1,6462
[21188,479] Ball=B003 X=193,9486 Y=344,5862 Vx=-178,6148 Vy=178,4284
[21188,995] Ball=B002 X=138,1536 Y=355,0752 Vx=51,3417 Vy=1,6462
[21188,045] Ball=B006 X=142,6663 Y=80,5656 Vx=27,5911 Vy=-17,9330
[21188,386] Ball=B004 X=327,0437 Y=130,1862 Vx=30,6384 Vy=19,3772
[21183,605] Ball=B007 X=8,0695 Y=220,5750 Vx=132,1713 Vy=11,3261
[21181,053] Ball=B008 X=55,6847 Y=146,4539 Vx=-182,1599 Vy=140,7611
[21191,689] Ball=B001 X=220,5397 Y=166,0553 Vx=-81,2214 Vy=15,6533
[21188,341] Ball=B005 X=120,5985 Y=44,8925 Vx=123,0923 Vy=39,6273
[21204,315] Ball=B004 X=327,5317 Y=130,4949 Vx=30,6384 Vy=19,3772
[21204,199] Ball=B005 X=122,5504 Y=45,5209 Vx=123,0923 Vy=39,6273
[21207,558] Ball=B001 X=219,2505 Y=166,3038 Vx=-81,2214 Vy=15,6533
[21199,541] Ball=B007 X=10,1757 Y=220,7555 Vx=132,1713 Vy=11,3261
[21196,944] Ball=B008 X=52,7900 Y=148,6908 Vx=-182,1599 Vy=140,7611
[21204,991] Ball=B002 X=138,9751 Y=355,1015 Vx=51,3417 Vy=1,6462
[21204,090] Ball=B006 X=143,1089 Y=80,2779 Vx=27,5911 Vy=-17,9330
[21204,608] Ball=B003 X=191,0675 Y=347,4642 Vx=-178,6148 Vy=178,4284
[21219,019] Ball=B006 X=143,5208 Y=80,0102 Vx=27,5911 Vy=-17,9330
[21219,998] Ball=B002 X=139,7456 Y=355,1262 Vx=51,3417 Vy=1,6462
[21219,489] Ball=B003 X=188,4098 Y=350,1192 Vx=-178,6148 Vy=178,4284
[21219,268] Ball=B005 X=124,4053 Y=46,1181 Vx=123,0923 Vy=39,6273
[21212,002] Ball=B008 X=50,0471 Y=150,8103 Vx=-182,1599 Vy=140,7611
[21219,492] Ball=B004 X=327,9967 Y=130,7890 Vx=30,6384 Vy=19,3772
[21222,747] Ball=B001 X=218,0169 Y=166,5415 Vx=-81,2214 Vy=15,6533
[21214,817] Ball=B007 X=12,1947 Y=220,9285 Vx=132,1713 Vy=11,3261
[21226,926] Ball=B008 X=47,3286 Y=152,9110 Vx=-182,1599 Vy=140,7611
[21234,962] Ball=B002 X=140,5139 Y=355,1509 Vx=51,3417 Vy=1,6462
[21229,540] Ball=B007 X=14,1407 Y=221,0953 Vx=132,1713 Vy=11,3261
[21234,332] Ball=B004 X=328,4514 Y=131,0765 Vx=30,6384 Vy=19,3772
[21237,577] Ball=B001 X=216,8123 Y=166,7737 Vx=-81,2214 Vy=15,6533
[21234,246] Ball=B005 X=126,2490 Y=46,7116 Vx=123,0923 Vy=39,6273
[21234,084] Ball=B006 X=143,9365 Y=79,7400 Vx=27,5911 Vy=-17,9330
[21234,548] Ball=B003 X=185,7197 Y=352,8064 Vx=-178,6148 Vy=178,4284
[21249,112] Ball=B006 X=144,3511 Y=79,4705 Vx=27,5911 Vy=-17,9330
[21242,053] Ball=B008 X=44,5729 Y=155,0404 Vx=-182,1599 Vy=140,7611
[21249,339] Ball=B005 X=128,1069 Y=47,3097 Vx=123,0923 Vy=39,6273
[21244,674] Ball=B007 X=16,1410 Y=221,2667 Vx=132,1713 Vy=11,3261
[21252,717] Ball=B001 X=215,5826 Y=167,0107 Vx=-81,2214 Vy=15,6533
[21250,118] Ball=B002 X=141,2920 Y=355,1758 Vx=51,3417 Vy=1,6462
[21249,479] Ball=B004 X=328,9154 Y=131,3700 Vx=30,6384 Vy=19,3772
[21249,616] Ball=B003 X=183,0284 Y=355,4950 Vx=-178,6148 Vy=178,4284
[21265,026] Ball=B002 X=142,0574 Y=355,2004 Vx=51,3417 Vy=1,6462
[21264,524] Ball=B003 X=180,3657 Y=358,1549 Vx=-178,6148 Vy=178,4284
[21264,295] Ball=B005 X=129,9479 Y=47,9024 Vx=123,0923 Vy=39,6273
[21259,696] Ball=B007 X=18,1265 Y=221,4368 Vx=132,1713 Vy=11,3261
[21264,480] Ball=B004 X=329,3750 Y=131,6607 Vx=30,6384 Vy=19,3772
[21267,726] Ball=B001 X=214,3636 Y=167,2456 Vx=-81,2214 Vy=15,6533
[21264,160] Ball=B006 X=144,7663 Y=79,2007 Vx=27,5911 Vy=-17,9330
[21257,193] Ball=B008 X=41,8229 Y=157,1654 Vx=-182,1599 Vy=140,7611
[21280,050] Ball=B006 X=145,2047 Y=78,9157 Vx=27,5911 Vy=-17,9330
[21273,014] Ball=B008 X=38,9330 Y=159,3985 Vx=-182,1599 Vy=140,7611
[21280,410] Ball=B004 X=329,8631 Y=131,9694 Vx=30,6384 Vy=19,3772
[21280,358] Ball=B005 X=131,9250 Y=48,5389 Vx=123,0923 Vy=39,6273
[21283,710] Ball=B001 X=213,0653 Y=167,4958 Vx=-81,2214 Vy=15,6533
[21275,694] Ball=B007 X=20,2409 Y=221,6180 Vx=132,1713 Vy=11,3261
[21280,622] Ball=B003 X=177,4904 Y=361,0272 Vx=-178,6148 Vy=178,4284
[21281,128] Ball=B002 X=142,8841 Y=355,2269 Vx=51,3417 Vy=1,6462
[21295,551] Ball=B003 X=174,8239 Y=363,6909 Vx=-178,6148 Vy=178,4284
[21296,109] Ball=B002 X=143,6532 Y=355,2515 Vx=51,3417 Vy=1,6462
[21298,711] Ball=B001 X=211,8469 Y=167,7306 Vx=-81,2214 Vy=15,6533
[21290,692] Ball=B007 X=22,2233 Y=221,7879 Vx=132,1713 Vy=11,3261
[21295,488] Ball=B004 X=330,3251 Y=132,2616 Vx=30,6384 Vy=19,3772
[21288,092] Ball=B008 X=36,1864 Y=161,5209 Vx=-182,1599 Vy=140,7611
[21295,383] Ball=B005 X=133,7745 Y=49,1343 Vx=123,0923 Vy=39,6273
[21295,237] Ball=B006 X=145,6238 Y=78,6434 Vx=27,5911 Vy=-17,9330
[21311,110] Ball=B006 X=146,0617 Y=78,3587 Vx=27,5911 Vy=-17,9330
[21311,329] Ball=B005 X=135,7372 Y=49,7662 Vx=123,0923 Vy=39,6273
[21311,447] Ball=B004 X=330,8140 Y=132,5708 Vx=30,6384 Vy=19,3772
[21304,049] Ball=B008 X=33,2799 Y=163,7669 Vx=-182,1599 Vy=140,7611
[21312,100] Ball=B002 X=144,4743 Y=355,2779 Vx=51,3417 Vy=1,6462
[21314,704] Ball=B001 X=210,5480 Y=167,9810 Vx=-81,2214 Vy=15,6533
[21311,608] Ball=B003 X=171,9557 Y=366,5562 Vx=-178,6148 Vy=178,4284
[21306,688] Ball=B007 X=24,3374 Y=221,9691 Vx=132,1713 Vy=11,3261
[21329,748] Ball=B001 X=209,3261 Y=168,2165 Vx=-81,2214 Vy=15,6533
[21327,150] Ball=B002 X=145,2470 Y=355,3026 Vx=51,3417 Vy=1,6462
[21321,725] Ball=B007 X=26,3248 Y=222,1394 Vx=132,1713 Vy=11,3261
[21326,654] Ball=B003 X=169,2684 Y=369,2406 Vx=-178,6148 Vy=178,4284
[21326,412] Ball=B005 X=136,9769 Y=48,6551 Vx=88,9469 Vy=-54,9341
[21319,143] Ball=B008 X=30,5302 Y=165,8917 Vx=-182,1599 Vy=140,7611
[21326,208] Ball=B006 X=146,9526 Y=79,4015 Vx=52,2517 Vy=50,3614
[21326,543] Ball=B004 X=331,2765 Y=132,8633 Vx=30,6384 Vy=19,3772
[21341,491] Ball=B004 X=331,7345 Y=133,1529 Vx=30,6384 Vy=19,3772
[21341,380] Ball=B005 X=138,3083 Y=47,8329 Vx=88,9469 Vy=-54,9341
[21341,645] Ball=B003 X=166,5907 Y=371,9156 Vx=-178,6148 Vy=178,4284
[21341,183] Ball=B006 X=147,7351 Y=80,1556 Vx=52,2517 Vy=50,3614
[21342,168] Ball=B002 X=146,0181 Y=355,3274 Vx=51,3417 Vy=1,6462
[21344,823] Ball=B001 X=208,1017 Y=168,4524 Vx=-81,2214 Vy=15,6533
[21334,192] Ball=B008 X=27,7889 Y=168,0099 Vx=-182,1599 Vy=140,7611
[21336,868] Ball=B007 X=28,3264 Y=222,3109 Vx=132,1713 Vy=11,3261
[21352,703] Ball=B007 X=30,4193 Y=222,4902 Vx=132,1713 Vy=11,3261
[21350,100] Ball=B008 X=24,8911 Y=170,2492 Vx=-182,1599 Vy=140,7611
[21358,144] Ball=B002 X=146,8383 Y=355,3537 Vx=51,3417 Vy=1,6462
[21357,177] Ball=B006 X=148,5708 Y=80,9611 Vx=52,2517 Vy=50,3614
[21357,404] Ball=B005 X=139,7336 Y=46,9526 Vx=88,9469 Vy=-54,9341
[21360,755] Ball=B001 X=206,8076 Y=168,7018 Vx=-81,2214 Vy=15,6533
[21357,658] Ball=B003 X=163,7305 Y=374,7728 Vx=-178,6148 Vy=178,4284
[21357,585] Ball=B004 X=332,2277 Y=133,4648 Vx=30,6384 Vy=19,3772
[21376,745] Ball=B001 X=205,5089 Y=168,9521 Vx=-81,2214 Vy=15,6533
[21373,394] Ball=B005 X=141,1557 Y=46,0743 Vx=88,9469 Vy=-54,9341
[21368,735] Ball=B007 X=32,5383 Y=222,6718 Vx=132,1713 Vy=11,3261
[21373,664] Ball=B003 X=160,8717 Y=377,6286 Vx=-178,6148 Vy=178,4284
[21373,200] Ball=B006 X=149,4080 Y=81,7681 Vx=52,2517 Vy=50,3614
[21374,303] Ball=B002 X=147,6679 Y=355,3803 Vx=51,3417 Vy=1,6462
[21366,270] Ball=B008 X=21,9456 Y=172,5253 Vx=-182,1599 Vy=140,7611
[21373,726] Ball=B004 X=332,7222 Y=133,7776 Vx=30,6384 Vy=19,3772
[21390,031] Ball=B002 X=148,4754 Y=355,4061 Vx=51,3417 Vy=1,6462
[21381,995] Ball=B008 X=19,0811 Y=174,7388 Vx=-182,1599 Vy=140,7611
[21389,402] Ball=B004 X=333,2025 Y=134,0813 Vx=30,6384 Vy=19,3772
[21389,306] Ball=B005 X=142,5712 Y=45,2001 Vx=88,9469 Vy=-54,9341
[21392,659] Ball=B001 X=204,2163 Y=169,2012 Vx=-81,2214 Vy=15,6533
[21389,095] Ball=B006 X=150,2386 Y=82,5686 Vx=52,2517 Vy=50,3614
[21384,650] Ball=B007 X=34,6419 Y=222,8521 Vx=132,1713 Vy=11,3261
[21389,572] Ball=B003 X=158,0302 Y=380,4671 Vx=-178,6148 Vy=178,4284
[21404,628] Ball=B003 X=155,3411 Y=377,3137 Vx=-178,6148 Vy=-178,4284
[21404,167] Ball=B006 X=151,0261 Y=83,3276 Vx=52,2517 Vy=50,3614
[21399,722] Ball=B007 X=36,6339 Y=223,0228 Vx=132,1713 Vy=11,3261
[21404,398] Ball=B005 X=143,9135 Y=44,3710 Vx=88,9469 Vy=-54,9341
[21404,581] Ball=B004 X=333,6675 Y=134,3755 Vx=30,6384 Vy=19,3772
[21407,888] Ball=B001 X=202,9794 Y=169,4396 Vx=-81,2214 Vy=15,6533
[21397,259] Ball=B008 X=16,3006 Y=176,8873 Vx=-182,1599 Vy=140,7611
[21405,359] Ball=B002 X=149,2624 Y=355,4314 Vx=51,3417 Vy=1,6462
[21412,943] Ball=B008 X=13,4437 Y=179,0950 Vx=-182,1599 Vy=140,7611
[21420,995] Ball=B002 X=150,0651 Y=355,4571 Vx=51,3417 Vy=1,6462
[21423,585] Ball=B001 X=201,7045 Y=169,6853 Vx=-81,2214 Vy=15,6533
[21420,125] Ball=B006 X=151,8599 Y=84,1313 Vx=52,2517 Vy=50,3614
[21420,609] Ball=B003 X=152,4865 Y=374,4620 Vx=-178,6148 Vy=-178,4284
[21420,361] Ball=B005 X=145,3334 Y=43,4941 Vx=88,9469 Vy=-54,9341
[21420,483] Ball=B004 X=334,1547 Y=134,6836 Vx=30,6384 Vy=19,3772
[21415,705] Ball=B007 X=38,7465 Y=223,2038 Vx=132,1713 Vy=11,3261
[21435,624] Ball=B003 X=150,4142 Y=376,5670 Vx=-149,9791 Vy=46,3296
[21428,092] Ball=B008 X=10,6842 Y=181,2274 Vx=-182,1599 Vy=140,7611
[21435,495] Ball=B004 X=334,6147 Y=134,9745 Vx=30,6384 Vy=19,3772
[21430,720] Ball=B007 X=40,7309 Y=223,3739 Vx=132,1713 Vy=11,3261
[21438,771] Ball=B001 X=200,4710 Y=169,9230 Vx=-81,2214 Vy=15,6533
[21436,268] Ball=B002 X=150,3053 Y=351,2122 Vx=27,4787 Vy=-185,6522
[21435,511] Ball=B005 X=146,6809 Y=42,6619 Vx=88,9469 Vy=-54,9341
[21435,200] Ball=B006 X=152,6476 Y=84,8905 Vx=52,2517 Vy=50,3614
[21451,082] Ball=B002 X=150,7123 Y=348,4621 Vx=27,4787 Vy=-185,6522
[21453,675] Ball=B001 X=199,2606 Y=170,1563 Vx=-81,2214 Vy=15,6533
[21450,336] Ball=B005 X=147,9995 Y=41,8475 Vx=88,9469 Vy=-54,9341
[21443,063] Ball=B008 X=7,9570 Y=183,3347 Vx=-182,1599 Vy=140,7611
[21445,677] Ball=B007 X=42,7078 Y=223,5433 Vx=132,1713 Vy=11,3261
[21450,149] Ball=B006 X=153,4288 Y=85,6434 Vx=52,2517 Vy=50,3614
[21450,619] Ball=B003 X=148,1652 Y=377,2617 Vx=-149,9791 Vy=46,3296
[21450,482] Ball=B004 X=335,0739 Y=135,2649 Vx=30,6384 Vy=19,3772
[21465,054] Ball=B006 X=154,2075 Y=86,3940 Vx=52,2517 Vy=50,3614
[21466,036] Ball=B002 X=151,1233 Y=345,6858 Vx=27,4787 Vy=-185,6522
[21465,407] Ball=B004 X=335,5311 Y=135,5541 Vx=30,6384 Vy=19,3772
[21468,728] Ball=B001 X=198,0379 Y=170,3920 Vx=-81,2214 Vy=15,6533
[21460,757] Ball=B007 X=44,7011 Y=223,7141 Vx=132,1713 Vy=11,3261
[21465,476] Ball=B005 X=149,3462 Y=41,0158 Vx=88,9469 Vy=-54,9341
[21465,614] Ball=B003 X=145,9284 Y=377,9527 Vx=-149,9791 Vy=46,3296
[21458,210] Ball=B008 X=5,1978 Y=185,4669 Vx=-182,1599 Vy=140,7611
[21476,699] Ball=B007 X=46,8079 Y=223,8946 Vx=132,1713 Vy=11,3261
[21474,094] Ball=B008 X=2,3043 Y=187,7028 Vx=-182,1599 Vy=140,7611
[21481,637] Ball=B003 X=143,5132 Y=378,6988 Vx=-149,9791 Vy=46,3296
[21481,392] Ball=B005 X=150,7619 Y=40,1414 Vx=88,9469 Vy=-54,9341
[21482,243] Ball=B002 X=151,5686 Y=342,6769 Vx=27,4787 Vy=-185,6522
[21484,839] Ball=B001 X=196,7293 Y=170,6441 Vx=-81,2214 Vy=15,6533
[21481,272] Ball=B006 X=155,0550 Y=87,2108 Vx=52,2517 Vy=50,3614
[21481,514] Ball=B004 X=336,0246 Y=135,8662 Vx=30,6384 Vy=19,3772
[21497,030] Ball=B002 X=151,9749 Y=339,9319 Vx=27,4787 Vy=-185,6522
[21496,385] Ball=B004 X=336,4802 Y=136,1543 Vx=30,6384 Vy=19,3772
[21496,538] Ball=B003 X=141,2784 Y=379,3891 Vx=-149,9791 Vy=46,3296
[21496,098] Ball=B006 X=155,8297 Y=87,9574 Vx=52,2517 Vy=50,3614
[21496,316] Ball=B005 X=152,0894 Y=39,3216 Vx=88,9469 Vy=-54,9341
[21499,672] Ball=B001 X=195,5246 Y=170,8763 Vx=-81,2214 Vy=15,6533
[21491,740] Ball=B007 X=48,7960 Y=224,0650 Vx=132,1713 Vy=11,3261
[21489,331] Ball=B008 X=-0,4712 Y=189,8475 Vx=-182,1599 Vy=140,7611
[21503,983] Ball=B008 X=2,6689 Y=191,9098 Vx=182,1599 Vy=140,7611
[21514,640] Ball=B001 X=194,3090 Y=171,1106 Vx=-81,2214 Vy=15,6533
[21506,631] Ball=B007 X=50,7642 Y=224,2336 Vx=132,1713 Vy=11,3261
[21511,310] Ball=B005 X=153,4230 Y=38,4979 Vx=88,9469 Vy=-54,9341
[21511,516] Ball=B004 X=336,9438 Y=136,4475 Vx=30,6384 Vy=19,3772
[21512,231] Ball=B002 X=152,3926 Y=337,1096 Vx=27,4787 Vy=-185,6522
[21511,261] Ball=B006 X=156,6219 Y=88,7210 Vx=52,2517 Vy=50,3614
[21511,879] Ball=B003 X=138,9775 Y=380,0998 Vx=-149,9791 Vy=46,3296
[21527,359] Ball=B004 X=337,4292 Y=136,7545 Vx=30,6384 Vy=19,3772
[21530,602] Ball=B001 X=193,0124 Y=171,3605 Vx=-81,2214 Vy=15,6533
[21527,039] Ball=B006 X=157,4464 Y=89,5156 Vx=52,2517 Vy=50,3614
[21527,510] Ball=B003 X=136,6333 Y=379,2758 Vx=-149,9791 Vy=-46,3296
[21528,021] Ball=B002 X=152,8265 Y=334,1780 Vx=27,4787 Vy=-185,6522
[21527,275] Ball=B005 X=154,8430 Y=37,6209 Vx=88,9469 Vy=-54,9341
[21519,996] Ball=B008 X=5,5861 Y=194,1640 Vx=182,1599 Vy=140,7611
[21522,663] Ball=B007 X=52,8832 Y=224,4152 Vx=132,1713 Vy=11,3261
[21538,527] Ball=B007 X=54,9798 Y=224,5949 Vx=132,1713 Vy=11,3261
[21543,205] Ball=B005 X=156,2600 Y=36,7458 Vx=88,9469 Vy=-54,9341
[21543,326] Ball=B004 X=337,9184 Y=137,0639 Vx=30,6384 Vy=19,3772
[21535,945] Ball=B008 X=8,4912 Y=196,4090 Vx=182,1599 Vy=140,7611
[21543,985] Ball=B002 X=153,2652 Y=331,2143 Vx=27,4787 Vy=-185,6522
[21543,011] Ball=B006 X=158,2810 Y=90,3200 Vx=52,2517 Vy=50,3614
[21543,483] Ball=B003 X=134,2376 Y=378,5358 Vx=-149,9791 Vy=-46,3296
[21546,633] Ball=B001 X=191,7104 Y=171,6114 Vx=-81,2214 Vy=15,6533
[21558,455] Ball=B003 X=131,9922 Y=377,8422 Vx=-149,9791 Vy=-46,3296
[21561,555] Ball=B001 X=190,4987 Y=171,8449 Vx=-81,2214 Vy=15,6533
[21558,965] Ball=B002 X=153,6768 Y=328,4333 Vx=27,4787 Vy=-185,6522
[21558,003] Ball=B006 X=159,0643 Y=91,0750 Vx=52,2517 Vy=50,3614
[21550,943] Ball=B008 X=11,2233 Y=198,5201 Vx=182,1599 Vy=140,7611
[21558,344] Ball=B004 X=338,3786 Y=137,3550 Vx=30,6384 Vy=19,3772
[21558,236] Ball=B005 X=157,5970 Y=35,9201 Vx=88,9469 Vy=-54,9341
[21553,626] Ball=B007 X=56,9756 Y=224,7659 Vx=132,1713 Vy=11,3261
[21573,312] Ball=B004 X=338,8371 Y=137,6450 Vx=30,6384 Vy=19,3772
[21572,994] Ball=B006 X=159,8476 Y=91,8300 Vx=52,2517 Vy=50,3614
[21565,937] Ball=B008 X=13,9546 Y=200,6307 Vx=182,1599 Vy=140,7611
[21573,981] Ball=B002 X=154,0894 Y=325,6457 Vx=27,4787 Vy=-185,6522
[21568,607] Ball=B007 X=58,9557 Y=224,9356 Vx=132,1713 Vy=11,3261
[21573,536] Ball=B003 X=129,7302 Y=377,1435 Vx=-149,9791 Vy=-46,3296
[21573,287] Ball=B005 X=158,9357 Y=35,0933 Vx=88,9469 Vy=-54,9341
[21576,641] Ball=B001 X=189,2730 Y=172,0812 Vx=-81,2214 Vy=15,6533
[21589,469] Ball=B003 X=127,3407 Y=376,4053 Vx=-149,9791 Vy=-46,3296
[21589,217] Ball=B005 X=160,3526 Y=34,2182 Vx=88,9469 Vy=-54,9341
[21589,983] Ball=B002 X=154,5292 Y=322,6747 Vx=27,4787 Vy=-185,6522
[21584,572] Ball=B007 X=61,0657 Y=225,1164 Vx=132,1713 Vy=11,3261
[21582,048] Ball=B008 X=16,8893 Y=202,8984 Vx=182,1599 Vy=140,7611
[21589,112] Ball=B006 X=160,6898 Y=92,6417 Vx=52,2517 Vy=50,3614
[21589,445] Ball=B004 X=339,3314 Y=137,9576 Vx=30,6384 Vy=19,3772
[21592,696] Ball=B001 X=187,9690 Y=172,3325 Vx=-81,2214 Vy=15,6533
[21605,007] Ball=B006 X=161,5203 Y=93,4422 Vx=52,2517 Vy=50,3614
[21608,576] Ball=B001 X=186,6793 Y=172,5810 Vx=-81,2214 Vy=15,6533
[21600,550] Ball=B007 X=63,1775 Y=225,2974 Vx=132,1713 Vy=11,3261
[21605,357] Ball=B004 X=339,8190 Y=138,2659 Vx=30,6384 Vy=19,3772
[21597,966] Ball=B008 X=19,7890 Y=205,1391 Vx=182,1599 Vy=140,7611
[21605,257] Ball=B005 X=161,7793 Y=33,3370 Vx=88,9469 Vy=-54,9341
[21606,016] Ball=B002 X=154,9697 Y=319,6981 Vx=27,4787 Vy=-185,6522
[21605,508] Ball=B003 X=124,9351 Y=375,6622 Vx=-149,9791 Vy=-46,3296
[21620,334] Ball=B004 X=340,2778 Y=138,5561 Vx=30,6384 Vy=19,3772
[21620,472] Ball=B003 X=122,6909 Y=374,9689 Vx=-149,9791 Vy=-46,3296
[21620,218] Ball=B005 X=163,1099 Y=32,5153 Vx=88,9469 Vy=-54,9341
[21612,952] Ball=B008 X=22,5188 Y=207,2485 Vx=182,1599 Vy=140,7611
[21620,021] Ball=B006 X=162,3049 Y=94,1983 Vx=52,2517 Vy=50,3614
[21621,010] Ball=B002 X=155,3817 Y=316,9146 Vx=27,4787 Vy=-185,6522
[21623,610] Ball=B001 X=185,4581 Y=172,8164 Vx=-81,2214 Vy=15,6533
[21615,589] Ball=B007 X=65,1654 Y=225,4677 Vx=132,1713 Vy=11,3261
[21636,957] Ball=B002 X=155,8199 Y=313,9540 Vx=27,4787 Vy=-185,6522
[21636,457] Ball=B003 X=120,2935 Y=374,2284 Vx=-149,9791 Vy=-46,3296
[21635,995] Ball=B006 X=163,1395 Y=95,0028 Vx=52,2517 Vy=50,3614
[21636,215] Ball=B005 X=164,5330 Y=31,6364 Vx=88,9469 Vy=-54,9341
[21631,625] Ball=B007 X=67,2756 Y=225,6486 Vx=132,1713 Vy=11,3261
[21639,651] Ball=B001 X=184,1553 Y=173,0675 Vx=-81,2214 Vy=15,6533
[21629,023] Ball=B008 X=25,4463 Y=209,5107 Vx=182,1599 Vy=140,7611
[21636,426] Ball=B004 X=340,7709 Y=138,8680 Vx=30,6384 Vy=19,3772
[21644,118] Ball=B008 X=28,1957 Y=211,6353 Vx=182,1599 Vy=140,7611
[21646,734] Ball=B007 X=69,2817 Y=225,8205 Vx=132,1713 Vy=11,3261
[21651,187] Ball=B006 X=163,9333 Y=95,7679 Vx=52,2517 Vy=50,3614
[21651,525] Ball=B004 X=341,2335 Y=139,1605 Vx=30,6384 Vy=19,3772
[21651,429] Ball=B005 X=165,8861 Y=30,8007 Vx=88,9469 Vy=-54,9341
[21651,686] Ball=B003 X=118,0094 Y=373,5228 Vx=-149,9791 Vy=-46,3296
[21654,785] Ball=B001 X=182,9261 Y=173,3044 Vx=-81,2214 Vy=15,6533
[21652,195] Ball=B002 X=156,2386 Y=311,1251 Vx=27,4787 Vy=-185,6522
[21668,123] Ball=B002 X=156,6763 Y=308,1680 Vx=27,4787 Vy=-185,6522
[21670,718] Ball=B001 X=181,6320 Y=173,5538 Vx=-81,2214 Vy=15,6533
[21667,372] Ball=B005 X=167,3042 Y=29,9249 Vx=88,9469 Vy=-54,9341
[21660,098] Ball=B008 X=31,1069 Y=213,8849 Vx=182,1599 Vy=140,7611
[21667,500] Ball=B004 X=341,7229 Y=139,4701 Vx=30,6384 Vy=19,3772
[21667,687] Ball=B003 X=115,6096 Y=372,7815 Vx=-149,9791 Vy=-46,3296
[21662,760] Ball=B007 X=71,3999 Y=226,0020 Vx=132,1713 Vy=11,3261
[21667,260] Ball=B006 X=164,7711 Y=96,5754 Vx=52,2517 Vy=50,3614
[21683,518] Ball=B003 X=113,2354 Y=372,0481 Vx=-149,9791 Vy=-46,3296
[21676,004] Ball=B008 X=34,0043 Y=216,1237 Vx=182,1599 Vy=140,7611
[21683,071] Ball=B006 X=165,5993 Y=97,3736 Vx=52,2517 Vy=50,3614
[21683,351] Ball=B005 X=168,7256 Y=29,0470 Vx=88,9469 Vy=-54,9341
[21686,708] Ball=B001 X=180,3332 Y=173,8041 Vx=-81,2214 Vy=15,6533
[21678,685] Ball=B007 X=73,5048 Y=226,1824 Vx=132,1713 Vy=11,3261
[21683,473] Ball=B004 X=342,2123 Y=139,7796 Vx=30,6384 Vy=19,3772
[21684,165] Ball=B002 X=157,1161 Y=305,1967 Vx=27,4787 Vy=-185,6522
[21698,163] Ball=B006 X=166,3879 Y=98,1337 Vx=52,2517 Vy=50,3614
[21693,714] Ball=B007 X=75,4912 Y=226,3526 Vx=132,1713 Vy=11,3261
[21698,507] Ball=B004 X=342,6729 Y=140,0709 Vx=30,6384 Vy=19,3772
[21698,647] Ball=B003 X=110,9663 Y=371,3471 Vx=-149,9791 Vy=-46,3296
[21701,762] Ball=B001 X=179,1106 Y=174,0397 Vx=-81,2214 Vy=15,6533
[21691,128] Ball=B008 X=36,7593 Y=218,2526 Vx=182,1599 Vy=140,7611
[21699,165] Ball=B002 X=157,5292 Y=302,4057 Vx=27,4787 Vy=-185,6522
[21698,380] Ball=B005 X=170,0622 Y=28,2215 Vx=88,9469 Vy=-54,9341
[21714,388] Ball=B005 X=171,4861 Y=27,3421 Vx=88,9469 Vy=-54,9341
[21717,746] Ball=B001 X=177,8128 Y=174,2898 Vx=-81,2214 Vy=15,6533
[21714,179] Ball=B006 X=167,2248 Y=98,9403 Vx=52,2517 Vy=50,3614
[21715,148] Ball=B002 X=157,9685 Y=299,4376 Vx=27,4787 Vy=-185,6522
[21714,519] Ball=B004 X=343,1635 Y=140,3812 Vx=30,6384 Vy=19,3772
[21709,742] Ball=B007 X=77,6096 Y=226,5341 Vx=132,1713 Vy=11,3261
[21714,682] Ball=B003 X=108,5613 Y=370,6042 Vx=-149,9791 Vy=-46,3296
[21707,150] Ball=B008 X=39,6779 Y=220,5080 Vx=182,1599 Vy=140,7611
[21730,461] Ball=B003 X=106,1949 Y=369,8732 Vx=-149,9791 Vy=-46,3296
[21733,586] Ball=B001 X=176,5258 Y=174,5379 Vx=-81,2214 Vy=15,6533
[21725,564] Ball=B007 X=79,7008 Y=226,7133 Vx=132,1713 Vy=11,3261
[21730,345] Ball=B004 X=343,6484 Y=140,6878 Vx=30,6384 Vy=19,3772
[21722,964] Ball=B008 X=42,5586 Y=222,7340 Vx=182,1599 Vy=140,7611
[21730,328] Ball=B005 X=172,9040 Y=26,4664 Vx=88,9469 Vy=-54,9341
[21731,093] Ball=B002 X=158,4067 Y=296,4772 Vx=27,4787 Vy=-185,6522
[21730,186] Ball=B006 X=168,0612 Y=99,7464 Vx=52,2517 Vy=50,3614
[21745,492] Ball=B004 X=344,1125 Y=140,9814 Vx=30,6384 Vy=19,3772
[21740,707] Ball=B007 X=81,7022 Y=226,8848 Vx=132,1713 Vy=11,3261
[21745,491] Ball=B005 X=174,2527 Y=25,6334 Vx=88,9469 Vy=-54,9341
[21738,124] Ball=B008 X=45,3172 Y=224,8656 Vx=182,1599 Vy=140,7611
[21746,393] Ball=B002 X=158,8270 Y=293,6377 Vx=27,4787 Vy=-185,6522
[21749,001] Ball=B001 X=175,2737 Y=174,7792 Vx=-81,2214 Vy=15,6533
[21745,835] Ball=B003 X=103,8891 Y=369,1609 Vx=-149,9791 Vy=-46,3296
[21745,462] Ball=B006 X=168,8594 Y=100,5157 Vx=52,2517 Vy=50,3614
[21761,152] Ball=B006 X=169,6792 Y=101,3059 Vx=52,2517 Vy=50,3614
[21764,733] Ball=B001 X=173,9960 Y=175,0254 Vx=-81,2214 Vy=15,6533
[21761,638] Ball=B003 X=101,5190 Y=368,4288 Vx=-149,9791 Vy=-46,3296
[21761,390] Ball=B005 X=175,6668 Y=24,7601 Vx=88,9469 Vy=-54,9341
[21762,154] Ball=B002 X=159,2602 Y=290,7108 Vx=27,4787 Vy=-185,6522
[21754,192] Ball=B008 X=48,2470 Y=227,1296 Vx=182,1599 Vy=140,7611
[21761,651] Ball=B004 X=344,6076 Y=141,2945 Vx=30,6384 Vy=19,3772
[21756,919] Ball=B007 X=83,8451 Y=227,0684 Vx=132,1713 Vy=11,3261
[21771,706] Ball=B007 X=85,7995 Y=227,2359 Vx=132,1713 Vy=11,3261
[21776,155] Ball=B006 X=170,4630 Y=102,0614 Vx=52,2517 Vy=50,3614
[21776,493] Ball=B004 X=345,0623 Y=141,5821 Vx=30,6384 Vy=19,3772
[21777,147] Ball=B002 X=159,6722 Y=287,9272 Vx=27,4787 Vy=-185,6522
[21776,648] Ball=B003 X=99,2677 Y=367,7333 Vx=-149,9791 Vy=-46,3296
[21769,198] Ball=B008 X=50,9806 Y=229,2419 Vx=182,1599 Vy=140,7611
[21776,484] Ball=B005 X=177,0094 Y=23,9309 Vx=88,9469 Vy=-54,9341
[21779,898] Ball=B001 X=172,7642 Y=175,2628 Vx=-81,2214 Vy=15,6533
[21785,094] Ball=B008 X=53,8761 Y=231,4794 Vx=182,1599 Vy=140,7611
[21792,636] Ball=B003 X=96,8708 Y=366,9929 Vx=-149,9791 Vy=-46,3296
[21792,243] Ball=B006 X=171,3037 Y=102,8717 Vx=52,2517 Vy=50,3614
[21793,222] Ball=B002 X=160,1139 Y=284,9429 Vx=27,4787 Vy=-185,6522
[21792,468] Ball=B005 X=178,4312 Y=23,0528 Vx=88,9469 Vy=-54,9341
[21787,802] Ball=B007 X=87,9269 Y=227,4182 Vx=132,1713 Vy=11,3261
[21792,652] Ball=B004 X=345,5574 Y=141,8952 Vx=30,6384 Vy=19,3772
[21795,750] Ball=B001 X=171,4767 Y=175,5109 Vx=-81,2214 Vy=15,6533
[21807,497] Ball=B004 X=346,0122 Y=142,1828 Vx=30,6384 Vy=19,3772
[21807,391] Ball=B005 X=179,7585 Y=22,2330 Vx=88,9469 Vy=-54,9341
[21810,755] Ball=B001 X=170,2581 Y=175,7458 Vx=-81,2214 Vy=15,6533
[21802,733] Ball=B007 X=89,9004 Y=227,5873 Vx=132,1713 Vy=11,3261
[21808,177] Ball=B002 X=160,5248 Y=282,1665 Vx=27,4787 Vy=-185,6522
[21807,200] Ball=B006 X=172,0853 Y=103,6249 Vx=52,2517 Vy=50,3614
[21807,762] Ball=B003 X=94,6013 Y=366,2919 Vx=-149,9791 Vy=-46,3296
[21800,230] Ball=B008 X=56,6335 Y=233,6101 Vx=182,1599 Vy=140,7611
[21823,620] Ball=B003 X=92,2229 Y=365,5571 Vx=-149,9791 Vy=-46,3296
[21823,380] Ball=B005 X=181,1806 Y=21,3547 Vx=88,9469 Vy=-54,9341
[21818,782] Ball=B007 X=92,0216 Y=227,7691 Vx=132,1713 Vy=11,3261
[21826,745] Ball=B001 X=168,9592 Y=175,9961 Vx=-81,2214 Vy=15,6533
[21816,178] Ball=B008 X=59,5385 Y=235,8549 Vx=182,1599 Vy=140,7611
[21824,219] Ball=B002 X=160,9656 Y=279,1883 Vx=27,4787 Vy=-185,6522
[21823,632] Ball=B004 X=346,5065 Y=142,4955 Vx=30,6384 Vy=19,3772
[21823,623] Ball=B006 X=172,9434 Y=104,4520 Vx=52,2517 Vy=50,3614
[21841,593] Ball=B001 X=167,7534 Y=176,2285 Vx=-81,2214 Vy=15,6533
[21838,238] Ball=B006 X=173,7071 Y=105,1880 Vx=52,2517 Vy=50,3614
[21838,486] Ball=B005 X=182,5243 Y=20,5248 Vx=88,9469 Vy=-54,9341
[21831,368] Ball=B008 X=62,3055 Y=237,9931 Vx=182,1599 Vy=140,7611
[21839,470] Ball=B002 X=161,3847 Y=276,3568 Vx=27,4787 Vy=-185,6522
[21833,572] Ball=B007 X=93,9764 Y=227,9366 Vx=132,1713 Vy=11,3261
[21838,841] Ball=B004 X=346,9725 Y=142,7902 Vx=30,6384 Vy=19,3772
[21839,113] Ball=B003 X=89,8992 Y=364,8394 Vx=-149,9791 Vy=-46,3296
[21857,603] Ball=B001 X=166,4535 Y=176,4790 Vx=-81,2214 Vy=15,6533
[21854,510] Ball=B003 X=87,5901 Y=364,1261 Vx=-149,9791 Vy=-46,3296
[21849,592] Ball=B007 X=96,0938 Y=228,1181 Vx=132,1713 Vy=11,3261
[21854,271] Ball=B005 X=183,9284 Y=19,6577 Vx=88,9469 Vy=-54,9341
[21847,000] Ball=B008 X=65,1529 Y=240,1933 Vx=182,1599 Vy=140,7611
[21856,702] Ball=B002 X=161,8583 Y=273,1576 Vx=27,4787 Vy=-185,6522
[21856,067] Ball=B004 X=347,5003 Y=143,1240 Vx=30,6384 Vy=19,3772
[21855,740] Ball=B006 X=174,6216 Y=106,0695 Vx=52,2517 Vy=50,3614
[21863,053] Ball=B008 X=68,0771 Y=242,4529 Vx=182,1599 Vy=140,7611
[21873,693] Ball=B001 X=165,1460 Y=176,7310 Vx=-81,2214 Vy=15,6533
[21870,890] Ball=B003 X=85,1334 Y=363,3672 Vx=-149,9791 Vy=-46,3296
[21871,399] Ball=B002 X=162,2621 Y=270,4293 Vx=27,4787 Vy=-185,6522
[21870,760] Ball=B004 X=347,9505 Y=143,4087 Vx=30,6384 Vy=19,3772
[21865,981] Ball=B007 X=98,2599 Y=228,3037 Vx=132,1713 Vy=11,3261
[21870,449] Ball=B006 X=175,3901 Y=106,8102 Vx=52,2517 Vy=50,3614
[21870,972] Ball=B005 X=185,4138 Y=18,7403 Vx=88,9469 Vy=-54,9341
[21886,382] Ball=B005 X=186,7844 Y=17,8938 Vx=88,9469 Vy=-54,9341
[21886,506] Ball=B004 X=348,4329 Y=143,7138 Vx=30,6384 Vy=19,3772
[21886,185] Ball=B006 X=176,2124 Y=107,6027 Vx=52,2517 Vy=50,3614
[21881,894] Ball=B007 X=100,3631 Y=228,4839 Vx=132,1713 Vy=11,3261
[21887,266] Ball=B002 X=162,6981 Y=267,4835 Vx=27,4787 Vy=-185,6522
[21889,926] Ball=B001 X=163,8276 Y=176,9851 Vx=-81,2214 Vy=15,6533
[21886,823] Ball=B003 X=82,7437 Y=362,6290 Vx=-149,9791 Vy=-46,3296
[21879,317] Ball=B008 X=71,0399 Y=244,7424 Vx=182,1599 Vy=140,7611
[21904,619] Ball=B001 X=162,6343 Y=177,2151 Vx=-81,2214 Vy=15,6533
[21894,145] Ball=B008 X=73,7408 Y=246,8295 Vx=182,1599 Vy=140,7611
[21901,497] Ball=B005 X=188,1290 Y=17,0634 Vx=88,9469 Vy=-54,9341
[21896,837] Ball=B007 X=102,3382 Y=228,6532 Vx=132,1713 Vy=11,3261
[21901,857] Ball=B004 X=348,9032 Y=144,0113 Vx=30,6384 Vy=19,3772
[21902,027] Ball=B003 X=80,4635 Y=361,9246 Vx=-149,9791 Vy=-46,3296
[21902,183] Ball=B002 X=163,1080 Y=264,7142 Vx=27,4787 Vy=-185,6522
[21904,018] Ball=B006 X=177,1442 Y=108,5008 Vx=52,2517 Vy=50,3614
[21910,112] Ball=B008 X=76,6492 Y=249,0769 Vx=182,1599 Vy=140,7611
[21918,171] Ball=B002 X=163,5473 Y=261,7460 Vx=27,4787 Vy=-185,6522
[21912,799] Ball=B007 X=104,4479 Y=228,8340 Vx=132,1713 Vy=11,3261
[21917,731] Ball=B003 X=78,1083 Y=361,1971 Vx=-149,9791 Vy=-46,3296
[21920,839] Ball=B001 X=161,3168 Y=177,4690 Vx=-81,2214 Vy=15,6533
[21917,503] Ball=B005 X=189,5527 Y=16,1841 Vx=88,9469 Vy=-54,9341
[21917,557] Ball=B004 X=349,3842 Y=144,3155 Vx=30,6384 Vy=19,3772
[21920,015] Ball=B006 X=177,9800 Y=109,3064 Vx=52,2517 Vy=50,3614
[21926,104] Ball=B008 X=79,5624 Y=251,3281 Vx=182,1599 Vy=140,7611
[21933,507] Ball=B004 X=349,8729 Y=144,6245 Vx=30,6384 Vy=19,3772
[21928,732] Ball=B007 X=106,5539 Y=229,0144 Vx=132,1713 Vy=11,3261
[21933,654] Ball=B003 X=75,7202 Y=360,4594 Vx=-149,9791 Vy=-46,3296
[21936,757] Ball=B001 X=160,0239 Y=177,7182 Vx=-81,2214 Vy=15,6533
[21934,248] Ball=B002 X=163,9891 Y=258,7612 Vx=27,4787 Vy=-185,6522
[21933,561] Ball=B005 X=190,9810 Y=15,3020 Vx=88,9469 Vy=-54,9341
[21935,986] Ball=B006 X=178,8145 Y=110,1107 Vx=52,2517 Vy=50,3614
[21941,990] Ball=B008 X=82,4561 Y=253,5641 Vx=182,1599 Vy=140,7611
[21944,617] Ball=B007 X=108,6533 Y=229,1943 Vx=132,1713 Vy=11,3261
[21949,749] Ball=B003 X=73,3063 Y=359,7137 Vx=-149,9791 Vy=-46,3296
[21949,950] Ball=B004 X=350,3767 Y=144,9432 Vx=30,6384 Vy=19,3772
[21950,617] Ball=B002 X=164,4389 Y=255,7221 Vx=27,4787 Vy=-185,6522
[21953,210] Ball=B001 X=158,6877 Y=177,9757 Vx=-81,2214 Vy=15,6533
[21949,869] Ball=B005 X=192,4316 Y=14,4061 Vx=88,9469 Vy=-54,9341
[21951,026] Ball=B006 X=179,6004 Y=110,8682 Vx=52,2517 Vy=50,3614
[21960,763] Ball=B007 X=110,7874 Y=229,3772 Vx=132,1713 Vy=11,3261
[21968,786] Ball=B001 X=157,4226 Y=178,2195 Vx=-81,2214 Vy=15,6533
[21965,448] Ball=B005 X=193,8172 Y=13,5503 Vx=88,9469 Vy=-54,9341
[21965,705] Ball=B003 X=70,9131 Y=358,9744 Vx=-149,9791 Vy=-46,3296
[21958,177] Ball=B008 X=85,4049 Y=255,8428 Vx=182,1599 Vy=140,7611
[21966,328] Ball=B002 X=164,8706 Y=252,8054 Vx=27,4787 Vy=-185,6522
[21965,733] Ball=B004 X=350,8603 Y=145,2490 Vx=30,6384 Vy=19,3772
[21967,156] Ball=B006 X=180,4432 Y=111,6805 Vx=52,2517 Vy=50,3614
[21972,967] Ball=B008 X=88,0991 Y=257,9247 Vx=182,1599 Vy=140,7611
[21980,252] Ball=B005 X=195,1339 Y=12,7371 Vx=88,9469 Vy=-54,9341
[21980,510] Ball=B003 X=68,6927 Y=358,2885 Vx=-149,9791 Vy=-46,3296
[21975,725] Ball=B007 X=112,7649 Y=229,5467 Vx=132,1713 Vy=11,3261
[21981,112] Ball=B002 X=165,2769 Y=250,0608 Vx=27,4787 Vy=-185,6522
[21983,833] Ball=B001 X=156,2004 Y=178,4550 Vx=-81,2214 Vy=15,6533
[21980,595] Ball=B004 X=351,3156 Y=145,5370 Vx=30,6384 Vy=19,3772
[21982,085] Ball=B006 X=181,2233 Y=112,4324 Vx=52,2517 Vy=50,3614
[21997,136] Ball=B002 X=165,7172 Y=247,0860 Vx=27,4787 Vy=-185,6522
[21989,096] Ball=B008 X=91,0371 Y=260,1950 Vx=182,1599 Vy=140,7611
[21996,390] Ball=B005 X=196,5694 Y=11,8505 Vx=88,9469 Vy=-54,9341
[21996,511] Ball=B004 X=351,8033 Y=145,8454 Vx=30,6384 Vy=19,3772
[21996,722] Ball=B003 X=66,2612 Y=357,5374 Vx=-149,9791 Vy=-46,3296
[21991,857] Ball=B007 X=114,8972 Y=229,7294 Vx=132,1713 Vy=11,3261
[21999,961] Ball=B001 X=154,8904 Y=178,7075 Vx=-81,2214 Vy=15,6533
[21998,149] Ball=B006 X=182,0627 Y=113,2414 Vx=52,2517 Vy=50,3614
[22006,694] Ball=B007 X=116,8580 Y=229,8974 Vx=132,1713 Vy=11,3261
[22012,136] Ball=B002 X=166,1294 Y=244,3011 Vx=27,4787 Vy=-185,6522
[22014,737] Ball=B001 X=153,6903 Y=178,9388 Vx=-81,2214 Vy=15,6533
[22011,472] Ball=B005 X=197,9109 Y=11,0220 Vx=88,9469 Vy=-54,9341
[22011,729] Ball=B003 X=64,0105 Y=356,8421 Vx=-149,9791 Vy=-46,3296
[22011,593] Ball=B004 X=352,2654 Y=146,1376 Vx=30,6384 Vy=19,3772
[22004,312] Ball=B008 X=93,8089 Y=262,3368 Vx=182,1599 Vy=140,7611
[22014,144] Ball=B006 X=182,8984 Y=114,0469 Vx=52,2517 Vy=50,3614
[22026,311] Ball=B005 X=199,2307 Y=10,2069 Vx=88,9469 Vy=-54,9341
[22026,806] Ball=B004 X=352,7315 Y=146,4324 Vx=30,6384 Vy=19,3772
[22055,581] Ball=B005 X=201,8342 Y=8,5989 Vx=88,9469 Vy=-54,9341
[22055,833] Ball=B003 X=57,3958 Y=354,7988 Vx=-149,9791 Vy=-46,3296
[22058,939] Ball=B001 X=150,1002 Y=179,6307 Vx=-81,2214 Vy=15,6533
[22055,364] Ball=B006 X=185,0522 Y=116,1228 Vx=52,2517 Vy=50,3614
[22056,466] Ball=B002 X=167,3475 Y=236,0711 Vx=27,4787 Vy=-185,6522
[22050,052] Ball=B008 X=101,8460 Y=268,5473 Vx=182,1599 Vy=140,7611
[22057,475] Ball=B004 X=353,6711 Y=147,0267 Vx=30,6384 Vy=19,3772
[22052,698] Ball=B007 X=122,9385 Y=230,4185 Vx=132,1713 Vy=11,3261
[22074,583] Ball=B001 X=148,8296 Y=179,8756 Vx=-81,2214 Vy=15,6533
[22071,016] Ball=B006 X=185,8701 Y=116,9110 Vx=52,2517 Vy=50,3614
[22063,950] Ball=B008 X=104,6723 Y=270,7313 Vx=182,1599 Vy=140,7611
[22072,000] Ball=B002 X=167,7743 Y=233,1873 Vx=27,4787 Vy=-185,6522
[22071,524] Ball=B003 X=55,0424 Y=354,0718 Vx=-149,9791 Vy=-46,3296
[22068,533] Ball=B007 X=125,0314 Y=230,5978 Vx=132,1713 Vy=11,3261
[22073,322] Ball=B004 X=354,1566 Y=147,3338 Vx=30,6384 Vy=19,3772
[22073,213] Ball=B005 X=203,4026 Y=7,6303 Vx=88,9469 Vy=-54,9341
[22086,317] Ball=B006 X=186,6695 Y=117,6816 Vx=52,2517 Vy=50,3614
[22087,349] Ball=B002 X=168,1961 Y=230,3375 Vx=27,4787 Vy=-185,6522
[22086,859] Ball=B003 X=52,7424 Y=353,3614 Vx=-149,9791 Vy=-46,3296
[22079,324] Ball=B008 X=107,4731 Y=272,8955 Vx=182,1599 Vy=140,7611
[22089,970] Ball=B001 X=147,5798 Y=180,1164 Vx=-81,2214 Vy=15,6533
[22089,289] Ball=B005 X=204,8324 Y=6,7472 Vx=88,9469 Vy=-54,9341
[22084,631] Ball=B007 X=127,1591 Y=230,7801 Vx=132,1713 Vy=11,3261
[22089,420] Ball=B004 X=354,6499 Y=147,6457 Vx=30,6384 Vy=19,3772
[22104,732] Ball=B001 X=146,3808 Y=180,3475 Vx=-81,2214 Vy=15,6533
[22101,630] Ball=B003 X=50,5274 Y=352,6771 Vx=-149,9791 Vy=-46,3296
[22094,098] Ball=B008 X=110,1641 Y=274,9750 Vx=182,1599 Vy=140,7611
[22102,144] Ball=B002 X=168,6027 Y=227,5910 Vx=27,4787 Vy=-185,6522
[22101,183] Ball=B006 X=187,4464 Y=118,4303 Vx=52,2517 Vy=50,3614
[22104,515] Ball=B004 X=355,1123 Y=147,9382 Vx=30,6384 Vy=19,3772
[22104,400] Ball=B005 X=206,1766 Y=5,9171 Vx=88,9469 Vy=-54,9341
[22099,731] Ball=B007 X=129,1549 Y=230,9512 Vx=132,1713 Vy=11,3261
[22110,106] Ball=B008 X=113,0803 Y=277,2285 Vx=182,1599 Vy=140,7611
[22120,743] Ball=B001 X=145,0804 Y=180,5981 Vx=-81,2214 Vy=15,6533
[22117,653] Ball=B003 X=48,1240 Y=351,9347 Vx=-149,9791 Vy=-46,3296
[22117,181] Ball=B006 X=188,2823 Y=119,2360 Vx=52,2517 Vy=50,3614
[22118,209] Ball=B002 X=169,0441 Y=224,6083 Vx=27,4787 Vy=-185,6522
[22115,575] Ball=B007 X=131,2491 Y=231,1306 Vx=132,1713 Vy=11,3261
[22120,269] Ball=B005 X=207,5881 Y=5,0453 Vx=88,9469 Vy=-54,9341
[22120,433] Ball=B004 X=355,6000 Y=148,2466 Vx=30,6384 Vy=19,3772
[22132,615] Ball=B003 X=45,8802 Y=351,2416 Vx=-149,9791 Vy=-46,3296
[22132,150] Ball=B006 X=189,0645 Y=119,9899 Vx=52,2517 Vy=50,3614
[22135,726] Ball=B001 X=143,8634 Y=180,8327 Vx=-81,2214 Vy=15,6533
[22125,114] Ball=B008 X=115,8143 Y=279,3411 Vx=182,1599 Vy=140,7611
[22133,153] Ball=B002 X=169,4548 Y=221,8339 Vx=27,4787 Vy=-185,6522
[22136,302] Ball=B005 X=209,0141 Y=4,1646 Vx=88,9469 Vy=-54,9341
[22136,444] Ball=B004 X=356,0906 Y=148,5569 Vx=30,6384 Vy=19,3772
[22131,677] Ball=B007 X=133,3767 Y=231,3129 Vx=132,1713 Vy=11,3261
[22147,983] Ball=B006 X=189,8917 Y=120,7872 Vx=52,2517 Vy=50,3614
[22148,967] Ball=B002 X=169,8893 Y=218,8981 Vx=27,4787 Vy=-185,6522
[22140,933] Ball=B008 X=118,6958 Y=281,5677 Vx=182,1599 Vy=140,7611
[22151,571] Ball=B001 X=142,5764 Y=181,0807 Vx=-81,2214 Vy=15,6533
[22148,484] Ball=B003 X=43,5000 Y=350,5063 Vx=-149,9791 Vy=-46,3296
[22152,364] Ball=B004 X=356,5784 Y=148,8654 Vx=30,6384 Vy=19,3772
[22147,590] Ball=B007 X=135,4806 Y=231,4932 Vx=132,1713 Vy=11,3261
[22152,314] Ball=B005 X=210,4384 Y=3,2850 Vx=88,9469 Vy=-54,9341
[22155,933] Ball=B008 X=121,4280 Y=283,6790 Vx=182,1599 Vy=140,7611
[22162,994] Ball=B006 X=190,6761 Y=121,5432 Vx=52,2517 Vy=50,3614
[22163,977] Ball=B002 X=170,3018 Y=216,1115 Vx=27,4787 Vy=-185,6522
[22163,485] Ball=B003 X=41,2502 Y=349,8113 Vx=-149,9791 Vy=-46,3296
[22166,591] Ball=B001 X=141,3565 Y=181,3158 Vx=-81,2214 Vy=15,6533
[22167,318] Ball=B004 X=357,0365 Y=149,1551 Vx=30,6384 Vy=19,3772
[22162,538] Ball=B007 X=137,4563 Y=231,6625 Vx=132,1713 Vy=11,3261
[22167,210] Ball=B005 X=211,7633 Y=2,4667 Vx=88,9469 Vy=-54,9341
[22171,917] Ball=B008 X=124,3396 Y=285,9289 Vx=182,1599 Vy=140,7611
[22182,555] Ball=B001 X=140,0599 Y=181,5657 Vx=-81,2214 Vy=15,6533
[22179,459] Ball=B003 X=38,8544 Y=349,0713 Vx=-149,9791 Vy=-46,3296
[22179,972] Ball=B002 X=170,7413 Y=213,1420 Vx=27,4787 Vy=-185,6522
[22179,011] Ball=B006 X=191,5130 Y=122,3498 Vx=52,2517 Vy=50,3614
[22178,518] Ball=B007 X=139,5684 Y=231,8435 Vx=132,1713 Vy=11,3261
[22183,208] Ball=B005 X=213,1863 Y=1,5878 Vx=88,9469 Vy=-54,9341
[22183,453] Ball=B004 X=357,5309 Y=149,4678 Vx=30,6384 Vy=19,3772
[22198,559] Ball=B001 X=138,7601 Y=181,8162 Vx=-81,2214 Vy=15,6533
[22194,992] Ball=B006 X=192,3480 Y=123,1547 Vx=52,2517 Vy=50,3614
[22187,935] Ball=B008 X=127,2577 Y=288,1838 Vx=182,1599 Vy=140,7611
[22195,980] Ball=B002 X=171,1811 Y=210,1701 Vx=27,4787 Vy=-185,6522
[22195,480] Ball=B003 X=36,4517 Y=348,3291 Vx=-149,9791 Vy=-46,3296
[22198,321] Ball=B004 X=357,9864 Y=149,7559 Vx=30,6384 Vy=19,3772
[22198,205] Ball=B005 X=214,5202 Y=0,7641 Vx=88,9469 Vy=-54,9341
[22193,605] Ball=B007 X=141,5624 Y=232,0144 Vx=132,1713 Vy=11,3261
[22211,959] Ball=B002 X=171,6202 Y=207,2036 Vx=27,4787 Vy=-185,6522
[22210,985] Ball=B006 X=193,1837 Y=123,9601 Vx=52,2517 Vy=50,3614
[22211,463] Ball=B003 X=34,0545 Y=347,5885 Vx=-149,9791 Vy=-46,3296
[22214,571] Ball=B001 X=137,4595 Y=182,0669 Vx=-81,2214 Vy=15,6533
[22203,947] Ball=B008 X=130,1744 Y=290,4376 Vx=182,1599 Vy=140,7611
[22209,526] Ball=B007 X=143,6667 Y=232,1947 Vx=132,1713 Vy=11,3261
[22214,314] Ball=B004 X=358,4764 Y=150,0658 Vx=30,6384 Vy=19,3772
[22214,194] Ball=B005 X=215,9424 Y=-0,1143 Vx=88,9469 Vy=-54,9341
[22218,939] Ball=B008 X=132,9050 Y=292,5477 Vx=182,1599 Vy=140,7611
[22229,583] Ball=B001 X=136,2402 Y=182,3018 Vx=-81,2214 Vy=15,6533
[22226,994] Ball=B002 X=172,0334 Y=204,4123 Vx=27,4787 Vy=-185,6522
[22226,026] Ball=B006 X=193,9696 Y=124,7176 Vx=52,2517 Vy=50,3614
[22226,509] Ball=B003 X=31,7980 Y=346,8915 Vx=-149,9791 Vy=-46,3296
[22229,375] Ball=B004 X=358,9378 Y=150,3576 Vx=30,6384 Vy=19,3772
[22224,601] Ball=B007 X=145,6592 Y=232,3655 Vx=132,1713 Vy=11,3261
[22229,279] Ball=B005 X=217,2841 Y=0,8286 Vx=88,9469 Vy=54,9341
[22242,458] Ball=B003 X=29,4061 Y=346,1526 Vx=-149,9791 Vy=-46,3296
[22234,930] Ball=B008 X=135,8182 Y=294,7987 Vx=182,1599 Vy=140,7611
[22241,999] Ball=B006 X=194,8042 Y=125,5220 Vx=52,2517 Vy=50,3614
[22245,575] Ball=B001 X=134,9413 Y=182,5522 Vx=-81,2214 Vy=15,6533
[22242,982] Ball=B002 X=172,4727 Y=201,4441 Vx=27,4787 Vy=-185,6522
[22244,266] Ball=B005 X=218,6172 Y=1,6520 Vx=88,9469 Vy=54,9341
[22239,595] Ball=B007 X=147,6410 Y=232,5353 Vx=132,1713 Vy=11,3261
[22244,384] Ball=B004 X=359,3977 Y=150,6485 Vx=30,6384 Vy=19,3772
[22250,921] Ball=B008 X=138,7310 Y=297,0496 Vx=182,1599 Vy=140,7611
[22258,453] Ball=B003 X=27,0071 Y=345,4115 Vx=-149,9791 Vy=-46,3296
[22257,993] Ball=B006 X=195,6399 Y=126,3275 Vx=52,2517 Vy=50,3614
[22258,976] Ball=B002 X=172,9122 Y=198,4748 Vx=27,4787 Vy=-185,6522
[22261,640] Ball=B001 X=133,6365 Y=182,8036 Vx=-81,2214 Vy=15,6533
[22259,360] Ball=B004 X=359,8565 Y=150,9387 Vx=30,6384 Vy=19,3772
[22254,580] Ball=B007 X=149,6216 Y=232,7050 Vx=132,1713 Vy=11,3261
[22259,252] Ball=B005 X=219,9502 Y=2,4752 Vx=88,9469 Vy=54,9341
[22272,994] Ball=B006 X=196,4237 Y=127,0829 Vx=52,2517 Vy=50,3614
[22276,566] Ball=B001 X=132,4243 Y=183,0373 Vx=-81,2214 Vy=15,6533
[22273,980] Ball=B002 X=173,3245 Y=195,6892 Vx=27,4787 Vy=-185,6522
[22265,959] Ball=B008 X=141,4704 Y=299,1664 Vx=182,1599 Vy=140,7611
[22273,495] Ball=B003 X=24,7510 Y=344,7146 Vx=-149,9791 Vy=-46,3296
[22275,201] Ball=B005 X=221,3688 Y=3,3514 Vx=88,9469 Vy=54,9341
[22275,321] Ball=B004 X=360,3455 Y=151,2479 Vx=30,6384 Vy=19,3772
[22270,553] Ball=B007 X=151,7326 Y=232,8859 Vx=132,1713 Vy=11,3261
[22288,986] Ball=B002 X=173,7368 Y=192,9034 Vx=27,4787 Vy=-185,6522
[22291,581] Ball=B001 X=131,2047 Y=183,2723 Vx=-81,2214 Vy=15,6533
[22288,489] Ball=B003 X=22,5023 Y=344,0200 Vx=-149,9791 Vy=-46,3296
[22280,960] Ball=B008 X=144,2031 Y=301,2781 Vx=182,1599 Vy=140,7611
[22288,028] Ball=B006 X=197,2093 Y=127,8401 Vx=52,2517 Vy=50,3614
[22291,199] Ball=B005 X=222,7918 Y=4,2302 Vx=88,9469 Vy=54,9341
[22291,318] Ball=B004 X=360,8357 Y=151,5579 Vx=30,6384 Vy=19,3772
[22286,536] Ball=B007 X=153,8452 Y=233,0669 Vx=132,1713 Vy=11,3261
[22296,928] Ball=B008 X=147,1117 Y=303,5256 Vx=182,1599 Vy=140,7611
[22307,566] Ball=B001 X=129,9063 Y=183,5225 Vx=-81,2214 Vy=15,6533
[22304,001] Ball=B006 X=198,0440 Y=128,6445 Vx=52,2517 Vy=50,3614
[22304,487] Ball=B003 X=20,1029 Y=343,2788 Vx=-149,9791 Vy=-46,3296
[22304,999] Ball=B002 X=174,1768 Y=189,9305 Vx=27,4787 Vy=-185,6522
[22306,207] Ball=B005 X=224,1266 Y=5,0546 Vx=88,9469 Vy=54,9341
[22301,601] Ball=B007 X=155,8365 Y=233,2376 Vx=132,1713 Vy=11,3261
[22306,341] Ball=B004 X=361,2960 Y=151,8490 Vx=30,6384 Vy=19,3772
[22312,037] Ball=B008 X=149,8640 Y=305,6525 Vx=182,1599 Vy=140,7611
[22320,080] Ball=B002 X=174,5912 Y=187,1307 Vx=27,4787 Vy=-185,6522
[22319,667] Ball=B003 X=17,8262 Y=342,5755 Vx=-149,9791 Vy=-46,3296
[22319,200] Ball=B006 X=198,8381 Y=129,4099 Vx=52,2517 Vy=50,3614
[22322,772] Ball=B001 X=128,6713 Y=183,7606 Vx=-81,2214 Vy=15,6533
[22321,370] Ball=B004 X=361,7564 Y=152,1402 Vx=30,6384 Vy=19,3772
[22321,259] Ball=B005 X=225,4654 Y=5,8815 Vx=88,9469 Vy=54,9341
[22316,596] Ball=B007 X=157,8183 Y=233,4074 Vx=132,1713 Vy=11,3261
[22338,667] Ball=B001 X=127,3803 Y=184,0094 Vx=-81,2214 Vy=15,6533
[22335,096] Ball=B006 X=199,6687 Y=130,2105 Vx=52,2517 Vy=50,3614
[22335,575] Ball=B003 X=15,4404 Y=341,8385 Vx=-149,9791 Vy=-46,3296
[22336,086] Ball=B002 X=175,0311 Y=184,1592 Vx=27,4787 Vy=-185,6522
[22328,061] Ball=B008 X=152,7830 Y=307,9081 Vx=182,1599 Vy=140,7611
[22332,546] Ball=B007 X=159,9263 Y=233,5880 Vx=132,1713 Vy=11,3261
[22337,224] Ball=B005 X=226,8855 Y=6,7585 Vx=88,9469 Vy=54,9341
[22337,427] Ball=B004 X=362,2484 Y=152,4514 Vx=30,6384 Vy=19,3772
[22352,001] Ball=B002 X=175,4684 Y=181,2045 Vx=27,4787 Vy=-185,6522
[22351,030] Ball=B006 X=200,5013 Y=131,0129 Vx=52,2517 Vy=50,3614
[22351,586] Ball=B003 X=13,0390 Y=341,0967 Vx=-149,9791 Vy=-46,3296
[22344,092] Ball=B008 X=155,7032 Y=310,1646 Vx=182,1599 Vy=140,7611
[22354,783] Ball=B001 X=126,0713 Y=184,2616 Vx=-81,2214 Vy=15,6533
[22352,310] Ball=B004 X=362,7044 Y=152,7398 Vx=30,6384 Vy=19,3772
[22352,279] Ball=B005 X=228,2247 Y=7,5856 Vx=88,9469 Vy=54,9341
[22347,616] Ball=B007 X=161,9183 Y=233,7587 Vx=132,1713 Vy=11,3261
[22366,964] Ball=B002 X=175,8795 Y=178,4267 Vx=27,4787 Vy=-185,6522
[22369,561] Ball=B001 X=124,8710 Y=184,4930 Vx=-81,2214 Vy=15,6533
[22366,465] Ball=B003 X=10,8075 Y=340,4074 Vx=-149,9791 Vy=-46,3296
[22358,947] Ball=B008 X=158,4091 Y=312,2555 Vx=182,1599 Vy=140,7611
[22366,017] Ball=B006 X=201,2844 Y=131,7677 Vx=52,2517 Vy=50,3614
[22363,598] Ball=B007 X=164,0306 Y=233,9398 Vx=132,1713 Vy=11,3261
[22368,272] Ball=B005 X=229,6472 Y=8,4641 Vx=88,9469 Vy=54,9341
[22368,398] Ball=B004 X=363,1973 Y=153,0515 Vx=30,6384 Vy=19,3772
[22381,180] Ball=B006 X=202,0767 Y=132,5313 Vx=52,2517 Vy=50,3614
[22381,649] Ball=B003 X=8,5303 Y=339,7039 Vx=-149,9791 Vy=-46,3296
[22374,121] Ball=B008 X=161,1733 Y=314,3915 Vx=182,1599 Vy=140,7611
[22384,760] Ball=B001 X=123,6365 Y=184,7309 Vx=-81,2214 Vy=15,6533
[22382,173] Ball=B002 X=176,2975 Y=175,6030 Vx=27,4787 Vy=-185,6522
[22384,372] Ball=B004 X=363,6867 Y=153,3610 Vx=30,6384 Vy=19,3772
[22384,274] Ball=B005 X=231,0706 Y=9,3432 Vx=88,9469 Vy=54,9341
[22379,604] Ball=B007 X=166,1456 Y=234,1210 Vx=132,1713 Vy=11,3261
[22390,083] Ball=B008 X=164,0807 Y=316,6382 Vx=182,1599 Vy=140,7611
[22398,151] Ball=B002 X=176,7365 Y=172,6366 Vx=27,4787 Vy=-185,6522
[22397,643] Ball=B003 X=6,1316 Y=338,9629 Vx=-149,9791 Vy=-46,3296
[22397,186] Ball=B006 X=202,9130 Y=133,3374 Vx=52,2517 Vy=50,3614
[22400,834] Ball=B001 X=122,3310 Y=184,9825 Vx=-81,2214 Vy=15,6533
[22394,649] Ball=B007 X=168,1347 Y=234,2914 Vx=132,1713 Vy=11,3261
[22399,439] Ball=B004 X=364,1483 Y=153,6530 Vx=30,6384 Vy=19,3772
[22399,333] Ball=B005 X=232,4100 Y=10,1704 Vx=88,9469 Vy=54,9341
[22406,104] Ball=B008 X=166,9993 Y=318,8934 Vx=182,1599 Vy=140,7611
[22413,165] Ball=B006 X=203,7479 Y=134,1421 Vx=52,2517 Vy=50,3614
[22416,744] Ball=B001 X=121,0387 Y=185,2315 Vx=-81,2214 Vy=15,6533
[22414,157] Ball=B002 X=177,1764 Y=169,6650 Vx=27,4787 Vy=-185,6522
[22413,658] Ball=B003 X=3,7295 Y=338,2209 Vx=-149,9791 Vy=-46,3296
[22414,229] Ball=B005 X=233,7349 Y=10,9887 Vx=88,9469 Vy=54,9341
[22414,482] Ball=B004 X=363,5403 Y=153,9437 Vx=-30,6384 Vy=19,3772
[22409,705] Ball=B007 X=170,1246 Y=234,4620 Vx=132,1713 Vy=11,3261
[22429,356] Ball=B004 X=363,0834 Y=154,2327 Vx=-30,6384 Vy=19,3772
[22430,006] Ball=B002 X=177,6119 Y=166,7227 Vx=27,4787 Vy=-185,6522
[22432,629] Ball=B001 X=119,7485 Y=185,4802 Vx=-81,2214 Vy=15,6533
[22424,607] Ball=B007 X=172,0943 Y=234,6308 Vx=132,1713 Vy=11,3261
[22429,292] Ball=B005 X=235,0747 Y=11,8162 Vx=88,9469 Vy=54,9341
[22429,074] Ball=B006 X=204,5792 Y=134,9434 Vx=52,2517 Vy=50,3614
[22429,557] Ball=B003 X=1,3449 Y=337,4843 Vx=-149,9791 Vy=-46,3296
[22422,026] Ball=B008 X=169,8997 Y=321,1347 Vx=182,1599 Vy=140,7611
[22444,549] Ball=B003 X=-0,9033 Y=336,7898 Vx=-149,9791 Vy=-46,3296
[22444,331] Ball=B005 X=236,4124 Y=12,6424 Vx=88,9469 Vy=54,9341
[22447,695] Ball=B001 X=118,5248 Y=185,7160 Vx=-81,2214 Vy=15,6533
[22444,466] Ball=B004 X=362,6204 Y=154,5255 Vx=-30,6384 Vy=19,3772
[22437,097] Ball=B008 X=172,6449 Y=323,2560 Vx=182,1599 Vy=140,7611
[22444,165] Ball=B006 X=205,3677 Y=135,7033 Vx=52,2517 Vy=50,3614
[22439,782] Ball=B007 X=174,0999 Y=234,8026 Vx=132,1713 Vy=11,3261
[22445,214] Ball=B002 X=178,0298 Y=163,8992 Vx=27,4787 Vy=-185,6522
[22461,079] Ball=B002 X=178,4657 Y=160,9541 Vx=27,4787 Vy=-185,6522
[22460,123] Ball=B006 X=206,2015 Y=136,5069 Vx=52,2517 Vy=50,3614
[22460,471] Ball=B004 X=362,1301 Y=154,8356 Vx=-30,6384 Vy=19,3772
[22455,686] Ball=B007 X=176,2019 Y=234,9827 Vx=132,1713 Vy=11,3261
[22453,082] Ball=B008 X=175,5568 Y=325,5061 Vx=182,1599 Vy=140,7611
[22463,722] Ball=B001 X=117,2231 Y=185,9669 Vx=-81,2214 Vy=15,6533
[22460,470] Ball=B005 X=237,8479 Y=13,5289 Vx=88,9469 Vy=54,9341
[22460,724] Ball=B003 X=2,4261 Y=336,0404 Vx=149,9791 Vy=-46,3296
[22475,579] Ball=B003 X=4,6539 Y=335,3522 Vx=149,9791 Vy=-46,3296
[22475,336] Ball=B005 X=239,1701 Y=14,3455 Vx=88,9469 Vy=54,9341
[22468,068] Ball=B008 X=178,2864 Y=327,6154 Vx=182,1599 Vy=140,7611
[22475,149] Ball=B006 X=206,9867 Y=137,2638 Vx=52,2517 Vy=50,3614
[22470,699] Ball=B007 X=178,1863 Y=235,1528 Vx=132,1713 Vy=11,3261
[22475,490] Ball=B004 X=361,6699 Y=155,1266 Vx=-30,6384 Vy=19,3772
[22478,739] Ball=B001 X=116,0034 Y=186,2020 Vx=-81,2214 Vy=15,6533
[22476,147] Ball=B002 X=178,8798 Y=158,1564 Vx=27,4787 Vy=-185,6522
[22490,441] Ball=B004 X=361,2119 Y=155,4163 Vx=-30,6384 Vy=19,3772
[22491,099] Ball=B002 X=179,2906 Y=155,3807 Vx=27,4787 Vy=-185,6522
[22493,696] Ball=B001 X=114,7886 Y=186,4361 Vx=-81,2214 Vy=15,6533
[22483,075] Ball=B008 X=181,0204 Y=329,7280 Vx=182,1599 Vy=140,7611
[22485,692] Ball=B007 X=180,1679 Y=235,3226 Vx=132,1713 Vy=11,3261
[22490,704] Ball=B003 X=6,9226 Y=334,6514 Vx=149,9791 Vy=-46,3296
[22490,245] Ball=B006 X=207,7755 Y=138,0240 Vx=52,2517 Vy=50,3614
[22490,383] Ball=B005 X=240,5083 Y=15,1720 Vx=88,9469 Vy=54,9341
[22506,106] Ball=B006 X=208,6042 Y=138,8227 Vx=52,2517 Vy=50,3614
[22506,326] Ball=B005 X=241,9266 Y=16,0480 Vx=88,9469 Vy=54,9341
[22509,698] Ball=B001 X=113,4889 Y=186,6866 Vx=-81,2214 Vy=15,6533
[22501,683] Ball=B007 X=182,2815 Y=235,5037 Vx=132,1713 Vy=11,3261
[22506,611] Ball=B003 X=9,3083 Y=333,9144 Vx=149,9791 Vy=-46,3296
[22506,483] Ball=B004 X=360,7203 Y=155,7272 Vx=-30,6384 Vy=19,3772
[22499,097] Ball=B008 X=183,9390 Y=331,9834 Vx=182,1599 Vy=140,7611
[22507,137] Ball=B002 X=179,7313 Y=152,4030 Vx=27,4787 Vy=-185,6522
[22523,111] Ball=B002 X=180,1702 Y=149,4377 Vx=27,4787 Vy=-185,6522
[22515,103] Ball=B008 X=186,8546 Y=334,2363 Vx=182,1599 Vy=140,7611
[22522,227] Ball=B006 X=209,4466 Y=139,6347 Vx=52,2517 Vy=50,3614
[22517,710] Ball=B007 X=184,3997 Y=235,6852 Vx=132,1713 Vy=11,3261
[22522,560] Ball=B004 X=360,2278 Y=156,0387 Vx=-30,6384 Vy=19,3772
[22525,805] Ball=B001 X=112,1806 Y=186,9387 Vx=-81,2214 Vy=15,6533
[22522,704] Ball=B003 X=11,7218 Y=333,1689 Vx=149,9791 Vy=-46,3296
[22522,502] Ball=B005 X=243,3655 Y=16,9366 Vx=88,9469 Vy=54,9341
[22538,443] Ball=B004 X=359,7412 Y=156,3465 Vx=-30,6384 Vy=19,3772
[22533,667] Ball=B007 X=186,5087 Y=235,8660 Vx=132,1713 Vy=11,3261
[22538,367] Ball=B005 X=244,7766 Y=17,8082 Vx=88,9469 Vy=54,9341
[22538,621] Ball=B003 X=14,1091 Y=332,4314 Vx=149,9791 Vy=-46,3296
[22539,148] Ball=B002 X=180,6110 Y=146,4602 Vx=27,4787 Vy=-185,6522
[22538,177] Ball=B006 X=210,2800 Y=140,4379 Vx=52,2517 Vy=50,3614
[22541,750] Ball=B001 X=110,8855 Y=187,1883 Vx=-81,2214 Vy=15,6533
[22531,125] Ball=B008 X=189,7731 Y=336,4915 Vx=182,1599 Vy=140,7611
[22545,934] Ball=B008 X=192,4707 Y=338,5761 Vx=182,1599 Vy=140,7611
[22556,571] Ball=B001 X=109,6818 Y=187,4203 Vx=-81,2214 Vy=15,6533
[22553,012] Ball=B006 X=211,0552 Y=141,1850 Vx=52,2517 Vy=50,3614
[22553,992] Ball=B002 X=181,0189 Y=143,7043 Vx=27,4787 Vy=-185,6522
[22553,257] Ball=B005 X=246,1010 Y=18,6261 Vx=88,9469 Vy=54,9341
[22548,666] Ball=B007 X=188,4913 Y=236,0359 Vx=132,1713 Vy=11,3261
[22553,464] Ball=B004 X=359,2809 Y=156,6375 Vx=-30,6384 Vy=19,3772
[22553,604] Ball=B003 X=16,3562 Y=331,7373 Vx=149,9791 Vy=-46,3296
[22568,539] Ball=B003 X=18,5959 Y=331,0454 Vx=149,9791 Vy=-46,3296
[22568,298] Ball=B005 X=247,4388 Y=19,4523 Vx=88,9469 Vy=54,9341
[22569,075] Ball=B002 X=181,4333 Y=140,9044 Vx=27,4787 Vy=-185,6522
[22563,670] Ball=B007 X=190,4744 Y=236,2058 Vx=132,1713 Vy=11,3261
[22568,473] Ball=B004 X=358,8211 Y=156,9284 Vx=-30,6384 Vy=19,3772
[22571,718] Ball=B001 X=108,4515 Y=187,6574 Vx=-81,2214 Vy=15,6533
[22561,089] Ball=B008 X=195,2313 Y=340,7093 Vx=182,1599 Vy=140,7611
[22568,176] Ball=B006 X=211,8475 Y=141,9487 Vx=52,2517 Vy=50,3614
[22576,078] Ball=B008 X=197,9614 Y=342,8190 Vx=182,1599 Vy=140,7611
[22586,717] Ball=B001 X=107,2334 Y=187,8922 Vx=-81,2214 Vy=15,6533
[22583,192] Ball=B006 X=212,6321 Y=142,7049 Vx=52,2517 Vy=50,3614
[22583,532] Ball=B004 X=358,3597 Y=157,2202 Vx=-30,6384 Vy=19,3772
[22583,421] Ball=B005 X=248,7840 Y=20,2831 Vx=88,9469 Vy=54,9341
[22584,179] Ball=B002 X=181,8484 Y=138,1000 Vx=27,4787 Vy=-185,6522
[22578,755] Ball=B007 X=192,4682 Y=236,3767 Vx=132,1713 Vy=11,3261
[22583,784] Ball=B003 X=20,8825 Y=330,3391 Vx=149,9791 Vy=-46,3296
[22594,568] Ball=B007 X=194,5581 Y=236,5557 Vx=132,1713 Vy=11,3261
[22599,497] Ball=B003 X=23,2392 Y=329,6111 Vx=149,9791 Vy=-46,3296
[22599,035] Ball=B006 X=213,4599 Y=143,5028 Vx=52,2517 Vy=50,3614
[22591,999] Ball=B008 X=200,8619 Y=345,0602 Vx=182,1599 Vy=140,7611
[22599,280] Ball=B005 X=250,1946 Y=21,1543 Vx=88,9469 Vy=54,9341
[22600,167] Ball=B002 X=182,2877 Y=135,1318 Vx=27,4787 Vy=-185,6522
[22602,825] Ball=B001 X=105,9249 Y=188,1443 Vx=-81,2214 Vy=15,6533
[22599,586] Ball=B004 X=357,8678 Y=157,5313 Vx=-30,6384 Vy=19,3772
[22615,506] Ball=B004 X=357,3801 Y=157,8397 Vx=-30,6384 Vy=19,3772
[22610,725] Ball=B007 X=196,6937 Y=236,7387 Vx=132,1713 Vy=11,3261
[22608,127] Ball=B008 X=203,7998 Y=347,3304 Vx=182,1599 Vy=140,7611
[22615,196] Ball=B006 X=214,3044 Y=144,3167 Vx=52,2517 Vy=50,3614
[22618,775] Ball=B001 X=104,6295 Y=188,3940 Vx=-81,2214 Vy=15,6533
[22616,204] Ball=B002 X=182,7284 Y=132,1544 Vx=27,4787 Vy=-185,6522
[22615,447] Ball=B005 X=251,6326 Y=22,0424 Vx=88,9469 Vy=54,9341
[22615,699] Ball=B003 X=25,6693 Y=328,8604 Vx=149,9791 Vy=-46,3296
[22631,492] Ball=B004 X=356,8903 Y=158,1495 Vx=-30,6384 Vy=19,3772
[22631,631] Ball=B003 X=28,0587 Y=328,1223 Vx=149,9791 Vy=-46,3296
[22631,390] Ball=B005 X=253,0507 Y=22,9182 Vx=88,9469 Vy=54,9341
[22632,154] Ball=B002 X=183,1666 Y=129,1934 Vx=27,4787 Vy=-185,6522
[22634,776] Ball=B001 X=103,3299 Y=188,6445 Vx=-81,2214 Vy=15,6533
[22631,287] Ball=B006 X=215,1452 Y=145,1270 Vx=52,2517 Vy=50,3614
[22624,143] Ball=B008 X=206,7174 Y=349,5849 Vx=182,1599 Vy=140,7611
[22626,752] Ball=B007 X=198,8120 Y=236,9203 Vx=132,1713 Vy=11,3261
[22642,714] Ball=B007 X=200,9217 Y=237,1010 Vx=132,1713 Vy=11,3261
[22648,147] Ball=B002 X=183,6061 Y=126,2243 Vx=27,4787 Vy=-185,6522
[22647,650] Ball=B003 X=30,4612 Y=327,3801 Vx=149,9791 Vy=-46,3296
[22640,126] Ball=B008 X=209,6287 Y=351,8346 Vx=182,1599 Vy=140,7611
[22647,535] Ball=B004 X=356,3987 Y=158,4604 Vx=-30,6384 Vy=19,3772
[22647,203] Ball=B006 X=215,9768 Y=145,9286 Vx=52,2517 Vy=50,3614
[22650,857] Ball=B001 X=102,0237 Y=188,8962 Vx=-81,2214 Vy=15,6533
[22647,504] Ball=B005 X=254,4840 Y=23,8035 Vx=88,9469 Vy=54,9341
[22663,140] Ball=B002 X=184,0181 Y=123,4410 Vx=27,4787 Vy=-185,6522
[22665,737] Ball=B001 X=100,8151 Y=189,1291 Vx=-81,2214 Vy=15,6533
[22657,722] Ball=B007 X=202,9053 Y=237,2710 Vx=132,1713 Vy=11,3261
[22662,532] Ball=B004 X=355,9392 Y=158,7510 Vx=-30,6384 Vy=19,3772
[22662,515] Ball=B005 X=255,8192 Y=24,6281 Vx=88,9469 Vy=54,9341
[22662,299] Ball=B006 X=216,7656 Y=146,6888 Vx=52,2517 Vy=50,3614
[22662,831] Ball=B003 X=32,7380 Y=326,6768 Vx=149,9791 Vy=-46,3296
[22655,139] Ball=B008 X=212,3636 Y=353,9479 Vx=182,1599 Vy=140,7611
[22677,489] Ball=B004 X=355,4810 Y=159,0408 Vx=-30,6384 Vy=19,3772
[22677,384] Ball=B005 X=257,1418 Y=25,4449 Vx=88,9469 Vy=54,9341
[22670,113] Ball=B008 X=215,0911 Y=356,0556 Vx=182,1599 Vy=140,7611
[22678,161] Ball=B002 X=184,4309 Y=120,6521 Vx=27,4787 Vy=-185,6522
[22677,668] Ball=B003 X=34,9633 Y=325,9894 Vx=149,9791 Vy=-46,3296
[22672,745] Ball=B007 X=204,8909 Y=237,4412 Vx=132,1713 Vy=11,3261
[22677,305] Ball=B006 X=217,5497 Y=147,4446 Vx=52,2517 Vy=50,3614
[22680,934] Ball=B001 X=99,5809 Y=189,3670 Vx=-81,2214 Vy=15,6533
[22692,160] Ball=B006 X=218,3258 Y=148,1926 Vx=52,2517 Vy=50,3614
[22693,136] Ball=B002 X=184,8423 Y=117,8720 Vx=27,4787 Vy=-185,6522
[22695,739] Ball=B001 X=98,3784 Y=189,5987 Vx=-81,2214 Vy=15,6533
[22687,726] Ball=B007 X=206,8710 Y=237,6109 Vx=132,1713 Vy=11,3261
[22692,658] Ball=B003 X=37,2115 Y=325,2949 Vx=149,9791 Vy=-46,3296
[22685,150] Ball=B008 X=217,8303 Y=358,1723 Vx=182,1599 Vy=140,7611
[22692,431] Ball=B005 X=258,4801 Y=26,2715 Vx=88,9469 Vy=54,9341
[22692,544] Ball=B004 X=355,0197 Y=159,3325 Vx=-30,6384 Vy=19,3772
[22708,389] Ball=B005 X=259,8994 Y=27,1481 Vx=88,9469 Vy=54,9341
[22708,172] Ball=B006 X=219,1625 Y=148,9991 Vx=52,2517 Vy=50,3614
[22701,116] Ball=B008 X=220,7386 Y=360,4197 Vx=182,1599 Vy=140,7611
[22708,678] Ball=B003 X=39,6141 Y=324,5528 Vx=149,9791 Vy=-46,3296
[22703,830] Ball=B007 X=208,9995 Y=237,7933 Vx=132,1713 Vy=11,3261
[22709,394] Ball=B002 X=185,2891 Y=114,8535 Vx=27,4787 Vy=-185,6522
[22711,991] Ball=B001 X=97,0583 Y=189,8531 Vx=-81,2214 Vy=15,6533
[22708,772] Ball=B004 X=354,5225 Y=159,6470 Vx=-30,6384 Vy=19,3772
[22727,731] Ball=B001 X=95,7800 Y=190,0995 Vx=-81,2214 Vy=15,6533
[22724,164] Ball=B006 X=219,9982 Y=149,8045 Vx=52,2517 Vy=50,3614
[22724,503] Ball=B004 X=354,0406 Y=159,9518 Vx=-30,6384 Vy=19,3772
[22724,650] Ball=B003 X=42,0096 Y=323,8128 Vx=149,9791 Vy=-46,3296
[22725,176] Ball=B002 X=185,7228 Y=111,9237 Vx=27,4787 Vy=-185,6522
[22719,747] Ball=B007 X=211,1033 Y=237,9735 Vx=132,1713 Vy=11,3261
[22724,514] Ball=B005 X=261,3338 Y=28,0339 Vx=88,9469 Vy=54,9341
[22717,141] Ball=B008 X=223,6579 Y=362,6754 Vx=182,1599 Vy=140,7611
[22739,237] Ball=B005 X=262,6433 Y=28,8427 Vx=88,9469 Vy=54,9341
[22739,495] Ball=B003 X=44,2360 Y=323,1250 Vx=149,9791 Vy=-46,3296
[22740,010] Ball=B002 X=186,1304 Y=109,1697 Vx=27,4787 Vy=-185,6522
[22731,987] Ball=B008 X=226,3621 Y=364,7651 Vx=182,1599 Vy=140,7611
[22742,623] Ball=B001 X=94,5703 Y=190,3326 Vx=-81,2214 Vy=15,6533
[22739,056] Ball=B006 X=220,7763 Y=150,5545 Vx=52,2517 Vy=50,3614
[22734,611] Ball=B007 X=213,0679 Y=238,1419 Vx=132,1713 Vy=11,3261
[22739,401] Ball=B004 X=353,5841 Y=160,2405 Vx=-30,6384 Vy=19,3772
[22755,162] Ball=B006 X=221,6178 Y=151,3655 Vx=52,2517 Vy=50,3614
[22750,714] Ball=B007 X=215,1962 Y=238,3243 Vx=132,1713 Vy=11,3261
[22755,507] Ball=B004 X=353,0907 Y=160,5526 Vx=-30,6384 Vy=19,3772
[22756,156] Ball=B002 X=186,5741 Y=106,1721 Vx=27,4787 Vy=-185,6522
[22748,139] Ball=B008 X=229,3044 Y=367,0387 Vx=182,1599 Vy=140,7611
[22755,422] Ball=B005 X=264,0830 Y=29,7318 Vx=88,9469 Vy=54,9341
[22755,812] Ball=B003 X=46,6832 Y=322,3691 Vx=149,9791 Vy=-46,3296
[22758,775] Ball=B001 X=93,2585 Y=190,5855 Vx=-81,2214 Vy=15,6533
[22771,003] Ball=B006 X=222,4455 Y=152,1633 Vx=52,2517 Vy=50,3614
[22771,480] Ball=B003 X=49,0330 Y=321,6432 Vx=149,9791 Vy=-46,3296
[22771,236] Ball=B005 X=265,4895 Y=30,6005 Vx=88,9469 Vy=54,9341
[22774,810] Ball=B001 X=91,9560 Y=190,8365 Vx=-81,2214 Vy=15,6533
[22764,181] Ball=B008 X=232,2265 Y=369,2967 Vx=182,1599 Vy=140,7611
[22772,289] Ball=B002 X=187,0174 Y=103,1769 Vx=27,4787 Vy=-185,6522
[22771,651] Ball=B004 X=352,5960 Y=160,8654 Vx=-30,6384 Vy=19,3772
[22766,876] Ball=B007 X=217,3324 Y=238,5073 Vx=132,1713 Vy=11,3261
[22781,728] Ball=B007 X=219,2954 Y=238,6755 Vx=132,1713 Vy=11,3261
[22786,179] Ball=B006 X=223,2385 Y=152,9276 Vx=52,2517 Vy=50,3614
[22786,409] Ball=B005 X=266,8392 Y=31,4341 Vx=88,9469 Vy=54,9341
[22787,201] Ball=B002 X=187,4271 Y=100,4085 Vx=27,4787 Vy=-185,6522
[22786,698] Ball=B004 X=352,1350 Y=161,1569 Vx=-30,6384 Vy=19,3772
[22779,380] Ball=B008 X=234,9953 Y=371,4363 Vx=182,1599 Vy=140,7611
[22786,979] Ball=B003 X=51,3575 Y=320,9251 Vx=149,9791 Vy=-46,3296
[22789,950] Ball=B001 X=90,7264 Y=191,0735 Vx=-81,2214 Vy=15,6533
[22805,615] Ball=B001 X=89,4541 Y=191,3187 Vx=-81,2214 Vy=15,6533
[22802,044] Ball=B006 X=224,0674 Y=153,7265 Vx=52,2517 Vy=50,3614
[22795,209] Ball=B008 X=237,8787 Y=373,6643 Vx=182,1599 Vy=140,7611
[22803,369] Ball=B002 X=187,8714 Y=97,4070 Vx=27,4787 Vy=-185,6522
[22802,638] Ball=B005 X=268,2827 Y=32,3256 Vx=88,9469 Vy=54,9341
[22797,988] Ball=B007 X=221,4445 Y=238,8597 Vx=132,1713 Vy=11,3261
[22802,672] Ball=B004 X=351,6456 Y=161,4665 Vx=-30,6384 Vy=19,3772
[22802,746] Ball=B003 X=53,7224 Y=320,1946 Vx=149,9791 Vy=-46,3296
[22811,993] Ball=B008 X=240,9359 Y=376,0267 Vx=182,1599 Vy=140,7611
[22814,609] Ball=B007 X=223,6413 Y=239,0480 Vx=132,1713 Vy=11,3261
[22819,559] Ball=B003 X=56,2440 Y=319,4157 Vx=149,9791 Vy=-46,3296
[22819,313] Ball=B005 X=269,7659 Y=33,2416 Vx=88,9469 Vy=54,9341
[22820,071] Ball=B002 X=188,3304 Y=94,3062 Vx=27,4787 Vy=-185,6522
[22822,675] Ball=B001 X=88,0684 Y=191,5857 Vx=-81,2214 Vy=15,6533
[22819,444] Ball=B004 X=351,1317 Y=161,7915 Vx=-30,6384 Vy=19,3772
[22819,118] Ball=B006 X=224,9597 Y=154,5865 Vx=52,2517 Vy=50,3614
[22835,639] Ball=B004 X=350,6356 Y=162,1053 Vx=-30,6384 Vy=19,3772
[22835,312] Ball=B006 X=225,8058 Y=155,4020 Vx=52,2517 Vy=50,3614
[22836,282] Ball=B002 X=188,7758 Y=91,2970 Vx=27,4787 Vy=-185,6522
[22835,540] Ball=B005 X=271,2092 Y=34,1331 Vx=88,9469 Vy=54,9341
[22830,877] Ball=B007 X=225,7915 Y=239,2322 Vx=132,1713 Vy=11,3261
[22838,921] Ball=B001 X=86,7489 Y=191,8400 Vx=-81,2214 Vy=15,6533
[22828,289] Ball=B008 X=243,9045 Y=371,7060 Vx=182,1599 Vy=-140,7611
[22835,820] Ball=B003 X=58,6828 Y=318,6623 Vx=149,9791 Vy=-46,3296
[22844,107] Ball=B008 X=246,7858 Y=369,4796 Vx=182,1599 Vy=-140,7611
[22846,714] Ball=B007 X=227,8845 Y=239,4116 Vx=132,1713 Vy=11,3261
[22854,749] Ball=B001 X=85,4633 Y=192,0878 Vx=-81,2214 Vy=15,6533
[22852,169] Ball=B002 X=189,2124 Y=88,3470 Vx=27,4787 Vy=-185,6522
[22851,418] Ball=B005 X=272,6215 Y=35,0053 Vx=88,9469 Vy=54,9341
[22851,677] Ball=B003 X=61,0609 Y=317,9277 Vx=149,9791 Vy=-46,3296
[22851,290] Ball=B006 X=226,6407 Y=156,2067 Vx=52,2517 Vy=50,3614
[22851,538] Ball=B004 X=350,1484 Y=162,4134 Vx=-30,6384 Vy=19,3772
[22867,283] Ball=B005 X=274,0326 Y=35,8768 Vx=88,9469 Vy=54,9341
[22867,232] Ball=B006 X=227,4737 Y=157,0095 Vx=52,2517 Vy=50,3614
[22860,179] Ball=B008 X=249,7135 Y=367,2172 Vx=182,1599 Vy=-140,7611
[22867,581] Ball=B004 X=349,6569 Y=162,7242 Vx=-30,6384 Vy=19,3772
[22870,803] Ball=B001 X=84,1594 Y=192,3391 Vx=-81,2214 Vy=15,6533
[22868,292] Ball=B002 X=189,6554 Y=85,3539 Vx=27,4787 Vy=-185,6522
[22867,806] Ball=B003 X=63,4800 Y=317,1804 Vx=149,9791 Vy=-46,3296
[22862,885] Ball=B007 X=230,0220 Y=239,5947 Vx=132,1713 Vy=11,3261
[22883,140] Ball=B002 X=190,0634 Y=82,5974 Vx=27,4787 Vy=-185,6522
[22882,164] Ball=B006 X=228,2538 Y=157,7615 Vx=52,2517 Vy=50,3614
[22875,110] Ball=B008 X=252,4334 Y=365,1155 Vx=182,1599 Vy=-140,7611
[22877,728] Ball=B007 X=231,9838 Y=239,7628 Vx=132,1713 Vy=11,3261
[22882,675] Ball=B003 X=65,7100 Y=316,4916 Vx=149,9791 Vy=-46,3296
[22885,776] Ball=B001 X=82,9433 Y=192,5735 Vx=-81,2214 Vy=15,6533
[22882,538] Ball=B004 X=349,1986 Y=163,0141 Vx=-30,6384 Vy=19,3772
[22882,428] Ball=B005 X=275,3797 Y=36,7088 Vx=88,9469 Vy=54,9341
[22898,382] Ball=B005 X=276,7987 Y=37,5851 Vx=88,9469 Vy=54,9341
[22893,711] Ball=B007 X=234,0962 Y=239,9439 Vx=132,1713 Vy=11,3261
[22899,157] Ball=B002 X=190,5035 Y=79,6237 Vx=27,4787 Vy=-185,6522
[22898,505] Ball=B004 X=348,7094 Y=163,3235 Vx=-30,6384 Vy=19,3772
[22901,785] Ball=B001 X=81,6430 Y=192,8240 Vx=-81,2214 Vy=15,6533
[22898,758] Ball=B003 X=68,1221 Y=315,7464 Vx=149,9791 Vy=-46,3296
[22898,294] Ball=B006 X=229,0968 Y=158,5739 Vx=52,2517 Vy=50,3614
[22891,372] Ball=B008 X=255,3957 Y=362,8264 Vx=182,1599 Vy=-140,7611
[22913,392] Ball=B005 X=278,1338 Y=38,4097 Vx=88,9469 Vy=54,9341
[22906,120] Ball=B008 X=258,0820 Y=360,7506 Vx=182,1599 Vy=-140,7611
[22913,659] Ball=B003 X=70,3569 Y=315,0561 Vx=149,9791 Vy=-46,3296
[22908,745] Ball=B007 X=236,0833 Y=240,1141 Vx=132,1713 Vy=11,3261
[22913,221] Ball=B006 X=229,8767 Y=159,3257 Vx=52,2517 Vy=50,3614
[22914,199] Ball=B002 X=190,9169 Y=76,8310 Vx=27,4787 Vy=-185,6522
[22913,642] Ball=B004 X=348,2457 Y=163,6168 Vx=-30,6384 Vy=19,3772
[22917,011] Ball=B001 X=80,4063 Y=193,0624 Vx=-81,2214 Vy=15,6533
[22923,702] Ball=B007 X=238,0602 Y=240,2836 Vx=132,1713 Vy=11,3261
[22929,130] Ball=B002 X=191,3272 Y=74,0591 Vx=27,4787 Vy=-185,6522
[22928,164] Ball=B006 X=230,6575 Y=160,0782 Vx=52,2517 Vy=50,3614
[22931,739] Ball=B001 X=79,2101 Y=193,2929 Vx=-81,2214 Vy=15,6533
[22921,214] Ball=B008 X=260,8317 Y=358,6258 Vx=182,1599 Vy=-140,7611
[22928,797] Ball=B003 X=72,6274 Y=314,3547 Vx=149,9791 Vy=-46,3296
[22928,603] Ball=B005 X=279,4869 Y=39,2454 Vx=88,9469 Vy=54,9341
[22928,748] Ball=B004 X=347,7828 Y=163,9095 Vx=-30,6384 Vy=19,3772
[22946,641] Ball=B001 X=77,9998 Y=193,5262 Vx=-81,2214 Vy=15,6533
[22944,066] Ball=B002 X=191,7376 Y=71,2863 Vx=27,4787 Vy=-185,6522
[22943,569] Ball=B003 X=74,8428 Y=313,6703 Vx=149,9791 Vy=-46,3296
[22943,511] Ball=B004 X=347,3305 Y=164,1956 Vx=-30,6384 Vy=19,3772
[22936,128] Ball=B008 X=263,5484 Y=356,5266 Vx=182,1599 Vy=-140,7611
[22943,478] Ball=B005 X=280,8099 Y=40,0625 Vx=88,9469 Vy=54,9341
[22943,200] Ball=B006 X=231,4432 Y=160,8354 Vx=52,2517 Vy=50,3614
[22938,880] Ball=B007 X=240,0664 Y=240,4555 Vx=132,1713 Vy=11,3261
[22954,608] Ball=B007 X=242,1451 Y=240,6336 Vx=132,1713 Vy=11,3261
[22959,284] Ball=B005 X=282,2158 Y=40,9308 Vx=88,9469 Vy=54,9341
[22959,072] Ball=B006 X=232,2725 Y=161,6348 Vx=52,2517 Vy=50,3614
[22959,568] Ball=B003 X=77,2423 Y=312,9291 Vx=149,9791 Vy=-46,3296
[22960,072] Ball=B002 X=192,1774 Y=68,3147 Vx=27,4787 Vy=-185,6522
[22962,670] Ball=B001 X=76,6979 Y=193,7771 Vx=-81,2214 Vy=15,6533
[22952,039] Ball=B008 X=266,4469 Y=354,2868 Vx=182,1599 Vy=-140,7611
[22959,446] Ball=B004 X=346,8423 Y=164,5043 Vx=-30,6384 Vy=19,3772
[22975,045] Ball=B002 X=192,5888 Y=65,5352 Vx=27,4787 Vy=-185,6522
[22967,019] Ball=B008 X=269,1754 Y=352,1784 Vx=182,1599 Vy=-140,7611
[22977,658] Ball=B001 X=75,4805 Y=194,0117 Vx=-81,2214 Vy=15,6533
[22974,427] Ball=B004 X=346,3833 Y=164,7946 Vx=-30,6384 Vy=19,3772
[22969,646] Ball=B007 X=244,1327 Y=240,8039 Vx=132,1713 Vy=11,3261
[22974,110] Ball=B006 X=233,0583 Y=162,3921 Vx=52,2517 Vy=50,3614
[22974,585] Ball=B003 X=79,4946 Y=312,2334 Vx=149,9791 Vy=-46,3296
[22974,336] Ball=B005 X=283,5547 Y=41,7577 Vx=88,9469 Vy=54,9341
[22989,397] Ball=B004 X=345,9247 Y=165,0847 Vx=-30,6384 Vy=19,3772
[22989,310] Ball=B005 X=284,8866 Y=42,5803 Vx=88,9469 Vy=54,9341
[22989,173] Ball=B006 X=233,8453 Y=163,1507 Vx=52,2517 Vy=50,3614
[22992,756] Ball=B001 X=74,2542 Y=194,2481 Vx=-81,2214 Vy=15,6533
[22982,196] Ball=B008 X=271,9402 Y=350,0419 Vx=182,1599 Vy=-140,7611
[22990,299] Ball=B002 X=193,0080 Y=62,7030 Vx=27,4787 Vy=-185,6522
[22989,808] Ball=B003 X=81,7778 Y=311,5281 Vx=149,9791 Vy=-46,3296
[22984,886] Ball=B007 X=246,1470 Y=240,9765 Vx=132,1713 Vy=11,3261
[22999,628] Ball=B007 X=248,0953 Y=241,1435 Vx=132,1713 Vy=11,3261
[23004,587] Ball=B003 X=83,9942 Y=310,8434 Vx=149,9791 Vy=-46,3296
[22997,713] Ball=B008 X=274,7665 Y=347,8579 Vx=182,1599 Vy=-140,7611
[23008,350] Ball=B001 X=72,9876 Y=194,4921 Vx=-81,2214 Vy=15,6533
[23005,051] Ball=B006 X=234,6749 Y=163,9503 Vx=52,2517 Vy=50,3614
[23005,389] Ball=B004 X=345,4347 Y=165,3946 Vx=-30,6384 Vy=19,3772
[23005,275] Ball=B005 X=286,3066 Y=43,4572 Vx=88,9469 Vy=54,9341
[23006,302] Ball=B002 X=193,4477 Y=59,7321 Vx=27,4787 Vy=-185,6522
[23020,382] Ball=B004 X=344,9753 Y=165,6851 Vx=-30,6384 Vy=19,3772
[23020,279] Ball=B005 X=287,6411 Y=44,2814 Vx=88,9469 Vy=54,9341
[23020,538] Ball=B003 X=86,3865 Y=310,1044 Vx=149,9791 Vy=-46,3296
[23023,653] Ball=B001 X=71,7447 Y=194,7317 Vx=-81,2214 Vy=15,6533
[23021,059] Ball=B002 X=193,8532 Y=56,9924 Vx=27,4787 Vy=-185,6522
[23020,095] Ball=B006 X=235,4611 Y=164,7080 Vx=52,2517 Vy=50,3614
[23013,030] Ball=B008 X=277,5568 Y=345,7018 Vx=182,1599 Vy=-140,7611
[23015,714] Ball=B007 X=250,2216 Y=241,3257 Vx=132,1713 Vy=11,3261
[23036,037] Ball=B006 X=236,2940 Y=165,5108 Vx=52,2517 Vy=50,3614
[23028,974] Ball=B008 X=280,4610 Y=343,4576 Vx=182,1599 Vy=-140,7611
[23039,613] Ball=B001 X=70,4484 Y=194,9815 Vx=-81,2214 Vy=15,6533
[23036,520] Ball=B003 X=88,7836 Y=309,3640 Vx=149,9791 Vy=-46,3296
[23031,604] Ball=B007 X=252,3217 Y=241,5057 Vx=132,1713 Vy=11,3261
[23036,293] Ball=B005 X=289,0656 Y=45,1612 Vx=88,9469 Vy=54,9341
[23036,405] Ball=B004 X=344,4844 Y=165,9956 Vx=-30,6384 Vy=19,3772
[23037,060] Ball=B002 X=194,2929 Y=54,0217 Vx=27,4787 Vy=-185,6522
[23051,367] Ball=B004 X=344,0260 Y=166,2855 Vx=-30,6384 Vy=19,3772
[23051,508] Ball=B003 X=91,0313 Y=308,6696 Vx=149,9791 Vy=-46,3296
[23046,590] Ball=B007 X=254,3025 Y=241,6754 Vx=132,1713 Vy=11,3261
[23043,988] Ball=B008 X=283,1961 Y=341,3441 Vx=182,1599 Vy=-140,7611
[23051,071] Ball=B006 X=237,0796 Y=166,2679 Vx=52,2517 Vy=50,3614
[23051,285] Ball=B005 X=290,3991 Y=45,9848 Vx=88,9469 Vy=54,9341
[23052,049] Ball=B002 X=194,7048 Y=51,2390 Vx=27,4787 Vy=-185,6522
[23054,643] Ball=B001 X=69,2277 Y=195,2168 Vx=-81,2214 Vy=15,6533
[23069,609] Ball=B001 X=68,0122 Y=195,4510 Vx=-81,2214 Vy=15,6533
[23066,511] Ball=B003 X=93,2815 Y=307,9745 Vx=149,9791 Vy=-46,3296
[23066,264] Ball=B005 X=291,7314 Y=46,8076 Vx=88,9469 Vy=54,9341
[23066,052] Ball=B006 X=237,8624 Y=167,0224 Vx=52,2517 Vy=50,3614
[23061,621] Ball=B007 X=256,2892 Y=241,8456 Vx=132,1713 Vy=11,3261
[23066,405] Ball=B004 X=343,5652 Y=166,5769 Vx=-30,6384 Vy=19,3772
[23059,011] Ball=B008 X=285,9328 Y=339,2294 Vx=182,1599 Vy=-140,7611
[23067,046] Ball=B002 X=195,1169 Y=48,4547 Vx=27,4787 Vy=-185,6522
[23074,990] Ball=B008 X=288,8434 Y=336,9803 Vx=182,1599 Vy=-140,7611
[23083,027] Ball=B002 X=195,5560 Y=45,4881 Vx=27,4787 Vy=-185,6522
[23085,628] Ball=B001 X=66,7110 Y=195,7018 Vx=-81,2214 Vy=15,6533
[23077,612] Ball=B007 X=258,4028 Y=242,0268 Vx=132,1713 Vy=11,3261
[23082,304] Ball=B005 X=293,1582 Y=47,6888 Vx=88,9469 Vy=54,9341
[23082,556] Ball=B003 X=95,6880 Y=307,2311 Vx=149,9791 Vy=-46,3296
[23082,416] Ball=B004 X=343,0747 Y=166,8871 Vx=-30,6384 Vy=19,3772
[23082,152] Ball=B006 X=238,7036 Y=167,8332 Vx=52,2517 Vy=50,3614
[23092,594] Ball=B007 X=260,3829 Y=242,1964 Vx=132,1713 Vy=11,3261
[23097,375] Ball=B004 X=342,6164 Y=167,1770 Vx=-30,6384 Vy=19,3772
[23098,020] Ball=B002 X=195,9680 Y=42,7043 Vx=27,4787 Vy=-185,6522
[23097,271] Ball=B005 X=294,4894 Y=48,5110 Vx=88,9469 Vy=54,9341
[23097,061] Ball=B006 X=239,4827 Y=168,5841 Vx=52,2517 Vy=50,3614
[23097,546] Ball=B003 X=97,9362 Y=306,5366 Vx=149,9791 Vy=-46,3296
[23090,070] Ball=B008 X=291,5905 Y=334,8575 Vx=182,1599 Vy=-140,7611
[23100,649] Ball=B001 X=65,4910 Y=195,9369 Vx=-81,2214 Vy=15,6533
[23107,593] Ball=B007 X=262,3652 Y=242,3663 Vx=132,1713 Vy=11,3261
[23112,049] Ball=B006 X=240,2658 Y=169,3389 Vx=52,2517 Vy=50,3614
[23112,523] Ball=B003 X=100,1825 Y=305,8428 Vx=149,9791 Vy=-46,3296
[23112,385] Ball=B004 X=342,1565 Y=167,4679 Vx=-30,6384 Vy=19,3772
[23112,279] Ball=B005 X=295,8243 Y=49,3354 Vx=88,9469 Vy=54,9341
[23115,640] Ball=B001 X=64,2735 Y=196,1716 Vx=-81,2214 Vy=15,6533
[23105,019] Ball=B008 X=294,3137 Y=332,7532 Vx=182,1599 Vy=-140,7611
[23113,121] Ball=B002 X=196,3813 Y=39,9119 Vx=27,4787 Vy=-185,6522
[23128,611] Ball=B003 X=102,5951 Y=305,0975 Vx=149,9791 Vy=-46,3296
[23131,712] Ball=B001 X=62,9681 Y=196,4231 Vx=-81,2214 Vy=15,6533
[23129,117] Ball=B002 X=196,8225 Y=36,9313 Vx=27,4787 Vy=-185,6522
[23121,085] Ball=B008 X=297,2401 Y=330,4918 Vx=182,1599 Vy=-140,7611
[23128,153] Ball=B006 X=241,1072 Y=170,1499 Vx=52,2517 Vy=50,3614
[23128,399] Ball=B005 X=297,2582 Y=50,2210 Vx=88,9469 Vy=54,9341
[23128,508] Ball=B004 X=341,6625 Y=167,7803 Vx=-30,6384 Vy=19,3772
[23123,815] Ball=B007 X=264,5094 Y=242,5501 Vx=132,1713 Vy=11,3261
[23146,687] Ball=B001 X=61,7518 Y=196,6576 Vx=-81,2214 Vy=15,6533
[23143,445] Ball=B004 X=341,2049 Y=168,0697 Vx=-30,6384 Vy=19,3772
[23143,621] Ball=B003 X=104,8465 Y=304,4020 Vx=149,9791 Vy=-46,3296
[23143,370] Ball=B005 X=298,5898 Y=51,0434 Vx=88,9469 Vy=54,9341
[23136,159] Ball=B008 X=299,9862 Y=328,3699 Vx=182,1599 Vy=-140,7611
[23143,223] Ball=B006 X=241,8947 Y=170,9088 Vx=52,2517 Vy=50,3614
[23138,771] Ball=B007 X=266,4862 Y=242,7194 Vx=132,1713 Vy=11,3261
[23144,206] Ball=B002 X=197,2372 Y=34,1298 Vx=27,4787 Vy=-185,6522
[23158,258] Ball=B006 X=242,6803 Y=171,6660 Vx=52,2517 Vy=50,3614
[23159,233] Ball=B002 X=197,6500 Y=31,3403 Vx=27,4787 Vy=-185,6522
[23158,735] Ball=B003 X=107,1132 Y=303,7018 Vx=149,9791 Vy=-46,3296
[23151,210] Ball=B008 X=302,7277 Y=326,2514 Vx=182,1599 Vy=-140,7611
[23153,826] Ball=B007 X=268,4761 Y=242,8900 Vx=132,1713 Vy=11,3261
[23161,863] Ball=B001 X=60,5191 Y=196,8951 Vx=-81,2214 Vy=15,6533
[23158,627] Ball=B004 X=340,7397 Y=168,3639 Vx=-30,6384 Vy=19,3772
[23158,516] Ball=B005 X=299,9369 Y=51,8754 Vx=88,9469 Vy=54,9341
[23173,816] Ball=B005 X=301,2978 Y=52,7159 Vx=88,9469 Vy=54,9341
[23177,175] Ball=B001 X=59,2755 Y=197,1348 Vx=-81,2214 Vy=15,6533
[23169,290] Ball=B007 X=270,5200 Y=243,0651 Vx=132,1713 Vy=11,3261
[23166,639] Ball=B008 X=305,5383 Y=324,0796 Vx=182,1599 Vy=-140,7611
[23174,171] Ball=B003 X=109,4282 Y=302,9867 Vx=149,9791 Vy=-46,3296
[23174,734] Ball=B002 X=198,0760 Y=28,4621 Vx=27,4787 Vy=-185,6522
[23173,756] Ball=B006 X=243,4901 Y=172,4465 Vx=52,2517 Vy=50,3614
[23174,090] Ball=B004 X=340,2660 Y=168,6635 Vx=-30,6384 Vy=19,3772
[23189,900] Ball=B004 X=339,7816 Y=168,9699 Vx=-30,6384 Vy=19,3772
[23189,587] Ball=B006 X=244,3173 Y=173,2438 Vx=52,2517 Vy=50,3614
[23190,063] Ball=B003 X=111,8118 Y=302,2504 Vx=149,9791 Vy=-46,3296
[23189,817] Ball=B005 X=302,7211 Y=53,5949 Vx=88,9469 Vy=54,9341
[23182,551] Ball=B008 X=308,4368 Y=321,8398 Vx=182,1599 Vy=-140,7611
[23193,191] Ball=B001 X=57,9746 Y=197,3855 Vx=-81,2214 Vy=15,6533
[23185,168] Ball=B007 X=272,6185 Y=243,2449 Vx=132,1713 Vy=11,3261
[23190,597] Ball=B002 X=198,5119 Y=25,5172 Vx=27,4787 Vy=-185,6522
[23200,576] Ball=B007 X=274,6549 Y=243,4194 Vx=132,1713 Vy=11,3261
[23206,012] Ball=B002 X=198,9355 Y=22,6556 Vx=27,4787 Vy=-185,6522
[23197,997] Ball=B008 X=311,2504 Y=319,6656 Vx=182,1599 Vy=-140,7611
[23208,631] Ball=B001 X=56,7206 Y=197,6272 Vx=-81,2214 Vy=15,6533
[23205,293] Ball=B005 X=304,0976 Y=54,4451 Vx=88,9469 Vy=54,9341
[23205,547] Ball=B003 X=114,1340 Y=301,5330 Vx=149,9791 Vy=-46,3296
[23205,197] Ball=B006 X=245,1329 Y=174,0299 Vx=52,2517 Vy=50,3614
[23205,530] Ball=B004 X=339,3027 Y=169,2728 Vx=-30,6384 Vy=19,3772
[23221,346] Ball=B004 X=338,8182 Y=169,5792 Vx=-30,6384 Vy=19,3772
[23221,018] Ball=B006 X=245,9596 Y=174,8267 Vx=52,2517 Vy=50,3614
[23221,493] Ball=B003 X=116,5256 Y=300,7942 Vx=149,9791 Vy=-46,3296
[23224,611] Ball=B001 X=55,4226 Y=197,8773 Vx=-81,2214 Vy=15,6533
[23216,598] Ball=B007 X=276,7727 Y=243,6009 Vx=132,1713 Vy=11,3261
[23213,986] Ball=B008 X=314,1631 Y=317,4149 Vx=182,1599 Vy=-140,7611
[23221,269] Ball=B005 X=305,5187 Y=55,3227 Vx=88,9469 Vy=54,9341
[23222,031] Ball=B002 X=199,3757 Y=19,6815 Vx=27,4787 Vy=-185,6522
[23228,968] Ball=B008 X=316,8920 Y=315,3061 Vx=182,1599 Vy=-140,7611
[23239,603] Ball=B001 X=54,2050 Y=198,1120 Vx=-81,2214 Vy=15,6533
[23236,258] Ball=B005 X=306,8518 Y=56,1461 Vx=88,9469 Vy=54,9341
[23231,598] Ball=B007 X=278,7552 Y=243,7708 Vx=132,1713 Vy=11,3261
[23237,098] Ball=B002 X=199,7897 Y=16,8842 Vx=27,4787 Vy=-185,6522
[23236,469] Ball=B004 X=338,3548 Y=169,8722 Vx=-30,6384 Vy=19,3772
[23236,657] Ball=B003 X=118,7998 Y=300,0917 Vx=149,9791 Vy=-46,3296
[23236,187] Ball=B006 X=246,7522 Y=175,5906 Vx=52,2517 Vy=50,3614
[23252,472] Ball=B003 X=121,1718 Y=299,3590 Vx=149,9791 Vy=-46,3296
[23252,344] Ball=B004 X=337,8684 Y=170,1799 Vx=-30,6384 Vy=19,3772
[23252,991] Ball=B002 X=200,2264 Y=13,9336 Vx=27,4787 Vy=-185,6522
[23252,026] Ball=B006 X=247,5798 Y=176,3883 Vx=52,2517 Vy=50,3614
[23247,576] Ball=B007 X=280,8671 Y=243,9518 Vx=132,1713 Vy=11,3261
[23255,609] Ball=B001 X=52,9049 Y=198,3626 Vx=-81,2214 Vy=15,6533
[23252,254] Ball=B005 X=308,2747 Y=57,0248 Vx=88,9469 Vy=54,9341
[23245,081] Ball=B008 X=319,8273 Y=313,0379 Vx=182,1599 Vy=-140,7611
[23270,661] Ball=B001 X=51,6824 Y=198,5982 Vx=-81,2214 Vy=15,6533
[23267,092] Ball=B006 X=248,3671 Y=177,1471 Vx=52,2517 Vy=50,3614
[23260,038] Ball=B008 X=322,5519 Y=310,9326 Vx=182,1599 Vy=-140,7611
[23267,439] Ball=B004 X=337,4059 Y=170,4724 Vx=-30,6384 Vy=19,3772
[23268,191] Ball=B002 X=200,6441 Y=11,1117 Vx=27,4787 Vy=-185,6522
[23262,768] Ball=B007 X=282,8750 Y=244,1239 Vx=132,1713 Vy=11,3261
[23267,751] Ball=B003 X=123,4633 Y=298,6511 Vx=149,9791 Vy=-46,3296
[23267,541] Ball=B005 X=309,6344 Y=57,8646 Vx=88,9469 Vy=54,9341
[23278,572] Ball=B007 X=284,9638 Y=244,3028 Vx=132,1713 Vy=11,3261
[23286,600] Ball=B001 X=50,3878 Y=198,8477 Vx=-81,2214 Vy=15,6533
[23283,502] Ball=B003 X=125,8256 Y=297,9214 Vx=149,9791 Vy=-46,3296
[23275,984] Ball=B008 X=325,4565 Y=308,6881 Vx=182,1599 Vy=-140,7611
[23284,029] Ball=B002 X=201,0793 Y=8,1714 Vx=27,4787 Vy=-185,6522
[23283,395] Ball=B004 X=336,9171 Y=170,7815 Vx=-30,6384 Vy=19,3772
[23283,143] Ball=B006 X=249,2057 Y=177,9554 Vx=52,2517 Vy=50,3614
[23283,370] Ball=B005 X=311,0423 Y=58,7342 Vx=88,9469 Vy=54,9341
[23299,021] Ball=B006 X=250,0354 Y=178,7550 Vx=52,2517 Vy=50,3614
[23299,236] Ball=B005 X=312,4535 Y=59,6057 Vx=88,9469 Vy=54,9341
[23300,008] Ball=B002 X=201,5184 Y=5,2049 Vx=27,4787 Vy=-185,6522
[23299,508] Ball=B003 X=128,2261 Y=297,1799 Vx=149,9791 Vy=-46,3296
[23292,059] Ball=B008 X=328,3848 Y=306,4253 Vx=182,1599 Vy=-140,7611
[23302,699] Ball=B001 X=49,0803 Y=199,0997 Vx=-81,2214 Vy=15,6533
[23299,462] Ball=B004 X=336,4248 Y=171,0929 Vx=-30,6384 Vy=19,3772
[23294,678] Ball=B007 X=287,0925 Y=244,4853 Vx=132,1713 Vy=11,3261
[23314,359] Ball=B004 X=335,9683 Y=171,3815 Vx=-30,6384 Vy=19,3772
[23314,514] Ball=B003 X=130,4767 Y=296,4846 Vx=149,9791 Vy=-46,3296
[23317,620] Ball=B001 X=47,8683 Y=199,3332 Vx=-81,2214 Vy=15,6533
[23315,034] Ball=B002 X=201,9313 Y=2,4153 Vx=27,4787 Vy=-185,6522
[23307,004] Ball=B008 X=331,1072 Y=304,3216 Vx=182,1599 Vy=-140,7611
[23309,574] Ball=B007 X=289,0607 Y=244,6539 Vx=132,1713 Vy=11,3261
[23314,157] Ball=B006 X=250,8263 Y=179,5173 Vx=52,2517 Vy=50,3614
[23314,371] Ball=B005 X=313,7997 Y=60,4372 Vx=88,9469 Vy=54,9341
[23330,024] Ball=B006 X=251,6553 Y=180,3164 Vx=52,2517 Vy=50,3614
[23333,595] Ball=B001 X=46,5708 Y=199,5833 Vx=-81,2214 Vy=15,6533
[23330,506] Ball=B003 X=132,8752 Y=295,7437 Vx=149,9791 Vy=-46,3296
[23330,257] Ball=B005 X=315,2128 Y=61,3098 Vx=88,9469 Vy=54,9341
[23322,992] Ball=B008 X=334,0196 Y=302,0711 Vx=182,1599 Vy=-140,7611
[23331,037] Ball=B002 X=202,3710 Y=-0,5557 Vx=27,4787 Vy=-185,6522
[23325,616] Ball=B007 X=291,1818 Y=244,8357 Vx=132,1713 Vy=11,3261
[23330,496] Ball=B004 X=335,4739 Y=171,6942 Vx=-30,6384 Vy=19,3772
[23346,237] Ball=B005 X=316,6340 Y=62,1876 Vx=88,9469 Vy=54,9341
[23338,965] Ball=B008 X=336,9292 Y=299,8228 Vx=182,1599 Vy=-140,7611
[23341,573] Ball=B007 X=293,2907 Y=245,0164 Vx=132,1713 Vy=11,3261
[23346,366] Ball=B004 X=334,9877 Y=172,0017 Vx=-30,6384 Vy=19,3772
[23346,047] Ball=B006 X=252,4926 Y=181,1234 Vx=52,2517 Vy=50,3614
[23347,031] Ball=B002 X=202,8105 Y=2,9693 Vx=27,4787 Vy=185,6522
[23346,531] Ball=B003 X=135,2787 Y=295,0013 Vx=149,9791 Vy=-46,3296
[23349,637] Ball=B001 X=45,2678 Y=199,8344 Vx=-81,2214 Vy=15,6533
[23361,068] Ball=B006 X=253,2774 Y=181,8798 Vx=52,2517 Vy=50,3614
[23364,639] Ball=B001 X=44,0494 Y=200,0692 Vx=-81,2214 Vy=15,6533
[23361,548] Ball=B003 X=137,5310 Y=294,3055 Vx=149,9791 Vy=-46,3296
[23356,636] Ball=B007 X=295,2817 Y=245,1870 Vx=132,1713 Vy=11,3261
[23354,035] Ball=B008 X=339,6744 Y=297,7015 Vx=182,1599 Vy=-140,7611
[23361,408] Ball=B005 X=317,9835 Y=63,0211 Vx=88,9469 Vy=54,9341
[23362,171] Ball=B002 X=203,2265 Y=5,7801 Vx=27,4787 Vy=185,6522
[23361,538] Ball=B004 X=334,5229 Y=172,2957 Vx=-30,6384 Vy=19,3772
[23372,559] Ball=B007 X=297,3861 Y=245,3674 Vx=132,1713 Vy=11,3261
[23369,949] Ball=B008 X=342,5729 Y=295,4617 Vx=182,1599 Vy=-140,7611
[23380,588] Ball=B001 X=42,7540 Y=200,3189 Vx=-81,2214 Vy=15,6533
[23378,025] Ball=B002 X=203,6622 Y=8,7235 Vx=27,4787 Vy=185,6522
[23377,148] Ball=B006 X=254,1177 Y=182,6896 Vx=52,2517 Vy=50,3614
[23377,482] Ball=B004 X=334,0343 Y=172,6047 Vx=-30,6384 Vy=19,3772
[23377,373] Ball=B005 X=319,4036 Y=63,8981 Vx=88,9469 Vy=54,9341
[23377,671] Ball=B003 X=139,9491 Y=293,5586 Vx=149,9791 Vy=-46,3296
[23392,638] Ball=B004 X=333,5700 Y=172,8984 Vx=-30,6384 Vy=19,3772
[23392,306] Ball=B006 X=254,9097 Y=183,4530 Vx=52,2517 Vy=50,3614
[23395,894] Ball=B001 X=41,5108 Y=200,5585 Vx=-81,2214 Vy=15,6533
[23392,549] Ball=B005 X=320,7535 Y=64,7318 Vx=88,9469 Vy=54,9341
[23393,384] Ball=B002 X=204,0842 Y=11,5748 Vx=27,4787 Vy=185,6522
[23387,959] Ball=B007 X=299,4217 Y=245,5418 Vx=132,1713 Vy=11,3261
[23385,350] Ball=B008 X=345,3787 Y=293,2935 Vx=182,1599 Vy=-140,7611
[23392,977] Ball=B003 X=142,2447 Y=292,8494 Vx=149,9791 Vy=-46,3296
[23401,039] Ball=B008 X=348,2364 Y=291,0853 Vx=182,1599 Vy=-140,7611
[23409,081] Ball=B002 X=204,5156 Y=14,4891 Vx=27,4787 Vy=185,6522
[23408,582] Ball=B003 X=144,5850 Y=292,1265 Vx=149,9791 Vy=-46,3296
[23408,346] Ball=B005 X=322,1586 Y=65,5996 Vx=88,9469 Vy=54,9341
[23408,134] Ball=B006 X=255,7367 Y=184,2501 Vx=52,2517 Vy=50,3614
[23403,681] Ball=B007 X=301,4998 Y=245,7199 Vx=132,1713 Vy=11,3261
[23408,528] Ball=B004 X=333,0832 Y=173,2063 Vx=-30,6384 Vy=19,3772
[23411,776] Ball=B001 X=40,2209 Y=200,8071 Vx=-81,2214 Vy=15,6533
[23416,144] Ball=B008 X=350,9882 Y=288,9589 Vx=182,1599 Vy=-140,7611
[23424,181] Ball=B002 X=204,9305 Y=17,2922 Vx=27,4787 Vy=185,6522
[23423,204] Ball=B006 X=256,5241 Y=185,0090 Vx=52,2517 Vy=50,3614
[23426,790] Ball=B001 X=39,0014 Y=201,0421 Vx=-81,2214 Vy=15,6533
[23423,562] Ball=B004 X=332,6225 Y=173,4976 Vx=-30,6384 Vy=19,3772
[23423,702] Ball=B003 X=146,8527 Y=291,4260 Vx=149,9791 Vy=-46,3296
[23423,459] Ball=B005 X=323,5028 Y=66,4298 Vx=88,9469 Vy=54,9341
[23418,791] Ball=B007 X=303,4968 Y=245,8910 Vx=132,1713 Vy=11,3261
[23438,325] Ball=B005 X=324,8251 Y=67,2465 Vx=88,9469 Vy=54,9341
[23438,452] Ball=B004 X=332,1663 Y=173,7861 Vx=-30,6384 Vy=19,3772
[23438,595] Ball=B003 X=149,0864 Y=290,7360 Vx=149,9791 Vy=-46,3296
[23438,132] Ball=B006 X=257,3042 Y=185,7609 Vx=52,2517 Vy=50,3614
[23431,086] Ball=B008 X=353,7099 Y=286,8557 Vx=182,1599 Vy=-140,7611
[23433,696] Ball=B007 X=305,4668 Y=246,0598 Vx=132,1713 Vy=11,3261
[23441,721] Ball=B001 X=37,7886 Y=201,2758 Vx=-81,2214 Vy=15,6533
[23439,137] Ball=B002 X=205,3415 Y=20,0691 Vx=27,4787 Vy=185,6522
[23454,016] Ball=B006 X=258,1341 Y=186,5608 Vx=52,2517 Vy=50,3614
[23455,020] Ball=B002 X=205,7778 Y=23,0169 Vx=27,4787 Vy=185,6522
[23457,626] Ball=B001 X=36,4968 Y=201,5248 Vx=-81,2214 Vy=15,6533
[23454,543] Ball=B003 X=151,4782 Y=289,9971 Vx=149,9791 Vy=-46,3296
[23454,296] Ball=B005 X=326,2456 Y=68,1238 Vx=88,9469 Vy=54,9341
[23454,414] Ball=B004 X=331,6773 Y=174,0954 Vx=-30,6384 Vy=19,3772
[23447,018] Ball=B008 X=356,6121 Y=284,6131 Vx=182,1599 Vy=-140,7611
[23449,718] Ball=B007 X=307,5844 Y=246,2413 Vx=132,1713 Vy=11,3261
[23464,577] Ball=B007 X=309,5482 Y=246,4096 Vx=132,1713 Vy=11,3261
[23469,370] Ball=B004 X=331,2191 Y=174,3852 Vx=-30,6384 Vy=19,3772
[23462,012] Ball=B008 X=359,3434 Y=282,5025 Vx=182,1599 Vy=-140,7611
[23470,065] Ball=B002 X=206,1913 Y=25,8110 Vx=27,4787 Vy=185,6522
[23469,309] Ball=B005 X=327,5811 Y=68,9486 Vx=88,9469 Vy=54,9341
[23472,678] Ball=B001 X=35,2743 Y=201,7604 Vx=-81,2214 Vy=15,6533
[23469,110] Ball=B006 X=258,9229 Y=187,3210 Vx=52,2517 Vy=50,3614
[23469,611] Ball=B003 X=153,7381 Y=289,2990 Vx=149,9791 Vy=-46,3296
[23485,585] Ball=B003 X=156,1335 Y=288,5591 Vx=149,9791 Vy=-46,3296
[23485,321] Ball=B006 X=259,7698 Y=188,1373 Vx=52,2517 Vy=50,3614
[23485,543] Ball=B005 X=329,0250 Y=69,8403 Vx=88,9469 Vy=54,9341
[23478,272] Ball=B008 X=362,3054 Y=280,2137 Vx=182,1599 Vy=-140,7611
[23488,912] Ball=B001 X=33,9559 Y=202,0145 Vx=-81,2214 Vy=15,6533
[23485,676] Ball=B004 X=330,7195 Y=174,7012 Vx=-30,6384 Vy=19,3772
[23480,903] Ball=B007 X=311,7062 Y=246,5945 Vx=132,1713 Vy=11,3261
[23486,335] Ball=B002 X=206,6384 Y=28,8314 Vx=27,4787 Vy=185,6522
[23501,025] Ball=B002 X=207,0420 Y=31,5585 Vx=27,4787 Vy=185,6522
[23495,609] Ball=B007 X=313,6499 Y=246,7610 Vx=132,1713 Vy=11,3261
[23503,899] Ball=B001 X=32,7385 Y=202,2491 Vx=-81,2214 Vy=15,6533
[23493,357] Ball=B008 X=365,0532 Y=278,0904 Vx=182,1599 Vy=-140,7611
[23500,960] Ball=B003 X=158,4398 Y=287,8466 Vx=149,9791 Vy=-46,3296
[23500,594] Ball=B006 X=260,5679 Y=188,9066 Vx=52,2517 Vy=50,3614
[23500,829] Ball=B005 X=330,3846 Y=70,6801 Vx=88,9469 Vy=54,9341
[23500,958] Ball=B004 X=330,2512 Y=174,9973 Vx=-30,6384 Vy=19,3772
[23516,613] Ball=B004 X=329,7717 Y=175,3006 Vx=-30,6384 Vy=19,3772
[23517,309] Ball=B002 X=207,4895 Y=34,5820 Vx=27,4787 Vy=185,6522
[23511,899] Ball=B007 X=315,8030 Y=246,9455 Vx=132,1713 Vy=11,3261
[23516,585] Ball=B005 X=331,7861 Y=71,5456 Vx=88,9469 Vy=54,9341
[23518,418] Ball=B003 X=161,0582 Y=287,0378 Vx=149,9791 Vy=-46,3296
[23510,913] Ball=B008 X=368,2513 Y=275,6191 Vx=182,1599 Vy=-140,7611
[23522,224] Ball=B001 X=31,2501 Y=202,5360 Vx=-81,2214 Vy=15,6533
[23518,652] Ball=B006 X=261,5114 Y=189,8159 Vx=52,2517 Vy=50,3614
[23532,466] Ball=B005 X=333,1986 Y=72,4180 Vx=88,9469 Vy=54,9341
[23532,718] Ball=B003 X=163,2028 Y=286,3753 Vx=149,9791 Vy=-46,3296
[23525,186] Ball=B008 X=370,8511 Y=273,6102 Vx=182,1599 Vy=-140,7611
[23527,803] Ball=B007 X=317,9050 Y=247,1257 Vx=132,1713 Vy=11,3261
[23532,626] Ball=B004 X=329,2810 Y=175,6110 Vx=-30,6384 Vy=19,3772
[23533,446] Ball=B002 X=207,9330 Y=37,5777 Vx=27,4787 Vy=185,6522
[23537,800] Ball=B001 X=29,9850 Y=202,7798 Vx=-81,2214 Vy=15,6533
[23534,273] Ball=B006 X=262,3277 Y=190,6027 Vx=52,2517 Vy=50,3614
[23541,124] Ball=B008 X=373,7545 Y=271,3666 Vx=182,1599 Vy=-140,7611
[23548,403] Ball=B005 X=334,6162 Y=73,2935 Vx=88,9469 Vy=54,9341
[23548,540] Ball=B004 X=328,7934 Y=175,9193 Vx=-30,6384 Vy=19,3772
[23543,772] Ball=B007 X=320,0158 Y=247,3065 Vx=132,1713 Vy=11,3261
[23548,693] Ball=B003 X=165,5988 Y=285,6352 Vx=149,9791 Vy=-46,3296
[23549,386] Ball=B002 X=208,3710 Y=40,5370 Vx=27,4787 Vy=185,6522
[23550,055] Ball=B006 X=263,1523 Y=191,3974 Vx=52,2517 Vy=50,3614
[23553,656] Ball=B001 X=28,6972 Y=203,0280 Vx=-81,2214 Vy=15,6533
[23557,125] Ball=B008 X=376,6690 Y=269,1145 Vx=182,1599 Vy=-140,7611
[23565,171] Ball=B002 X=208,8047 Y=43,4674 Vx=27,4787 Vy=185,6522
[23559,746] Ball=B007 X=322,1269 Y=247,4875 Vx=132,1713 Vy=11,3261
[23564,676] Ball=B003 X=167,9959 Y=284,8947 Vx=149,9791 Vy=-46,3296
[23564,639] Ball=B004 X=328,3002 Y=176,2313 Vx=-30,6384 Vy=19,3772
[23564,529] Ball=B005 X=336,0506 Y=74,1794 Vx=88,9469 Vy=54,9341
[23569,745] Ball=B001 X=27,3903 Y=203,2798 Vx=-81,2214 Vy=15,6533
[23566,268] Ball=B006 X=263,9995 Y=192,2139 Vx=52,2517 Vy=50,3614
[23580,014] Ball=B002 X=209,2126 Y=46,2231 Vx=27,4787 Vy=185,6522
[23579,383] Ball=B004 X=327,8484 Y=176,5170 Vx=-30,6384 Vy=19,3772
[23579,272] Ball=B005 X=337,3619 Y=74,9892 Vx=88,9469 Vy=54,9341
[23574,608] Ball=B007 X=324,0913 Y=247,6558 Vx=132,1713 Vy=11,3261
[23572,008] Ball=B008 X=371,2887 Y=267,0194 Vx=-182,1599 Vy=-140,7611
[23579,552] Ball=B003 X=170,2269 Y=284,2055 Vx=149,9791 Vy=-46,3296
[23585,749] Ball=B001 X=26,0905 Y=203,5303 Vx=-81,2214 Vy=15,6533
[23582,186] Ball=B006 X=264,8312 Y=193,0156 Vx=52,2517 Vy=50,3614
[23594,653] Ball=B003 X=172,4916 Y=283,5059 Vx=149,9791 Vy=-46,3296
[23587,127] Ball=B008 X=368,5359 Y=264,8922 Vx=-182,1599 Vy=-140,7611
[23589,742] Ball=B007 X=326,0916 Y=247,8272 Vx=132,1713 Vy=11,3261
[23594,427] Ball=B005 X=338,7099 Y=75,8218 Vx=88,9469 Vy=54,9341
[23595,195] Ball=B002 X=209,6298 Y=49,0416 Vx=27,4787 Vy=185,6522
[23594,835] Ball=B004 X=327,3750 Y=176,8164 Vx=-30,6384 Vy=19,3772
[23601,755] Ball=B001 X=24,7905 Y=203,7809 Vx=-81,2214 Vy=15,6533
[23598,191] Ball=B006 X=265,6675 Y=193,8217 Vx=52,2517 Vy=50,3614
[23605,555] Ball=B007 X=328,1815 Y=248,0063 Vx=132,1713 Vy=11,3261
[23610,486] Ball=B003 X=174,8665 Y=282,7723 Vx=149,9791 Vy=-46,3296
[23611,001] Ball=B002 X=210,0641 Y=51,9760 Vx=27,4787 Vy=185,6522
[23610,324] Ball=B005 X=340,1239 Y=76,6951 Vx=88,9469 Vy=54,9341
[23610,449] Ball=B004 X=326,8966 Y=177,1189 Vx=-30,6384 Vy=19,3772
[23603,056] Ball=B008 X=365,6330 Y=262,6490 Vx=-182,1599 Vy=-140,7611
[23616,747] Ball=B001 X=23,5728 Y=204,0156 Vx=-81,2214 Vy=15,6533
[23613,184] Ball=B006 X=266,4510 Y=194,5767 Vx=52,2517 Vy=50,3614
[23618,996] Ball=B008 X=362,7296 Y=260,4055 Vx=-182,1599 Vy=-140,7611
[23621,628] Ball=B007 X=330,3060 Y=248,1883 Vx=132,1713 Vy=11,3261
[23626,327] Ball=B005 X=341,5473 Y=77,5742 Vx=88,9469 Vy=54,9341
[23626,603] Ball=B003 X=177,2838 Y=282,0256 Vx=149,9791 Vy=-46,3296
[23626,465] Ball=B004 X=326,4059 Y=177,4293 Vx=-30,6384 Vy=19,3772
[23627,114] Ball=B002 X=210,5068 Y=54,9674 Vx=27,4787 Vy=185,6522
[23628,181] Ball=B006 X=267,2345 Y=195,3320 Vx=52,2517 Vy=50,3614
[23631,756] Ball=B001 X=22,3537 Y=204,2505 Vx=-81,2214 Vy=15,6533
[23635,002] Ball=B008 X=359,8141 Y=258,1526 Vx=-182,1599 Vy=-140,7611
[23643,044] Ball=B002 X=210,9446 Y=57,9248 Vx=27,4787 Vy=185,6522
[23642,421] Ball=B004 X=325,9171 Y=177,7385 Vx=-30,6384 Vy=19,3772
[23642,568] Ball=B003 X=179,6781 Y=281,2860 Vx=149,9791 Vy=-46,3296
[23642,320] Ball=B005 X=342,9699 Y=78,4527 Vx=88,9469 Vy=54,9341
[23637,815] Ball=B007 X=332,4454 Y=248,3717 Vx=132,1713 Vy=11,3261
[23643,026] Ball=B006 X=268,0102 Y=196,0796 Vx=52,2517 Vy=50,3614
[23646,612] Ball=B001 X=21,1471 Y=204,4831 Vx=-81,2214 Vy=15,6533
[23661,612] Ball=B001 X=19,9288 Y=204,7179 Vx=-81,2214 Vy=15,6533
[23658,371] Ball=B004 X=325,4284 Y=178,0475 Vx=-30,6384 Vy=19,3772
[23658,273] Ball=B005 X=344,3888 Y=79,3291 Vx=88,9469 Vy=54,9341
[23651,064] Ball=B008 X=356,8880 Y=255,8915 Vx=-182,1599 Vy=-140,7611
[23653,677] Ball=B007 X=334,5419 Y=248,5513 Vx=132,1713 Vy=11,3261
[23659,127] Ball=B002 X=211,3865 Y=60,9107 Vx=27,4787 Vy=185,6522
[23658,620] Ball=B003 X=182,0856 Y=280,5423 Vx=149,9791 Vy=-46,3296
[23658,048] Ball=B006 X=268,7951 Y=196,8361 Vx=52,2517 Vy=50,3614
[23677,624] Ball=B001 X=18,6284 Y=204,9685 Vx=-81,2214 Vy=15,6533
[23675,030] Ball=B002 X=211,8235 Y=63,8632 Vx=27,4787 Vy=185,6522
[23674,064] Ball=B006 X=269,6320 Y=197,6427 Vx=52,2517 Vy=50,3614
[23669,629] Ball=B007 X=336,6503 Y=248,7320 Vx=132,1713 Vy=11,3261
[23667,089] Ball=B008 X=353,9687 Y=253,6356 Vx=-182,1599 Vy=-140,7611
[23674,627] Ball=B003 X=184,4862 Y=279,8007 Vx=149,9791 Vy=-46,3296
[23674,510] Ball=B004 X=324,9339 Y=178,3602 Vx=-30,6384 Vy=19,3772
[23675,078] Ball=B005 X=345,8835 Y=80,2522 Vx=88,9469 Vy=54,9341
[23691,490] Ball=B003 X=187,0152 Y=279,0195 Vx=149,9791 Vy=-46,3296
[23694,593] Ball=B001 X=17,2500 Y=205,2341 Vx=-81,2214 Vy=15,6533
[23691,026] Ball=B006 X=270,5183 Y=198,4970 Vx=52,2517 Vy=50,3614
[23686,703] Ball=B007 X=330,1148 Y=246,4359 Vx=-241,8533 Vy=-94,5769
[23691,378] Ball=B005 X=347,3334 Y=81,1477 Vx=88,9469 Vy=54,9341
[23684,100] Ball=B008 X=358,1700 Y=253,3081 Vx=105,5513 Vy=-59,2972
[23692,209] Ball=B002 X=212,2955 Y=67,0523 Vx=27,4787 Vy=185,6522
[23691,400] Ball=B004 X=324,4164 Y=178,6875 Vx=-30,6384 Vy=19,3772
[23698,949] Ball=B008 X=359,7373 Y=252,4276 Vx=105,5513 Vy=-59,2972
[23706,234] Ball=B005 X=348,6548 Y=81,9638 Vx=88,9469 Vy=54,9341
[23707,007] Ball=B002 X=212,7022 Y=69,7997 Vx=27,4787 Vy=185,6522
[23706,374] Ball=B004 X=323,9577 Y=178,9777 Vx=-30,6384 Vy=19,3772
[23706,515] Ball=B003 X=189,2688 Y=278,3234 Vx=149,9791 Vy=-46,3296
[23701,593] Ball=B007 X=326,5138 Y=245,0277 Vx=-241,8533 Vy=-94,5769
[23709,688] Ball=B001 X=16,0239 Y=205,4704 Vx=-81,2214 Vy=15,6533
[23706,121] Ball=B006 X=271,3070 Y=199,2571 Vx=52,2517 Vy=50,3614
[23721,347] Ball=B004 X=323,4989 Y=179,2678 Vx=-30,6384 Vy=19,3772
[23721,031] Ball=B006 X=272,0861 Y=200,0080 Vx=52,2517 Vy=50,3614
[23716,590] Ball=B007 X=322,8867 Y=243,6093 Vx=-241,8533 Vy=-94,5769
[23722,021] Ball=B002 X=213,1147 Y=72,5871 Vx=27,4787 Vy=185,6522
[23721,526] Ball=B003 X=191,5202 Y=277,6279 Vx=149,9791 Vy=-46,3296
[23724,626] Ball=B001 X=14,8107 Y=205,7042 Vx=-81,2214 Vy=15,6533
[23721,277] Ball=B005 X=349,9928 Y=82,7901 Vx=88,9469 Vy=54,9341
[23714,003] Ball=B008 X=361,3263 Y=251,5350 Vx=105,5513 Vy=-59,2972
[23736,990] Ball=B002 X=213,5261 Y=75,3660 Vx=27,4787 Vy=185,6522
[23739,592] Ball=B001 X=13,5951 Y=205,9385 Vx=-81,2214 Vy=15,6533
[23736,028] Ball=B006 X=272,8698 Y=200,7633 Vx=52,2517 Vy=50,3614
[23728,957] Ball=B008 X=362,9047 Y=250,6482 Vx=105,5513 Vy=-59,2972
[23736,329] Ball=B005 X=351,3316 Y=83,6170 Vx=88,9469 Vy=54,9341
[23731,660] Ball=B007 X=319,2420 Y=242,1841 Vx=-241,8533 Vy=-94,5769
[23736,584] Ball=B003 X=193,7785 Y=276,9303 Vx=149,9791 Vy=-46,3296
[23736,502] Ball=B004 X=323,0346 Y=179,5615 Vx=-30,6384 Vy=19,3772
[23752,226] Ball=B005 X=352,7456 Y=84,4903 Vx=88,9469 Vy=54,9341
[23755,585] Ball=B001 X=12,2962 Y=206,1888 Vx=-81,2214 Vy=15,6533
[23747,563] Ball=B007 X=315,3958 Y=240,6800 Vx=-241,8533 Vy=-94,5769
[23752,498] Ball=B003 X=196,1652 Y=276,1930 Vx=149,9791 Vy=-46,3296
[23753,022] Ball=B002 X=213,9666 Y=78,3426 Vx=27,4787 Vy=185,6522
[23744,987] Ball=B008 X=364,5967 Y=249,6977 Vx=105,5513 Vy=-59,2972
[23752,052] Ball=B006 X=273,7070 Y=201,5703 Vx=52,2517 Vy=50,3614
[23752,388] Ball=B004 X=322,5478 Y=179,8693 Vx=-30,6384 Vy=19,3772
[23767,341] Ball=B004 X=322,0897 Y=180,1590 Vx=-30,6384 Vy=19,3772
[23759,943] Ball=B008 X=366,1752 Y=248,8109 Vx=105,5513 Vy=-59,2972
[23767,024] Ball=B006 X=274,4893 Y=202,3243 Vx=52,2517 Vy=50,3614
[23770,599] Ball=B001 X=11,0767 Y=206,4239 Vx=-81,2214 Vy=15,6533
[23762,585] Ball=B007 X=311,7626 Y=239,2593 Vx=-241,8533 Vy=-94,5769
[23768,029] Ball=B002 X=214,3790 Y=81,1286 Vx=27,4787 Vy=185,6522
[23767,343] Ball=B005 X=354,0903 Y=85,3208 Vx=88,9469 Vy=54,9341
[23767,594] Ball=B003 X=198,4294 Y=275,4936 Vx=149,9791 Vy=-46,3296
[23782,338] Ball=B004 X=321,6303 Y=180,4496 Vx=-30,6384 Vy=19,3772
[23782,234] Ball=B005 X=355,4147 Y=86,1387 Vx=88,9469 Vy=54,9341
[23774,961] Ball=B008 X=367,7604 Y=247,9203 Vx=105,5513 Vy=-59,2972
[23783,002] Ball=B002 X=214,7904 Y=83,9084 Vx=27,4787 Vy=185,6522
[23782,505] Ball=B003 X=200,6656 Y=274,8028 Vx=149,9791 Vy=-46,3296
[23785,618] Ball=B001 X=9,8568 Y=206,6590 Vx=-81,2214 Vy=15,6533
[23777,593] Ball=B007 X=308,1330 Y=237,8399 Vx=-241,8533 Vy=-94,5769
[23782,051] Ball=B006 X=275,2745 Y=203,0811 Vx=52,2517 Vy=50,3614
[23797,653] Ball=B003 X=202,9375 Y=274,1010 Vx=149,9791 Vy=-46,3296
[23792,732] Ball=B007 X=304,4715 Y=236,4080 Vx=-241,8533 Vy=-94,5769
[23797,417] Ball=B005 X=356,7652 Y=86,9728 Vx=88,9469 Vy=54,9341
[23790,150] Ball=B008 X=369,3637 Y=247,0196 Vx=105,5513 Vy=-59,2972
[23800,791] Ball=B001 X=8,6245 Y=206,8965 Vx=-81,2214 Vy=15,6533
[23797,619] Ball=B004 X=321,1620 Y=180,7458 Vx=-30,6384 Vy=19,3772
[23797,423] Ball=B006 X=276,0777 Y=203,8552 Vx=52,2517 Vy=50,3614
[23798,404] Ball=B002 X=215,2137 Y=86,7678 Vx=27,4787 Vy=185,6522
[23812,602] Ball=B003 X=205,1794 Y=273,4084 Vx=149,9791 Vy=-46,3296
[23815,704] Ball=B001 X=7,4132 Y=207,1299 Vx=-81,2214 Vy=15,6533
[23812,357] Ball=B005 X=358,0941 Y=87,7936 Vx=88,9469 Vy=54,9341
[23805,102] Ball=B008 X=370,9419 Y=246,1330 Vx=105,5513 Vy=-59,2972
[23812,497] Ball=B004 X=320,7062 Y=181,0341 Vx=-30,6384 Vy=19,3772
[23813,145] Ball=B002 X=215,6187 Y=89,5045 Vx=27,4787 Vy=185,6522
[23807,722] Ball=B007 X=300,8460 Y=234,9903 Vx=-241,8533 Vy=-94,5769
[23812,175] Ball=B006 X=276,8486 Y=204,5982 Vx=52,2517 Vy=50,3614
[23828,169] Ball=B006 X=277,6842 Y=205,4036 Vx=52,2517 Vy=50,3614
[23823,728] Ball=B007 X=296,9750 Y=233,4766 Vx=-241,8533 Vy=-94,5769
[23829,162] Ball=B002 X=216,0588 Y=92,4781 Vx=27,4787 Vy=185,6522
[23828,666] Ball=B003 X=207,5890 Y=272,6641 Vx=149,9791 Vy=-46,3296
[23828,530] Ball=B004 X=320,2150 Y=181,3447 Vx=-30,6384 Vy=19,3772
[23831,905] Ball=B001 X=6,0974 Y=207,3835 Vx=-81,2214 Vy=15,6533
[23828,637] Ball=B005 X=359,5422 Y=88,6879 Vx=88,9469 Vy=54,9341
[23821,537] Ball=B008 X=372,6766 Y=245,1585 Vx=105,5513 Vy=-59,2972
[23843,476] Ball=B004 X=319,7571 Y=181,6343 Vx=-30,6384 Vy=19,3772
[23843,621] Ball=B003 X=209,8317 Y=271,9713 Vx=149,9791 Vy=-46,3296
[23846,738] Ball=B001 X=4,8926 Y=207,6157 Vx=-81,2214 Vy=15,6533
[23843,400] Ball=B005 X=360,8552 Y=89,4988 Vx=88,9469 Vy=54,9341
[23844,166] Ball=B002 X=216,4711 Y=95,2636 Vx=27,4787 Vy=185,6522
[23836,128] Ball=B008 X=374,2167 Y=244,2933 Vx=105,5513 Vy=-59,2972
[23838,741] Ball=B007 X=293,3440 Y=232,0566 Vx=-241,8533 Vy=-94,5769
[23843,275] Ball=B006 X=278,4736 Y=206,1644 Vx=52,2517 Vy=50,3614
[23858,140] Ball=B006 X=279,2503 Y=206,9130 Vx=52,2517 Vy=50,3614
[23859,129] Ball=B002 X=216,8823 Y=98,0413 Vx=27,4787 Vy=185,6522
[23858,395] Ball=B005 X=362,1891 Y=90,3226 Vx=88,9469 Vy=54,9341
[23861,761] Ball=B001 X=3,6724 Y=207,8509 Vx=-81,2214 Vy=15,6533
[23851,145] Ball=B008 X=372,4149 Y=243,4028 Vx=-105,5513 Vy=-59,2972
[23858,751] Ball=B003 X=212,0918 Y=271,2732 Vx=149,9791 Vy=-46,3296
[23853,830] Ball=B007 X=289,6947 Y=230,6296 Vx=-241,8533 Vy=-94,5769
[23858,626] Ball=B004 X=319,2929 Y=181,9279 Vx=-30,6384 Vy=19,3772
[23869,774] Ball=B007 X=288,3342 Y=234,7880 Vx=-111,6955 Vy=200,9777
[23877,807] Ball=B001 X=2,3692 Y=208,1020 Vx=-81,2214 Vy=15,6533
[23867,186] Ball=B008 X=370,7218 Y=242,4517 Vx=-105,5513 Vy=-59,2972
[23874,725] Ball=B003 X=214,4967 Y=270,5303 Vx=149,9791 Vy=-46,3296
[23874,593] Ball=B004 X=318,8037 Y=182,2373 Vx=-30,6384 Vy=19,3772
[23875,245] Ball=B002 X=217,3251 Y=101,0335 Vx=27,4787 Vy=185,6522
[23874,491] Ball=B005 X=363,6207 Y=91,2068 Vx=88,9469 Vy=54,9341
[23874,361] Ball=B006 X=278,5046 Y=204,1121 Vx=-20,0582 Vy=-113,8357
[23890,377] Ball=B004 X=318,3201 Y=182,5431 Vx=-30,6384 Vy=19,3772
[23890,047] Ball=B006 X=278,1900 Y=202,3265 Vx=-20,0582 Vy=-113,8357
[23890,541] Ball=B003 X=216,8688 Y=269,7975 Vx=149,9791 Vy=-46,3296
[23890,304] Ball=B005 X=365,0272 Y=92,0755 Vx=88,9469 Vy=54,9341
[23883,025] Ball=B008 X=369,0500 Y=241,5124 Vx=-105,5513 Vy=-59,2972
[23885,745] Ball=B007 X=286,5502 Y=237,9980 Vx=-111,6955 Vy=200,9777
[23893,883] Ball=B001 X=1,0635 Y=208,3537 Vx=-81,2214 Vy=15,6533
[23891,289] Ball=B002 X=217,7660 Y=104,0121 Vx=27,4787 Vy=185,6522
[23908,621] Ball=B001 X=-0,1336 Y=208,5844 Vx=-81,2214 Vy=15,6533
[23906,025] Ball=B002 X=218,1709 Y=106,7476 Vx=27,4787 Vy=185,6522
[23900,607] Ball=B007 X=284,8901 Y=240,9851 Vx=-111,6955 Vy=200,9777
[23905,287] Ball=B005 X=366,3599 Y=92,8986 Vx=88,9469 Vy=54,9341
[23905,561] Ball=B003 X=219,1215 Y=269,1016 Vx=149,9791 Vy=-46,3296
[23905,093] Ball=B006 X=277,8882 Y=200,6137 Vx=-20,0582 Vy=-113,8357
[23905,552] Ball=B004 X=317,8552 Y=182,8372 Vx=-30,6384 Vy=19,3772
[23898,029] Ball=B008 X=367,4662 Y=240,6227 Vx=-105,5513 Vy=-59,2972
[23920,435] Ball=B004 X=317,3992 Y=183,1256 Vx=-30,6384 Vy=19,3772
[23920,103] Ball=B006 X=277,5871 Y=198,9051 Vx=-20,0582 Vy=-113,8357
[23913,096] Ball=B008 X=365,8759 Y=239,7293 Vx=-105,5513 Vy=-59,2972
[23921,134] Ball=B002 X=218,5861 Y=109,5529 Vx=27,4787 Vy=185,6522
[23920,756] Ball=B005 X=367,7358 Y=93,7483 Vx=88,9469 Vy=54,9341
[23916,093] Ball=B007 X=283,1605 Y=244,0972 Vx=-111,6955 Vy=200,9777
[23924,188] Ball=B001 X=1,2644 Y=208,8280 Vx=81,2214 Vy=15,6533
[23921,090] Ball=B003 X=221,4506 Y=268,3822 Vx=149,9791 Vy=-46,3296
[23936,654] Ball=B003 X=223,7847 Y=267,6611 Vx=149,9791 Vy=-46,3296
[23936,407] Ball=B005 X=369,1280 Y=94,6081 Vx=88,9469 Vy=54,9341
[23939,762] Ball=B001 X=2,5293 Y=209,0718 Vx=81,2214 Vy=15,6533
[23929,155] Ball=B008 X=364,1809 Y=238,7771 Vx=-105,5513 Vy=-59,2972
[23936,552] Ball=B004 X=316,9054 Y=183,4379 Vx=-30,6384 Vy=19,3772
[23937,196] Ball=B002 X=219,0275 Y=112,5348 Vx=27,4787 Vy=185,6522
[23936,403] Ball=B006 X=277,2602 Y=197,0495 Vx=-20,0582 Vy=-113,8357
[23931,970] Ball=B007 X=281,3871 Y=247,2882 Vx=-111,6955 Vy=200,9777
[23951,532] Ball=B004 X=316,4464 Y=183,7281 Vx=-30,6384 Vy=19,3772
[23944,139] Ball=B008 X=362,5994 Y=237,8886 Vx=-105,5513 Vy=-59,2972
[23951,200] Ball=B006 X=276,9634 Y=195,3652 Vx=-20,0582 Vy=-113,8357
[23946,790] Ball=B007 X=279,7358 Y=250,2594 Vx=-111,6955 Vy=200,9777
[23952,375] Ball=B002 X=219,4446 Y=115,3529 Vx=27,4787 Vy=185,6522
[23955,025] Ball=B001 X=3,7690 Y=209,3107 Vx=81,2214 Vy=15,6533
[23951,457] Ball=B005 X=370,4666 Y=95,4349 Vx=88,9469 Vy=54,9341
[23951,947] Ball=B003 X=226,0785 Y=266,9526 Vx=149,9791 Vy=-46,3296
[23962,576] Ball=B007 X=277,9687 Y=253,4391 Vx=-111,6955 Vy=200,9777
[23967,499] Ball=B003 X=228,4108 Y=266,2321 Vx=149,9791 Vy=-46,3296
[23967,372] Ball=B004 X=315,9611 Y=184,0351 Vx=-30,6384 Vy=19,3772
[23967,349] Ball=B005 X=371,8801 Y=96,3079 Vx=88,9469 Vy=54,9341
[23970,704] Ball=B001 X=5,0425 Y=209,5562 Vx=81,2214 Vy=15,6533
[23968,113] Ball=B002 X=219,8770 Y=118,2745 Vx=27,4787 Vy=185,6522
[23967,196] Ball=B006 X=276,6425 Y=193,5442 Vx=-20,0582 Vy=-113,8357
[23960,136] Ball=B008 X=360,9108 Y=236,9400 Vx=-105,5513 Vy=-59,2972
[23982,184] Ball=B006 X=276,3419 Y=191,8380 Vx=-20,0582 Vy=-113,8357
[23985,761] Ball=B001 X=6,2654 Y=209,7919 Vx=81,2214 Vy=15,6533
[23975,135] Ball=B008 X=359,3277 Y=236,0506 Vx=-105,5513 Vy=-59,2972
[23982,423] Ball=B005 X=373,2210 Y=97,1360 Vx=88,9469 Vy=54,9341
[23982,555] Ball=B004 X=315,4959 Y=184,3293 Vx=-30,6384 Vy=19,3772
[23983,200] Ball=B002 X=220,2916 Y=121,0756 Vx=27,4787 Vy=185,6522
[23977,854] Ball=B007 X=276,2621 Y=256,5098 Vx=-111,6955 Vy=200,9777
[23982,840] Ball=B003 X=230,7118 Y=265,5213 Vx=149,9791 Vy=-46,3296
[23997,656] Ball=B003 X=232,9337 Y=264,8350 Vx=149,9791 Vy=-46,3296
[23997,407] Ball=B005 X=374,5537 Y=97,9591 Vx=88,9469 Vy=54,9341
[23997,530] Ball=B004 X=315,0371 Y=184,6194 Vx=-30,6384 Vy=19,3772
[23992,754] Ball=B007 X=274,5978 Y=259,5045 Vx=-111,6955 Vy=200,9777
[23997,225] Ball=B006 X=276,0402 Y=190,1258 Vx=-20,0582 Vy=-113,8357
[23998,202] Ball=B002 X=220,7038 Y=123,8607 Vx=27,4787 Vy=185,6522
[24000,904] Ball=B001 X=7,4953 Y=210,0289 Vx=81,2214 Vy=15,6533
[23990,271] Ball=B008 X=357,7300 Y=235,1530 Vx=-105,5513 Vy=-59,2972
[24014,176] Ball=B002 X=221,1427 Y=126,8260 Vx=27,4787 Vy=185,6522
[24006,138] Ball=B008 X=356,0554 Y=234,2123 Vx=-105,5513 Vy=-59,2972
[24013,536] Ball=B004 X=314,5467 Y=184,9296 Vx=-30,6384 Vy=19,3772
[24016,800] Ball=B001 X=8,7864 Y=210,2777 Vx=81,2214 Vy=15,6533
[24013,461] Ball=B005 X=372,5720 Y=98,8410 Vx=-88,9469 Vy=54,9341
[24013,246] Ball=B006 X=275,7188 Y=188,3021 Vx=-20,0582 Vy=-113,8357
[24008,896] Ball=B007 X=272,7948 Y=262,7487 Vx=-111,6955 Vy=200,9777
[24013,878] Ball=B003 X=235,3669 Y=264,0833 Vx=149,9791 Vy=-46,3296
[24030,035] Ball=B002 X=221,5785 Y=129,7703 Vx=27,4787 Vy=185,6522
[24032,629] Ball=B001 X=10,0721 Y=210,5255 Vx=81,2214 Vy=15,6533
[24029,540] Ball=B003 X=237,7158 Y=263,3577 Vx=149,9791 Vy=-46,3296
[24029,094] Ball=B006 X=275,4009 Y=186,4979 Vx=-20,0582 Vy=-113,8357
[24024,643] Ball=B007 X=271,0359 Y=265,9135 Vx=-111,6955 Vy=200,9777
[24022,035] Ball=B008 X=354,3773 Y=233,2695 Vx=-105,5513 Vy=-59,2972
[24029,329] Ball=B005 X=371,1605 Y=99,7127 Vx=-88,9469 Vy=54,9341
[24029,444] Ball=B004 X=314,0593 Y=185,2379 Vx=-30,6384 Vy=19,3772
[24045,403] Ball=B005 X=369,7309 Y=100,5957 Vx=-88,9469 Vy=54,9341
[24045,532] Ball=B004 X=313,5664 Y=185,5496 Vx=-30,6384 Vy=19,3772
[24045,206] Ball=B006 X=275,0778 Y=184,6638 Vx=-20,0582 Vy=-113,8357
[24038,130] Ball=B008 X=352,6785 Y=232,3152 Vx=-105,5513 Vy=-59,2972
[24045,693] Ball=B003 X=240,1384 Y=262,6094 Vx=149,9791 Vy=-46,3296
[24040,863] Ball=B007 X=269,2243 Y=269,1732 Vx=-111,6955 Vy=200,9777
[24048,945] Ball=B001 X=11,3973 Y=210,7809 Vx=81,2214 Vy=15,6533
[24046,196] Ball=B002 X=222,0227 Y=132,7710 Vx=27,4787 Vy=185,6522
[24052,984] Ball=B008 X=351,1106 Y=231,4344 Vx=-105,5513 Vy=-59,2972
[24055,597] Ball=B007 X=267,5785 Y=272,1346 Vx=-111,6955 Vy=200,9777
[24060,080] Ball=B006 X=274,7794 Y=182,9706 Vx=-20,0582 Vy=-113,8357
[24060,414] Ball=B004 X=313,1104 Y=185,8380 Vx=-30,6384 Vy=19,3772
[24063,667] Ball=B001 X=12,5931 Y=211,0114 Vx=81,2214 Vy=15,6533
[24061,070] Ball=B002 X=222,4314 Y=135,5324 Vx=27,4787 Vy=185,6522
[24060,571] Ball=B003 X=242,3698 Y=261,9201 Vx=149,9791 Vy=-46,3296
[24060,507] Ball=B005 X=368,3874 Y=101,4255 Vx=-88,9469 Vy=54,9341
[24077,019] Ball=B002 X=222,8696 Y=138,4930 Vx=27,4787 Vy=185,6522
[24076,264] Ball=B005 X=366,9858 Y=102,2910 Vx=-88,9469 Vy=54,9341
[24076,526] Ball=B003 X=244,7628 Y=261,1809 Vx=149,9791 Vy=-46,3296
[24079,650] Ball=B001 X=13,8912 Y=211,2615 Vx=81,2214 Vy=15,6533
[24076,079] Ball=B006 X=274,4585 Y=181,1494 Vx=-20,0582 Vy=-113,8357
[24076,412] Ball=B004 X=312,6203 Y=186,1480 Vx=-30,6384 Vy=19,3772
[24069,035] Ball=B008 X=349,4164 Y=230,4826 Vx=-105,5513 Vy=-59,2972
[24071,644] Ball=B007 X=265,7861 Y=275,3596 Vx=-111,6955 Vy=200,9777
[24086,628] Ball=B007 X=264,1126 Y=278,3708 Vx=-111,6955 Vy=200,9777
[24091,426] Ball=B004 X=312,1603 Y=186,4389 Vx=-30,6384 Vy=19,3772
[24084,042] Ball=B008 X=347,8324 Y=229,5927 Vx=-105,5513 Vy=-59,2972
[24091,613] Ball=B005 X=365,6207 Y=103,1342 Vx=-88,9469 Vy=54,9341
[24091,871] Ball=B003 X=247,0641 Y=260,4700 Vx=149,9791 Vy=-46,3296
[24094,995] Ball=B001 X=15,1376 Y=211,5017 Vx=81,2214 Vy=15,6533
[24092,402] Ball=B002 X=223,2923 Y=141,3492 Vx=27,4787 Vy=185,6522
[24091,475] Ball=B006 X=274,1497 Y=179,3968 Vx=-20,0582 Vy=-113,8357
[24107,054] Ball=B006 X=273,8372 Y=177,6233 Vx=-20,0582 Vy=-113,8357
[24110,622] Ball=B001 X=16,4067 Y=211,7463 Vx=81,2214 Vy=15,6533
[24102,621] Ball=B007 X=262,3261 Y=281,5853 Vx=-111,6955 Vy=200,9777
[24100,042] Ball=B008 X=346,1435 Y=228,6439 Vx=-105,5513 Vy=-59,2972
[24108,266] Ball=B002 X=223,7282 Y=144,2942 Vx=27,4787 Vy=185,6522
[24107,567] Ball=B005 X=364,2016 Y=104,0106 Vx=-88,9469 Vy=54,9341
[24107,693] Ball=B004 X=311,6619 Y=186,7541 Vx=-30,6384 Vy=19,3772
[24107,572] Ball=B003 X=249,4190 Y=259,7425 Vx=149,9791 Vy=-46,3296
[24123,524] Ball=B003 X=251,8112 Y=259,0036 Vx=149,9791 Vy=-46,3296
[24118,601] Ball=B007 X=260,5414 Y=284,7966 Vx=-111,6955 Vy=200,9777
[24123,396] Ball=B004 X=311,1808 Y=187,0584 Vx=-30,6384 Vy=19,3772
[24123,315] Ball=B005 X=362,8008 Y=104,8758 Vx=-88,9469 Vy=54,9341
[24123,097] Ball=B006 X=273,5154 Y=175,7970 Vx=-20,0582 Vy=-113,8357
[24126,803] Ball=B001 X=17,7210 Y=211,9996 Vx=81,2214 Vy=15,6533
[24124,211] Ball=B002 X=224,1664 Y=147,2545 Vx=27,4787 Vy=185,6522
[24116,291] Ball=B008 X=344,4284 Y=227,6804 Vx=-105,5513 Vy=-59,2972
[24134,583] Ball=B007 X=258,7562 Y=288,0089 Vx=-111,6955 Vy=200,9777
[24140,007] Ball=B002 X=224,6004 Y=150,1869 Vx=27,4787 Vy=185,6522
[24139,268] Ball=B005 X=361,3819 Y=105,7521 Vx=-88,9469 Vy=54,9341
[24139,075] Ball=B006 X=273,1949 Y=173,9782 Vx=-20,0582 Vy=-113,8357
[24132,014] Ball=B008 X=342,7688 Y=226,7481 Vx=-105,5513 Vy=-59,2972
[24139,408] Ball=B004 X=310,6902 Y=187,3687 Vx=-30,6384 Vy=19,3772
[24142,664] Ball=B001 X=19,0093 Y=212,2479 Vx=81,2214 Vy=15,6533
[24139,565] Ball=B003 X=254,2173 Y=258,2603 Vx=149,9791 Vy=-46,3296
[24147,017] Ball=B008 X=341,1853 Y=225,8585 Vx=-105,5513 Vy=-59,2972
[24157,699] Ball=B001 X=20,2305 Y=212,4833 Vx=81,2214 Vy=15,6533
[24155,209] Ball=B002 X=225,0182 Y=153,0094 Vx=27,4787 Vy=185,6522
[24154,633] Ball=B004 X=310,2237 Y=187,6637 Vx=-30,6384 Vy=19,3772
[24154,536] Ball=B005 X=360,0238 Y=106,5908 Vx=-88,9469 Vy=54,9341
[24154,848] Ball=B003 X=256,5094 Y=257,5523 Vx=149,9791 Vy=-46,3296
[24154,388] Ball=B006 X=272,8878 Y=172,2351 Vx=-20,0582 Vy=-113,8357
[24149,957] Ball=B007 X=257,0389 Y=291,0988 Vx=-111,6955 Vy=200,9777
[24169,081] Ball=B006 X=272,5931 Y=170,5625 Vx=-20,0582 Vy=-113,8357
[24164,634] Ball=B007 X=255,3996 Y=294,0485 Vx=-111,6955 Vy=200,9777
[24169,436] Ball=B004 X=309,7702 Y=187,9505 Vx=-30,6384 Vy=19,3772
[24169,338] Ball=B005 X=358,7072 Y=107,4040 Vx=-88,9469 Vy=54,9341
[24169,597] Ball=B003 X=258,7215 Y=256,8689 Vx=149,9791 Vy=-46,3296
[24170,107] Ball=B002 X=225,4276 Y=155,7752 Vx=27,4787 Vy=185,6522
[24172,707] Ball=B001 X=21,4494 Y=212,7182 Vx=81,2214 Vy=15,6533
[24162,081] Ball=B008 X=339,5952 Y=224,9652 Vx=-105,5513 Vy=-59,2972
[24186,066] Ball=B002 X=225,8661 Y=158,7378 Vx=27,4787 Vy=185,6522
[24185,565] Ball=B003 X=261,1162 Y=256,1292 Vx=149,9791 Vy=-46,3296
[24178,039] Ball=B008 X=337,9108 Y=224,0189 Vx=-105,5513 Vy=-59,2972
[24180,766] Ball=B007 X=253,5978 Y=297,2906 Vx=-111,6955 Vy=200,9777
[24185,558] Ball=B004 X=309,2763 Y=188,2629 Vx=-30,6384 Vy=19,3772
[24188,804] Ball=B001 X=22,7568 Y=212,9702 Vx=81,2214 Vy=15,6533
[24185,469] Ball=B005 X=357,2724 Y=108,2901 Vx=-88,9469 Vy=54,9341
[24185,263] Ball=B006 X=272,2685 Y=168,7204 Vx=-20,0582 Vy=-113,8357
[24205,708] Ball=B001 X=24,1297 Y=213,2347 Vx=81,2214 Vy=15,6533
[24202,607] Ball=B003 X=263,6722 Y=255,3396 Vx=149,9791 Vy=-46,3296
[24203,120] Ball=B002 X=226,3347 Y=161,9042 Vx=27,4787 Vy=185,6522
[24202,375] Ball=B005 X=355,7687 Y=109,2188 Vx=-88,9469 Vy=54,9341
[24202,529] Ball=B004 X=308,7563 Y=188,5918 Vx=-30,6384 Vy=19,3772
[24195,136] Ball=B008 X=336,1062 Y=223,0051 Vx=-105,5513 Vy=-59,2972
[24202,198] Ball=B006 X=271,9288 Y=166,7925 Vx=-20,0582 Vy=-113,8357
[24197,845] Ball=B007 X=251,6900 Y=300,7232 Vx=-111,6955 Vy=200,9777
[24218,162] Ball=B006 X=271,6086 Y=164,9754 Vx=-20,0582 Vy=-113,8357
[24218,500] Ball=B004 X=308,2670 Y=188,9012 Vx=-30,6384 Vy=19,3772
[24213,721] Ball=B007 X=249,9167 Y=303,9140 Vx=-111,6955 Vy=200,9777
[24221,767] Ball=B001 X=25,4342 Y=213,4861 Vx=81,2214 Vy=15,6533
[24211,205] Ball=B008 X=334,4102 Y=222,0523 Vx=-105,5513 Vy=-59,2972
[24218,488] Ball=B005 X=354,3354 Y=110,1040 Vx=-88,9469 Vy=54,9341
[24218,793] Ball=B003 X=266,0998 Y=254,5897 Vx=149,9791 Vy=-46,3296
[24219,358] Ball=B002 X=226,7809 Y=164,9188 Vx=27,4787 Vy=185,6522
[24233,501] Ball=B005 X=353,0002 Y=110,9287 Vx=-88,9469 Vy=54,9341
[24226,222] Ball=B008 X=332,8252 Y=221,1619 Vx=-105,5513 Vy=-59,2972
[24234,268] Ball=B002 X=227,1906 Y=167,6868 Vx=27,4787 Vy=185,6522
[24236,884] Ball=B001 X=26,6620 Y=213,7228 Vx=81,2214 Vy=15,6533
[24233,896] Ball=B003 X=268,3644 Y=253,8902 Vx=149,9791 Vy=-46,3296
[24228,994] Ball=B007 X=248,2108 Y=306,9835 Vx=-111,6955 Vy=200,9777
[24233,447] Ball=B006 X=271,3020 Y=163,2354 Vx=-20,0582 Vy=-113,8357
[24233,781] Ball=B004 X=307,7987 Y=189,1973 Vx=-30,6384 Vy=19,3772
[24243,793] Ball=B007 X=246,5579 Y=309,9577 Vx=-111,6955 Vy=200,9777
[24248,728] Ball=B003 X=270,5895 Y=253,2028 Vx=149,9791 Vy=-46,3296
[24251,822] Ball=B001 X=27,8753 Y=213,9566 Vx=81,2214 Vy=15,6533
[24248,693] Ball=B005 X=351,6488 Y=111,7633 Vx=-88,9469 Vy=54,9341
[24249,479] Ball=B002 X=227,6086 Y=170,5109 Vx=27,4787 Vy=185,6522
[24241,459] Ball=B008 X=331,2167 Y=220,2583 Vx=-105,5513 Vy=-59,2972
[24248,737] Ball=B006 X=270,9953 Y=161,4948 Vx=-20,0582 Vy=-113,8357
[24249,139] Ball=B004 X=307,3282 Y=189,4949 Vx=-30,6384 Vy=19,3772
[24267,653] Ball=B001 X=29,1609 Y=214,2044 Vx=81,2214 Vy=15,6533
[24264,437] Ball=B004 X=306,8595 Y=189,7914 Vx=-30,6384 Vy=19,3772
[24259,650] Ball=B007 X=244,7868 Y=313,1445 Vx=-111,6955 Vy=200,9777
[24264,587] Ball=B003 X=272,9679 Y=252,4681 Vx=149,9791 Vy=-46,3296
[24257,148] Ball=B008 X=329,5608 Y=219,3280 Vx=-105,5513 Vy=-59,2972
[24265,188] Ball=B002 X=228,0403 Y=173,4273 Vx=27,4787 Vy=185,6522
[24264,436] Ball=B005 X=350,2485 Y=112,6281 Vx=-88,9469 Vy=54,9341
[24264,114] Ball=B006 X=270,6869 Y=159,7443 Vx=-20,0582 Vy=-113,8357
[24280,102] Ball=B002 X=228,4500 Y=176,1957 Vx=27,4787 Vy=185,6522
[24279,599] Ball=B003 X=275,2194 Y=251,7726 Vx=149,9791 Vy=-46,3296
[24279,138] Ball=B006 X=270,3855 Y=158,0341 Vx=-20,0582 Vy=-113,8357
[24282,720] Ball=B001 X=30,3849 Y=214,4403 Vx=81,2214 Vy=15,6533
[24272,114] Ball=B008 X=327,9811 Y=218,4405 Vx=-105,5513 Vy=-59,2972
[24274,723] Ball=B007 X=243,1031 Y=316,1740 Vx=-111,6955 Vy=200,9777
[24279,512] Ball=B004 X=306,3976 Y=190,0835 Vx=-30,6384 Vy=19,3772
[24279,401] Ball=B005 X=348,9174 Y=113,4502 Vx=-88,9469 Vy=54,9341
[24290,677] Ball=B007 X=241,3211 Y=319,3804 Vx=-111,6955 Vy=200,9777
[24295,460] Ball=B004 X=305,9091 Y=190,3925 Vx=-30,6384 Vy=19,3772
[24288,080] Ball=B008 X=326,2959 Y=217,4938 Vx=-105,5513 Vy=-59,2972
[24298,745] Ball=B001 X=31,6864 Y=214,6911 Vx=81,2214 Vy=15,6533
[24295,646] Ball=B003 X=277,6261 Y=251,0291 Vx=149,9791 Vy=-46,3296
[24295,176] Ball=B006 X=270,0638 Y=156,2084 Vx=-20,0582 Vy=-113,8357
[24295,482] Ball=B005 X=347,4871 Y=114,3336 Vx=-88,9469 Vy=54,9341
[24296,170] Ball=B002 X=228,8916 Y=179,1792 Vx=27,4787 Vy=185,6522
[24312,107] Ball=B002 X=229,3295 Y=182,1376 Vx=27,4787 Vy=185,6522
[24314,711] Ball=B001 X=32,9831 Y=214,9410 Vx=81,2214 Vy=15,6533
[24311,150] Ball=B006 X=269,7434 Y=154,3900 Vx=-20,0582 Vy=-113,8357
[24311,465] Ball=B005 X=346,0655 Y=115,2116 Vx=-88,9469 Vy=54,9341
[24311,581] Ball=B004 X=305,4151 Y=190,7049 Vx=-30,6384 Vy=19,3772
[24311,775] Ball=B003 X=280,0452 Y=250,2819 Vx=149,9791 Vy=-46,3296
[24306,927] Ball=B007 X=239,5061 Y=322,6463 Vx=-111,6955 Vy=200,9777
[24304,354] Ball=B008 X=324,5781 Y=216,5288 Vx=-105,5513 Vy=-59,2972
[24319,196] Ball=B008 X=323,0117 Y=215,6488 Vx=-105,5513 Vy=-59,2972
[24326,599] Ball=B004 X=304,9550 Y=190,9959 Vx=-30,6384 Vy=19,3772
[24326,500] Ball=B005 X=344,7282 Y=116,0375 Vx=-88,9469 Vy=54,9341
[24327,267] Ball=B002 X=229,7461 Y=184,9524 Vx=27,4787 Vy=185,6522
[24329,934] Ball=B001 X=34,2197 Y=215,1793 Vx=81,2214 Vy=15,6533
[24321,913] Ball=B007 X=237,8322 Y=325,6581 Vx=-111,6955 Vy=200,9777
[24326,839] Ball=B003 X=282,3044 Y=249,5840 Vx=149,9791 Vy=-46,3296
[24326,489] Ball=B006 X=269,4357 Y=152,6438 Vx=-20,0582 Vy=-113,8357
[24337,719] Ball=B007 X=236,0674 Y=328,8336 Vx=-111,6955 Vy=200,9777
[24342,189] Ball=B006 X=269,1210 Y=150,8576 Vx=-20,0582 Vy=-113,8357
[24342,521] Ball=B004 X=303,4865 Y=189,9656 Vx=-84,0310 Vy=-53,5202
[24345,772] Ball=B001 X=35,5061 Y=215,4272 Vx=81,2214 Vy=15,6533
[24342,675] Ball=B003 X=284,6795 Y=248,8503 Vx=149,9791 Vy=-46,3296
[24342,425] Ball=B005 X=343,3117 Y=116,9123 Vx=-88,9469 Vy=54,9341
[24335,297] Ball=B008 X=322,6330 Y=216,4974 Vx=-31,6229 Vy=41,6376
[24343,344] Ball=B002 X=230,1879 Y=187,9372 Vx=27,4787 Vy=185,6522
[24357,478] Ball=B005 X=341,9728 Y=117,7392 Vx=-88,9469 Vy=54,9341
[24357,602] Ball=B004 X=302,2193 Y=189,1584 Vx=-84,0310 Vy=-53,5202
[24360,828] Ball=B001 X=36,7288 Y=215,6629 Vx=81,2214 Vy=15,6533
[24350,295] Ball=B008 X=322,1587 Y=217,1219 Vx=-31,6229 Vy=41,6376
[24357,829] Ball=B003 X=286,9522 Y=248,1482 Vx=149,9791 Vy=-46,3296
[24358,371] Ball=B002 X=230,6000 Y=190,7211 Vx=27,4787 Vy=185,6522
[24357,279] Ball=B006 X=268,8182 Y=149,1389 Vx=-20,0582 Vy=-113,8357
[24353,007] Ball=B007 X=234,3591 Y=331,9074 Vx=-111,6955 Vy=200,9777
[24374,236] Ball=B002 X=231,0367 Y=193,6720 Vx=27,4787 Vy=185,6522
[24368,807] Ball=B007 X=232,5944 Y=335,0826 Vx=-111,6955 Vy=200,9777
[24376,835] Ball=B001 X=38,0289 Y=215,9135 Vx=81,2214 Vy=15,6533
[24373,276] Ball=B006 X=268,4973 Y=147,3178 Vx=-20,0582 Vy=-113,8357
[24366,229] Ball=B008 X=321,6548 Y=217,7854 Vx=-31,6229 Vy=41,6376
[24373,628] Ball=B004 X=300,8725 Y=188,3007 Vx=-84,0310 Vy=-53,5202
[24373,520] Ball=B005 X=340,5459 Y=118,6205 Vx=-88,9469 Vy=54,9341
[24373,769] Ball=B003 X=289,3431 Y=247,4097 Vx=149,9791 Vy=-46,3296
[24389,129] Ball=B002 X=231,4460 Y=196,4370 Vx=27,4787 Vy=185,6522
[24388,502] Ball=B004 X=299,6227 Y=187,5046 Vx=-84,0310 Vy=-53,5202
[24388,398] Ball=B005 X=339,2225 Y=119,4378 Vx=-88,9469 Vy=54,9341
[24383,736] Ball=B007 X=230,9269 Y=338,0831 Vx=-111,6955 Vy=200,9777
[24381,220] Ball=B008 X=321,1831 Y=218,4065 Vx=-31,6229 Vy=41,6376
[24388,289] Ball=B006 X=268,1961 Y=145,6087 Vx=-20,0582 Vy=-113,8357
[24391,865] Ball=B001 X=39,2497 Y=216,1487 Vx=81,2214 Vy=15,6533
[24388,908] Ball=B003 X=291,6136 Y=246,7083 Vx=149,9791 Vy=-46,3296
[24404,708] Ball=B003 X=293,9829 Y=245,9764 Vx=149,9791 Vy=-46,3296
[24407,816] Ball=B001 X=40,5453 Y=216,3984 Vx=81,2214 Vy=15,6533
[24397,192] Ball=B008 X=320,6757 Y=219,0746 Vx=-31,6229 Vy=41,6376
[24399,811] Ball=B007 X=229,1313 Y=341,3139 Vx=-111,6955 Vy=200,9777
[24404,487] Ball=B005 X=337,7914 Y=120,3217 Vx=-88,9469 Vy=54,9341
[24404,612] Ball=B004 X=298,2689 Y=186,6424 Vx=-84,0310 Vy=-53,5202
[24405,318] Ball=B002 X=231,8909 Y=199,4427 Vx=27,4787 Vy=185,6522
[24404,239] Ball=B006 X=267,8762 Y=143,7931 Vx=-20,0582 Vy=-113,8357
[24420,090] Ball=B002 X=232,2968 Y=202,1851 Vx=27,4787 Vy=185,6522
[24414,666] Ball=B007 X=227,4722 Y=344,2993 Vx=-111,6955 Vy=200,9777
[24419,350] Ball=B005 X=336,4695 Y=121,1381 Vx=-88,9469 Vy=54,9341
[24422,715] Ball=B001 X=41,7555 Y=216,6316 Vx=81,2214 Vy=15,6533
[24419,148] Ball=B006 X=267,5771 Y=142,0959 Vx=-20,0582 Vy=-113,8357
[24419,557] Ball=B004 X=297,0131 Y=185,8425 Vx=-84,0310 Vy=-53,5202
[24412,161] Ball=B008 X=320,2023 Y=219,6979 Vx=-31,6229 Vy=41,6376
[24419,808] Ball=B003 X=296,2478 Y=245,2768 Vx=149,9791 Vy=-46,3296
[24427,069] Ball=B008 X=319,7309 Y=220,3186 Vx=-31,6229 Vy=41,6376
[24434,607] Ball=B003 X=298,4674 Y=244,5911 Vx=149,9791 Vy=-46,3296
[24435,132] Ball=B002 X=232,7101 Y=204,9778 Vx=27,4787 Vy=185,6522
[24429,710] Ball=B007 X=225,7918 Y=347,3228 Vx=-111,6955 Vy=200,9777
[24434,497] Ball=B004 X=295,7577 Y=185,0430 Vx=-84,0310 Vy=-53,5202
[24437,741] Ball=B001 X=42,9759 Y=216,8668 Vx=81,2214 Vy=15,6533
[24434,173] Ball=B006 X=267,2758 Y=140,3856 Vx=-20,0582 Vy=-113,8357
[24434,466] Ball=B005 X=335,1249 Y=121,9685 Vx=-88,9469 Vy=54,9341
[24450,439] Ball=B005 X=333,7042 Y=122,8459 Vx=-88,9469 Vy=54,9341
[24443,159] Ball=B008 X=319,2221 Y=220,9885 Vx=-31,6229 Vy=41,6376
[24451,206] Ball=B002 X=233,1518 Y=207,9619 Vx=27,4787 Vy=185,6522
[24445,796] Ball=B007 X=223,9951 Y=350,5557 Vx=-111,6955 Vy=200,9777
[24453,826] Ball=B001 X=44,2824 Y=217,1186 Vx=81,2214 Vy=15,6533
[24450,586] Ball=B004 X=294,4057 Y=184,1819 Vx=-84,0310 Vy=-53,5202
[24450,728] Ball=B003 X=300,8852 Y=243,8442 Vx=149,9791 Vy=-46,3296
[24450,347] Ball=B006 X=266,9514 Y=138,5443 Vx=-20,0582 Vy=-113,8357
[24465,606] Ball=B004 X=293,1436 Y=183,3780 Vx=-84,0310 Vy=-53,5202
[24465,268] Ball=B006 X=266,6521 Y=136,8459 Vx=-20,0582 Vy=-113,8357
[24468,865] Ball=B001 X=45,5038 Y=217,3540 Vx=81,2214 Vy=15,6533
[24465,773] Ball=B003 X=303,1417 Y=243,1472 Vx=149,9791 Vy=-46,3296
[24460,930] Ball=B007 X=222,3046 Y=353,5975 Vx=-111,6955 Vy=200,9777
[24458,335] Ball=B008 X=318,7422 Y=221,6204 Vx=-31,6229 Vy=41,6376
[24465,613] Ball=B005 X=332,3544 Y=123,6796 Vx=-88,9469 Vy=54,9341
[24466,273] Ball=B002 X=233,5658 Y=210,7589 Vx=27,4787 Vy=185,6522
[24482,065] Ball=B002 X=233,9997 Y=213,6907 Vx=27,4787 Vy=185,6522
[24484,800] Ball=B001 X=46,7980 Y=217,6035 Vx=81,2214 Vy=15,6533
[24481,453] Ball=B005 X=330,9455 Y=124,5497 Vx=-88,9469 Vy=54,9341
[24481,728] Ball=B004 X=291,7888 Y=182,5152 Vx=-84,0310 Vy=-53,5202
[24476,952] Ball=B007 X=220,5151 Y=356,8174 Vx=-111,6955 Vy=200,9777
[24474,347] Ball=B008 X=318,2358 Y=222,2871 Vx=-31,6229 Vy=41,6376
[24481,892] Ball=B003 X=305,5592 Y=242,4004 Vx=149,9791 Vy=-46,3296
[24481,429] Ball=B006 X=266,3279 Y=135,0061 Vx=-20,0582 Vy=-113,8357
[24497,111] Ball=B002 X=234,4132 Y=216,4841 Vx=27,4787 Vy=185,6522
[24496,145] Ball=B006 X=266,0327 Y=133,3309 Vx=-20,0582 Vy=-113,8357
[24496,623] Ball=B003 X=307,7685 Y=241,7180 Vx=149,9791 Vy=-46,3296
[24489,111] Ball=B008 X=318,9852 Y=220,6441 Vx=35,8342 Vy=-83,5850
[24499,750] Ball=B001 X=48,0123 Y=217,8375 Vx=81,2214 Vy=15,6533
[24496,517] Ball=B004 X=290,5461 Y=181,7237 Vx=-84,0310 Vy=-53,5202
[24491,731] Ball=B007 X=218,8643 Y=359,7877 Vx=-111,6955 Vy=200,9777
[24496,413] Ball=B005 X=329,6149 Y=125,3715 Vx=-88,9469 Vy=54,9341
[24507,632] Ball=B007 X=217,0884 Y=362,9832 Vx=-111,6955 Vy=200,9777
[24512,316] Ball=B005 X=328,2004 Y=126,2451 Vx=-88,9469 Vy=54,9341
[24512,436] Ball=B004 X=289,2084 Y=180,8717 Vx=-84,0310 Vy=-53,5202
[24505,062] Ball=B008 X=319,5567 Y=219,3109 Vx=35,8342 Vy=-83,5850
[24515,765] Ball=B001 X=49,3131 Y=218,0882 Vx=81,2214 Vy=15,6533
[24512,120] Ball=B006 X=265,7123 Y=131,5125 Vx=-20,0582 Vy=-113,8357
[24512,670] Ball=B003 X=308,5476 Y=243,9958 Vx=62,2848 Vy=116,4597
[24513,181] Ball=B002 X=234,8548 Y=219,4677 Vx=27,4787 Vy=185,6522
[24527,711] Ball=B003 X=309,4844 Y=245,7474 Vx=62,2848 Vy=116,4597
[24527,255] Ball=B006 X=265,4087 Y=129,7896 Vx=-20,0582 Vy=-113,8357
[24527,606] Ball=B004 X=287,9336 Y=180,0598 Vx=-84,0310 Vy=-53,5202
[24528,350] Ball=B002 X=235,2716 Y=222,2839 Vx=27,4787 Vy=185,6522
[24530,945] Ball=B001 X=50,5461 Y=218,3258 Vx=81,2214 Vy=15,6533
[24527,591] Ball=B005 X=326,8417 Y=127,0843 Vx=-88,9469 Vy=54,9341
[24522,999] Ball=B007 X=215,3719 Y=366,0718 Vx=-111,6955 Vy=200,9777
[24520,437] Ball=B008 X=320,1061 Y=218,0295 Vx=35,8342 Vy=-83,5850
[24543,463] Ball=B004 X=286,6012 Y=179,2112 Vx=-84,0310 Vy=-53,5202
[24543,365] Ball=B005 X=325,4387 Y=127,9508 Vx=-88,9469 Vy=54,9341
[24546,726] Ball=B001 X=51,8278 Y=218,5728 Vx=81,2214 Vy=15,6533
[24538,708] Ball=B007 X=213,6172 Y=369,2291 Vx=-111,6955 Vy=200,9777
[24536,108] Ball=B008 X=320,6693 Y=216,7159 Vx=35,8342 Vy=-83,5850
[24543,650] Ball=B003 X=310,4772 Y=247,6038 Vx=62,2848 Vy=116,4597
[24544,251] Ball=B002 X=235,7086 Y=225,2359 Vx=27,4787 Vy=185,6522
[24543,281] Ball=B006 X=265,0873 Y=127,9652 Vx=-20,0582 Vy=-113,8357
[24552,023] Ball=B008 X=321,2396 Y=215,3857 Vx=35,8342 Vy=-83,5850
[24559,078] Ball=B006 X=264,7704 Y=126,1670 Vx=-20,0582 Vy=-113,8357
[24562,663] Ball=B001 X=53,1222 Y=218,8223 Vx=81,2214 Vy=15,6533
[24559,320] Ball=B005 X=324,0196 Y=128,8272 Vx=-88,9469 Vy=54,9341
[24560,095] Ball=B002 X=236,1439 Y=228,1775 Vx=27,4787 Vy=185,6522
[24559,591] Ball=B003 X=311,4701 Y=249,4602 Vx=62,2848 Vy=116,4597
[24559,531] Ball=B004 X=285,2510 Y=178,3512 Vx=-84,0310 Vy=-53,5202
[24554,673] Ball=B007 X=211,8340 Y=372,4376 Vx=-111,6955 Vy=200,9777
[24574,276] Ball=B006 X=264,4656 Y=124,4369 Vx=-20,0582 Vy=-113,8357
[24574,765] Ball=B003 X=312,4152 Y=251,2274 Vx=62,2848 Vy=116,4597
[24567,358] Ball=B008 X=321,7874 Y=214,1077 Vx=35,8342 Vy=-83,5850
[24574,704] Ball=B004 X=283,9759 Y=177,5391 Vx=-84,0310 Vy=-53,5202
[24574,644] Ball=B005 X=322,6564 Y=129,6691 Vx=-88,9469 Vy=54,9341
[24569,832] Ball=B007 X=210,1409 Y=375,4841 Vx=-111,6955 Vy=200,9777
[24575,455] Ball=B002 X=236,5660 Y=231,0289 Vx=27,4787 Vy=185,6522
[24578,062] Ball=B001 X=54,3729 Y=219,0633 Vx=81,2214 Vy=15,6533
[24590,107] Ball=B002 X=236,9686 Y=233,7491 Vx=27,4787 Vy=185,6522
[24582,084] Ball=B008 X=322,3168 Y=212,8730 Vx=35,8342 Vy=-83,5850
[24589,605] Ball=B005 X=321,3257 Y=130,4909 Vx=-88,9469 Vy=54,9341
[24589,878] Ball=B003 X=313,3565 Y=252,9875 Vx=62,2848 Vy=116,4597
[24592,994] Ball=B001 X=55,5858 Y=219,2971 Vx=81,2214 Vy=15,6533
[24589,436] Ball=B006 X=264,1615 Y=122,7110 Vx=-20,0582 Vy=-113,8357
[24585,217] Ball=B007 X=208,4223 Y=378,5764 Vx=-111,6955 Vy=200,9777
[24589,508] Ball=B004 X=282,7319 Y=176,7467 Vx=-84,0310 Vy=-53,5202
[24605,413] Ball=B004 X=281,3955 Y=175,8956 Vx=-84,0310 Vy=-53,5202
[24598,034] Ball=B008 X=322,8883 Y=211,5398 Vx=35,8342 Vy=-83,5850
[24600,645] Ball=B007 X=206,6991 Y=381,6769 Vx=-111,6955 Vy=200,9777
[24605,104] Ball=B006 X=263,8472 Y=120,9275 Vx=-20,0582 Vy=-113,8357
[24608,678] Ball=B001 X=56,8596 Y=219,5426 Vx=81,2214 Vy=15,6533
[24605,410] Ball=B005 X=319,9199 Y=131,3592 Vx=-88,9469 Vy=54,9341
[24605,667] Ball=B003 X=314,3399 Y=254,8262 Vx=62,2848 Vy=116,4597
[24606,175] Ball=B002 X=237,4102 Y=236,7323 Vx=27,4787 Vy=185,6522
[24620,592] Ball=B003 X=315,2694 Y=256,5642 Vx=62,2848 Vy=116,4597
[24620,125] Ball=B006 X=263,5459 Y=119,2175 Vx=-20,0582 Vy=-113,8357
[24613,178] Ball=B008 X=323,4310 Y=210,2740 Vx=35,8342 Vy=-83,5850
[24621,274] Ball=B002 X=237,8250 Y=239,5353 Vx=27,4787 Vy=185,6522
[24620,523] Ball=B005 X=318,5757 Y=132,1894 Vx=-88,9469 Vy=54,9341
[24615,676] Ball=B007 X=205,0203 Y=376,9791 Vx=-111,6955 Vy=-200,9777
[24620,708] Ball=B004 X=280,1102 Y=175,0770 Vx=-84,0310 Vy=-53,5202
[24623,946] Ball=B001 X=58,0997 Y=219,7816 Vx=81,2214 Vy=15,6533
[24639,849] Ball=B001 X=59,3914 Y=220,0305 Vx=81,2214 Vy=15,6533
[24631,826] Ball=B007 X=203,2164 Y=373,7333 Vx=-111,6955 Vy=-200,9777
[24636,610] Ball=B004 X=278,7739 Y=174,2259 Vx=-84,0310 Vy=-53,5202
[24636,505] Ball=B005 X=317,1541 Y=133,0674 Vx=-88,9469 Vy=54,9341
[24636,362] Ball=B006 X=263,2202 Y=117,3692 Vx=-20,0582 Vy=-113,8357
[24629,347] Ball=B008 X=324,0104 Y=208,9225 Vx=35,8342 Vy=-83,5850
[24637,450] Ball=B002 X=238,2695 Y=242,5385 Vx=27,4787 Vy=185,6522
[24636,897] Ball=B003 X=316,2851 Y=258,4633 Vx=62,2848 Vy=116,4597
[24651,670] Ball=B003 X=317,2052 Y=260,1837 Vx=62,2848 Vy=116,4597
[24646,749] Ball=B007 X=201,5495 Y=370,7341 Vx=-111,6955 Vy=-200,9777
[24644,151] Ball=B008 X=324,5409 Y=207,6851 Vx=35,8342 Vy=-83,5850
[24651,450] Ball=B005 X=315,8248 Y=133,8884 Vx=-88,9469 Vy=54,9341
[24651,566] Ball=B004 X=277,5171 Y=173,4254 Vx=-84,0310 Vy=-53,5202
[24654,804] Ball=B001 X=60,6060 Y=220,2646 Vx=81,2214 Vy=15,6533
[24652,214] Ball=B002 X=238,6752 Y=245,2795 Vx=27,4787 Vy=185,6522
[24651,346] Ball=B006 X=262,9197 Y=115,6634 Vx=-20,0582 Vy=-113,8357
[24667,268] Ball=B006 X=262,6003 Y=113,8511 Vx=-20,0582 Vy=-113,8357
[24670,845] Ball=B001 X=61,9089 Y=220,5157 Vx=81,2214 Vy=15,6533
[24667,617] Ball=B004 X=276,1684 Y=172,5664 Vx=-84,0310 Vy=-53,5202
[24660,241] Ball=B008 X=325,1175 Y=206,3402 Vx=35,8342 Vy=-83,5850
[24667,593] Ball=B005 X=314,3889 Y=134,7752 Vx=-88,9469 Vy=54,9341
[24662,923] Ball=B007 X=199,7430 Y=367,4835 Vx=-111,6955 Vy=-200,9777
[24668,354] Ball=B002 X=239,1187 Y=248,2760 Vx=27,4787 Vy=185,6522
[24667,898] Ball=B003 X=318,2160 Y=262,0737 Vx=62,2848 Vy=116,4597
[24682,746] Ball=B003 X=319,1407 Y=263,8027 Vx=62,2848 Vy=116,4597
[24675,218] Ball=B008 X=325,6542 Y=205,0884 Vx=35,8342 Vy=-83,5850
[24682,618] Ball=B004 X=274,9078 Y=171,7635 Vx=-84,0310 Vy=-53,5202
[24685,865] Ball=B001 X=63,1289 Y=220,7508 Vx=81,2214 Vy=15,6533
[24683,297] Ball=B002 X=239,5294 Y=251,0502 Vx=27,4787 Vy=185,6522
[24682,619] Ball=B005 X=313,0524 Y=135,6006 Vx=-88,9469 Vy=54,9341
[24682,413] Ball=B006 X=262,2965 Y=112,1269 Vx=-20,0582 Vy=-113,8357
[24678,023] Ball=B007 X=198,0564 Y=364,4487 Vx=-111,6955 Vy=-200,9777
[24693,823] Ball=B007 X=196,2916 Y=361,2733 Vx=-111,6955 Vy=-200,9777
[24698,276] Ball=B006 X=261,9783 Y=110,3212 Vx=-20,0582 Vy=-113,8357
[24698,609] Ball=B004 X=273,5641 Y=170,9077 Vx=-84,0310 Vy=-53,5202
[24699,273] Ball=B002 X=239,9684 Y=254,0162 Vx=27,4787 Vy=185,6522
[24691,247] Ball=B008 X=326,2286 Y=203,7486 Vx=35,8342 Vy=-83,5850
[24698,528] Ball=B005 X=311,6374 Y=136,4745 Vx=-88,9469 Vy=54,9341
[24701,896] Ball=B001 X=64,4309 Y=221,0018 Vx=81,2214 Vy=15,6533
[24698,797] Ball=B003 X=320,1405 Y=265,6722 Vx=62,2848 Vy=116,4597
[24708,837] Ball=B007 X=194,6147 Y=358,2560 Vx=-111,6955 Vy=-200,9777
[24716,870] Ball=B001 X=65,6471 Y=221,2361 Vx=81,2214 Vy=15,6533
[24706,238] Ball=B008 X=326,7657 Y=202,4956 Vx=35,8342 Vy=-83,5850
[24714,312] Ball=B002 X=240,3816 Y=256,8082 Vx=27,4787 Vy=185,6522
[24713,669] Ball=B004 X=272,2986 Y=170,1016 Vx=-84,0310 Vy=-53,5202
[24713,555] Ball=B005 X=310,3007 Y=137,3000 Vx=-88,9469 Vy=54,9341
[24713,355] Ball=B006 X=261,6759 Y=108,6047 Vx=-20,0582 Vy=-113,8357
[24713,785] Ball=B003 X=321,0740 Y=267,4176 Vx=62,2848 Vy=116,4597
[24729,346] Ball=B005 X=308,8963 Y=138,1674 Vx=-88,9469 Vy=54,9341
[24729,134] Ball=B006 X=261,3594 Y=106,8084 Vx=-20,0582 Vy=-113,8357
[24729,633] Ball=B003 X=322,0612 Y=269,2633 Vx=62,2848 Vy=116,4597
[24724,712] Ball=B007 X=192,8413 Y=355,0652 Vx=-111,6955 Vy=-200,9777
[24722,189] Ball=B008 X=327,3373 Y=201,1623 Vx=35,8342 Vy=-83,5850
[24732,928] Ball=B001 X=66,9514 Y=221,4875 Vx=81,2214 Vy=15,6533
[24729,591] Ball=B004 X=270,9606 Y=169,2495 Vx=-84,0310 Vy=-53,5202
[24730,684] Ball=B002 X=240,8302 Y=259,8391 Vx=27,4787 Vy=185,6522
[24738,039] Ball=B008 X=327,9053 Y=199,8376 Vx=35,8342 Vy=-83,5850
[24746,079] Ball=B002 X=241,2545 Y=262,7056 Vx=27,4787 Vy=185,6522
[24740,657] Ball=B007 X=191,0604 Y=351,8607 Vx=-111,6955 Vy=-200,9777
[24745,475] Ball=B004 X=269,6259 Y=168,3994 Vx=-84,0310 Vy=-53,5202
[24748,717] Ball=B001 X=68,2338 Y=221,7347 Vx=81,2214 Vy=15,6533
[24745,622] Ball=B003 X=323,0570 Y=271,1253 Vx=62,2848 Vy=116,4597
[24745,158] Ball=B006 X=261,0380 Y=104,9843 Vx=-20,0582 Vy=-113,8357
[24745,380] Ball=B005 X=307,4700 Y=139,0483 Vx=-88,9469 Vy=54,9341
[24760,356] Ball=B005 X=306,1381 Y=139,8709 Vx=-88,9469 Vy=54,9341
[24760,612] Ball=B003 X=323,9906 Y=272,8710 Vx=62,2848 Vy=116,4597
[24763,733] Ball=B001 X=69,4534 Y=221,9697 Vx=81,2214 Vy=15,6533
[24761,146] Ball=B002 X=241,6685 Y=265,5029 Vx=27,4787 Vy=185,6522
[24755,734] Ball=B007 X=189,3763 Y=348,8304 Vx=-111,6955 Vy=-200,9777
[24753,125] Ball=B008 X=328,4459 Y=198,5765 Vx=35,8342 Vy=-83,5850
[24760,372] Ball=B006 X=260,7329 Y=103,2529 Vx=-20,0582 Vy=-113,8357
[24760,733] Ball=B004 X=268,3437 Y=167,5828 Vx=-84,0310 Vy=-53,5202
[24776,519] Ball=B004 X=267,0172 Y=166,7379 Vx=-84,0310 Vy=-53,5202
[24776,185] Ball=B006 X=260,4157 Y=101,4526 Vx=-20,0582 Vy=-113,8357
[24777,162] Ball=B002 X=242,1086 Y=268,4764 Vx=27,4787 Vy=185,6522
[24771,743] Ball=B007 X=187,5882 Y=345,6130 Vx=-111,6955 Vy=-200,9777
[24769,149] Ball=B008 X=329,0201 Y=197,2371 Vx=35,8342 Vy=-83,5850
[24776,696] Ball=B003 X=324,9924 Y=274,7442 Vx=62,2848 Vy=116,4597
[24779,795] Ball=B001 X=70,7580 Y=222,2211 Vx=81,2214 Vy=15,6533
[24776,442] Ball=B005 X=304,7071 Y=140,7547 Vx=-88,9469 Vy=54,9341
[24792,732] Ball=B003 X=325,9912 Y=276,6118 Vx=62,2848 Vy=116,4597
[24792,480] Ball=B005 X=303,2808 Y=141,6356 Vx=-88,9469 Vy=54,9341
[24792,597] Ball=B004 X=265,6661 Y=165,8774 Vx=-84,0310 Vy=-53,5202
[24795,854] Ball=B001 X=72,0623 Y=222,4725 Vx=81,2214 Vy=15,6533
[24787,817] Ball=B007 X=185,7929 Y=342,3827 Vx=-111,6955 Vy=-200,9777
[24792,365] Ball=B006 X=260,0911 Y=99,6105 Vx=-20,0582 Vy=-113,8357
[24793,340] Ball=B002 X=242,5532 Y=271,4798 Vx=27,4787 Vy=185,6522
[24785,418] Ball=B008 X=329,6031 Y=195,8773 Vx=35,8342 Vy=-83,5850
[24809,146] Ball=B002 X=242,9875 Y=274,4140 Vx=27,4787 Vy=185,6522
[24801,112] Ball=B008 X=330,1655 Y=194,5655 Vx=35,8342 Vy=-83,5850
[24808,181] Ball=B006 X=259,7738 Y=97,8101 Vx=-20,0582 Vy=-113,8357
[24811,768] Ball=B001 X=73,3548 Y=222,7216 Vx=81,2214 Vy=15,6533
[24803,769] Ball=B007 X=184,0111 Y=339,1766 Vx=-111,6955 Vy=-200,9777
[24808,440] Ball=B005 X=301,8610 Y=142,5125 Vx=-88,9469 Vy=54,9341
[24808,556] Ball=B004 X=264,3251 Y=165,0233 Vx=-84,0310 Vy=-53,5202
[24808,696] Ball=B003 X=326,9856 Y=278,4709 Vx=62,2848 Vy=116,4597
[24823,602] Ball=B004 X=263,0609 Y=164,2181 Vx=-84,0310 Vy=-53,5202
[24818,834] Ball=B007 X=182,3285 Y=336,1489 Vx=-111,6955 Vy=-200,9777
[24823,764] Ball=B003 X=327,9241 Y=280,2258 Vx=62,2848 Vy=116,4597
[24816,241] Ball=B008 X=330,7076 Y=193,3009 Vx=35,8342 Vy=-83,5850
[24823,523] Ball=B005 X=300,5195 Y=143,3410 Vx=-88,9469 Vy=54,9341
[24824,369] Ball=B002 X=243,4058 Y=277,2404 Vx=27,4787 Vy=185,6522
[24823,395] Ball=B006 X=259,4687 Y=96,0782 Vx=-20,0582 Vy=-113,8357
[24827,092] Ball=B001 X=74,5995 Y=222,9615 Vx=81,2214 Vy=15,6533
[24832,074] Ball=B008 X=331,2749 Y=191,9777 Vx=35,8342 Vy=-83,5850
[24842,724] Ball=B001 X=75,8692 Y=223,2062 Vx=81,2214 Vy=15,6533
[24840,141] Ball=B002 X=243,8392 Y=280,1685 Vx=27,4787 Vy=185,6522
[24839,388] Ball=B005 X=299,1084 Y=144,2125 Vx=-88,9469 Vy=54,9341
[24839,658] Ball=B003 X=328,9140 Y=282,0768 Vx=62,2848 Vy=116,4597
[24834,738] Ball=B007 X=180,5519 Y=332,9523 Vx=-111,6955 Vy=-200,9777
[24839,524] Ball=B004 X=261,7228 Y=163,3658 Vx=-84,0310 Vy=-53,5202
[24839,285] Ball=B006 X=259,1500 Y=94,2694 Vx=-20,0582 Vy=-113,8357
[24855,279] Ball=B006 X=258,8292 Y=92,4488 Vx=-20,0582 Vy=-113,8357
[24850,833] Ball=B007 X=178,7543 Y=329,7179 Vx=-111,6955 Vy=-200,9777
[24848,232] Ball=B008 X=331,8540 Y=190,6270 Vx=35,8342 Vy=-83,5850
[24855,774] Ball=B003 X=329,9178 Y=283,9537 Vx=62,2848 Vy=116,4597
[24855,695] Ball=B004 X=260,3640 Y=162,5004 Vx=-84,0310 Vy=-53,5202
[24855,585] Ball=B005 X=297,6677 Y=145,1023 Vx=-88,9469 Vy=54,9341
[24858,999] Ball=B001 X=77,1910 Y=223,4609 Vx=81,2214 Vy=15,6533
[24856,407] Ball=B002 X=244,2862 Y=283,1883 Vx=27,4787 Vy=185,6522
[24870,671] Ball=B003 X=330,8457 Y=285,6886 Vx=62,2848 Vy=116,4597
[24870,533] Ball=B004 X=259,1173 Y=161,7064 Vx=-84,0310 Vy=-53,5202
[24873,816] Ball=B001 X=78,3945 Y=223,6929 Vx=81,2214 Vy=15,6533
[24865,799] Ball=B007 X=177,0827 Y=326,7100 Vx=-111,6955 Vy=-200,9777
[24870,264] Ball=B006 X=258,5286 Y=90,7429 Vx=-20,0582 Vy=-113,8357
[24871,250] Ball=B002 X=244,6940 Y=285,9439 Vx=27,4787 Vy=185,6522
[24870,497] Ball=B005 X=296,3413 Y=145,9215 Vx=-88,9469 Vy=54,9341
[24863,227] Ball=B008 X=332,3913 Y=189,3736 Vx=35,8342 Vy=-83,5850
[24879,128] Ball=B008 X=332,9611 Y=188,0447 Vx=35,8342 Vy=-83,5850
[24886,427] Ball=B005 X=294,9244 Y=146,7965 Vx=-88,9469 Vy=54,9341
[24887,215] Ball=B002 X=245,1328 Y=288,9080 Vx=27,4787 Vy=185,6522
[24881,786] Ball=B007 X=175,2969 Y=323,4968 Vx=-111,6955 Vy=-200,9777
[24886,718] Ball=B003 X=331,8451 Y=287,5573 Vx=62,2848 Vy=116,4597
[24886,254] Ball=B006 X=258,2078 Y=88,9226 Vx=-20,0582 Vy=-113,8357
[24889,827] Ball=B001 X=79,6949 Y=223,9435 Vx=81,2214 Vy=15,6533
[24886,602] Ball=B004 X=257,7668 Y=160,8462 Vx=-84,0310 Vy=-53,5202
[24901,523] Ball=B004 X=256,5131 Y=160,0478 Vx=-84,0310 Vy=-53,5202
[24904,775] Ball=B001 X=80,9090 Y=224,1775 Vx=81,2214 Vy=15,6533
[24901,204] Ball=B006 X=257,9080 Y=87,2208 Vx=-20,0582 Vy=-113,8357
[24901,522] Ball=B005 X=293,5817 Y=147,6258 Vx=-88,9469 Vy=54,9341
[24896,852] Ball=B007 X=173,6141 Y=320,4689 Vx=-111,6955 Vy=-200,9777
[24902,436] Ball=B002 X=245,5510 Y=291,7337 Vx=27,4787 Vy=185,6522
[24894,472] Ball=B008 X=333,5110 Y=186,7620 Vx=35,8342 Vy=-83,5850
[24902,068] Ball=B003 X=332,8012 Y=289,3450 Vx=62,2848 Vy=116,4597
[24917,189] Ball=B002 X=245,9564 Y=294,4725 Vx=27,4787 Vy=185,6522
[24919,789] Ball=B001 X=82,1285 Y=224,4125 Vx=81,2214 Vy=15,6533
[24911,767] Ball=B007 X=171,9482 Y=317,4714 Vx=-111,6955 Vy=-200,9777
[24916,585] Ball=B004 X=255,2473 Y=159,2416 Vx=-84,0310 Vy=-53,5202
[24916,724] Ball=B003 X=333,7141 Y=291,0519 Vx=62,2848 Vy=116,4597
[24909,209] Ball=B008 X=334,0391 Y=185,5302 Vx=35,8342 Vy=-83,5850
[24916,275] Ball=B006 X=257,6057 Y=85,5051 Vx=-20,0582 Vy=-113,8357
[24916,490] Ball=B005 X=292,2503 Y=148,4481 Vx=-88,9469 Vy=54,9341
[24934,786] Ball=B001 X=83,3465 Y=224,6472 Vx=81,2214 Vy=15,6533
[24926,765] Ball=B007 X=170,2730 Y=314,4571 Vx=-111,6955 Vy=-200,9777
[24931,443] Ball=B005 X=290,9203 Y=149,2695 Vx=-88,9469 Vy=54,9341
[24931,233] Ball=B006 X=257,3056 Y=83,8023 Vx=-20,0582 Vy=-113,8357
[24931,719] Ball=B003 X=334,6480 Y=292,7982 Vx=62,2848 Vy=116,4597
[24931,598] Ball=B004 X=253,9857 Y=158,4380 Vx=-84,0310 Vy=-53,5202
[24932,323] Ball=B002 X=246,3722 Y=297,2822 Vx=27,4787 Vy=185,6522
[24924,204] Ball=B008 X=334,5764 Y=184,2769 Vx=35,8342 Vy=-83,5850
[24946,531] Ball=B004 X=252,7310 Y=157,6389 Vx=-84,0310 Vy=-53,5202
[24939,144] Ball=B008 X=335,1118 Y=183,0281 Vx=35,8342 Vy=-83,5850
[24946,709] Ball=B003 X=335,5817 Y=294,5439 Vx=62,2848 Vy=116,4597
[24949,888] Ball=B001 X=84,5731 Y=224,8836 Vx=81,2214 Vy=15,6533
[24941,882] Ball=B007 X=168,5844 Y=311,4188 Vx=-111,6955 Vy=-200,9777
[24946,558] Ball=B005 X=289,5759 Y=150,0998 Vx=-88,9469 Vy=54,9341
[24947,445] Ball=B002 X=246,7878 Y=300,0898 Vx=27,4787 Vy=185,6522
[24946,521] Ball=B006 X=256,9990 Y=82,0620 Vx=-20,0582 Vy=-113,8357
[24962,338] Ball=B006 X=256,6817 Y=80,2616 Vx=-20,0582 Vy=-113,8357
[24963,329] Ball=B002 X=247,2243 Y=303,0386 Vx=27,4787 Vy=185,6522
[24965,929] Ball=B001 X=85,8760 Y=225,1347 Vx=81,2214 Vy=15,6533
[24962,584] Ball=B005 X=288,1505 Y=150,9802 Vx=-88,9469 Vy=54,9341
[24962,843] Ball=B003 X=336,5866 Y=296,4229 Vx=62,2848 Vy=116,4597
[24957,932] Ball=B007 X=166,7917 Y=308,1931 Vx=-111,6955 Vy=-200,9777
[24962,718] Ball=B004 X=251,3707 Y=156,7725 Vx=-84,0310 Vy=-53,5202
[24955,328] Ball=B008 X=335,6917 Y=181,6754 Vx=35,8342 Vy=-83,5850
[24977,563] Ball=B005 X=286,8181 Y=151,8030 Vx=-88,9469 Vy=54,9341
[24977,690] Ball=B004 X=250,1126 Y=155,9712 Vx=-84,0310 Vy=-53,5202
[24970,302] Ball=B008 X=336,2283 Y=180,4238 Vx=35,8342 Vy=-83,5850
[24977,933] Ball=B003 X=337,5264 Y=298,1802 Vx=62,2848 Vy=116,4597
[24973,071] Ball=B007 X=165,1008 Y=305,1506 Vx=-111,6955 Vy=-200,9777
[24978,495] Ball=B002 X=247,6410 Y=305,8543 Vx=27,4787 Vy=185,6522
[24981,168] Ball=B001 X=87,1138 Y=225,3733 Vx=81,2214 Vy=15,6533
[24977,605] Ball=B006 X=256,3755 Y=78,5236 Vx=-20,0582 Vy=-113,8357
[24987,890] Ball=B007 X=163,4456 Y=302,1723 Vx=-111,6955 Vy=-200,9777
[24992,811] Ball=B003 X=338,4530 Y=299,9128 Vx=62,2848 Vy=116,4597
[24992,346] Ball=B006 X=256,0798 Y=76,8456 Vx=-20,0582 Vy=-113,8357
[24993,324] Ball=B002 X=248,0485 Y=308,6073 Vx=27,4787 Vy=185,6522
[24995,949] Ball=B001 X=88,3143 Y=225,6046 Vx=81,2214 Vy=15,6533
[24992,599] Ball=B005 X=285,4806 Y=152,6291 Vx=-88,9469 Vy=54,9341
[24985,319] Ball=B008 X=336,7664 Y=179,1685 Vx=35,8342 Vy=-83,5850
[24992,714] Ball=B004 X=248,8501 Y=155,1671 Vx=-84,0310 Vy=-53,5202
[25003,798] Ball=B007 X=161,6688 Y=298,9753 Vx=-111,6955 Vy=-200,9777
[25008,480] Ball=B005 X=284,0681 Y=153,5014 Vx=-88,9469 Vy=54,9341
[25008,610] Ball=B004 X=247,5144 Y=154,3164 Vx=-84,0310 Vy=-53,5202
[25011,921] Ball=B001 X=89,6116 Y=225,8547 Vx=81,2214 Vy=15,6533
[25008,823] Ball=B003 X=339,4504 Y=301,7776 Vx=62,2848 Vy=116,4597
[25001,400] Ball=B008 X=337,3426 Y=177,8244 Vx=35,8342 Vy=-83,5850
[25008,468] Ball=B006 X=255,7564 Y=75,0103 Vx=-20,0582 Vy=-113,8357
[25009,460] Ball=B002 X=248,4919 Y=311,6029 Vx=27,4787 Vy=185,6522
[25017,142] Ball=B008 X=337,9067 Y=176,5087 Vx=35,8342 Vy=-83,5850
[25025,191] Ball=B002 X=248,9241 Y=314,5234 Vx=27,4787 Vy=185,6522
[25019,775] Ball=B007 X=159,8842 Y=295,7643 Vx=-111,6955 Vy=-200,9777
[25024,522] Ball=B005 X=282,6463 Y=154,3796 Vx=-88,9469 Vy=54,9341
[25027,941] Ball=B001 X=90,9127 Y=226,1054 Vx=81,2214 Vy=15,6533
[25024,847] Ball=B003 X=340,4485 Y=303,6438 Vx=62,2848 Vy=116,4597
[25024,386] Ball=B006 X=255,4372 Y=73,1983 Vx=-20,0582 Vy=-113,8357
[25024,761] Ball=B004 X=246,1571 Y=153,4519 Vx=-84,0310 Vy=-53,5202
[25034,745] Ball=B007 X=158,2123 Y=292,7558 Vx=-111,6955 Vy=-200,9777
[25039,534] Ball=B004 X=244,9158 Y=152,6613 Vx=-84,0310 Vy=-53,5202
[25039,216] Ball=B006 X=255,1397 Y=71,5100 Vx=-20,0582 Vy=-113,8357
[25032,175] Ball=B008 X=338,4454 Y=175,2521 Vx=35,8342 Vy=-83,5850
[25039,693] Ball=B003 X=341,3731 Y=305,3728 Vx=62,2848 Vy=116,4597
[25040,215] Ball=B002 X=249,3370 Y=317,3127 Vx=27,4787 Vy=185,6522
[25042,811] Ball=B001 X=92,1205 Y=226,3382 Vx=81,2214 Vy=15,6533
[25039,471] Ball=B005 X=281,3115 Y=155,2039 Vx=-88,9469 Vy=54,9341
[25055,738] Ball=B003 X=342,3725 Y=307,2413 Vx=62,2848 Vy=116,4597
[25058,856] Ball=B001 X=93,4236 Y=226,5893 Vx=81,2214 Vy=15,6533
[25056,265] Ball=B002 X=249,7780 Y=320,2924 Vx=27,4787 Vy=185,6522
[25055,515] Ball=B005 X=279,8845 Y=156,0853 Vx=-88,9469 Vy=54,9341
[25055,309] Ball=B006 X=254,8169 Y=69,6781 Vx=-20,0582 Vy=-113,8357
[25050,941] Ball=B007 X=156,4030 Y=289,5004 Vx=-111,6955 Vy=-200,9777
[25048,406] Ball=B008 X=339,0271 Y=173,8954 Vx=35,8342 Vy=-83,5850
[25055,881] Ball=B004 X=243,5421 Y=151,7864 Vx=-84,0310 Vy=-53,5202
[25064,141] Ball=B008 X=339,5909 Y=172,5803 Vx=35,8342 Vy=-83,5850
[25071,211] Ball=B006 X=254,4979 Y=67,8679 Vx=-20,0582 Vy=-113,8357
[25072,348] Ball=B002 X=250,2200 Y=323,2783 Vx=27,4787 Vy=185,6522
[25071,714] Ball=B004 X=242,2116 Y=150,9390 Vx=-84,0310 Vy=-53,5202
[25066,929] Ball=B007 X=154,6173 Y=286,2873 Vx=-111,6955 Vy=-200,9777
[25075,016] Ball=B001 X=94,7362 Y=226,8423 Vx=81,2214 Vy=15,6533
[25071,665] Ball=B005 X=278,4480 Y=156,9725 Vx=-88,9469 Vy=54,9341
[25071,926] Ball=B003 X=343,3808 Y=309,1266 Vx=62,2848 Vy=116,4597
[25089,885] Ball=B001 X=95,9439 Y=227,0751 Vx=81,2214 Vy=15,6533
[25081,874] Ball=B007 X=152,9480 Y=283,2837 Vx=-111,6955 Vy=-200,9777
[25086,671] Ball=B004 X=240,9548 Y=150,1385 Vx=-84,0310 Vy=-53,5202
[25086,826] Ball=B003 X=344,3088 Y=310,8619 Vx=62,2848 Vy=116,4597
[25087,335] Ball=B002 X=250,6318 Y=326,0606 Vx=27,4787 Vy=185,6522
[25086,581] Ball=B005 X=277,1212 Y=157,7919 Vx=-88,9469 Vy=54,9341
[25079,371] Ball=B008 X=340,1367 Y=171,3072 Vx=35,8342 Vy=-83,5850
[25086,482] Ball=B006 X=254,1916 Y=66,1295 Vx=-20,0582 Vy=-113,8357
[25102,675] Ball=B004 X=239,6101 Y=149,2821 Vx=-84,0310 Vy=-53,5202
[25095,285] Ball=B008 X=340,7069 Y=169,9771 Vx=35,8342 Vy=-83,5850
[25102,361] Ball=B006 X=253,8731 Y=64,3219 Vx=-20,0582 Vy=-113,8357
[25102,590] Ball=B005 X=275,6973 Y=158,6713 Vx=-88,9469 Vy=54,9341
[25097,933] Ball=B007 X=151,1542 Y=280,0560 Vx=-111,6955 Vy=-200,9777
[25102,932] Ball=B003 X=345,3120 Y=312,7376 Vx=62,2848 Vy=116,4597
[25103,446] Ball=B002 X=251,0745 Y=329,0517 Vx=27,4787 Vy=185,6522
[25106,042] Ball=B001 X=97,2562 Y=227,3280 Vx=81,2214 Vy=15,6533
[25117,520] Ball=B004 X=238,3626 Y=148,4875 Vx=-84,0310 Vy=-53,5202
[25117,657] Ball=B003 X=346,2291 Y=314,4524 Vx=62,2848 Vy=116,4597
[25120,781] Ball=B001 X=98,4533 Y=227,5587 Vx=81,2214 Vy=15,6533
[25112,821] Ball=B007 X=149,4977 Y=277,0754 Vx=-111,6955 Vy=-200,9777
[25117,559] Ball=B005 X=274,3658 Y=159,4936 Vx=-88,9469 Vy=54,9341
[25117,342] Ball=B006 X=253,5738 Y=62,6232 Vx=-20,0582 Vy=-113,8357
[25110,290] Ball=B008 X=341,2446 Y=168,7229 Vx=35,8342 Vy=-83,5850
[25118,173] Ball=B002 X=251,4792 Y=331,7857 Vx=27,4787 Vy=185,6522
[25133,352] Ball=B006 X=253,2515 Y=60,7941 Vx=-20,0582 Vy=-113,8357
[25136,923] Ball=B001 X=99,7644 Y=227,8114 Vx=81,2214 Vy=15,6533
[25128,899] Ball=B007 X=147,6957 Y=273,8330 Vx=-111,6955 Vy=-200,9777
[25133,702] Ball=B004 X=237,0027 Y=147,6214 Vx=-84,0310 Vy=-53,5202
[25134,367] Ball=B002 X=251,9242 Y=334,7922 Vx=27,4787 Vy=185,6522
[25133,941] Ball=B003 X=347,2388 Y=316,3403 Vx=62,2848 Vy=116,4597
[25133,695] Ball=B005 X=272,9306 Y=160,3800 Vx=-88,9469 Vy=54,9341
[25126,333] Ball=B008 X=341,8195 Y=167,3819 Vx=35,8342 Vy=-83,5850
[25148,314] Ball=B006 X=252,9514 Y=59,0910 Vx=-20,0582 Vy=-113,8357
[25148,665] Ball=B004 X=235,7454 Y=146,8206 Vx=-84,0310 Vy=-53,5202
[25148,813] Ball=B003 X=348,1697 Y=318,0809 Vx=62,2848 Vy=116,4597
[25148,570] Ball=B005 X=271,6075 Y=161,1972 Vx=-88,9469 Vy=54,9341
[25141,266] Ball=B008 X=342,3546 Y=166,1338 Vx=35,8342 Vy=-83,5850
[25143,992] Ball=B007 X=146,0098 Y=270,7994 Vx=-111,6955 Vy=-200,9777
[25149,479] Ball=B002 X=252,3394 Y=337,5978 Vx=27,4787 Vy=185,6522
[25152,162] Ball=B001 X=101,0022 Y=228,0499 Vx=81,2214 Vy=15,6533
[25157,100] Ball=B008 X=342,9220 Y=164,8104 Vx=35,8342 Vy=-83,5850
[25164,639] Ball=B003 X=349,1553 Y=319,9239 Vx=62,2848 Vy=116,4597
[25167,747] Ball=B001 X=102,2679 Y=228,2939 Vx=81,2214 Vy=15,6533
[25164,188] Ball=B006 X=252,6330 Y=57,2838 Vx=-20,0582 Vy=-113,8357
[25164,412] Ball=B005 X=270,1984 Y=162,0674 Vx=-88,9469 Vy=54,9341
[25159,841] Ball=B007 X=144,2394 Y=267,6140 Vx=-111,6955 Vy=-200,9777
[25165,272] Ball=B002 X=252,7734 Y=340,5298 Vx=27,4787 Vy=185,6522
[25164,631] Ball=B004 X=234,4037 Y=145,9661 Vx=-84,0310 Vy=-53,5202
[25180,166] Ball=B006 X=252,3125 Y=55,4651 Vx=-20,0582 Vy=-113,8357
[25180,514] Ball=B004 X=233,0691 Y=145,1161 Vx=-84,0310 Vy=-53,5202
[25180,658] Ball=B003 X=350,1531 Y=321,7895 Vx=62,2848 Vy=116,4597
[25173,137] Ball=B008 X=343,4967 Y=163,4698 Vx=35,8342 Vy=-83,5850
[25181,273] Ball=B002 X=253,2131 Y=343,5004 Vx=27,4787 Vy=185,6522
[25183,874] Ball=B001 X=103,5779 Y=228,5463 Vx=81,2214 Vy=15,6533
[25175,856] Ball=B007 X=142,4506 Y=264,3954 Vx=-111,6955 Vy=-200,9777
[25180,572] Ball=B005 X=268,7610 Y=162,9552 Vx=-88,9469 Vy=54,9341
[25195,344] Ball=B006 X=252,0080 Y=53,7372 Vx=-20,0582 Vy=-113,8357
[25190,902] Ball=B007 X=140,7701 Y=261,3714 Vx=-111,6955 Vy=-200,9777
[25198,933] Ball=B001 X=104,8009 Y=228,7820 Vx=81,2214 Vy=15,6533
[25195,704] Ball=B004 X=231,7927 Y=144,3031 Vx=-84,0310 Vy=-53,5202
[25196,359] Ball=B002 X=253,6276 Y=346,3013 Vx=27,4787 Vy=185,6522
[25195,697] Ball=B005 X=267,4157 Y=163,7860 Vx=-88,9469 Vy=54,9341
[25188,416] Ball=B008 X=344,0442 Y=162,1927 Vx=35,8342 Vy=-83,5850
[25196,290] Ball=B003 X=351,1268 Y=323,6100 Vx=62,2848 Vy=116,4597
[25214,919] Ball=B001 X=106,0993 Y=229,0322 Vx=81,2214 Vy=15,6533
[25211,821] Ball=B003 X=352,0941 Y=325,4187 Vx=62,2848 Vy=116,4597
[25212,332] Ball=B002 X=254,0665 Y=349,2665 Vx=27,4787 Vy=185,6522
[25211,369] Ball=B006 X=251,6866 Y=51,9129 Vx=-20,0582 Vy=-113,8357
[25211,593] Ball=B005 X=266,0018 Y=164,6592 Vx=-88,9469 Vy=54,9341
[25204,415] Ball=B008 X=344,6175 Y=160,8554 Vx=35,8342 Vy=-83,5850
[25207,027] Ball=B007 X=138,9690 Y=258,1307 Vx=-111,6955 Vy=-200,9777
[25211,873] Ball=B004 X=230,4339 Y=143,4377 Vx=-84,0310 Vy=-53,5202
[25227,539] Ball=B004 X=229,1176 Y=142,5993 Vx=-84,0310 Vy=-53,5202
[25228,201] Ball=B002 X=254,5026 Y=352,2126 Vx=27,4787 Vy=185,6522
[25222,777] Ball=B007 X=137,2098 Y=254,9652 Vx=-111,6955 Vy=-200,9777
[25230,821] Ball=B001 X=107,3909 Y=229,2812 Vx=81,2214 Vy=15,6533
[25220,219] Ball=B008 X=345,1838 Y=159,5345 Vx=35,8342 Vy=-83,5850
[25227,967] Ball=B003 X=353,0998 Y=327,2992 Vx=62,2848 Vy=116,4597
[25227,511] Ball=B006 X=251,3628 Y=50,0754 Vx=-20,0582 Vy=-113,8357
[25228,160] Ball=B005 X=264,5283 Y=165,5693 Vx=-88,9469 Vy=54,9341
[25242,299] Ball=B006 X=251,0662 Y=48,3921 Vx=-20,0582 Vy=-113,8357
[25242,769] Ball=B003 X=354,0216 Y=329,0228 Vx=62,2848 Vy=116,4597
[25245,871] Ball=B001 X=108,6133 Y=229,5168 Vx=81,2214 Vy=15,6533
[25242,528] Ball=B005 X=263,2503 Y=166,3586 Vx=-88,9469 Vy=54,9341
[25242,654] Ball=B004 X=227,8474 Y=141,7903 Vx=-84,0310 Vy=-53,5202
[25243,436] Ball=B002 X=254,9199 Y=355,0325 Vx=27,4787 Vy=185,6522
[25235,351] Ball=B008 X=345,7261 Y=158,2696 Vx=35,8342 Vy=-83,5850
[25238,092] Ball=B007 X=135,4992 Y=251,8873 Vx=-111,6955 Vy=-200,9777
[25258,817] Ball=B003 X=355,0212 Y=330,8917 Vx=62,2848 Vy=116,4597
[25258,680] Ball=B004 X=226,5007 Y=140,9326 Vx=-84,0310 Vy=-53,5202
[25259,332] Ball=B002 X=255,3580 Y=357,9923 Vx=27,4787 Vy=185,6522
[25253,942] Ball=B007 X=133,7288 Y=248,7019 Vx=-111,6955 Vy=-200,9777
[25261,966] Ball=B001 X=109,9206 Y=229,7687 Vx=81,2214 Vy=15,6533
[25258,701] Ball=B005 X=261,8117 Y=167,2471 Vx=-88,9469 Vy=54,9341
[25251,481] Ball=B008 X=346,3041 Y=156,9214 Vx=35,8342 Vy=-83,5850
[25258,398] Ball=B006 X=250,7433 Y=46,5593 Vx=-20,0582 Vy=-113,8357
[25266,300] Ball=B008 X=346,8351 Y=155,6829 Vx=35,8342 Vy=-83,5850
[25273,362] Ball=B006 X=250,4431 Y=44,8560 Vx=-20,0582 Vy=-113,8357
[25273,841] Ball=B003 X=355,9570 Y=332,6416 Vx=62,2848 Vy=116,4597
[25276,961] Ball=B001 X=111,1385 Y=230,0034 Vx=81,2214 Vy=15,6533
[25273,735] Ball=B004 X=225,2356 Y=140,1268 Vx=-84,0310 Vy=-53,5202
[25273,703] Ball=B005 X=260,4773 Y=168,0712 Vx=-88,9469 Vy=54,9341
[25269,034] Ball=B007 X=132,0431 Y=245,6686 Vx=-111,6955 Vy=-200,9777
[25274,463] Ball=B002 X=255,7738 Y=360,8015 Vx=27,4787 Vy=185,6522
[25290,140] Ball=B002 X=256,2046 Y=363,7119 Vx=27,4787 Vy=185,6522
[25289,382] Ball=B005 X=259,0828 Y=168,9325 Vx=-88,9469 Vy=54,9341
[25292,740] Ball=B001 X=108,7932 Y=227,5326 Vx=-75,6752 Vy=-101,9199
[25284,745] Ball=B007 X=136,1229 Y=246,8834 Vx=186,4081 Vy=22,4114
[25289,542] Ball=B004 X=223,9073 Y=139,2808 Vx=-84,0310 Vy=-53,5202
[25289,210] Ball=B006 X=250,1253 Y=43,0518 Vx=-20,0582 Vy=-113,8357
[25289,773] Ball=B003 X=356,9493 Y=334,4970 Vx=62,2848 Vy=116,4597
[25282,300] Ball=B008 X=347,4085 Y=154,3454 Vx=35,8342 Vy=-83,5850
[25307,743] Ball=B001 X=107,6579 Y=226,0036 Vx=-75,6752 Vy=-101,9199
[25304,654] Ball=B003 X=357,8762 Y=336,2300 Vx=62,2848 Vy=116,4597
[25304,189] Ball=B006 X=249,8248 Y=41,3467 Vx=-20,0582 Vy=-113,8357
[25304,531] Ball=B004 X=222,6478 Y=138,4786 Vx=-84,0310 Vy=-53,5202
[25297,154] Ball=B008 X=347,9408 Y=153,1038 Vx=35,8342 Vy=-83,5850
[25305,271] Ball=B002 X=256,6204 Y=366,5209 Vx=27,4787 Vy=185,6522
[25299,844] Ball=B007 X=138,9375 Y=247,2218 Vx=186,4081 Vy=22,4114
[25304,521] Ball=B005 X=257,7362 Y=169,7642 Vx=-88,9469 Vy=54,9341
[25321,419] Ball=B005 X=256,2332 Y=170,6924 Vx=-88,9469 Vy=54,9341
[25322,190] Ball=B002 X=257,0853 Y=369,6619 Vx=27,4787 Vy=185,6522
[25316,764] Ball=B007 X=142,0915 Y=247,6010 Vx=186,4081 Vy=22,4114
[25321,696] Ball=B003 X=358,9377 Y=338,2148 Vx=62,2848 Vy=116,4597
[25314,185] Ball=B008 X=348,5511 Y=151,6803 Vx=35,8342 Vy=-83,5850
[25321,582] Ball=B004 X=221,2150 Y=137,5661 Vx=-84,0310 Vy=-53,5202
[25324,902] Ball=B001 X=106,3593 Y=224,2546 Vx=-75,6752 Vy=-101,9199
[25321,335] Ball=B006 X=249,4809 Y=39,3949 Vx=-20,0582 Vy=-113,8357
[25337,305] Ball=B006 X=249,1606 Y=37,5769 Vx=-20,0582 Vy=-113,8357
[25330,256] Ball=B008 X=349,1269 Y=150,3370 Vx=35,8342 Vy=-83,5850
[25340,899] Ball=B001 X=105,1488 Y=222,6242 Vx=-75,6752 Vy=-101,9199
[25337,673] Ball=B004 X=219,8628 Y=136,7049 Vx=-84,0310 Vy=-53,5202
[25337,822] Ball=B003 X=359,9421 Y=340,0928 Vx=62,2848 Vy=116,4597
[25338,331] Ball=B002 X=257,5288 Y=372,6587 Vx=27,4787 Vy=185,6522
[25338,032] Ball=B005 X=254,7555 Y=171,6051 Vx=-88,9469 Vy=54,9341
[25333,635] Ball=B007 X=145,2364 Y=247,9791 Vx=186,4081 Vy=22,4114
[25353,471] Ball=B005 X=253,3823 Y=172,4531 Vx=-88,9469 Vy=54,9341
[25346,194] Ball=B008 X=349,6981 Y=149,0049 Vx=35,8342 Vy=-83,5850
[25353,736] Ball=B003 X=360,9333 Y=341,9462 Vx=62,2848 Vy=116,4597
[25353,811] Ball=B004 X=218,5067 Y=135,8411 Vx=-84,0310 Vy=-53,5202
[25349,056] Ball=B007 X=148,1110 Y=248,3247 Vx=186,4081 Vy=22,4114
[25357,100] Ball=B001 X=103,9227 Y=220,9730 Vx=-75,6752 Vy=-101,9199
[25354,572] Ball=B002 X=257,9751 Y=375,6737 Vx=27,4787 Vy=185,6522
[25353,714] Ball=B006 X=248,8314 Y=35,7090 Vx=-20,0582 Vy=-113,8357
[25369,305] Ball=B002 X=258,3800 Y=378,4091 Vx=27,4787 Vy=185,6522
[25371,909] Ball=B001 X=102,8020 Y=219,4636 Vx=-75,6752 Vy=-101,9199
[25368,546] Ball=B005 X=252,0414 Y=173,2813 Vx=-88,9469 Vy=54,9341
[25368,973] Ball=B003 X=361,8823 Y=343,7207 Vx=62,2848 Vy=116,4597
[25368,879] Ball=B004 X=217,2406 Y=135,0347 Vx=-84,0310 Vy=-53,5202
[25364,098] Ball=B007 X=150,9071 Y=248,6609 Vx=186,4081 Vy=22,4114
[25368,557] Ball=B006 X=248,5337 Y=34,0192 Vx=-20,0582 Vy=-113,8357
[25361,512] Ball=B008 X=350,2470 Y=147,7245 Vx=35,8342 Vy=-83,5850
[25377,203] Ball=B008 X=350,8092 Y=146,4130 Vx=35,8342 Vy=-83,5850
[25384,482] Ball=B005 X=250,6243 Y=174,1565 Vx=-88,9469 Vy=54,9341
[25387,858] Ball=B001 X=101,5951 Y=217,8381 Vx=-75,6752 Vy=-101,9199
[25384,638] Ball=B004 X=215,9163 Y=134,1913 Vx=-84,0310 Vy=-53,5202
[25379,860] Ball=B007 X=153,8531 Y=249,0151 Vx=186,4081 Vy=22,4114
[25384,867] Ball=B003 X=362,8722 Y=345,5716 Vx=62,2848 Vy=116,4597
[25384,402] Ball=B006 X=248,2159 Y=32,2156 Vx=-20,0582 Vy=-113,8357
[25385,379] Ball=B002 X=258,8216 Y=373,0159 Vx=27,4787 Vy=-185,6522
[25401,220] Ball=B002 X=259,2569 Y=370,0751 Vx=27,4787 Vy=-185,6522
[25400,624] Ball=B004 X=214,5730 Y=133,3357 Vx=-84,0310 Vy=-53,5202
[25400,417] Ball=B006 X=247,8946 Y=30,3925 Vx=-20,0582 Vy=-113,8357
[25396,386] Ball=B007 X=156,9337 Y=249,3855 Vx=186,4081 Vy=22,4114
[25401,330] Ball=B003 X=363,8976 Y=347,4889 Vx=62,2848 Vy=116,4597
[25393,908] Ball=B008 X=351,4078 Y=145,0167 Vx=35,8342 Vy=-83,5850
[25400,462] Ball=B005 X=249,2026 Y=175,0346 Vx=-88,9469 Vy=54,9341
[25404,879] Ball=B001 X=100,3070 Y=216,1033 Vx=-75,6752 Vy=-101,9199
[25419,917] Ball=B001 X=99,1691 Y=214,5707 Vx=-75,6752 Vy=-101,9199
[25416,859] Ball=B003 X=364,8648 Y=349,2974 Vx=62,2848 Vy=116,4597
[25416,730] Ball=B004 X=213,2196 Y=132,4737 Vx=-84,0310 Vy=-53,5202
[25416,707] Ball=B005 X=247,7575 Y=175,9270 Vx=-88,9469 Vy=54,9341
[25412,099] Ball=B007 X=159,8628 Y=249,7376 Vx=186,4081 Vy=22,4114
[25416,603] Ball=B006 X=247,5700 Y=28,5500 Vx=-20,0582 Vy=-113,8357
[25417,584] Ball=B002 X=259,7066 Y=367,0370 Vx=27,4787 Vy=-185,6522
[25409,438] Ball=B008 X=351,9644 Y=143,7186 Vx=35,8342 Vy=-83,5850
[25431,805] Ball=B003 X=365,7957 Y=351,0379 Vx=62,2848 Vy=116,4597
[25432,311] Ball=B002 X=260,1112 Y=364,3031 Vx=27,4787 Vy=-185,6522
[25434,911] Ball=B001 X=98,0344 Y=213,0426 Vx=-75,6752 Vy=-101,9199
[25424,288] Ball=B008 X=352,4965 Y=142,4773 Vx=35,8342 Vy=-83,5850
[25426,910] Ball=B007 X=162,6236 Y=250,0696 Vx=186,4081 Vy=22,4114
[25431,783] Ball=B004 X=211,9547 Y=131,6681 Vx=-84,0310 Vy=-53,5202
[25431,459] Ball=B006 X=247,2720 Y=26,8588 Vx=-20,0582 Vy=-113,8357
[25431,722] Ball=B005 X=246,4220 Y=176,7519 Vx=-88,9469 Vy=54,9341
[25442,870] Ball=B007 X=165,5986 Y=250,4272 Vx=186,4081 Vy=22,4114
[25440,264] Ball=B008 X=353,0690 Y=141,1420 Vx=35,8342 Vy=-83,5850
[25447,805] Ball=B003 X=366,7923 Y=352,9014 Vx=62,2848 Vy=116,4597
[25450,913] Ball=B001 X=96,8234 Y=211,4115 Vx=-75,6752 Vy=-101,9199
[25447,622] Ball=B005 X=245,0078 Y=177,6253 Vx=-88,9469 Vy=54,9341
[25447,405] Ball=B006 X=246,9521 Y=25,0436 Vx=-20,0582 Vy=-113,8357
[25447,791] Ball=B004 X=210,6095 Y=130,8113 Vx=-84,0310 Vy=-53,5202
[25448,490] Ball=B002 X=260,5559 Y=361,2991 Vx=27,4787 Vy=-185,6522
[25462,522] Ball=B005 X=243,6825 Y=178,4438 Vx=-88,9469 Vy=54,9341
[25462,775] Ball=B003 X=367,7247 Y=354,6446 Vx=62,2848 Vy=116,4597
[25462,305] Ball=B006 X=246,6533 Y=23,3475 Vx=-20,0582 Vy=-113,8357
[25463,389] Ball=B002 X=260,9653 Y=358,5331 Vx=27,4787 Vy=-185,6522
[25465,990] Ball=B001 X=95,6825 Y=209,8749 Vx=-75,6752 Vy=-101,9199
[25462,818] Ball=B004 X=209,3468 Y=130,0071 Vx=-84,0310 Vy=-53,5202
[25455,429] Ball=B008 X=353,6124 Y=139,8744 Vx=35,8342 Vy=-83,5850
[25458,101] Ball=B007 X=168,4378 Y=250,7686 Vx=186,4081 Vy=22,4114
[25480,835] Ball=B001 X=94,5591 Y=208,3620 Vx=-75,6752 Vy=-101,9199
[25477,273] Ball=B006 X=246,3530 Y=21,6436 Vx=-20,0582 Vy=-113,8357
[25477,630] Ball=B004 X=208,1021 Y=129,2144 Vx=-84,0310 Vy=-53,5202
[25478,351] Ball=B002 X=261,3764 Y=355,7554 Vx=27,4787 Vy=-185,6522
[25477,844] Ball=B003 X=368,6633 Y=356,3998 Vx=62,2848 Vy=116,4597
[25472,931] Ball=B007 X=171,2023 Y=251,1009 Vx=186,4081 Vy=22,4114
[25470,379] Ball=B008 X=354,1481 Y=138,6248 Vx=35,8342 Vy=-83,5850
[25477,661] Ball=B005 X=242,3359 Y=179,2755 Vx=-88,9469 Vy=54,9341
[25492,507] Ball=B005 X=241,0154 Y=180,0910 Vx=-88,9469 Vy=54,9341
[25493,265] Ball=B002 X=261,7862 Y=352,9867 Vx=27,4787 Vy=-185,6522
[25487,843] Ball=B007 X=173,9821 Y=251,4352 Vx=186,4081 Vy=22,4114
[25495,877] Ball=B001 X=93,4208 Y=206,8289 Vx=-75,6752 Vy=-101,9199
[25492,649] Ball=B004 X=206,8400 Y=128,4105 Vx=-84,0310 Vy=-53,5202
[25485,271] Ball=B008 X=354,6818 Y=137,3800 Vx=35,8342 Vy=-83,5850
[25492,873] Ball=B003 X=369,5994 Y=358,1500 Vx=62,2848 Vy=116,4597
[25492,406] Ball=B006 X=246,0495 Y=19,9209 Vx=-20,0582 Vy=-113,8357
[25500,316] Ball=B008 X=355,2209 Y=136,1226 Vx=35,8342 Vy=-83,5850
[25507,381] Ball=B006 X=245,7491 Y=18,2162 Vx=-20,0582 Vy=-113,8357
[25507,727] Ball=B004 X=205,5730 Y=127,6035 Vx=-84,0310 Vy=-53,5202
[25507,945] Ball=B003 X=370,5340 Y=359,8975 Vx=62,2848 Vy=116,4597
[25508,453] Ball=B002 X=262,2036 Y=350,1669 Vx=27,4787 Vy=-185,6522
[25507,696] Ball=B005 X=239,6644 Y=180,9254 Vx=-88,9469 Vy=54,9341
[25503,028] Ball=B007 X=176,8128 Y=251,7755 Vx=186,4081 Vy=22,4114
[25511,053] Ball=B001 X=92,2723 Y=205,2821 Vx=-75,6752 Vy=-101,9199
[25526,825] Ball=B001 X=91,0788 Y=203,6747 Vx=-75,6752 Vy=-101,9199
[25518,809] Ball=B007 X=179,7542 Y=252,1291 Vx=186,4081 Vy=22,4114
[25523,740] Ball=B003 X=371,5219 Y=361,7448 Vx=62,2848 Vy=116,4597
[25523,497] Ball=B005 X=238,2589 Y=181,7934 Vx=-88,9469 Vy=54,9341
[25524,260] Ball=B002 X=262,6379 Y=347,2323 Vx=27,4787 Vy=-185,6522
[25523,715] Ball=B004 X=204,2296 Y=126,7479 Vx=-84,0310 Vy=-53,5202
[25516,322] Ball=B008 X=355,7945 Y=134,7846 Vx=35,8342 Vy=-83,5850
[25523,391] Ball=B006 X=245,4280 Y=16,3937 Vx=-20,0582 Vy=-113,8357
[25539,212] Ball=B006 X=245,1107 Y=14,5928 Vx=-20,0582 Vy=-113,8357
[25542,784] Ball=B001 X=89,8712 Y=202,0482 Vx=-75,6752 Vy=-101,9199
[25534,763] Ball=B007 X=182,7284 Y=252,4867 Vx=186,4081 Vy=22,4114
[25539,445] Ball=B005 X=236,8404 Y=182,6695 Vx=-88,9469 Vy=54,9341
[25532,173] Ball=B008 X=356,3625 Y=133,4598 Vx=35,8342 Vy=-83,5850
[25540,231] Ball=B002 X=263,0768 Y=344,2672 Vx=27,4787 Vy=-185,6522
[25539,587] Ball=B004 X=202,8958 Y=125,8984 Vx=-84,0310 Vy=-53,5202
[25539,727] Ball=B003 X=372,5177 Y=363,6066 Vx=62,2848 Vy=116,4597
[25554,539] Ball=B004 X=201,6395 Y=125,0983 Vx=-84,0310 Vy=-53,5202
[25554,681] Ball=B003 X=373,4491 Y=365,3481 Vx=62,2848 Vy=116,4597
[25557,793] Ball=B001 X=88,7353 Y=200,5184 Vx=-75,6752 Vy=-101,9199
[25555,205] Ball=B002 X=263,4882 Y=341,4873 Vx=27,4787 Vy=-185,6522
[25549,785] Ball=B007 X=185,5285 Y=252,8234 Vx=186,4081 Vy=22,4114
[25547,186] Ball=B008 X=356,9005 Y=132,2049 Vx=35,8342 Vy=-83,5850
[25554,336] Ball=B006 X=244,8073 Y=12,8710 Vx=-20,0582 Vy=-113,8357
[25554,555] Ball=B005 X=235,4964 Y=183,4995 Vx=-88,9469 Vy=54,9341
[25569,451] Ball=B005 X=234,1715 Y=184,3178 Vx=-88,9469 Vy=54,9341
[25562,178] Ball=B008 X=357,4377 Y=130,9518 Vx=35,8342 Vy=-83,5850
[25570,222] Ball=B002 X=263,9009 Y=338,6993 Vx=27,4787 Vy=-185,6522
[25572,841] Ball=B001 X=87,5964 Y=198,9846 Vx=-75,6752 Vy=-101,9199
[25569,352] Ball=B006 X=244,5061 Y=11,1617 Vx=-20,0582 Vy=-113,8357
[25564,908] Ball=B007 X=188,3477 Y=253,1623 Vx=186,4081 Vy=22,4114
[25569,910] Ball=B003 X=374,3976 Y=367,1217 Vx=62,2848 Vy=116,4597
[25569,695] Ball=B004 X=200,3658 Y=124,2870 Vx=-84,0310 Vy=-53,5202
[25585,201] Ball=B006 X=244,1882 Y=9,3576 Vx=-20,0582 Vy=-113,8357
[25585,539] Ball=B004 X=199,0345 Y=123,4391 Vx=-84,0310 Vy=-53,5202
[25585,712] Ball=B003 X=375,3819 Y=368,9620 Vx=62,2848 Vy=116,4597
[25586,218] Ball=B002 X=264,3404 Y=335,7296 Vx=27,4787 Vy=-185,6522
[25578,191] Ball=B008 X=358,0115 Y=129,6134 Vx=35,8342 Vy=-83,5850
[25580,803] Ball=B007 X=191,3107 Y=253,5185 Vx=186,4081 Vy=22,4114
[25585,483] Ball=B005 X=232,7454 Y=185,1985 Vx=-88,9469 Vy=54,9341
[25588,886] Ball=B001 X=86,3823 Y=197,3494 Vx=-75,6752 Vy=-101,9199
[25604,955] Ball=B001 X=85,1663 Y=195,7117 Vx=-75,6752 Vy=-101,9199
[25601,617] Ball=B005 X=231,3108 Y=186,0846 Vx=-88,9469 Vy=54,9341
[25596,950] Ball=B007 X=194,3205 Y=253,8804 Vx=186,4081 Vy=22,4114
[25594,348] Ball=B008 X=358,5905 Y=128,2629 Vx=35,8342 Vy=-83,5850
[25601,887] Ball=B003 X=376,3893 Y=370,8458 Vx=62,2848 Vy=116,4597
[25602,502] Ball=B002 X=264,7879 Y=332,7064 Vx=27,4787 Vy=-185,6522
[25601,858] Ball=B004 X=197,6631 Y=122,5656 Vx=-84,0310 Vy=-53,5202
[25601,529] Ball=B006 X=243,8607 Y=7,4988 Vx=-20,0582 Vy=-113,8357
[25616,673] Ball=B004 X=196,4183 Y=121,7728 Vx=-84,0310 Vy=-53,5202
[25616,344] Ball=B006 X=243,5635 Y=5,8124 Vx=-20,0582 Vy=-113,8357
[25617,372] Ball=B002 X=265,1965 Y=329,9459 Vx=27,4787 Vy=-185,6522
[25609,333] Ball=B008 X=359,1274 Y=127,0103 Vx=35,8342 Vy=-83,5850
[25616,884] Ball=B003 X=377,3234 Y=372,5923 Vx=62,2848 Vy=116,4597
[25611,963] Ball=B007 X=197,1190 Y=254,2168 Vx=186,4081 Vy=22,4114
[25619,996] Ball=B001 X=84,0280 Y=194,1786 Vx=-75,6752 Vy=-101,9199
[25616,653] Ball=B005 X=229,9730 Y=186,9108 Vx=-88,9469 Vy=54,9341
[25635,824] Ball=B001 X=82,8303 Y=192,5656 Vx=-75,6752 Vy=-101,9199
[25632,474] Ball=B005 X=228,5658 Y=187,7799 Vx=-88,9469 Vy=54,9341
[25625,245] Ball=B008 X=359,6976 Y=125,6804 Vx=35,8342 Vy=-83,5850
[25632,641] Ball=B004 X=195,0764 Y=120,9181 Vx=-84,0310 Vy=-53,5202
[25627,874] Ball=B007 X=200,0850 Y=254,5734 Vx=186,4081 Vy=22,4114
[25633,304] Ball=B002 X=265,6343 Y=326,9880 Vx=27,4787 Vy=-185,6522
[25632,341] Ball=B006 X=243,2426 Y=3,9913 Vx=-20,0582 Vy=-113,8357
[25632,841] Ball=B003 X=378,3173 Y=374,4506 Vx=62,2848 Vy=116,4597
[25647,865] Ball=B003 X=379,2529 Y=376,2001 Vx=62,2848 Vy=116,4597
[25647,401] Ball=B006 X=242,9406 Y=2,2771 Vx=-20,0582 Vy=-113,8357
[25648,388] Ball=B002 X=266,0488 Y=324,1877 Vx=27,4787 Vy=-185,6522
[25642,963] Ball=B007 X=202,8977 Y=254,9116 Vx=186,4081 Vy=22,4114
[25647,757] Ball=B004 X=193,8062 Y=120,1091 Vx=-84,0310 Vy=-53,5202
[25640,471] Ball=B008 X=360,2432 Y=124,4077 Vx=35,8342 Vy=-83,5850
[25647,752] Ball=B005 X=227,2068 Y=188,6192 Vx=-88,9469 Vy=54,9341
[25651,106] Ball=B001 X=81,6737 Y=191,0079 Vx=-75,6752 Vy=-101,9199
[25663,716] Ball=B004 X=192,4652 Y=119,2551 Vx=-84,0310 Vy=-53,5202
[25664,367] Ball=B002 X=266,4878 Y=321,2213 Vx=27,4787 Vy=-185,6522
[25666,973] Ball=B001 X=80,4731 Y=189,3908 Vx=-75,6752 Vy=-101,9199
[25656,346] Ball=B008 X=360,8121 Y=123,0807 Vx=35,8342 Vy=-83,5850
[25663,636] Ball=B005 X=225,7940 Y=189,4918 Vx=-88,9469 Vy=54,9341
[25659,061] Ball=B007 X=205,8986 Y=255,2724 Vx=186,4081 Vy=22,4114
[25663,991] Ball=B003 X=380,2574 Y=378,0784 Vx=62,2848 Vy=116,4597
[25663,523] Ball=B006 X=242,6172 Y=0,4417 Vx=-20,0582 Vy=-113,8357
[25680,277] Ball=B002 X=266,9250 Y=318,2677 Vx=27,4787 Vy=-185,6522
[25679,637] Ball=B004 X=191,1274 Y=118,4030 Vx=-84,0310 Vy=-53,5202
[25679,781] Ball=B003 X=379,0165 Y=379,9172 Vx=-62,2848 Vy=116,4597
[25679,321] Ball=B006 X=242,3003 Y=-1,3567 Vx=-20,0582 Vy=-113,8357
[25679,547] Ball=B005 X=224,3787 Y=190,3659 Vx=-88,9469 Vy=54,9341
[25674,977] Ball=B007 X=208,8654 Y=255,6291 Vx=186,4081 Vy=22,4114
[25683,002] Ball=B001 X=79,2600 Y=187,7570 Vx=-75,6752 Vy=-101,9199
[25672,373] Ball=B008 X=361,3864 Y=121,7412 Vx=35,8342 Vy=-83,5850
[25690,907] Ball=B007 X=211,8346 Y=255,9861 Vx=186,4081 Vy=22,4114
[25696,351] Ball=B002 X=267,3667 Y=315,2833 Vx=27,4787 Vy=-185,6522
[25698,953] Ball=B001 X=78,0530 Y=186,1314 Vx=-75,6752 Vy=-101,9199
[25695,704] Ball=B005 X=222,9416 Y=191,2534 Vx=-88,9469 Vy=54,9341
[25695,490] Ball=B006 X=241,9760 Y=1,8407 Vx=-20,0582 Vy=113,8357
[25695,966] Ball=B003 X=378,0084 Y=381,8021 Vx=-62,2848 Vy=116,4597
[25695,910] Ball=B004 X=189,7598 Y=117,5320 Vx=-84,0310 Vy=-53,5202
[25688,621] Ball=B008 X=361,9686 Y=120,3831 Vx=35,8342 Vy=-83,5850
[25712,223] Ball=B002 X=267,8028 Y=312,3368 Vx=27,4787 Vy=-185,6522
[25704,192] Ball=B008 X=362,5266 Y=119,0816 Vx=35,8342 Vy=-83,5850
[25711,729] Ball=B003 X=377,0267 Y=378,1643 Vx=-62,2848 Vy=-116,4597
[25711,484] Ball=B005 X=221,5380 Y=192,1203 Vx=-88,9469 Vy=54,9341
[25711,607] Ball=B004 X=188,4408 Y=116,6919 Vx=-84,0310 Vy=-53,5202
[25706,919] Ball=B007 X=214,8197 Y=256,3450 Vx=186,4081 Vy=22,4114
[25715,152] Ball=B001 X=76,8271 Y=184,4803 Vx=-75,6752 Vy=-101,9199
[25711,669] Ball=B006 X=241,6515 Y=3,6825 Vx=-20,0582 Vy=113,8357
[25726,375] Ball=B006 X=241,3565 Y=5,3564 Vx=-20,0582 Vy=113,8357
[25729,946] Ball=B001 X=75,7076 Y=182,9726 Vx=-75,6752 Vy=-101,9199
[25726,606] Ball=B005 X=220,1930 Y=192,9510 Vx=-88,9469 Vy=54,9341
[25727,373] Ball=B002 X=268,2192 Y=309,5239 Vx=27,4787 Vy=-185,6522
[25726,740] Ball=B004 X=187,1691 Y=115,8819 Vx=-84,0310 Vy=-53,5202
[25726,965] Ball=B003 X=376,0777 Y=376,3898 Vx=-62,2848 Vy=-116,4597
[25719,440] Ball=B008 X=363,0730 Y=117,8070 Vx=35,8342 Vy=-83,5850
[25722,082] Ball=B007 X=217,6461 Y=256,6848 Vx=186,4081 Vy=22,4114
[25741,280] Ball=B006 X=241,0575 Y=7,0531 Vx=-20,0582 Vy=113,8357
[25741,751] Ball=B003 X=375,1568 Y=374,6679 Vx=-62,2848 Vy=-116,4597
[25741,620] Ball=B004 X=185,9187 Y=115,0855 Vx=-84,0310 Vy=-53,5202
[25736,843] Ball=B007 X=220,3976 Y=257,0156 Vx=186,4081 Vy=22,4114
[25744,894] Ball=B001 X=74,5764 Y=181,4491 Vx=-75,6752 Vy=-101,9199
[25734,261] Ball=B008 X=363,6041 Y=116,5682 Vx=35,8342 Vy=-83,5850
[25741,541] Ball=B005 X=218,8645 Y=193,7715 Vx=-88,9469 Vy=54,9341
[25742,310] Ball=B002 X=268,6296 Y=306,7508 Vx=27,4787 Vy=-185,6522
[25758,354] Ball=B002 X=269,0705 Y=303,7725 Vx=27,4787 Vy=-185,6522
[25750,328] Ball=B008 X=364,1799 Y=115,2253 Vx=35,8342 Vy=-83,5850
[25760,970] Ball=B001 X=73,3598 Y=179,8106 Vx=-75,6752 Vy=-101,9199
[25757,408] Ball=B006 X=240,7340 Y=8,8891 Vx=-20,0582 Vy=113,8357
[25753,021] Ball=B007 X=223,4134 Y=257,3782 Vx=186,4081 Vy=22,4114
[25757,814] Ball=B004 X=184,5579 Y=114,2188 Vx=-84,0310 Vy=-53,5202
[25757,959] Ball=B003 X=374,1472 Y=372,7803 Vx=-62,2848 Vy=-116,4597
[25757,600] Ball=B005 X=217,4362 Y=194,6536 Vx=-88,9469 Vy=54,9341
[25772,768] Ball=B003 X=373,2249 Y=371,0558 Vx=-62,2848 Vy=-116,4597
[25772,298] Ball=B006 X=240,4354 Y=10,5840 Vx=-20,0582 Vy=113,8357
[25765,238] Ball=B008 X=364,7142 Y=113,9790 Vx=35,8342 Vy=-83,5850
[25772,524] Ball=B005 X=216,1087 Y=195,4735 Vx=-88,9469 Vy=54,9341
[25767,861] Ball=B007 X=226,1797 Y=257,7107 Vx=186,4081 Vy=22,4114
[25775,912] Ball=B001 X=72,2290 Y=178,2877 Vx=-75,6752 Vy=-101,9199
[25773,319] Ball=B002 X=269,4817 Y=300,9940 Vx=27,4787 Vy=-185,6522
[25772,675] Ball=B004 X=183,3092 Y=113,4235 Vx=-84,0310 Vy=-53,5202
[25783,932] Ball=B007 X=229,1755 Y=258,0709 Vx=186,4081 Vy=22,4114
[25788,858] Ball=B003 X=372,2227 Y=369,1818 Vx=-62,2848 Vy=-116,4597
[25788,731] Ball=B004 X=181,9600 Y=112,5642 Vx=-84,0310 Vy=-53,5202
[25789,514] Ball=B002 X=269,9267 Y=297,9875 Vx=27,4787 Vy=-185,6522
[25788,815] Ball=B005 X=214,6597 Y=196,3684 Vx=-88,9469 Vy=54,9341
[25792,174] Ball=B001 X=70,9984 Y=176,6303 Vx=-75,6752 Vy=-101,9199
[25781,550] Ball=B008 X=365,2987 Y=112,6156 Vx=35,8342 Vy=-83,5850
[25788,620] Ball=B006 X=240,1080 Y=12,4422 Vx=-20,0582 Vy=113,8357
[25804,582] Ball=B004 X=180,6281 Y=111,7159 Vx=-84,0310 Vy=-53,5202
[25799,808] Ball=B007 X=232,1348 Y=258,4267 Vx=186,4081 Vy=22,4114
[25805,244] Ball=B002 X=270,3590 Y=295,0669 Vx=27,4787 Vy=-185,6522
[25797,208] Ball=B008 X=365,8598 Y=111,3068 Vx=35,8342 Vy=-83,5850
[25804,282] Ball=B006 X=239,7938 Y=14,2250 Vx=-20,0582 Vy=113,8357
[25807,862] Ball=B001 X=69,8112 Y=175,0313 Vx=-75,6752 Vy=-101,9199
[25804,516] Ball=B005 X=213,2631 Y=197,2309 Vx=-88,9469 Vy=54,9341
[25804,790] Ball=B003 X=371,2303 Y=367,3263 Vx=-62,2848 Vy=-116,4597
[25819,457] Ball=B005 X=211,9343 Y=198,0516 Vx=-88,9469 Vy=54,9341
[25819,716] Ball=B003 X=370,3007 Y=365,5880 Vx=-62,2848 Vy=-116,4597
[25819,597] Ball=B004 X=179,3663 Y=110,9122 Vx=-84,0310 Vy=-53,5202
[25822,850] Ball=B001 X=68,6770 Y=173,5038 Vx=-75,6752 Vy=-101,9199
[25820,260] Ball=B002 X=270,7716 Y=292,2792 Vx=27,4787 Vy=-185,6522
[25814,908] Ball=B007 X=234,9496 Y=258,7651 Vx=186,4081 Vy=22,4114
[25812,300] Ball=B008 X=366,4006 Y=110,0454 Vx=35,8342 Vy=-83,5850
[25819,787] Ball=B006 X=239,4828 Y=15,9901 Vx=-20,0582 Vy=113,8357
[25830,828] Ball=B007 X=237,9169 Y=259,1219 Vx=186,4081 Vy=22,4114
[25835,287] Ball=B006 X=239,1719 Y=17,7545 Vx=-20,0582 Vy=113,8357
[25828,235] Ball=B008 X=366,9716 Y=108,7134 Vx=35,8342 Vy=-83,5850
[25836,302] Ball=B002 X=271,2124 Y=289,3010 Vx=27,4787 Vy=-185,6522
[25835,703] Ball=B005 X=210,4892 Y=198,9441 Vx=-88,9469 Vy=54,9341
[25835,815] Ball=B004 X=178,0035 Y=110,0442 Vx=-84,0310 Vy=-53,5202
[25836,010] Ball=B003 X=369,2858 Y=363,6905 Vx=-62,2848 Vy=-116,4597
[25839,131] Ball=B001 X=67,4449 Y=171,8444 Vx=-75,6752 Vy=-101,9199
[25843,182] Ball=B008 X=367,5072 Y=107,4642 Vx=35,8342 Vy=-83,5850
[25853,819] Ball=B001 X=66,3334 Y=170,3474 Vx=-75,6752 Vy=-101,9199
[25850,264] Ball=B006 X=238,8715 Y=19,4595 Vx=-20,0582 Vy=113,8357
[25850,762] Ball=B003 X=368,3670 Y=361,9724 Vx=-62,2848 Vy=-116,4597
[25850,626] Ball=B004 X=176,7588 Y=109,2515 Vx=-84,0310 Vy=-53,5202
[25850,516] Ball=B005 X=209,1715 Y=199,7579 Vx=-88,9469 Vy=54,9341
[25851,368] Ball=B002 X=271,6264 Y=286,5040 Vx=27,4787 Vy=-185,6522
[25845,942] Ball=B007 X=240,7346 Y=259,4606 Vx=186,4081 Vy=22,4114
[25861,919] Ball=B007 X=243,7129 Y=259,8187 Vx=186,4081 Vy=22,4114
[25866,850] Ball=B003 X=367,3650 Y=360,0989 Vx=-62,2848 Vy=-116,4597
[25867,358] Ball=B002 X=272,0658 Y=283,5355 Vx=27,4787 Vy=-185,6522
[25866,724] Ball=B004 X=175,4062 Y=108,3900 Vx=-84,0310 Vy=-53,5202
[25866,449] Ball=B006 X=238,5469 Y=21,3019 Vx=-20,0582 Vy=113,8357
[25866,682] Ball=B005 X=207,7337 Y=200,6459 Vx=-88,9469 Vy=54,9341
[25870,106] Ball=B001 X=65,1009 Y=168,6875 Vx=-75,6752 Vy=-101,9199
[25859,478] Ball=B008 X=368,0912 Y=106,1019 Vx=35,8342 Vy=-83,5850
[25882,740] Ball=B003 X=366,3753 Y=358,2485 Vx=-62,2848 Vy=-116,4597
[25885,849] Ball=B001 X=63,9096 Y=167,0829 Vx=-75,6752 Vy=-101,9199
[25882,285] Ball=B006 X=238,2292 Y=23,1045 Vx=-20,0582 Vy=113,8357
[25883,270] Ball=B002 X=272,5030 Y=280,5814 Vx=27,4787 Vy=-185,6522
[25875,245] Ball=B008 X=368,6562 Y=104,7841 Vx=35,8342 Vy=-83,5850
[25882,528] Ball=B005 X=206,3242 Y=201,5164 Vx=-88,9469 Vy=54,9341
[25877,935] Ball=B007 X=246,6985 Y=260,1777 Vx=186,4081 Vy=22,4114
[25882,721] Ball=B004 X=174,0619 Y=107,5338 Vx=-84,0310 Vy=-53,5202
[25898,355] Ball=B002 X=272,9175 Y=277,7809 Vx=27,4787 Vy=-185,6522
[25897,593] Ball=B005 X=204,9844 Y=202,3439 Vx=-88,9469 Vy=54,9341
[25892,934] Ball=B007 X=249,4944 Y=260,5138 Vx=186,4081 Vy=22,4114
[25900,969] Ball=B001 X=62,7654 Y=165,5419 Vx=-75,6752 Vy=-101,9199
[25897,749] Ball=B004 X=172,7991 Y=106,7295 Vx=-84,0310 Vy=-53,5202
[25897,504] Ball=B006 X=237,9239 Y=24,8371 Vx=-20,0582 Vy=113,8357
[25898,040] Ball=B003 X=365,4223 Y=356,4665 Vx=-62,2848 Vy=-116,4597
[25890,516] Ball=B008 X=369,2013 Y=103,5126 Vx=35,8342 Vy=-83,5850
[25906,296] Ball=B008 X=369,7688 Y=102,1888 Vx=35,8342 Vy=-83,5850
[25908,919] Ball=B007 X=252,4741 Y=260,8721 Vx=186,4081 Vy=22,4114
[25913,707] Ball=B004 X=171,4588 Y=105,8759 Vx=-84,0310 Vy=-53,5202
[25913,602] Ball=B005 X=203,5603 Y=203,2235 Vx=-88,9469 Vy=54,9341
[25913,872] Ball=B003 X=364,4362 Y=354,6227 Vx=-62,2848 Vy=-116,4597
[25917,060] Ball=B001 X=61,5476 Y=163,9019 Vx=-75,6752 Vy=-101,9199
[25914,476] Ball=B002 X=273,3605 Y=274,7879 Vx=27,4787 Vy=-185,6522
[25913,499] Ball=B006 X=237,6031 Y=26,6579 Vx=-20,0582 Vy=113,8357
[25932,792] Ball=B001 X=60,3571 Y=162,2985 Vx=-75,6752 Vy=-101,9199
[25922,157] Ball=B008 X=370,3372 Y=100,8631 Vx=35,8342 Vy=-83,5850
[25924,785] Ball=B007 X=255,4315 Y=261,2276 Vx=186,4081 Vy=22,4114
[25929,575] Ball=B004 X=170,1247 Y=105,0262 Vx=-84,0310 Vy=-53,5202
[25930,239] Ball=B002 X=273,7937 Y=271,8614 Vx=27,4787 Vy=-185,6522
[25929,733] Ball=B003 X=363,4483 Y=352,7755 Vx=-62,2848 Vy=-116,4597
[25929,262] Ball=B006 X=237,2869 Y=28,4523 Vx=-20,0582 Vy=113,8357
[25929,489] Ball=B005 X=202,1471 Y=204,0962 Vx=-88,9469 Vy=54,9341
[25945,837] Ball=B003 X=362,4453 Y=350,9002 Vx=-62,2848 Vy=-116,4597
[25945,376] Ball=B006 X=236,9637 Y=30,2865 Vx=-20,0582 Vy=113,8357
[25946,358] Ball=B002 X=277,6408 Y=270,8403 Vx=217,7026 Vy=-75,4907
[25945,619] Ball=B005 X=200,7128 Y=204,9821 Vx=-88,9469 Vy=54,9341
[25945,821] Ball=B004 X=168,7595 Y=104,1567 Vx=-84,0310 Vy=-53,5202
[25941,036] Ball=B007 X=254,4133 Y=259,2478 Vx=-41,8606 Vy=-109,7824
[25949,060] Ball=B001 X=59,1260 Y=160,6404 Vx=-75,6752 Vy=-101,9199
[25938,428] Ball=B008 X=370,9203 Y=99,5029 Vx=35,8342 Vy=-83,5850
[25954,315] Ball=B008 X=371,4896 Y=98,1751 Vx=35,8342 Vy=-83,5850
[25956,925] Ball=B007 X=253,7482 Y=257,5035 Vx=-41,8606 Vy=-109,7824
[25964,956] Ball=B001 X=57,9231 Y=159,0204 Vx=-75,6752 Vy=-101,9199
[25961,393] Ball=B006 X=236,6425 Y=32,1099 Vx=-20,0582 Vy=113,8357
[25961,816] Ball=B004 X=167,4155 Y=103,3007 Vx=-84,0310 Vy=-53,5202
[25961,961] Ball=B003 X=361,4409 Y=349,0222 Vx=-62,2848 Vy=-116,4597
[25961,761] Ball=B005 X=199,2767 Y=205,8690 Vx=-88,9469 Vy=54,9341
[25962,600] Ball=B002 X=281,1767 Y=269,6142 Vx=217,7026 Vy=-75,4907
[25978,296] Ball=B002 X=284,5935 Y=268,4293 Vx=217,7026 Vy=-75,4907
[25977,790] Ball=B003 X=360,4551 Y=347,1789 Vx=-62,2848 Vy=-116,4597
[25980,901] Ball=B001 X=56,7165 Y=157,3953 Vx=-75,6752 Vy=-101,9199
[25977,558] Ball=B005 X=197,8715 Y=206,7368 Vx=-88,9469 Vy=54,9341
[25970,363] Ball=B008 X=372,0625 Y=96,8388 Vx=35,8342 Vy=-83,5850
[25977,430] Ball=B006 X=236,3208 Y=33,9355 Vx=-20,0582 Vy=113,8357
[25972,993] Ball=B007 X=253,0756 Y=255,7395 Vx=-41,8606 Vy=-109,7824
[25977,830] Ball=B004 X=166,0698 Y=102,4435 Vx=-84,0310 Vy=-53,5202
[25993,188] Ball=B006 X=236,0047 Y=35,7291 Vx=-20,0582 Vy=113,8357
[25993,531] Ball=B004 X=164,7505 Y=101,6033 Vx=-84,0310 Vy=-53,5202
[25994,182] Ball=B002 X=288,0520 Y=267,2301 Vx=217,7026 Vy=-75,4907
[25988,762] Ball=B007 X=252,4154 Y=254,0083 Vx=-41,8606 Vy=-109,7824
[25986,168] Ball=B008 X=372,6310 Y=95,5126 Vx=35,8342 Vy=-83,5850
[25996,808] Ball=B001 X=55,5127 Y=155,7740 Vx=-75,6752 Vy=-101,9199
[25993,792] Ball=B003 X=359,4584 Y=345,3152 Vx=-62,2848 Vy=-116,4597
[25993,680] Ball=B005 X=196,4375 Y=207,6225 Vx=-88,9469 Vy=54,9341
[26009,097] Ball=B002 X=291,2991 Y=266,1041 Vx=217,7026 Vy=-75,4907
[26003,665] Ball=B007 X=251,7916 Y=252,3724 Vx=-41,8606 Vy=-109,7824
[26011,703] Ball=B001 X=54,3855 Y=154,2559 Vx=-75,6752 Vy=-101,9199
[26008,364] Ball=B005 X=195,1314 Y=208,4291 Vx=-88,9469 Vy=54,9341
[26008,505] Ball=B004 X=163,4921 Y=100,8018 Vx=-84,0310 Vy=-53,5202
[26001,118] Ball=B008 X=373,1667 Y=94,2630 Vx=35,8342 Vy=-83,5850
[26008,650] Ball=B003 X=358,5330 Y=343,5849 Vx=-62,2848 Vy=-116,4597
[26008,266] Ball=B006 X=235,7023 Y=37,4457 Vx=-20,0582 Vy=113,8357
[26023,655] Ball=B003 X=357,5985 Y=341,8376 Vx=-62,2848 Vy=-116,4597
[26023,194] Ball=B006 X=235,4028 Y=39,1450 Vx=-20,0582 Vy=113,8357
[26023,533] Ball=B004 X=162,2293 Y=99,9975 Vx=-84,0310 Vy=-53,5202
[26026,780] Ball=B001 X=53,2446 Y=152,7193 Vx=-75,6752 Vy=-101,9199
[26024,198] Ball=B002 X=294,5867 Y=264,9641 Vx=217,7026 Vy=-75,4907
[26016,162] Ball=B008 X=373,7058 Y=93,0055 Vx=35,8342 Vy=-83,5850
[26023,446] Ball=B005 X=193,7900 Y=209,2576 Vx=-88,9469 Vy=54,9341
[26018,856] Ball=B007 X=251,1557 Y=250,7045 Vx=-41,8606 Vy=-109,7824
[26038,417] Ball=B005 X=192,4584 Y=210,0800 Vx=-88,9469 Vy=54,9341
[26041,770] Ball=B001 X=52,1102 Y=151,1915 Vx=-75,6752 Vy=-101,9199
[26033,754] Ball=B007 X=250,5320 Y=249,0690 Vx=-41,8606 Vy=-109,7824
[26039,295] Ball=B002 X=297,8734 Y=263,8244 Vx=217,7026 Vy=-75,4907
[26038,789] Ball=B003 X=356,6558 Y=340,0749 Vx=-62,2848 Vy=-116,4597
[26038,657] Ball=B004 X=160,9585 Y=99,1881 Vx=-84,0310 Vy=-53,5202
[26038,427] Ball=B006 X=235,0973 Y=40,8792 Vx=-20,0582 Vy=113,8357
[26031,375] Ball=B008 X=374,2510 Y=91,7340 Vx=35,8342 Vy=-83,5850
[26046,213] Ball=B008 X=373,4683 Y=90,4938 Vx=-35,8342 Vy=-83,5850
[26053,614] Ball=B004 X=159,7016 Y=98,3876 Vx=-84,0310 Vy=-53,5202
[26053,289] Ball=B006 X=234,7992 Y=42,5710 Vx=-20,0582 Vy=113,8357
[26054,273] Ball=B002 X=301,1342 Y=262,6937 Vx=217,7026 Vy=-75,4907
[26056,979] Ball=B001 X=50,9592 Y=149,6413 Vx=-75,6752 Vy=-101,9199
[26053,885] Ball=B003 X=355,7155 Y=338,3168 Vx=-62,2848 Vy=-116,4597
[26053,630] Ball=B005 X=191,1052 Y=210,9158 Vx=-88,9469 Vy=54,9341
[26049,018] Ball=B007 X=249,8931 Y=247,3933 Vx=-41,8606 Vy=-109,7824
[26064,656] Ball=B007 X=249,2385 Y=245,6766 Vx=-41,8606 Vy=-109,7824
[26072,684] Ball=B001 X=49,7707 Y=148,0407 Vx=-75,6752 Vy=-101,9199
[26069,593] Ball=B003 X=354,7372 Y=336,4875 Vx=-62,2848 Vy=-116,4597
[26069,362] Ball=B005 X=189,7058 Y=211,7800 Vx=-88,9469 Vy=54,9341
[26062,155] Ball=B008 X=372,8970 Y=89,1612 Vx=-35,8342 Vy=-83,5850
[26069,550] Ball=B004 X=158,3625 Y=97,5347 Vx=-84,0310 Vy=-53,5202
[26070,280] Ball=B002 X=304,6188 Y=261,4853 Vx=217,7026 Vy=-75,4907
[26069,221] Ball=B006 X=234,4796 Y=44,3846 Vx=-20,0582 Vy=113,8357
[26078,226] Ball=B008 X=372,3211 Y=87,8180 Vx=-35,8342 Vy=-83,5850
[26085,301] Ball=B006 X=234,1571 Y=46,2150 Vx=-20,0582 Vy=113,8357
[26085,521] Ball=B005 X=188,2686 Y=212,6677 Vx=-88,9469 Vy=54,9341
[26085,645] Ball=B004 X=157,0100 Y=96,6733 Vx=-84,0310 Vy=-53,5202
[26085,873] Ball=B003 X=353,7232 Y=334,5915 Vx=-62,2848 Vy=-116,4597
[26086,388] Ball=B002 X=308,1256 Y=260,2694 Vx=217,7026 Vy=-75,4907
[26080,960] Ball=B007 X=248,5560 Y=243,8867 Vx=-41,8606 Vy=-109,7824
[26088,986] Ball=B001 X=48,5371 Y=146,3793 Vx=-75,6752 Vy=-101,9199
[26104,883] Ball=B001 X=47,3341 Y=144,7591 Vx=-75,6752 Vy=-101,9199
[26096,867] Ball=B007 X=247,8901 Y=242,1404 Vx=-41,8606 Vy=-109,7824
[26102,307] Ball=B002 X=311,5911 Y=259,0676 Vx=217,7026 Vy=-75,4907
[26101,666] Ball=B004 X=155,6637 Y=95,8158 Vx=-84,0310 Vy=-53,5202
[26101,827] Ball=B003 X=352,7294 Y=332,7335 Vx=-62,2848 Vy=-116,4597
[26101,358] Ball=B006 X=233,8350 Y=48,0429 Vx=-20,0582 Vy=113,8357
[26094,370] Ball=B008 X=371,7426 Y=86,4685 Vx=-35,8342 Vy=-83,5850
[26101,571] Ball=B005 X=186,8410 Y=213,5494 Vx=-88,9469 Vy=54,9341
[26116,496] Ball=B005 X=185,5136 Y=214,3692 Vx=-88,9469 Vy=54,9341
[26117,265] Ball=B002 X=314,8476 Y=257,9384 Vx=217,7026 Vy=-75,4907
[26111,840] Ball=B007 X=247,2633 Y=240,4965 Vx=-41,8606 Vy=-109,7824
[26109,250] Ball=B008 X=371,2094 Y=85,2248 Vx=-35,8342 Vy=-83,5850
[26116,717] Ball=B004 X=154,3993 Y=95,0105 Vx=-84,0310 Vy=-53,5202
[26116,392] Ball=B006 X=233,5334 Y=49,7543 Vx=-20,0582 Vy=113,8357
[26116,864] Ball=B003 X=351,7929 Y=330,9823 Vx=-62,2848 Vy=-116,4597
[26119,972] Ball=B001 X=46,1922 Y=143,2211 Vx=-75,6752 Vy=-101,9199
[26132,275] Ball=B006 X=233,2149 Y=51,5622 Vx=-20,0582 Vy=113,8357
[26125,226] Ball=B008 X=370,6369 Y=83,8895 Vx=-35,8342 Vy=-83,5850
[26127,843] Ball=B007 X=246,5934 Y=238,7397 Vx=-41,8606 Vy=-109,7824
[26133,280] Ball=B002 X=318,3341 Y=256,7294 Vx=217,7026 Vy=-75,4907
[26135,957] Ball=B001 X=44,9826 Y=141,5919 Vx=-75,6752 Vy=-101,9199
[26132,864] Ball=B003 X=350,7963 Y=329,1189 Vx=-62,2848 Vy=-116,4597
[26132,681] Ball=B005 X=184,0739 Y=215,2584 Vx=-88,9469 Vy=54,9341
[26132,734] Ball=B004 X=153,0530 Y=94,1531 Vx=-84,0310 Vy=-53,5202
[26147,619] Ball=B004 X=151,8022 Y=93,3564 Vx=-84,0310 Vy=-53,5202
[26150,858] Ball=B001 X=43,8549 Y=140,0733 Vx=-75,6752 Vy=-101,9199
[26147,515] Ball=B005 X=182,7544 Y=216,0732 Vx=-88,9469 Vy=54,9341
[26147,308] Ball=B006 X=232,9133 Y=53,2737 Vx=-20,0582 Vy=113,8357
[26140,323] Ball=B008 X=370,0959 Y=82,6275 Vx=-35,8342 Vy=-83,5850
[26148,299] Ball=B002 X=321,6039 Y=255,5956 Vx=217,7026 Vy=-75,4907
[26142,945] Ball=B007 X=245,9612 Y=237,0817 Vx=-41,8606 Vy=-109,7824
[26147,977] Ball=B003 X=349,8550 Y=327,3589 Vx=-62,2848 Vy=-116,4597
[26158,836] Ball=B007 X=245,2960 Y=235,3372 Vx=-41,8606 Vy=-109,7824
[26163,288] Ball=B006 X=232,5928 Y=55,0927 Vx=-20,0582 Vy=113,8357
[26156,234] Ball=B008 X=369,5258 Y=81,2976 Vx=-35,8342 Vy=-83,5850
[26163,524] Ball=B005 X=181,3305 Y=216,9527 Vx=-88,9469 Vy=54,9341
[26163,786] Ball=B003 X=348,8703 Y=325,5177 Vx=-62,2848 Vy=-116,4597
[26166,894] Ball=B001 X=42,6414 Y=138,4388 Vx=-75,6752 Vy=-101,9199
[26164,304] Ball=B002 X=325,0881 Y=254,3874 Vx=217,7026 Vy=-75,4907
[26163,663] Ball=B004 X=150,4540 Y=92,4977 Vx=-84,0310 Vy=-53,5202
[26174,475] Ball=B007 X=244,6414 Y=233,6204 Vx=-41,8606 Vy=-109,7824
[26182,502] Ball=B001 X=41,4603 Y=136,8481 Vx=-75,6752 Vy=-101,9199
[26179,916] Ball=B002 X=328,4870 Y=253,2088 Vx=217,7026 Vy=-75,4907
[26171,905] Ball=B008 X=368,9642 Y=79,9877 Vx=-35,8342 Vy=-83,5850
[26179,439] Ball=B003 X=347,8954 Y=323,6948 Vx=-62,2848 Vy=-116,4597
[26179,188] Ball=B005 X=179,9372 Y=217,8132 Vx=-88,9469 Vy=54,9341
[26179,381] Ball=B004 X=149,1332 Y=91,6565 Vx=-84,0310 Vy=-53,5202
[26179,050] Ball=B006 X=232,2766 Y=56,8871 Vx=-20,0582 Vy=113,8357
[26195,156] Ball=B005 X=178,5169 Y=218,6903 Vx=-88,9469 Vy=54,9341
[26187,886] Ball=B008 X=368,3916 Y=78,6521 Vx=-35,8342 Vy=-83,5850
[26195,928] Ball=B002 X=331,9727 Y=252,0001 Vx=217,7026 Vy=-75,4907
[26195,292] Ball=B004 X=147,7963 Y=90,8050 Vx=-84,0310 Vy=-53,5202
[26195,521] Ball=B003 X=346,8937 Y=321,8219 Vx=-62,2848 Vy=-116,4597
[26195,055] Ball=B006 X=231,9556 Y=58,7090 Vx=-20,0582 Vy=113,8357
[26190,671] Ball=B007 X=243,9634 Y=231,8423 Vx=-41,8606 Vy=-109,7824
[26198,697] Ball=B001 X=40,2347 Y=135,1975 Vx=-75,6752 Vy=-101,9199
[26213,670] Ball=B001 X=39,1017 Y=133,6715 Vx=-75,6752 Vy=-101,9199
[26210,108] Ball=B006 X=231,6537 Y=60,4225 Vx=-20,0582 Vy=113,8357
[26205,662] Ball=B007 X=243,3359 Y=230,1966 Vx=-41,8606 Vy=-109,7824
[26210,456] Ball=B004 X=146,5220 Y=89,9934 Vx=-84,0310 Vy=-53,5202
[26210,354] Ball=B005 X=177,1650 Y=219,5253 Vx=-88,9469 Vy=54,9341
[26210,609] Ball=B003 X=345,9540 Y=320,0648 Vx=-62,2848 Vy=-116,4597
[26211,116] Ball=B002 X=335,2792 Y=250,8535 Vx=217,7026 Vy=-75,4907
[26203,157] Ball=B008 X=367,8443 Y=77,3756 Vx=-35,8342 Vy=-83,5850
[26220,964] Ball=B007 X=242,6953 Y=228,5167 Vx=-41,8606 Vy=-109,7824
[26225,749] Ball=B004 X=145,2370 Y=89,1749 Vx=-84,0310 Vy=-53,5202
[26225,893] Ball=B003 X=345,0020 Y=318,2848 Vx=-62,2848 Vy=-116,4597
[26218,374] Ball=B008 X=367,2990 Y=76,1037 Vx=-35,8342 Vy=-83,5850
[26225,672] Ball=B005 X=175,8026 Y=220,3667 Vx=-88,9469 Vy=54,9341
[26225,528] Ball=B006 X=231,3444 Y=62,1779 Vx=-20,0582 Vy=113,8357
[26229,104] Ball=B001 X=37,9336 Y=132,0984 Vx=-75,6752 Vy=-101,9199
[26226,655] Ball=B002 X=338,6621 Y=249,6805 Vx=217,7026 Vy=-75,4907
[26241,638] Ball=B005 X=174,3826 Y=221,2437 Vx=-88,9469 Vy=54,9341
[26242,404] Ball=B002 X=342,0905 Y=248,4916 Vx=217,7026 Vy=-75,4907
[26241,905] Ball=B003 X=344,0047 Y=316,4200 Vx=-62,2848 Vy=-116,4597
[26241,774] Ball=B004 X=143,8903 Y=88,3172 Vx=-84,0310 Vy=-53,5202
[26241,454] Ball=B006 X=231,0249 Y=63,9908 Vx=-20,0582 Vy=113,8357
[26234,404] Ball=B008 X=366,7246 Y=74,7638 Vx=-35,8342 Vy=-83,5850
[26245,037] Ball=B001 X=36,7279 Y=130,4745 Vx=-75,6752 Vy=-101,9199
[26237,101] Ball=B007 X=242,0198 Y=226,7450 Vx=-41,8606 Vy=-109,7824
[26251,976] Ball=B007 X=241,3972 Y=225,1121 Vx=-41,8606 Vy=-109,7824
[26249,379] Ball=B008 X=366,1880 Y=73,5121 Vx=-35,8342 Vy=-83,5850
[26260,019] Ball=B001 X=35,5942 Y=128,9476 Vx=-75,6752 Vy=-101,9199
[26257,432] Ball=B002 X=345,3624 Y=247,3571 Vx=217,7026 Vy=-75,4907
[26256,678] Ball=B005 X=173,0447 Y=222,0700 Vx=-88,9469 Vy=54,9341
[26256,874] Ball=B004 X=142,6215 Y=87,5091 Vx=-84,0310 Vy=-53,5202
[26256,544] Ball=B006 X=230,7222 Y=65,7087 Vx=-20,0582 Vy=113,8357
[26257,080] Ball=B003 X=343,0596 Y=314,6528 Vx=-62,2848 Vy=-116,4597
[26273,393] Ball=B002 X=348,8369 Y=246,1523 Vx=217,7026 Vy=-75,4907
[26272,896] Ball=B003 X=342,0745 Y=312,8109 Vx=-62,2848 Vy=-116,4597
[26272,432] Ball=B006 X=230,4035 Y=67,5173 Vx=-20,0582 Vy=113,8357
[26276,026] Ball=B001 X=34,3828 Y=127,3161 Vx=-75,6752 Vy=-101,9199
[26272,834] Ball=B005 X=171,6077 Y=222,9575 Vx=-88,9469 Vy=54,9341
[26272,949] Ball=B004 X=141,2707 Y=86,6488 Vx=-84,0310 Vy=-53,5202
[26268,221] Ball=B007 X=240,7171 Y=223,3286 Vx=-41,8606 Vy=-109,7824
[26265,701] Ball=B008 X=365,6053 Y=72,1529 Vx=-35,8342 Vy=-83,5850
[26287,515] Ball=B005 X=170,3018 Y=223,7640 Vx=-88,9469 Vy=54,9341
[26280,226] Ball=B008 X=365,0826 Y=70,9338 Vx=-35,8342 Vy=-83,5850
[26287,631] Ball=B004 X=140,0369 Y=85,8629 Vx=-84,0310 Vy=-53,5202
[26287,864] Ball=B003 X=341,1421 Y=311,0676 Vx=-62,2848 Vy=-116,4597
[26291,044] Ball=B001 X=33,2463 Y=125,7855 Vx=-75,6752 Vy=-101,9199
[26283,024] Ball=B007 X=240,0975 Y=221,7036 Vx=-41,8606 Vy=-109,7824
[26288,529] Ball=B002 X=352,1322 Y=245,0096 Vx=217,7026 Vy=-75,4907
[26287,567] Ball=B006 X=230,1000 Y=69,2401 Vx=-20,0582 Vy=113,8357
[26296,227] Ball=B008 X=364,5093 Y=69,5965 Vx=-35,8342 Vy=-83,5850
[26303,766] Ball=B003 X=340,1517 Y=309,2158 Vx=-62,2848 Vy=-116,4597
[26303,524] Ball=B005 X=168,8779 Y=224,6434 Vx=-88,9469 Vy=54,9341
[26304,292] Ball=B002 X=355,5638 Y=243,8196 Vx=217,7026 Vy=-75,4907
[26303,322] Ball=B006 X=229,7839 Y=71,0337 Vx=-20,0582 Vy=113,8357
[26306,904] Ball=B001 X=32,0461 Y=124,1690 Vx=-75,6752 Vy=-101,9199
[26298,880] Ball=B007 X=239,4337 Y=219,9628 Vx=-41,8606 Vy=-109,7824
[26303,750] Ball=B004 X=138,6824 Y=85,0003 Vx=-84,0310 Vy=-53,5202
[26312,245] Ball=B008 X=363,9352 Y=68,2575 Vx=-35,8342 Vy=-83,5850
[26315,019] Ball=B007 X=238,7581 Y=218,1910 Vx=-41,8606 Vy=-109,7824
[26323,046] Ball=B001 X=30,8246 Y=122,5238 Vx=-75,6752 Vy=-101,9199
[26319,479] Ball=B006 X=229,4599 Y=72,8728 Vx=-20,0582 Vy=113,8357
[26319,757] Ball=B005 X=167,4340 Y=225,5352 Vx=-88,9469 Vy=54,9341
[26320,018] Ball=B003 X=339,1395 Y=307,3231 Vx=-62,2848 Vy=-116,4597
[26320,193] Ball=B004 X=137,3007 Y=84,1203 Vx=-84,0310 Vy=-53,5202
[26320,845] Ball=B002 X=359,1676 Y=242,5700 Vx=217,7026 Vy=-75,4907
[26334,756] Ball=B004 X=136,0770 Y=83,3409 Vx=-84,0310 Vy=-53,5202
[26335,406] Ball=B002 X=362,3373 Y=241,4709 Vx=217,7026 Vy=-75,4907
[26334,437] Ball=B006 X=229,1599 Y=74,5756 Vx=-20,0582 Vy=113,8357
[26334,662] Ball=B005 X=166,1083 Y=226,3540 Vx=-88,9469 Vy=54,9341
[26330,098] Ball=B007 X=238,1269 Y=216,5357 Vx=-41,8606 Vy=-109,7824
[26338,121] Ball=B001 X=29,6838 Y=120,9874 Vx=-75,6752 Vy=-101,9199
[26327,495] Ball=B008 X=363,3887 Y=66,9827 Vx=-35,8342 Vy=-83,5850
[26335,032] Ball=B003 X=338,2043 Y=305,5745 Vx=-62,2848 Vy=-116,4597
[26342,214] Ball=B008 X=362,8613 Y=65,7525 Vx=-35,8342 Vy=-83,5850
[26349,295] Ball=B006 X=228,8618 Y=76,2670 Vx=-20,0582 Vy=113,8357
[26349,773] Ball=B003 X=337,2861 Y=303,8577 Vx=-62,2848 Vy=-116,4597
[26350,473] Ball=B002 X=365,6079 Y=240,3367 Vx=217,7026 Vy=-75,4907
[26349,719] Ball=B005 X=164,7689 Y=227,1812 Vx=-88,9469 Vy=54,9341
[26349,838] Ball=B004 X=134,8096 Y=82,5337 Vx=-84,0310 Vy=-53,5202
[26353,285] Ball=B001 X=28,5402 Y=119,4472 Vx=-75,6752 Vy=-101,9199
[26345,381] Ball=B007 X=237,4871 Y=214,8578 Vx=-41,8606 Vy=-109,7824
[26365,755] Ball=B004 X=133,4721 Y=81,6818 Vx=-84,0310 Vy=-53,5202
[26360,978] Ball=B007 X=236,8343 Y=213,1456 Vx=-41,8606 Vy=-109,7824
[26366,414] Ball=B002 X=369,0880 Y=239,1300 Vx=217,7026 Vy=-75,4907
[26365,677] Ball=B005 X=163,3496 Y=228,0578 Vx=-88,9469 Vy=54,9341
[26369,032] Ball=B001 X=27,3446 Y=117,8370 Vx=-75,6752 Vy=-101,9199
[26365,931] Ball=B003 X=336,2797 Y=301,9760 Vx=-62,2848 Vy=-116,4597
[26358,482] Ball=B008 X=362,2784 Y=64,3927 Vx=-35,8342 Vy=-83,5850
[26365,556] Ball=B006 X=228,5357 Y=78,1180 Vx=-20,0582 Vy=113,8357
[26384,998] Ball=B001 X=26,1364 Y=116,2099 Vx=-75,6752 Vy=-101,9199
[26374,371] Ball=B008 X=361,7090 Y=63,0646 Vx=-35,8342 Vy=-83,5850
[26376,987] Ball=B007 X=236,1641 Y=211,3881 Vx=-41,8606 Vy=-109,7824
[26381,919] Ball=B003 X=335,2840 Y=300,1141 Vx=-62,2848 Vy=-116,4597
[26381,686] Ball=B005 X=161,9256 Y=228,9372 Vx=-88,9469 Vy=54,9341
[26381,427] Ball=B006 X=228,2173 Y=79,9246 Vx=-20,0582 Vy=113,8357
[26381,873] Ball=B004 X=132,1177 Y=80,8191 Vx=-84,0310 Vy=-53,5202
[26382,657] Ball=B002 X=372,5777 Y=237,9199 Vx=217,7026 Vy=-75,4907
[26396,421] Ball=B006 X=227,9166 Y=81,6315 Vx=-20,0582 Vy=113,8357
[26396,652] Ball=B005 X=160,5945 Y=229,7593 Vx=-88,9469 Vy=54,9341
[26396,772] Ball=B004 X=130,8657 Y=80,0217 Vx=-84,0310 Vy=-53,5202
[26389,387] Ball=B008 X=361,1709 Y=61,8096 Vx=-35,8342 Vy=-83,5850
[26397,502] Ball=B002 X=375,8420 Y=236,7880 Vx=217,7026 Vy=-75,4907
[26397,006] Ball=B003 X=334,3443 Y=298,3570 Vx=-62,2848 Vy=-116,4597
[26392,087] Ball=B007 X=235,5320 Y=209,7304 Vx=-41,8606 Vy=-109,7824
[26400,123] Ball=B001 X=24,9918 Y=114,6682 Vx=-75,6752 Vy=-101,9199
[26413,413] Ball=B002 X=379,3196 Y=235,5821 Vx=217,7026 Vy=-75,4907
[26416,012] Ball=B001 X=23,7894 Y=113,0488 Vx=-75,6752 Vy=-101,9199
[26408,005] Ball=B007 X=234,8657 Y=207,9828 Vx=-41,8606 Vy=-109,7824
[26412,470] Ball=B006 X=227,5946 Y=83,4586 Vx=-20,0582 Vy=113,8357
[26413,007] Ball=B003 X=333,3532 Y=296,5040 Vx=-62,2848 Vy=-116,4597
[26405,493] Ball=B008 X=360,5938 Y=60,4633 Vx=-35,8342 Vy=-83,5850
[26412,888] Ball=B004 X=129,5114 Y=79,1592 Vx=-84,0310 Vy=-53,5202
[26412,789] Ball=B005 X=159,1591 Y=230,6458 Vx=-88,9469 Vy=54,9341
[26428,518] Ball=B005 X=157,7601 Y=231,5098 Vx=-88,9469 Vy=54,9341
[26431,883] Ball=B001 X=22,5883 Y=111,4312 Vx=-75,6752 Vy=-101,9199
[26428,653] Ball=B004 X=128,1867 Y=78,3154 Vx=-84,0310 Vy=-53,5202
[26428,832] Ball=B003 X=332,3620 Y=294,6506 Vx=-62,2848 Vy=-116,4597
[26429,339] Ball=B002 X=372,5326 Y=234,3797 Vx=-217,7026 Vy=-75,4907
[26428,379] Ball=B006 X=227,2755 Y=85,2696 Vx=-20,0582 Vy=113,8357
[26421,319] Ball=B008 X=360,0266 Y=59,1404 Vx=-35,8342 Vy=-83,5850
[26423,929] Ball=B007 X=234,1990 Y=206,2346 Vx=-41,8606 Vy=-109,7824
[26443,440] Ball=B006 X=226,9734 Y=86,9840 Vx=-20,0582 Vy=113,8357
[26438,999] Ball=B007 X=233,5683 Y=204,5803 Vx=-41,8606 Vy=-109,7824
[26436,396] Ball=B008 X=359,4864 Y=57,8803 Vx=-35,8342 Vy=-83,5850
[26443,685] Ball=B005 X=156,4110 Y=232,3431 Vx=-88,9469 Vy=54,9341
[26444,454] Ball=B002 X=369,2420 Y=233,2387 Vx=-217,7026 Vy=-75,4907
[26443,817] Ball=B004 X=126,9124 Y=77,5038 Vx=-84,0310 Vy=-53,5202
[26444,036] Ball=B003 X=331,4150 Y=292,8799 Vx=-62,2848 Vy=-116,4597
[26447,143] Ball=B001 X=21,4335 Y=109,8759 Vx=-75,6752 Vy=-101,9199
[26462,001] Ball=B001 X=20,3092 Y=108,3617 Vx=-75,6752 Vy=-101,9199
[26458,430] Ball=B006 X=226,6728 Y=88,6903 Vx=-20,0582 Vy=113,8357
[26451,376] Ball=B008 X=358,9496 Y=56,6282 Vx=-35,8342 Vy=-83,5850
[26459,540] Ball=B002 X=365,9592 Y=232,1003 Vx=-217,7026 Vy=-75,4907
[26459,040] Ball=B003 X=330,4805 Y=291,1326 Vx=-62,2848 Vy=-116,4597
[26458,789] Ball=B005 X=155,0676 Y=233,1728 Vx=-88,9469 Vy=54,9341
[26458,843] Ball=B004 X=125,6498 Y=76,6997 Vx=-84,0310 Vy=-53,5202
[26454,187] Ball=B007 X=232,9324 Y=202,9128 Vx=-41,8606 Vy=-109,7824
[26474,907] Ball=B003 X=329,4923 Y=289,2849 Vx=-62,2848 Vy=-116,4597
[26475,421] Ball=B002 X=362,5005 Y=230,9010 Vx=-217,7026 Vy=-75,4907
[26474,784] Ball=B004 X=124,3103 Y=75,8466 Vx=-84,0310 Vy=-53,5202
[26470,021] Ball=B007 X=232,2696 Y=201,1745 Vx=-41,8606 Vy=-109,7824
[26474,773] Ball=B005 X=153,6458 Y=234,0508 Vx=-88,9469 Vy=54,9341
[26467,549] Ball=B008 X=358,3700 Y=55,2764 Vx=-35,8342 Vy=-83,5850
[26474,618] Ball=B006 X=226,3481 Y=90,5332 Vx=-20,0582 Vy=113,8357
[26478,268] Ball=B001 X=19,0781 Y=106,7036 Vx=-75,6752 Vy=-101,9199
[26493,910] Ball=B001 X=17,8944 Y=105,1095 Vx=-75,6752 Vy=-101,9199
[26490,346] Ball=B006 X=226,0326 Y=92,3236 Vx=-20,0582 Vy=113,8357
[26491,325] Ball=B002 X=359,0381 Y=229,7003 Vx=-217,7026 Vy=-75,4907
[26490,576] Ball=B005 X=152,2401 Y=234,9190 Vx=-88,9469 Vy=54,9341
[26483,376] Ball=B008 X=357,8029 Y=53,9534 Vx=-35,8342 Vy=-83,5850
[26490,776] Ball=B004 X=122,9664 Y=74,9906 Vx=-84,0310 Vy=-53,5202
[26485,992] Ball=B007 X=231,6011 Y=199,4212 Vx=-41,8606 Vy=-109,7824
[26490,916] Ball=B003 X=328,4951 Y=287,4203 Vx=-62,2848 Vy=-116,4597
[26505,886] Ball=B003 X=327,5628 Y=285,6770 Vx=-62,2848 Vy=-116,4597
[26505,749] Ball=B004 X=121,7082 Y=74,1893 Vx=-84,0310 Vy=-53,5202
[26506,402] Ball=B002 X=355,7559 Y=228,5622 Vx=-217,7026 Vy=-75,4907
[26500,982] Ball=B007 X=230,9736 Y=197,7755 Vx=-41,8606 Vy=-109,7824
[26509,017] Ball=B001 X=16,7512 Y=103,5698 Vx=-75,6752 Vy=-101,9199
[26498,463] Ball=B008 X=357,2623 Y=52,6924 Vx=-35,8342 Vy=-83,5850
[26505,563] Ball=B006 X=225,7274 Y=94,0559 Vx=-20,0582 Vy=113,8357
[26505,746] Ball=B005 X=150,8909 Y=235,7523 Vx=-88,9469 Vy=54,9341
[26514,227] Ball=B008 X=356,6974 Y=51,3749 Vx=-35,8342 Vy=-83,5850
[26524,862] Ball=B001 X=15,5521 Y=101,9548 Vx=-75,6752 Vy=-101,9199
[26521,520] Ball=B005 X=149,4878 Y=236,6189 Vx=-88,9469 Vy=54,9341
[26521,795] Ball=B003 X=326,5718 Y=283,8242 Vx=-62,2848 Vy=-116,4597
[26521,657] Ball=B004 X=120,3715 Y=73,3379 Vx=-84,0310 Vy=-53,5202
[26521,411] Ball=B006 X=225,4095 Y=95,8599 Vx=-20,0582 Vy=113,8357
[26516,872] Ball=B007 X=230,3084 Y=196,0311 Vx=-41,8606 Vy=-109,7824
[26522,527] Ball=B002 X=352,2943 Y=227,3619 Vx=-217,7026 Vy=-75,4907
[26540,011] Ball=B001 X=14,4058 Y=100,4109 Vx=-75,6752 Vy=-101,9199
[26536,658] Ball=B005 X=148,1414 Y=237,4504 Vx=-88,9469 Vy=54,9341
[26536,448] Ball=B006 X=225,1079 Y=97,5717 Vx=-20,0582 Vy=113,8357
[26537,438] Ball=B002 X=348,9994 Y=226,2193 Vx=-217,7026 Vy=-75,4907
[26536,812] Ball=B004 X=119,0979 Y=72,5267 Vx=-84,0310 Vy=-53,5202
[26529,492] Ball=B008 X=356,1504 Y=50,0989 Vx=-35,8342 Vy=-83,5850
[26537,030] Ball=B003 X=325,6229 Y=282,0498 Vx=-62,2848 Vy=-116,4597
[26532,109] Ball=B007 X=229,6706 Y=194,3583 Vx=-41,8606 Vy=-109,7824
[26552,635] Ball=B004 X=117,7683 Y=71,6799 Vx=-84,0310 Vy=-53,5202
[26547,849] Ball=B007 X=229,0118 Y=192,6306 Vx=-41,8606 Vy=-109,7824
[26552,782] Ball=B003 X=324,6418 Y=280,2154 Vx=-62,2848 Vy=-116,4597
[26552,426] Ball=B006 X=224,7874 Y=99,3906 Vx=-20,0582 Vy=113,8357
[26553,404] Ball=B002 X=345,5234 Y=225,0140 Vx=-217,7026 Vy=-75,4907
[26552,649] Ball=B005 X=146,7190 Y=238,3289 Vx=-88,9469 Vy=54,9341
[26545,430] Ball=B008 X=355,5792 Y=48,7666 Vx=-35,8342 Vy=-83,5850
[26556,118] Ball=B001 X=13,1868 Y=98,7692 Vx=-75,6752 Vy=-101,9199
[26560,383] Ball=B008 X=355,0434 Y=47,5169 Vx=-35,8342 Vy=-83,5850
[26567,678] Ball=B005 X=145,3823 Y=239,1544 Vx=-88,9469 Vy=54,9341
[26567,794] Ball=B004 X=116,4945 Y=70,8686 Vx=-84,0310 Vy=-53,5202
[26571,043] Ball=B001 X=12,0573 Y=97,2480 Vx=-75,6752 Vy=-101,9199
[26568,466] Ball=B002 X=342,2443 Y=223,8769 Vx=-217,7026 Vy=-75,4907
[26567,582] Ball=B006 X=224,4834 Y=101,1159 Vx=-20,0582 Vy=113,8357
[26568,123] Ball=B003 X=323,6863 Y=278,4288 Vx=-62,2848 Vy=-116,4597
[26563,354] Ball=B007 X=228,3626 Y=190,9282 Vx=-41,8606 Vy=-109,7824
[26577,993] Ball=B007 X=227,7499 Y=189,3212 Vx=-41,8606 Vy=-109,7824
[26582,446] Ball=B006 X=224,1852 Y=102,8077 Vx=-20,0582 Vy=113,8357
[26582,925] Ball=B003 X=322,7644 Y=276,7050 Vx=-62,2848 Vy=-116,4597
[26582,685] Ball=B005 X=144,0474 Y=239,9789 Vx=-88,9469 Vy=54,9341
[26582,814] Ball=B004 X=115,2324 Y=70,0647 Vx=-84,0310 Vy=-53,5202
[26583,554] Ball=B002 X=338,9597 Y=222,7379 Vx=-217,7026 Vy=-75,4907
[26575,519] Ball=B008 X=354,5010 Y=46,2517 Vx=-35,8342 Vy=-83,5850
[26586,160] Ball=B001 X=10,9134 Y=95,7073 Vx=-75,6752 Vy=-101,9199
[26593,838] Ball=B007 X=227,0866 Y=187,5817 Vx=-41,8606 Vy=-109,7824
[26591,229] Ball=B008 X=353,9381 Y=44,9386 Vx=-35,8342 Vy=-83,5850
[26598,304] Ball=B006 X=223,8671 Y=104,6130 Vx=-20,0582 Vy=113,8357
[26599,394] Ball=B002 X=335,5111 Y=221,5421 Vx=-217,7026 Vy=-75,4907
[26601,990] Ball=B001 X=9,7155 Y=94,0940 Vx=-75,6752 Vy=-101,9199
[26598,878] Ball=B004 X=113,8824 Y=69,2050 Vx=-84,0310 Vy=-53,5202
[26598,776] Ball=B005 X=142,6162 Y=240,8628 Vx=-88,9469 Vy=54,9341
[26599,039] Ball=B003 X=321,7607 Y=274,8284 Vx=-62,2848 Vy=-116,4597
[26613,530] Ball=B005 X=141,3040 Y=241,6732 Vx=-88,9469 Vy=54,9341
[26608,864] Ball=B007 X=226,4576 Y=185,9321 Vx=-41,8606 Vy=-109,7824
[26613,792] Ball=B003 X=320,8418 Y=273,1102 Vx=-62,2848 Vy=-116,4597
[26614,338] Ball=B002 X=332,2579 Y=220,4140 Vx=-217,7026 Vy=-75,4907
[26606,379] Ball=B008 X=353,3952 Y=43,6723 Vx=-35,8342 Vy=-83,5850
[26613,779] Ball=B004 X=112,6303 Y=68,4074 Vx=-84,0310 Vy=-53,5202
[26617,029] Ball=B001 X=8,5774 Y=92,5612 Vx=-75,6752 Vy=-101,9199
[26613,460] Ball=B006 X=223,5631 Y=106,3384 Vx=-20,0582 Vy=113,8357
[26624,865] Ball=B007 X=225,7878 Y=184,1754 Vx=-41,8606 Vy=-109,7824
[26622,254] Ball=B008 X=352,8264 Y=42,3455 Vx=-35,8342 Vy=-83,5850
[26632,898] Ball=B001 X=7,3765 Y=90,9438 Vx=-75,6752 Vy=-101,9199
[26629,670] Ball=B005 X=139,8682 Y=242,5600 Vx=-88,9469 Vy=54,9341
[26629,461] Ball=B006 X=223,2422 Y=108,1599 Vx=-20,0582 Vy=113,8357
[26629,797] Ball=B004 X=111,2843 Y=67,5502 Vx=-84,0310 Vy=-53,5202
[26630,448] Ball=B002 X=328,7506 Y=219,1978 Vx=-217,7026 Vy=-75,4907
[26629,950] Ball=B003 X=319,8354 Y=271,2284 Vx=-62,2848 Vy=-116,4597
[26645,730] Ball=B004 X=109,9456 Y=66,6975 Vx=-84,0310 Vy=-53,5202
[26646,377] Ball=B002 X=325,2830 Y=217,9954 Vx=-217,7026 Vy=-75,4907
[26638,357] Ball=B008 X=352,2493 Y=40,9994 Vx=-35,8342 Vy=-83,5850
[26645,642] Ball=B005 X=138,4476 Y=243,4373 Vx=-88,9469 Vy=54,9341
[26640,980] Ball=B007 X=225,1132 Y=182,4063 Vx=-41,8606 Vy=-109,7824
[26649,024] Ball=B001 X=6,1561 Y=89,3002 Vx=-75,6752 Vy=-101,9199
[26645,454] Ball=B006 X=222,9214 Y=109,9805 Vx=-20,0582 Vy=113,8357
[26645,925] Ball=B003 X=318,8404 Y=269,3680 Vx=-62,2848 Vy=-116,4597
[26656,879] Ball=B007 X=224,4477 Y=180,6610 Vx=-41,8606 Vy=-109,7824
[26664,922] Ball=B001 X=4,9530 Y=87,6799 Vx=-75,6752 Vy=-101,9199
[26661,693] Ball=B004 X=108,6041 Y=65,8431 Vx=-84,0310 Vy=-53,5202
[26661,435] Ball=B006 X=222,6008 Y=111,7996 Vx=-20,0582 Vy=113,8357
[26661,904] Ball=B003 X=317,8490 Y=267,5144 Vx=-62,2848 Vy=-116,4597
[26661,674] Ball=B005 X=137,0215 Y=244,3181 Vx=-88,9469 Vy=54,9341
[26662,476] Ball=B002 X=321,7788 Y=216,7803 Vx=-217,7026 Vy=-75,4907
[26654,442] Ball=B008 X=351,6729 Y=39,6549 Vx=-35,8342 Vy=-83,5850
[26670,235] Ball=B008 X=351,1070 Y=38,3349 Vx=-35,8342 Vy=-83,5850
[26678,273] Ball=B002 X=318,3394 Y=215,5876 Vx=-217,7026 Vy=-75,4907
[26677,635] Ball=B004 X=107,2644 Y=64,9899 Vx=-84,0310 Vy=-53,5202
[26677,538] Ball=B005 X=135,6105 Y=245,1895 Vx=-88,9469 Vy=54,9341
[26672,879] Ball=B007 X=223,7779 Y=178,9043 Vx=-41,8606 Vy=-109,7824
[26677,807] Ball=B003 X=316,8546 Y=265,6550 Vx=-62,2848 Vy=-116,4597
[26677,337] Ball=B006 X=222,2819 Y=113,6099 Vx=-20,0582 Vy=113,8357
[26680,909] Ball=B001 X=3,7432 Y=86,0505 Vx=-75,6752 Vy=-101,9199
[26692,482] Ball=B005 X=134,2814 Y=246,0104 Vx=-88,9469 Vy=54,9341
[26687,811] Ball=B007 X=223,1528 Y=177,2651 Vx=-41,8606 Vy=-109,7824
[26695,841] Ball=B001 X=2,6133 Y=84,5287 Vx=-75,6752 Vy=-101,9199
[26692,863] Ball=B003 X=315,9169 Y=263,9016 Vx=-62,2848 Vy=-116,4597
[26692,394] Ball=B006 X=221,9798 Y=115,3239 Vx=-20,0582 Vy=113,8357
[26693,382] Ball=B002 X=315,0496 Y=214,4469 Vx=-217,7026 Vy=-75,4907
[26692,803] Ball=B004 X=105,9899 Y=64,1781 Vx=-84,0310 Vy=-53,5202
[26685,412] Ball=B008 X=350,5632 Y=37,0666 Vx=-35,8342 Vy=-83,5850
[26701,378] Ball=B008 X=349,9910 Y=35,7318 Vx=-35,8342 Vy=-83,5850
[26708,437] Ball=B006 X=221,6581 Y=117,1500 Vx=-20,0582 Vy=113,8357
[26708,655] Ball=B005 X=132,8428 Y=246,8989 Vx=-88,9469 Vy=54,9341
[26703,997] Ball=B007 X=222,4752 Y=175,4881 Vx=-41,8606 Vy=-109,7824
[26708,787] Ball=B004 X=104,6467 Y=63,3226 Vx=-84,0310 Vy=-53,5202
[26709,441] Ball=B002 X=311,5538 Y=213,2347 Vx=-217,7026 Vy=-75,4907
[26708,956] Ball=B003 X=314,9146 Y=262,0275 Vx=-62,2848 Vy=-116,4597
[26712,056] Ball=B001 X=1,3861 Y=82,8759 Vx=-75,6752 Vy=-101,9199
[26724,915] Ball=B003 X=313,9206 Y=260,1690 Vx=-62,2848 Vy=-116,4597
[26719,994] Ball=B007 X=221,8056 Y=173,7319 Vx=-41,8606 Vy=-109,7824
[26724,663] Ball=B005 X=131,4190 Y=247,7783 Vx=-88,9469 Vy=54,9341
[26728,029] Ball=B001 X=0,1775 Y=81,2481 Vx=-75,6752 Vy=-101,9199
[26725,443] Ball=B002 X=308,0701 Y=212,0267 Vx=-217,7026 Vy=-75,4907
[26717,412] Ball=B008 X=349,4164 Y=34,3916 Vx=-35,8342 Vy=-83,5850
[26724,913] Ball=B004 X=103,2917 Y=62,4596 Vx=-84,0310 Vy=-53,5202
[26724,587] Ball=B006 X=221,3341 Y=118,9887 Vx=-20,0582 Vy=113,8357
[26739,521] Ball=B005 X=130,0974 Y=248,5945 Vx=-88,9469 Vy=54,9341
[26732,244] Ball=B008 X=348,8849 Y=33,1519 Vx=-35,8342 Vy=-83,5850
[26742,907] Ball=B001 X=-0,9485 Y=79,7317 Vx=-75,6752 Vy=-101,9199
[26739,400] Ball=B006 X=221,0370 Y=120,6748 Vx=-20,0582 Vy=113,8357
[26739,875] Ball=B003 X=312,9887 Y=258,4266 Vx=-62,2848 Vy=-116,4597
[26734,999] Ball=B007 X=221,1775 Y=172,0846 Vx=-41,8606 Vy=-109,7824
[26740,430] Ball=B002 X=304,8073 Y=210,8953 Vx=-217,7026 Vy=-75,4907
[26739,828] Ball=B004 X=102,0427 Y=61,6641 Vx=-84,0310 Vy=-53,5202
[26755,912] Ball=B002 X=301,4371 Y=209,7266 Vx=-217,7026 Vy=-75,4907
[26754,948] Ball=B006 X=220,7251 Y=122,4447 Vx=-20,0582 Vy=113,8357
[26755,311] Ball=B004 X=100,7373 Y=60,8327 Vx=-84,0310 Vy=-53,5202
[26755,525] Ball=B003 X=312,0140 Y=256,6040 Vx=-62,2848 Vy=-116,4597
[26755,275] Ball=B005 X=128,6960 Y=249,4600 Vx=-88,9469 Vy=54,9341
[26758,685] Ball=B001 X=1,1940 Y=78,1235 Vx=75,6752 Vy=-101,9199
[26750,605] Ball=B007 X=220,5242 Y=170,3714 Vx=-41,8606 Vy=-109,7824
[26748,110] Ball=B008 X=348,3163 Y=31,8256 Vx=-35,8342 Vy=-83,5850
[26762,974] Ball=B008 X=347,7838 Y=30,5834 Vx=-35,8342 Vy=-83,5850
[26765,622] Ball=B007 X=219,8956 Y=168,7228 Vx=-41,8606 Vy=-109,7824
[26773,651] Ball=B001 X=2,3265 Y=76,5983 Vx=75,6752 Vy=-101,9199
[26770,559] Ball=B003 X=311,0776 Y=254,8531 Vx=-62,2848 Vy=-116,4597
[26770,308] Ball=B005 X=127,3589 Y=250,2858 Vx=-88,9469 Vy=54,9341
[26771,077] Ball=B002 X=298,1354 Y=208,5817 Vx=-217,7026 Vy=-75,4907
[26770,511] Ball=B004 X=99,4600 Y=60,0192 Vx=-84,0310 Vy=-53,5202
[26770,184] Ball=B006 X=220,4195 Y=124,1792 Vx=-20,0582 Vy=113,8357
[26785,500] Ball=B006 X=220,1123 Y=125,9225 Vx=-20,0582 Vy=113,8357
[26785,837] Ball=B004 X=98,1722 Y=59,1989 Vx=-84,0310 Vy=-53,5202
[26786,514] Ball=B002 X=294,7747 Y=207,4163 Vx=-217,7026 Vy=-75,4907
[26781,088] Ball=B007 X=219,2482 Y=167,0249 Vx=-41,8606 Vy=-109,7824
[26785,766] Ball=B005 X=125,9840 Y=251,1349 Vx=-88,9469 Vy=54,9341
[26789,123] Ball=B001 X=3,4974 Y=75,0214 Vx=75,6752 Vy=-101,9199
[26786,028] Ball=B003 X=310,1141 Y=253,0517 Vx=-62,2848 Vy=-116,4597
[26778,504] Ball=B008 X=347,2272 Y=29,2852 Vx=-35,8342 Vy=-83,5850
[26801,476] Ball=B005 X=124,5867 Y=251,9979 Vx=-88,9469 Vy=54,9341
[26801,739] Ball=B003 X=309,1356 Y=251,2220 Vx=-62,2848 Vy=-116,4597
[26794,217] Ball=B008 X=346,6641 Y=27,9718 Vx=-35,8342 Vy=-83,5850
[26796,832] Ball=B007 X=218,5891 Y=165,2965 Vx=-41,8606 Vy=-109,7824
[26804,953] Ball=B001 X=4,6953 Y=73,4080 Vx=75,6752 Vy=-101,9199
[26801,382] Ball=B006 X=219,7938 Y=127,7306 Vx=-20,0582 Vy=113,8357
[26802,361] Ball=B002 X=291,3247 Y=206,2200 Vx=-217,7026 Vy=-75,4907
[26801,716] Ball=B004 X=96,8378 Y=58,3491 Vx=-84,0310 Vy=-53,5202
[26817,220] Ball=B002 X=288,0901 Y=205,0984 Vx=-217,7026 Vy=-75,4907
[26811,802] Ball=B007 X=217,9625 Y=163,6531 Vx=-41,8606 Vy=-109,7824
[26816,594] Ball=B004 X=95,5875 Y=57,5528 Vx=-84,0310 Vy=-53,5202
[26819,842] Ball=B001 X=5,8220 Y=71,8905 Vx=75,6752 Vy=-101,9199
[26816,283] Ball=B006 X=219,4949 Y=129,4269 Vx=-20,0582 Vy=113,8357
[26809,225] Ball=B008 X=346,1263 Y=26,7174 Vx=-35,8342 Vy=-83,5850
[26816,757] Ball=B003 X=308,2001 Y=249,4729 Vx=-62,2848 Vy=-116,4597
[26816,515] Ball=B005 X=123,2489 Y=252,8241 Vx=-88,9469 Vy=54,9341
[26824,318] Ball=B008 X=345,5855 Y=25,4558 Vx=-35,8342 Vy=-83,5850
[26831,596] Ball=B005 X=121,9076 Y=253,6525 Vx=-88,9469 Vy=54,9341
[26831,867] Ball=B003 X=307,2590 Y=247,7132 Vx=-62,2848 Vy=-116,4597
[26831,718] Ball=B004 X=94,3167 Y=56,7433 Vx=-84,0310 Vy=-53,5202
[26826,965] Ball=B007 X=217,3277 Y=161,9884 Vx=-41,8606 Vy=-109,7824
[26831,422] Ball=B006 X=219,1912 Y=131,1502 Vx=-20,0582 Vy=113,8357
[26832,470] Ball=B002 X=284,7699 Y=203,9471 Vx=-217,7026 Vy=-75,4907
[26835,364] Ball=B001 X=6,9967 Y=70,3084 Vx=75,6752 Vy=-101,9199
[26847,579] Ball=B004 X=92,9839 Y=55,8945 Vx=-84,0310 Vy=-53,5202
[26850,822] Ball=B001 X=8,1665 Y=68,7330 Vx=75,6752 Vy=-101,9199
[26840,197] Ball=B008 X=345,0165 Y=24,1286 Vx=-35,8342 Vy=-83,5850
[26848,243] Ball=B002 X=281,3361 Y=202,7563 Vx=-217,7026 Vy=-75,4907
[26847,284] Ball=B006 X=218,8730 Y=132,9559 Vx=-20,0582 Vy=113,8357
[26847,755] Ball=B003 X=306,2694 Y=245,8629 Vx=-62,2848 Vy=-116,4597
[26842,833] Ball=B007 X=216,6635 Y=160,2463 Vx=-41,8606 Vy=-109,7824
[26847,509] Ball=B005 X=120,4921 Y=254,5268 Vx=-88,9469 Vy=54,9341
[26862,826] Ball=B003 X=305,3308 Y=244,1078 Vx=-62,2848 Vy=-116,4597
[26862,573] Ball=B005 X=119,1523 Y=255,3542 Vx=-88,9469 Vy=54,9341
[26862,367] Ball=B006 X=218,7878 Y=131,9892 Vx=-7,3115 Vy=-43,5986
[26857,923] Ball=B007 X=215,6606 Y=163,1749 Vx=-64,8048 Vy=173,5993
[26866,029] Ball=B001 X=9,3173 Y=67,1831 Vx=75,6752 Vy=-101,9199
[26862,793] Ball=B004 X=91,7054 Y=55,0802 Vx=-84,0310 Vy=-53,5202
[26855,540] Ball=B008 X=344,4667 Y=22,8461 Vx=-35,8342 Vy=-83,5850
[26863,711] Ball=B002 X=277,9688 Y=201,5887 Vx=-217,7026 Vy=-75,4907
[26880,946] Ball=B001 X=10,4461 Y=65,6628 Vx=75,6752 Vy=-101,9199
[26877,720] Ball=B004 X=90,4511 Y=54,2813 Vx=-84,0310 Vy=-53,5202
[26878,370] Ball=B002 X=274,7775 Y=200,4821 Vx=-217,7026 Vy=-75,4907
[26877,623] Ball=B005 X=117,8136 Y=256,1810 Vx=-88,9469 Vy=54,9341
[26870,356] Ball=B008 X=343,9358 Y=21,6078 Vx=-35,8342 Vy=-83,5850
[26872,965] Ball=B007 X=214,6857 Y=165,7863 Vx=-64,8048 Vy=173,5993
[26877,971] Ball=B003 X=304,3875 Y=242,3440 Vx=-62,2848 Vy=-116,4597
[26877,624] Ball=B006 X=218,6777 Y=131,3329 Vx=-7,3115 Vy=-43,5986
[26886,363] Ball=B008 X=343,3622 Y=20,2698 Vx=-35,8342 Vy=-83,5850
[26893,896] Ball=B003 X=303,3956 Y=240,4894 Vx=-62,2848 Vy=-116,4597
[26893,766] Ball=B004 X=89,1027 Y=53,4225 Vx=-84,0310 Vy=-53,5202
[26893,443] Ball=B006 X=218,5606 Y=130,6343 Vx=-7,3115 Vy=-43,5986
[26897,098] Ball=B001 X=11,6640 Y=64,0226 Vx=75,6752 Vy=-101,9199
[26894,509] Ball=B002 X=271,2638 Y=199,2637 Vx=-217,7026 Vy=-75,4907
[26889,082] Ball=B007 X=213,6413 Y=168,5841 Vx=-64,8048 Vy=173,5993
[26893,873] Ball=B005 X=116,3681 Y=257,0737 Vx=-88,9469 Vy=54,9341
[26908,420] Ball=B006 X=218,4511 Y=129,9814 Vx=-7,3115 Vy=-43,5986
[26908,645] Ball=B005 X=115,0542 Y=257,8852 Vx=-88,9469 Vy=54,9341
[26903,983] Ball=B007 X=212,6756 Y=171,1710 Vx=-64,8048 Vy=173,5993
[26901,477] Ball=B008 X=342,8205 Y=19,0064 Vx=-35,8342 Vy=-83,5850
[26912,138] Ball=B001 X=12,8066 Y=62,4837 Vx=75,6752 Vy=-101,9199
[26909,596] Ball=B002 X=267,9894 Y=198,1283 Vx=-217,7026 Vy=-75,4907
[26909,093] Ball=B003 X=302,4490 Y=238,7195 Vx=-62,2848 Vy=-116,4597
[26909,007] Ball=B004 X=87,8220 Y=52,6068 Vx=-84,0310 Vy=-53,5202
[26923,781] Ball=B004 X=86,5807 Y=51,8162 Vx=-84,0310 Vy=-53,5202
[26923,928] Ball=B003 X=301,5251 Y=236,9919 Vx=-62,2848 Vy=-116,4597
[26924,447] Ball=B002 X=264,7464 Y=197,0037 Vx=-217,7026 Vy=-75,4907
[26919,030] Ball=B007 X=211,7005 Y=173,7832 Vx=-64,8048 Vy=173,5993
[26927,059] Ball=B001 X=13,9358 Y=60,9629 Vx=75,6752 Vy=-101,9199
[26923,838] Ball=B005 X=113,7028 Y=258,7198 Vx=-88,9469 Vy=54,9341
[26923,625] Ball=B006 X=218,3399 Y=129,3184 Vx=-7,3115 Vy=-43,5986
[26916,565] Ball=B008 X=342,2799 Y=17,7453 Vx=-35,8342 Vy=-83,5850
[26932,230] Ball=B008 X=341,7186 Y=16,4361 Vx=-35,8342 Vy=-83,5850
[26934,844] Ball=B007 X=210,6757 Y=176,5284 Vx=-64,8048 Vy=173,5993
[26940,280] Ball=B002 X=261,2994 Y=195,8084 Vx=-217,7026 Vy=-75,4907
[26939,703] Ball=B005 X=112,2917 Y=259,5914 Vx=-88,9469 Vy=54,9341
[26943,131] Ball=B001 X=15,1520 Y=59,3249 Vx=75,6752 Vy=-101,9199
[26940,034] Ball=B003 X=300,5219 Y=235,1162 Vx=-62,2848 Vy=-116,4597
[26939,414] Ball=B006 X=218,2245 Y=128,6300 Vx=-7,3115 Vy=-43,5986
[26939,920] Ball=B004 X=85,2243 Y=50,9523 Vx=-84,0310 Vy=-53,5202
[26955,764] Ball=B004 X=83,8931 Y=50,1045 Vx=-84,0310 Vy=-53,5202
[26955,911] Ball=B003 X=299,5330 Y=233,2672 Vx=-62,2848 Vy=-116,4597
[26950,998] Ball=B007 X=209,6288 Y=179,3328 Vx=-64,8048 Vy=173,5993
[26955,459] Ball=B006 X=218,1071 Y=127,9305 Vx=-7,3115 Vy=-43,5986
[26955,855] Ball=B005 X=110,8550 Y=260,4786 Vx=-88,9469 Vy=54,9341
[26959,215] Ball=B001 X=16,3692 Y=57,6856 Vx=75,6752 Vy=-101,9199
[26948,588] Ball=B008 X=341,1324 Y=15,0687 Vx=-35,8342 Vy=-83,5850
[26956,637] Ball=B002 X=257,7385 Y=194,5737 Vx=-217,7026 Vy=-75,4907
[26973,860] Ball=B001 X=17,4773 Y=56,1931 Vx=75,6752 Vy=-101,9199
[26971,273] Ball=B002 X=254,5522 Y=193,4688 Vx=-217,7026 Vy=-75,4907
[26963,248] Ball=B008 X=340,6070 Y=13,8434 Vx=-35,8342 Vy=-83,5850
[26970,795] Ball=B003 X=298,6059 Y=231,5338 Vx=-62,2848 Vy=-116,4597
[26970,631] Ball=B005 X=109,5408 Y=261,2903 Vx=-88,9469 Vy=54,9341
[26970,747] Ball=B004 X=82,6340 Y=49,3025 Vx=-84,0310 Vy=-53,5202
[26970,429] Ball=B006 X=217,9977 Y=127,2778 Vx=-7,3115 Vy=-43,5986
[26965,978] Ball=B007 X=208,6580 Y=181,9333 Vx=-64,8048 Vy=173,5993
[26989,867] Ball=B001 X=18,6887 Y=54,5616 Vx=75,6752 Vy=-101,9199
[26986,300] Ball=B006 X=217,8817 Y=126,5859 Vx=-7,3115 Vy=-43,5986
[26979,248] Ball=B008 X=340,0337 Y=12,5060 Vx=-35,8342 Vy=-83,5850
[26986,537] Ball=B005 X=108,1260 Y=262,1641 Vx=-88,9469 Vy=54,9341
[26986,797] Ball=B003 X=297,6092 Y=229,6701 Vx=-62,2848 Vy=-116,4597
[26986,731] Ball=B004 X=81,2908 Y=48,4470 Vx=-84,0310 Vy=-53,5202
[26987,382] Ball=B002 X=251,0452 Y=192,2527 Vx=-217,7026 Vy=-75,4907
[26981,941] Ball=B007 X=207,6236 Y=184,7044 Vx=-64,8048 Vy=173,5993
[26997,847] Ball=B007 X=206,5929 Y=187,4655 Vx=-64,8048 Vy=173,5993
[27005,872] Ball=B001 X=19,8999 Y=52,9303 Vx=75,6752 Vy=-101,9199
[27002,528] Ball=B005 X=106,7036 Y=263,0426 Vx=-88,9469 Vy=54,9341
[27002,653] Ball=B004 X=79,9529 Y=47,5949 Vx=-84,0310 Vy=-53,5202
[27002,333] Ball=B006 X=217,7644 Y=125,8869 Vx=-7,3115 Vy=-43,5986
[27003,337] Ball=B002 X=247,5717 Y=191,0482 Vx=-217,7026 Vy=-75,4907
[27002,900] Ball=B003 X=296,6063 Y=227,7948 Vx=-62,2848 Vy=-116,4597
[26995,373] Ball=B008 X=339,4559 Y=11,1582 Vx=-35,8342 Vy=-83,5850
[27021,010] Ball=B001 X=21,0455 Y=51,3875 Vx=75,6752 Vy=-101,9199
[27010,385] Ball=B008 X=338,9180 Y=9,9035 Vx=-35,8342 Vy=-83,5850
[27017,675] Ball=B005 X=105,3563 Y=263,8747 Vx=-88,9469 Vy=54,9341
[27013,014] Ball=B007 X=205,6099 Y=190,0987 Vx=-64,8048 Vy=173,5993
[27017,552] Ball=B006 X=217,6532 Y=125,2233 Vx=-7,3115 Vy=-43,5986
[27018,025] Ball=B003 X=295,6642 Y=226,0333 Vx=-62,2848 Vy=-116,4597
[27018,544] Ball=B002 X=244,2612 Y=189,9003 Vx=-217,7026 Vy=-75,4907
[27017,907] Ball=B004 X=78,6711 Y=46,7785 Vx=-84,0310 Vy=-53,5202
[27033,630] Ball=B004 X=77,3498 Y=45,9370 Vx=-84,0310 Vy=-53,5202
[27033,767] Ball=B003 X=294,6838 Y=224,2002 Vx=-62,2848 Vy=-116,4597
[27026,276] Ball=B008 X=338,3485 Y=8,5752 Vx=-35,8342 Vy=-83,5850
[27033,345] Ball=B006 X=217,5377 Y=124,5348 Vx=-7,3115 Vy=-43,5986
[27034,405] Ball=B002 X=240,8083 Y=188,7029 Vx=-217,7026 Vy=-75,4907
[27037,006] Ball=B001 X=22,2550 Y=49,7584 Vx=75,6752 Vy=-101,9199
[27033,767] Ball=B005 X=103,9250 Y=264,7587 Vx=-88,9469 Vy=54,9341
[27029,103] Ball=B007 X=204,5673 Y=192,8916 Vx=-64,8048 Vy=173,5993
[27043,923] Ball=B007 X=203,6069 Y=195,4643 Vx=-64,8048 Vy=173,5993
[27048,606] Ball=B005 X=102,6052 Y=265,5738 Vx=-88,9469 Vy=54,9341
[27048,733] Ball=B004 X=76,0807 Y=45,1287 Vx=-84,0310 Vy=-53,5202
[27051,975] Ball=B001 X=23,3888 Y=48,2315 Vx=75,6752 Vy=-101,9199
[27049,465] Ball=B002 X=237,5296 Y=187,5660 Vx=-217,7026 Vy=-75,4907
[27041,429] Ball=B008 X=337,8055 Y=7,3086 Vx=-35,8342 Vy=-83,5850
[27048,603] Ball=B006 X=217,4261 Y=123,8696 Vx=-7,3115 Vy=-43,5986
[27049,016] Ball=B003 X=293,7340 Y=222,4241 Vx=-62,2848 Vy=-116,4597
[27057,268] Ball=B008 X=337,2379 Y=5,9847 Vx=-35,8342 Vy=-83,5850
[27064,328] Ball=B006 X=217,3112 Y=123,1840 Vx=-7,3115 Vy=-43,5986
[27065,314] Ball=B002 X=234,0793 Y=186,3696 Vx=-217,7026 Vy=-75,4907
[27067,921] Ball=B001 X=24,5955 Y=46,6063 Vx=75,6752 Vy=-101,9199
[27064,911] Ball=B003 X=292,7439 Y=220,5730 Vx=-62,2848 Vy=-116,4597
[27064,776] Ball=B004 X=74,7326 Y=44,2700 Vx=-84,0310 Vy=-53,5202
[27060,103] Ball=B007 X=202,5583 Y=198,2732 Vx=-64,8048 Vy=173,5993
[27064,761] Ball=B005 X=101,1682 Y=266,4613 Vx=-88,9469 Vy=54,9341
[27082,863] Ball=B001 X=25,7261 Y=45,0835 Vx=75,6752 Vy=-101,9199
[27079,518] Ball=B005 X=99,8556 Y=267,2719 Vx=-88,9469 Vy=54,9341
[27074,856] Ball=B007 X=201,6023 Y=200,8343 Vx=-64,8048 Vy=173,5993
[27079,788] Ball=B003 X=291,8173 Y=218,8405 Vx=-62,2848 Vy=-116,4597
[27072,264] Ball=B008 X=336,7005 Y=4,7312 Vx=-35,8342 Vy=-83,5850
[27079,664] Ball=B004 X=73,4815 Y=43,4732 Vx=-84,0310 Vy=-53,5202
[27079,341] Ball=B006 X=217,2014 Y=122,5294 Vx=-7,3115 Vy=-43,5986
[27080,318] Ball=B002 X=230,8128 Y=185,2369 Vx=-217,7026 Vy=-75,4907
[27096,416] Ball=B002 X=227,3084 Y=184,0217 Vx=-217,7026 Vy=-75,4907
[27095,442] Ball=B006 X=217,0837 Y=121,8275 Vx=-7,3115 Vy=-43,5986
[27095,780] Ball=B004 X=72,1273 Y=42,6107 Vx=-84,0310 Vy=-53,5202
[27088,395] Ball=B008 X=336,1225 Y=3,3829 Vx=-35,8342 Vy=-83,5850
[27095,935] Ball=B003 X=290,8116 Y=216,9599 Vx=-62,2848 Vy=-116,4597
[27095,757] Ball=B005 X=98,4111 Y=268,1640 Vx=-88,9469 Vy=54,9341
[27091,091] Ball=B007 X=200,5501 Y=203,6528 Vx=-64,8048 Vy=173,5993
[27099,117] Ball=B001 X=26,9563 Y=43,4268 Vx=75,6752 Vy=-101,9199
[27114,991] Ball=B001 X=28,1574 Y=41,8090 Vx=75,6752 Vy=-101,9199
[27104,369] Ball=B008 X=335,5501 Y=2,0478 Vx=-35,8342 Vy=-83,5850
[27112,412] Ball=B002 X=223,8258 Y=182,8141 Vx=-217,7026 Vy=-75,4907
[27106,992] Ball=B007 X=199,5197 Y=206,4131 Vx=-64,8048 Vy=173,5993
[27111,526] Ball=B006 X=216,9661 Y=121,1262 Vx=-7,3115 Vy=-43,5986
[27112,001] Ball=B003 X=289,8110 Y=215,0890 Vx=-62,2848 Vy=-116,4597
[27111,749] Ball=B005 X=96,9888 Y=269,0425 Vx=-88,9469 Vy=54,9341
[27111,935] Ball=B004 X=70,7698 Y=41,7461 Vx=-84,0310 Vy=-53,5202
[27127,866] Ball=B003 X=288,8228 Y=213,2414 Vx=-62,2848 Vy=-116,4597
[27130,969] Ball=B001 X=29,3667 Y=40,1804 Vx=75,6752 Vy=-101,9199
[27127,733] Ball=B004 X=69,4422 Y=40,9006 Vx=-84,0310 Vy=-53,5202
[27127,628] Ball=B005 X=95,5764 Y=269,9148 Vx=-88,9469 Vy=54,9341
[27127,429] Ball=B006 X=216,8498 Y=120,4328 Vx=-7,3115 Vy=-43,5986
[27122,977] Ball=B007 X=198,4838 Y=209,1882 Vx=-64,8048 Vy=173,5993
[27128,409] Ball=B002 X=220,3433 Y=181,6065 Vx=-217,7026 Vy=-75,4907
[27120,370] Ball=B008 X=334,9767 Y=0,7103 Vx=-35,8342 Vy=-83,5850
[27135,972] Ball=B008 X=334,4177 Y=-0,5937 Vx=-35,8342 Vy=-83,5850
[27143,263] Ball=B005 X=94,1857 Y=270,7737 Vx=-88,9469 Vy=54,9341
[27146,623] Ball=B001 X=30,5513 Y=38,5850 Vx=75,6752 Vy=-101,9199
[27144,036] Ball=B002 X=216,9413 Y=180,4268 Vx=-217,7026 Vy=-75,4907
[27143,130] Ball=B006 X=216,7350 Y=119,7483 Vx=-7,3115 Vy=-43,5986
[27138,748] Ball=B007 X=197,4650 Y=211,9171 Vx=-64,8048 Vy=173,5993
[27143,685] Ball=B003 X=287,8375 Y=211,3990 Vx=-62,2848 Vy=-116,4597
[27143,557] Ball=B004 X=68,1126 Y=40,0537 Vx=-84,0310 Vy=-53,5202
[27159,511] Ball=B003 X=286,8518 Y=209,5560 Vx=-62,2848 Vy=-116,4597
[27154,601] Ball=B007 X=196,4344 Y=214,6779 Vx=-64,8048 Vy=173,5993
[27159,389] Ball=B004 X=66,7821 Y=39,2063 Vx=-84,0310 Vy=-53,5202
[27159,283] Ball=B005 X=92,7607 Y=271,6538 Vx=-88,9469 Vy=54,9341
[27162,708] Ball=B001 X=28,9009 Y=36,8964 Vx=-78,8616 Vy=-104,5700
[27159,145] Ball=B006 X=216,6179 Y=119,0501 Vx=-7,3115 Vy=-43,5986
[27152,140] Ball=B008 X=333,8382 Y=1,3515 Vx=-35,8342 Vy=83,5850
[27160,459] Ball=B002 X=213,3659 Y=179,1870 Vx=-217,7026 Vy=-75,4907
[27177,827] Ball=B001 X=27,7086 Y=35,3155 Vx=-78,8616 Vy=-104,5700
[27174,591] Ball=B004 X=68,3663 Y=38,4418 Vx=79,0912 Vy=-50,7228
[27175,242] Ball=B002 X=210,1476 Y=178,0710 Vx=-217,7026 Vy=-75,4907
[27174,747] Ball=B003 X=285,9028 Y=207,7815 Vx=-62,2848 Vy=-116,4597
[27174,509] Ball=B005 X=91,4065 Y=272,4902 Vx=-88,9469 Vy=54,9341
[27174,291] Ball=B006 X=216,5072 Y=118,3897 Vx=-7,3115 Vy=-43,5986
[27167,238] Ball=B008 X=333,2972 Y=2,6135 Vx=-35,8342 Vy=83,5850
[27169,849] Ball=B007 X=195,4462 Y=217,3251 Vx=-64,8048 Vy=173,5993
[27184,828] Ball=B007 X=194,4756 Y=219,9252 Vx=-64,8048 Vy=173,5993
[27189,292] Ball=B006 X=216,3975 Y=117,7357 Vx=-7,3115 Vy=-43,5986
[27189,520] Ball=B005 X=90,0712 Y=273,3148 Vx=-88,9469 Vy=54,9341
[27182,252] Ball=B008 X=332,7592 Y=3,8684 Vx=-35,8342 Vy=83,5850
[27189,788] Ball=B003 X=284,9659 Y=206,0298 Vx=-62,2848 Vy=-116,4597
[27190,295] Ball=B002 X=206,8705 Y=176,9346 Vx=-217,7026 Vy=-75,4907
[27192,907] Ball=B001 X=26,5193 Y=33,7385 Vx=-78,8616 Vy=-104,5700
[27189,669] Ball=B004 X=69,5589 Y=37,6770 Vx=79,0912 Vy=-50,7228
[27198,317] Ball=B008 X=332,1836 Y=5,2111 Vx=-35,8342 Vy=83,5850
[27205,607] Ball=B005 X=88,6405 Y=274,1985 Vx=-88,9469 Vy=54,9341
[27208,968] Ball=B001 X=25,2527 Y=32,0590 Vx=-78,8616 Vy=-104,5700
[27205,737] Ball=B004 X=70,8297 Y=36,8620 Vx=79,0912 Vy=-50,7228
[27206,388] Ball=B002 X=203,3670 Y=175,7198 Vx=-217,7026 Vy=-75,4907
[27205,951] Ball=B003 X=283,9593 Y=204,1475 Vx=-62,2848 Vy=-116,4597
[27205,500] Ball=B006 X=216,2790 Y=117,0291 Vx=-7,3115 Vy=-43,5986
[27201,047] Ball=B007 X=193,4244 Y=222,7411 Vx=-64,8048 Vy=173,5993
[27215,786] Ball=B007 X=192,4693 Y=225,2997 Vx=-64,8048 Vy=173,5993
[27220,576] Ball=B004 X=72,0033 Y=36,1093 Vx=79,0912 Vy=-50,7228
[27220,724] Ball=B003 X=283,0392 Y=202,4271 Vx=-62,2848 Vy=-116,4597
[27220,277] Ball=B006 X=216,1709 Y=116,3848 Vx=-7,3115 Vy=-43,5986
[27220,495] Ball=B005 X=87,3165 Y=275,0161 Vx=-88,9469 Vy=54,9341
[27221,334] Ball=B002 X=200,1134 Y=174,5915 Vx=-217,7026 Vy=-75,4907
[27213,303] Ball=B008 X=331,6465 Y=6,4638 Vx=-35,8342 Vy=83,5850
[27223,844] Ball=B001 X=24,0796 Y=30,5034 Vx=-78,8616 Vy=-104,5700
[27236,504] Ball=B005 X=85,8922 Y=275,8958 Vx=-88,9469 Vy=54,9341
[27239,856] Ball=B001 X=22,8169 Y=28,8291 Vx=-78,8616 Vy=-104,5700
[27236,301] Ball=B006 X=216,0538 Y=115,6862 Vx=-7,3115 Vy=-43,5986
[27229,230] Ball=B008 X=331,0758 Y=7,7951 Vx=-35,8342 Vy=83,5850
[27237,369] Ball=B002 X=196,6225 Y=173,3810 Vx=-217,7026 Vy=-75,4907
[27236,785] Ball=B004 X=73,2853 Y=35,2872 Vx=79,0912 Vy=-50,7228
[27236,981] Ball=B003 X=282,0266 Y=200,5338 Vx=-62,2848 Vy=-116,4597
[27232,161] Ball=B007 X=191,4081 Y=228,1424 Vx=-64,8048 Vy=173,5993
[27252,847] Ball=B003 X=281,0384 Y=198,6861 Vx=-62,2848 Vy=-116,4597
[27247,932] Ball=B007 X=190,3861 Y=230,8802 Vx=-64,8048 Vy=173,5993
[27252,721] Ball=B004 X=74,5457 Y=34,4788 Vx=79,0912 Vy=-50,7228
[27253,377] Ball=B002 X=193,1374 Y=172,1725 Vx=-217,7026 Vy=-75,4907
[27252,631] Ball=B005 X=84,4577 Y=276,7817 Vx=-88,9469 Vy=54,9341
[27245,351] Ball=B008 X=330,4981 Y=9,1426 Vx=-35,8342 Vy=83,5850
[27252,489] Ball=B006 X=215,9354 Y=114,9804 Vx=-7,3115 Vy=-43,5986
[27256,202] Ball=B001 X=21,5278 Y=27,1198 Vx=-78,8616 Vy=-104,5700
[27268,859] Ball=B003 X=280,0412 Y=196,8214 Vx=-62,2848 Vy=-116,4597
[27268,399] Ball=B006 X=215,8191 Y=114,2867 Vx=-7,3115 Vy=-43,5986
[27268,619] Ball=B005 X=83,0356 Y=277,6600 Vx=-88,9469 Vy=54,9341
[27271,990] Ball=B001 X=20,2828 Y=25,4688 Vx=-78,8616 Vy=-104,5700
[27268,763] Ball=B004 X=75,8145 Y=33,6651 Vx=79,0912 Vy=-50,7228
[27261,370] Ball=B008 X=329,9241 Y=10,4815 Vx=-35,8342 Vy=83,5850
[27263,984] Ball=B007 X=189,3458 Y=233,6668 Vx=-64,8048 Vy=173,5993
[27269,365] Ball=B002 X=189,6570 Y=170,9657 Vx=-217,7026 Vy=-75,4907
[27287,936] Ball=B001 X=19,0253 Y=23,8014 Vx=-78,8616 Vy=-104,5700
[27279,922] Ball=B007 X=188,3130 Y=236,4337 Vx=-64,8048 Vy=173,5993
[27277,326] Ball=B008 X=329,3523 Y=11,8151 Vx=-35,8342 Vy=83,5850
[27284,724] Ball=B004 X=77,0768 Y=32,8556 Vx=79,0912 Vy=-50,7228
[27284,617] Ball=B005 X=81,6127 Y=278,5389 Vx=-88,9469 Vy=54,9341
[27284,475] Ball=B006 X=215,7016 Y=113,5858 Vx=-7,3115 Vy=-43,5986
[27285,346] Ball=B002 X=186,1777 Y=169,7592 Vx=-217,7026 Vy=-75,4907
[27284,869] Ball=B003 X=279,0439 Y=194,9567 Vx=-62,2848 Vy=-116,4597
[27299,459] Ball=B005 X=80,2925 Y=279,3542 Vx=-88,9469 Vy=54,9341
[27292,193] Ball=B008 X=328,8196 Y=13,0578 Vx=-35,8342 Vy=83,5850
[27299,593] Ball=B004 X=78,2529 Y=32,1014 Vx=79,0912 Vy=-50,7228
[27299,752] Ball=B003 X=278,1169 Y=193,2235 Vx=-62,2848 Vy=-116,4597
[27300,329] Ball=B002 X=182,9159 Y=168,6281 Vx=-217,7026 Vy=-75,4907
[27294,953] Ball=B007 X=187,3389 Y=239,0431 Vx=-64,8048 Vy=173,5993
[27302,986] Ball=B001 X=17,8384 Y=22,2276 Vx=-78,8616 Vy=-104,5700
[27299,235] Ball=B006 X=215,5936 Y=112,9424 Vx=-7,3115 Vy=-43,5986
[27315,245] Ball=B002 X=179,6690 Y=167,5022 Vx=-217,7026 Vy=-75,4907
[27318,161] Ball=B001 X=16,6416 Y=20,6407 Vx=-78,8616 Vy=-104,5700
[27310,155] Ball=B007 X=186,3537 Y=241,6822 Vx=-64,8048 Vy=173,5993
[27314,939] Ball=B004 X=79,4666 Y=31,3230 Vx=79,0912 Vy=-50,7228
[27307,552] Ball=B008 X=328,2692 Y=14,3416 Vx=-35,8342 Vy=83,5850
[27314,617] Ball=B006 X=215,4812 Y=112,2717 Vx=-7,3115 Vy=-43,5986
[27314,841] Ball=B005 X=78,9243 Y=280,1992 Vx=-88,9469 Vy=54,9341
[27315,105] Ball=B003 X=277,1718 Y=191,4563 Vx=-62,2848 Vy=-116,4597
[27329,563] Ball=B004 X=80,6232 Y=30,5812 Vx=79,0912 Vy=-50,7228
[27330,204] Ball=B002 X=176,4120 Y=166,3728 Vx=-217,7026 Vy=-75,4907
[27329,729] Ball=B003 X=276,2498 Y=189,7324 Vx=-62,2848 Vy=-116,4597
[27322,203] Ball=B008 X=327,7442 Y=15,5662 Vx=-35,8342 Vy=83,5850
[27329,266] Ball=B006 X=215,3741 Y=111,6330 Vx=-7,3115 Vy=-43,5986
[27324,832] Ball=B007 X=185,4026 Y=244,2300 Vx=-64,8048 Vy=173,5993
[27332,856] Ball=B001 X=15,4827 Y=19,1040 Vx=-78,8616 Vy=-104,5700
[27329,508] Ball=B005 X=77,6198 Y=281,0049 Vx=-88,9469 Vy=54,9341
[27340,927] Ball=B007 X=184,3596 Y=247,0241 Vx=-64,8048 Vy=173,5993
[27348,964] Ball=B001 X=14,2125 Y=17,4197 Vx=-78,8616 Vy=-104,5700
[27345,618] Ball=B005 X=76,1868 Y=281,8899 Vx=-88,9469 Vy=54,9341
[27345,406] Ball=B006 X=215,2561 Y=110,9293 Vx=-7,3115 Vy=-43,5986
[27345,877] Ball=B003 X=275,2440 Y=187,8518 Vx=-62,2848 Vy=-116,4597
[27346,467] Ball=B002 X=172,8714 Y=165,1451 Vx=-217,7026 Vy=-75,4907
[27338,433] Ball=B008 X=327,1626 Y=16,9229 Vx=-35,8342 Vy=83,5850
[27345,878] Ball=B004 X=81,9136 Y=29,7536 Vx=79,0912 Vy=-50,7228
[27354,313] Ball=B008 X=326,5937 Y=18,2497 Vx=-35,8342 Vy=83,5850
[27361,606] Ball=B005 X=74,7648 Y=282,7682 Vx=-88,9469 Vy=54,9341
[27362,365] Ball=B002 X=169,4104 Y=163,9449 Vx=-217,7026 Vy=-75,4907
[27361,404] Ball=B006 X=215,1391 Y=110,2318 Vx=-7,3115 Vy=-43,5986
[27361,881] Ball=B003 X=274,2472 Y=185,9879 Vx=-62,2848 Vy=-116,4597
[27365,068] Ball=B001 X=12,9424 Y=15,7356 Vx=-78,8616 Vy=-104,5700
[27361,833] Ball=B004 X=83,1755 Y=28,9444 Vx=79,0912 Vy=-50,7228
[27357,050] Ball=B007 X=183,3147 Y=249,8230 Vx=-64,8048 Vy=173,5993
[27372,917] Ball=B007 X=182,2865 Y=252,5775 Vx=-64,8048 Vy=173,5993
[27377,717] Ball=B004 X=84,4318 Y=28,1387 Vx=79,0912 Vy=-50,7228
[27377,604] Ball=B005 X=73,3418 Y=283,6470 Vx=-88,9469 Vy=54,9341
[27377,398] Ball=B006 X=215,0222 Y=109,5346 Vx=-7,3115 Vy=-43,5986
[27378,385] Ball=B002 X=165,9228 Y=162,7356 Vx=-217,7026 Vy=-75,4907
[27377,880] Ball=B003 X=273,2507 Y=184,1247 Vx=-62,2848 Vy=-116,4597
[27370,417] Ball=B008 X=326,0165 Y=19,5962 Vx=-35,8342 Vy=83,5850
[27380,979] Ball=B001 X=11,6877 Y=14,0718 Vx=-78,8616 Vy=-104,5700
[27393,434] Ball=B005 X=71,9338 Y=284,5166 Vx=-88,9469 Vy=54,9341
[27393,553] Ball=B004 X=85,6842 Y=27,3355 Vx=79,0912 Vy=-50,7228
[27386,150] Ball=B008 X=325,4527 Y=20,9111 Vx=-35,8342 Vy=83,5850
[27394,211] Ball=B002 X=162,4774 Y=161,5409 Vx=-217,7026 Vy=-75,4907
[27396,828] Ball=B001 X=10,4378 Y=12,4145 Vx=-78,8616 Vy=-104,5700
[27393,729] Ball=B003 X=272,2636 Y=182,2790 Vx=-62,2848 Vy=-116,4597
[27393,259] Ball=B006 X=214,9062 Y=108,8430 Vx=-7,3115 Vy=-43,5986
[27389,050] Ball=B007 X=181,2504 Y=255,3529 Vx=-64,8048 Vy=173,5993
[27408,735] Ball=B003 X=271,3290 Y=180,5315 Vx=-62,2848 Vy=-116,4597
[27403,817] Ball=B007 X=180,2840 Y=257,9417 Vx=-64,8048 Vy=173,5993
[27411,885] Ball=B001 X=9,2504 Y=10,8399 Vx=-78,8616 Vy=-104,5700
[27408,535] Ball=B005 X=70,5905 Y=285,3462 Vx=-88,9469 Vy=54,9341
[27408,806] Ball=B006 X=214,7925 Y=108,1652 Vx=-7,3115 Vy=-43,5986
[27409,203] Ball=B004 X=86,9221 Y=26,5416 Vx=79,0912 Vy=-50,7228
[27409,864] Ball=B002 X=159,0697 Y=160,3592 Vx=-217,7026 Vy=-75,4907
[27401,740] Ball=B008 X=324,8940 Y=22,2143 Vx=-35,8342 Vy=83,5850
[27424,718] Ball=B004 X=88,1491 Y=25,7547 Vx=79,0912 Vy=-50,7228
[27424,870] Ball=B003 X=270,3240 Y=178,6524 Vx=-62,2848 Vy=-116,4597
[27427,978] Ball=B001 X=7,9813 Y=9,1572 Vx=-78,8616 Vy=-104,5700
[27425,587] Ball=B002 X=155,6469 Y=159,1723 Vx=-217,7026 Vy=-75,4907
[27424,613] Ball=B006 X=214,6769 Y=107,4760 Vx=-7,3115 Vy=-43,5986
[27424,838] Ball=B005 X=69,1404 Y=286,2418 Vx=-88,9469 Vy=54,9341
[27417,627] Ball=B008 X=324,3247 Y=23,5422 Vx=-35,8342 Vy=83,5850
[27420,316] Ball=B007 X=179,2148 Y=260,8059 Vx=-64,8048 Vy=173,5993
[27440,287] Ball=B002 X=152,4466 Y=158,0626 Vx=-217,7026 Vy=-75,4907
[27439,527] Ball=B005 X=67,8340 Y=287,0486 Vx=-88,9469 Vy=54,9341
[27439,655] Ball=B004 X=89,3305 Y=24,9970 Vx=79,0912 Vy=-50,7228
[27439,832] Ball=B003 X=269,3920 Y=176,9098 Vx=-62,2848 Vy=-116,4597
[27439,362] Ball=B006 X=214,5691 Y=106,8330 Vx=-7,3115 Vy=-43,5986
[27434,999] Ball=B007 X=178,2632 Y=263,3549 Vx=-64,8048 Vy=173,5993
[27432,395] Ball=B008 X=323,7955 Y=24,7766 Vx=-35,8342 Vy=83,5850
[27443,134] Ball=B001 X=6,7860 Y=7,5723 Vx=-78,8616 Vy=-104,5700
[27455,709] Ball=B003 X=268,4032 Y=175,0609 Vx=-62,2848 Vy=-116,4597
[27458,916] Ball=B001 X=5,5414 Y=5,9219 Vx=-78,8616 Vy=-104,5700
[27455,568] Ball=B005 X=66,4071 Y=287,9299 Vx=-88,9469 Vy=54,9341
[27451,035] Ball=B007 X=177,2241 Y=266,1387 Vx=-64,8048 Vy=173,5993
[27455,488] Ball=B006 X=214,4512 Y=106,1299 Vx=-7,3115 Vy=-43,5986
[27456,468] Ball=B002 X=148,9239 Y=156,8410 Vx=-217,7026 Vy=-75,4907
[27455,826] Ball=B004 X=90,6095 Y=24,1768 Vx=79,0912 Vy=-50,7228
[27448,533] Ball=B008 X=323,2172 Y=26,1255 Vx=-35,8342 Vy=83,5850
[27463,230] Ball=B008 X=322,6906 Y=27,3538 Vx=-35,8342 Vy=83,5850
[27470,291] Ball=B006 X=214,3430 Y=105,4846 Vx=-7,3115 Vy=-43,5986
[27471,272] Ball=B002 X=145,7012 Y=155,7235 Vx=-217,7026 Vy=-75,4907
[27470,876] Ball=B003 X=267,4584 Y=173,2944 Vx=-62,2848 Vy=-116,4597
[27470,625] Ball=B005 X=65,0678 Y=288,7571 Vx=-88,9469 Vy=54,9341
[27465,955] Ball=B007 X=176,2571 Y=268,7289 Vx=-64,8048 Vy=173,5993
[27470,745] Ball=B004 X=91,7895 Y=23,4201 Vx=79,0912 Vy=-50,7228
[27473,984] Ball=B001 X=4,3531 Y=4,3463 Vx=-78,8616 Vy=-104,5700
[27480,963] Ball=B007 X=175,2846 Y=271,3343 Vx=-64,8048 Vy=173,5993
[27485,643] Ball=B005 X=63,7321 Y=289,5820 Vx=-88,9469 Vy=54,9341
[27489,004] Ball=B001 X=3,1687 Y=2,7757 Vx=-78,8616 Vy=-104,5700
[27485,776] Ball=B004 X=92,9783 Y=22,6576 Vx=79,0912 Vy=-50,7228
[27485,919] Ball=B003 X=266,5215 Y=171,5425 Vx=-62,2848 Vy=-116,4597
[27486,427] Ball=B002 X=142,4018 Y=154,5794 Vx=-217,7026 Vy=-75,4907
[27478,456] Ball=B008 X=322,1450 Y=28,6266 Vx=-35,8342 Vy=83,5850
[27485,723] Ball=B006 X=214,2301 Y=104,8118 Vx=-7,3115 Vy=-43,5986
[27501,410] Ball=B006 X=214,1154 Y=104,1278 Vx=-7,3115 Vy=-43,5986
[27501,752] Ball=B004 X=94,2418 Y=21,8473 Vx=79,0912 Vy=-50,7228
[27504,994] Ball=B001 X=1,9077 Y=1,1036 Vx=-78,8616 Vy=-104,5700
[27494,373] Ball=B008 X=321,5746 Y=29,9570 Vx=-35,8342 Vy=83,5850
[27496,989] Ball=B007 X=174,2460 Y=274,1163 Vx=-64,8048 Vy=173,5993
[27502,536] Ball=B002 X=138,8949 Y=153,3634 Vx=-217,7026 Vy=-75,4907
[27501,785] Ball=B005 X=62,2963 Y=290,4688 Vx=-88,9469 Vy=54,9341
[27502,109] Ball=B003 X=265,5131 Y=169,6570 Vx=-62,2848 Vy=-116,4597
[27512,866] Ball=B007 X=173,2172 Y=276,8723 Vx=-64,8048 Vy=173,5993
[27518,299] Ball=B002 X=135,4634 Y=152,1735 Vx=-217,7026 Vy=-75,4907
[27517,338] Ball=B006 X=213,9990 Y=103,4334 Vx=-7,3115 Vy=-43,5986
[27517,556] Ball=B005 X=60,8935 Y=291,3351 Vx=-88,9469 Vy=54,9341
[27520,911] Ball=B001 X=0,6524 Y=-0,5609 Vx=-78,8616 Vy=-104,5700
[27517,838] Ball=B003 X=264,5335 Y=167,8253 Vx=-62,2848 Vy=-116,4597
[27510,304] Ball=B008 X=321,0037 Y=31,2887 Vx=-35,8342 Vy=83,5850
[27517,802] Ball=B004 X=95,5113 Y=21,0332 Vx=79,0912 Vy=-50,7228
[27533,398] Ball=B002 X=132,1763 Y=151,0336 Vx=-217,7026 Vy=-75,4907
[27532,762] Ball=B004 X=96,6944 Y=20,2744 Vx=79,0912 Vy=-50,7228
[27532,661] Ball=B005 X=59,5499 Y=292,1649 Vx=-88,9469 Vy=54,9341
[27532,924] Ball=B003 X=263,5938 Y=166,0683 Vx=-62,2848 Vy=-116,4597
[27532,452] Ball=B006 X=213,8885 Y=102,7744 Vx=-7,3115 Vy=-43,5986
[27525,400] Ball=B008 X=320,4628 Y=32,5504 Vx=-35,8342 Vy=83,5850
[27536,131] Ball=B001 X=-0,5478 Y=1,5915 Vx=-78,8616 Vy=104,5700
[27528,109] Ball=B007 X=172,2293 Y=279,5188 Vx=-64,8048 Vy=173,5993
[27548,637] Ball=B005 X=58,1289 Y=293,0426 Vx=-88,9469 Vy=54,9341
[27551,986] Ball=B001 X=1,2503 Y=3,2495 Vx=78,8616 Vy=104,5700
[27543,976] Ball=B007 X=171,2010 Y=282,2733 Vx=-64,8048 Vy=173,5993
[27548,449] Ball=B006 X=213,7715 Y=102,0770 Vx=-7,3115 Vy=-43,5986
[27549,007] Ball=B003 X=262,5921 Y=164,1953 Vx=-62,2848 Vy=-116,4597
[27541,484] Ball=B008 X=319,8864 Y=33,8948 Vx=-35,8342 Vy=83,5850
[27549,586] Ball=B002 X=128,6649 Y=149,8160 Vx=-217,7026 Vy=-75,4907
[27548,947] Ball=B004 X=97,9746 Y=19,4534 Vx=79,0912 Vy=-50,7228
[27563,739] Ball=B004 X=99,1444 Y=18,7032 Vx=79,0912 Vy=-50,7228
[27564,391] Ball=B002 X=125,4289 Y=148,6939 Vx=-217,7026 Vy=-75,4907
[27566,997] Ball=B001 X=2,4342 Y=4,8192 Vx=78,8616 Vy=104,5700
[27558,979] Ball=B007 X=170,2287 Y=284,8778 Vx=-64,8048 Vy=173,5993
[27563,440] Ball=B006 X=213,6619 Y=101,4234 Vx=-7,3115 Vy=-43,5986
[27556,458] Ball=B008 X=319,3522 Y=35,1409 Vx=-35,8342 Vy=83,5850
[27563,992] Ball=B003 X=261,6587 Y=162,4501 Vx=-62,2848 Vy=-116,4597
[27563,744] Ball=B005 X=56,7852 Y=293,8724 Vx=-88,9469 Vy=54,9341
[27572,244] Ball=B008 X=318,7842 Y=36,4658 Vx=-35,8342 Vy=83,5850
[27579,851] Ball=B003 X=260,6710 Y=160,6034 Vx=-62,2848 Vy=-116,4597
[27583,142] Ball=B001 X=3,7074 Y=6,5075 Vx=78,8616 Vy=104,5700
[27579,789] Ball=B005 X=55,3580 Y=294,7539 Vx=-88,9469 Vy=54,9341
[27579,980] Ball=B004 X=100,4290 Y=17,8794 Vx=79,0912 Vy=-50,7228
[27579,655] Ball=B006 X=213,5434 Y=100,7164 Vx=-7,3115 Vy=-43,5986
[27575,207] Ball=B007 X=169,1771 Y=287,6949 Vx=-64,8048 Vy=173,5993
[27580,653] Ball=B002 X=121,8886 Y=147,4663 Vx=-217,7026 Vy=-75,4907
[27589,983] Ball=B007 X=168,2204 Y=290,2578 Vx=-64,8048 Vy=173,5993
[27595,412] Ball=B002 X=118,6756 Y=146,3521 Vx=-217,7026 Vy=-75,4907
[27594,438] Ball=B006 X=213,4353 Y=100,0719 Vx=-7,3115 Vy=-43,5986
[27594,779] Ball=B004 X=101,5995 Y=17,1287 Vx=79,0912 Vy=-50,7228
[27594,675] Ball=B005 X=54,0340 Y=295,5716 Vx=-88,9469 Vy=54,9341
[27598,035] Ball=B001 X=4,8819 Y=8,0649 Vx=78,8616 Vy=104,5700
[27587,490] Ball=B008 X=318,2378 Y=37,7402 Vx=-35,8342 Vy=83,5850
[27595,027] Ball=B003 X=259,7257 Y=158,8358 Vx=-62,2848 Vy=-116,4597
[27611,220] Ball=B002 X=115,2342 Y=145,1588 Vx=-217,7026 Vy=-75,4907
[27613,815] Ball=B001 X=6,1262 Y=9,7149 Vx=78,8616 Vy=104,5700
[27610,617] Ball=B004 X=102,8521 Y=16,3253 Vx=79,0912 Vy=-50,7228
[27610,765] Ball=B003 X=258,7455 Y=157,0030 Vx=-62,2848 Vy=-116,4597
[27610,634] Ball=B005 X=52,6144 Y=296,4483 Vx=-88,9469 Vy=54,9341
[27610,559] Ball=B006 X=213,3174 Y=99,3691 Vx=-7,3115 Vy=-43,5986
[27606,108] Ball=B007 X=167,1746 Y=293,0593 Vx=-64,8048 Vy=173,5993
[27603,500] Ball=B008 X=317,6641 Y=39,0784 Vx=-35,8342 Vy=83,5850
[27618,343] Ball=B008 X=317,1322 Y=40,3191 Vx=-35,8342 Vy=83,5850
[27625,893] Ball=B003 X=257,8033 Y=155,2412 Vx=-62,2848 Vy=-116,4597
[27626,406] Ball=B002 X=111,9281 Y=144,0124 Vx=-217,7026 Vy=-75,4907
[27625,437] Ball=B006 X=213,2086 Y=98,7204 Vx=-7,3115 Vy=-43,5986
[27621,082] Ball=B007 X=166,2041 Y=295,6589 Vx=-64,8048 Vy=173,5993
[27629,110] Ball=B001 X=7,3325 Y=11,3144 Vx=78,8616 Vy=104,5700
[27625,890] Ball=B004 X=104,0601 Y=15,5507 Vx=79,0912 Vy=-50,7228
[27625,646] Ball=B005 X=51,2792 Y=297,2730 Vx=-88,9469 Vy=54,9341
[27642,403] Ball=B002 X=108,4457 Y=142,8048 Vx=-217,7026 Vy=-75,4907
[27641,910] Ball=B003 X=256,8056 Y=153,3759 Vx=-62,2848 Vy=-116,4597
[27641,435] Ball=B006 X=213,0917 Y=98,0229 Vx=-7,3115 Vy=-43,5986
[27641,775] Ball=B004 X=105,3164 Y=14,7449 Vx=79,0912 Vy=-50,7228
[27636,998] Ball=B007 X=165,1727 Y=298,4218 Vx=-64,8048 Vy=173,5993
[27641,689] Ball=B005 X=49,8522 Y=298,1543 Vx=-88,9469 Vy=54,9341
[27645,150] Ball=B001 X=8,5974 Y=12,9917 Vx=78,8616 Vy=104,5700
[27634,522] Ball=B008 X=316,5525 Y=41,6714 Vx=-35,8342 Vy=83,5850
[27657,502] Ball=B005 X=48,4458 Y=299,0229 Vx=-88,9469 Vy=54,9341
[27652,834] Ball=B007 X=164,1465 Y=301,1708 Vx=-64,8048 Vy=173,5993
[27658,292] Ball=B002 X=104,9862 Y=141,6052 Vx=-217,7026 Vy=-75,4907
[27657,659] Ball=B004 X=106,5728 Y=13,9392 Vx=79,0912 Vy=-50,7228
[27657,336] Ball=B006 X=212,9754 Y=97,3296 Vx=-7,3115 Vy=-43,5986
[27660,986] Ball=B001 X=9,8463 Y=14,6476 Vx=78,8616 Vy=104,5700
[27650,360] Ball=B008 X=315,9849 Y=42,9952 Vx=-35,8342 Vy=83,5850
[27657,796] Ball=B003 X=255,8162 Y=151,5258 Vx=-62,2848 Vy=-116,4597
[27665,264] Ball=B008 X=315,4509 Y=44,2409 Vx=-35,8342 Vy=83,5850
[27675,902] Ball=B001 X=11,0225 Y=16,2073 Vx=78,8616 Vy=104,5700
[27672,959] Ball=B003 X=254,8718 Y=149,7599 Vx=-62,2848 Vy=-116,4597
[27672,816] Ball=B004 X=107,7715 Y=13,1704 Vx=79,0912 Vy=-50,7228
[27673,541] Ball=B002 X=101,6666 Y=140,4541 Vx=-217,7026 Vy=-75,4907
[27672,785] Ball=B005 X=47,0863 Y=299,8625 Vx=-88,9469 Vy=54,9341
[27672,485] Ball=B006 X=212,8646 Y=96,6692 Vx=-7,3115 Vy=-43,5986
[27668,208] Ball=B007 X=163,1502 Y=303,8399 Vx=-64,8048 Vy=173,5993
[27687,500] Ball=B005 X=45,7776 Y=300,6708 Vx=-88,9469 Vy=54,9341
[27687,301] Ball=B006 X=212,7563 Y=96,0232 Vx=-7,3115 Vy=-43,5986
[27688,287] Ball=B002 X=98,4564 Y=139,3409 Vx=-217,7026 Vy=-75,4907
[27682,869] Ball=B007 X=162,2001 Y=306,3850 Vx=-64,8048 Vy=173,5993
[27680,262] Ball=B008 X=314,9134 Y=45,4946 Vx=-35,8342 Vy=83,5850
[27687,657] Ball=B004 X=108,9453 Y=12,4176 Vx=79,0912 Vy=-50,7228
[27690,999] Ball=B001 X=12,2132 Y=17,7861 Vx=78,8616 Vy=104,5700
[27688,099] Ball=B003 X=253,9289 Y=147,9969 Vx=-62,2848 Vy=-116,4597
[27703,889] Ball=B003 X=252,9453 Y=146,1579 Vx=-62,2848 Vy=-116,4597
[27698,991] Ball=B007 X=161,1553 Y=309,1838 Vx=-64,8048 Vy=173,5993
[27703,454] Ball=B006 X=212,6382 Y=95,3189 Vx=-7,3115 Vy=-43,5986
[27696,510] Ball=B008 X=314,3312 Y=46,8526 Vx=-35,8342 Vy=83,5850
[27704,645] Ball=B002 X=94,8953 Y=138,1061 Vx=-217,7026 Vy=-75,4907
[27704,006] Ball=B004 X=110,2384 Y=11,5884 Vx=79,0912 Vy=-50,7228
[27703,972] Ball=B005 X=44,3124 Y=301,5757 Vx=-88,9469 Vy=54,9341
[27707,631] Ball=B001 X=13,5240 Y=19,5242 Vx=78,8616 Vy=104,5700
[27719,498] Ball=B005 X=42,9314 Y=302,4286 Vx=-88,9469 Vy=54,9341
[27712,224] Ball=B008 X=313,7681 Y=48,1661 Vx=-35,8342 Vy=83,5850
[27720,271] Ball=B002 X=91,4933 Y=136,9264 Vx=-217,7026 Vy=-75,4907
[27719,635] Ball=B004 X=111,4745 Y=10,7956 Vx=79,0912 Vy=-50,7228
[27719,315] Ball=B006 X=212,5222 Y=94,6275 Vx=-7,3115 Vy=-43,5986
[27722,886] Ball=B001 X=14,7279 Y=21,1206 Vx=78,8616 Vy=104,5700
[27719,789] Ball=B003 X=251,9550 Y=144,3061 Vx=-62,2848 Vy=-116,4597
[27714,876] Ball=B007 X=160,1258 Y=311,9415 Vx=-64,8048 Vy=173,5993
[27730,886] Ball=B007 X=159,0884 Y=314,7204 Vx=-64,8048 Vy=173,5993
[27735,831] Ball=B003 X=250,9559 Y=142,4380 Vx=-62,2848 Vy=-116,4597
[27738,941] Ball=B001 X=15,9939 Y=22,7994 Vx=78,8616 Vy=104,5700
[27735,378] Ball=B006 X=212,4048 Y=93,9271 Vx=-7,3115 Vy=-43,5986
[27735,718] Ball=B004 X=112,7465 Y=9,9799 Vx=79,0912 Vy=-50,7228
[27728,437] Ball=B008 X=313,1871 Y=49,5213 Vx=-35,8342 Vy=83,5850
[27736,463] Ball=B002 X=87,9685 Y=135,7041 Vx=-217,7026 Vy=-75,4907
[27735,739] Ball=B005 X=41,4867 Y=303,3208 Vx=-88,9469 Vy=54,9341
[27751,469] Ball=B005 X=40,0877 Y=304,1849 Vx=-88,9469 Vy=54,9341
[27744,199] Ball=B008 X=312,6223 Y=50,8388 Vx=-35,8342 Vy=83,5850
[27751,271] Ball=B006 X=212,2886 Y=93,2342 Vx=-7,3115 Vy=-43,5986
[27752,269] Ball=B002 X=84,5273 Y=134,5109 Vx=-217,7026 Vy=-75,4907
[27751,757] Ball=B003 X=249,9639 Y=140,5832 Vx=-62,2848 Vy=-116,4597
[27746,917] Ball=B007 X=158,0495 Y=317,5034 Vx=-64,8048 Vy=173,5993
[27754,946] Ball=B001 X=17,2561 Y=24,4730 Vx=78,8616 Vy=104,5700
[27751,866] Ball=B004 X=114,0036 Y=9,1737 Vx=79,0912 Vy=-50,7228
[27769,860] Ball=B001 X=18,4322 Y=26,0325 Vx=78,8616 Vy=104,5700
[27761,863] Ball=B007 X=157,0809 Y=320,0983 Vx=-64,8048 Vy=173,5993
[27766,659] Ball=B004 X=115,1937 Y=8,4104 Vx=79,0912 Vy=-50,7228
[27759,361] Ball=B008 X=312,0790 Y=52,1061 Vx=-35,8342 Vy=83,5850
[27766,906] Ball=B003 X=249,0203 Y=138,8189 Vx=-62,2848 Vy=-116,4597
[27767,534] Ball=B002 X=81,2042 Y=133,3585 Vx=-217,7026 Vy=-75,4907
[27766,568] Ball=B006 X=212,1767 Y=92,5673 Vx=-7,3115 Vy=-43,5986
[27766,792] Ball=B005 X=38,7246 Y=305,0267 Vx=-88,9469 Vy=54,9341
[27782,365] Ball=B006 X=212,0613 Y=91,8786 Vx=-7,3115 Vy=-43,5986
[27782,592] Ball=B005 X=37,3193 Y=305,8946 Vx=-88,9469 Vy=54,9341
[27782,716] Ball=B004 X=116,4636 Y=7,5960 Vx=79,0912 Vy=-50,7228
[27782,859] Ball=B003 X=248,0267 Y=136,9610 Vx=-62,2848 Vy=-116,4597
[27783,454] Ball=B002 X=77,7381 Y=132,1566 Vx=-217,7026 Vy=-75,4907
[27775,419] Ball=B008 X=311,5035 Y=53,4483 Vx=-35,8342 Vy=83,5850
[27786,098] Ball=B001 X=19,7093 Y=27,7259 Vx=78,8616 Vy=104,5700
[27778,076] Ball=B007 X=156,0302 Y=322,9129 Vx=-64,8048 Vy=173,5993
[27797,749] Ball=B004 X=117,6526 Y=6,8335 Vx=79,0912 Vy=-50,7228
[27798,394] Ball=B002 X=74,4859 Y=131,0289 Vx=-217,7026 Vy=-75,4907
[27790,364] Ball=B008 X=310,9680 Y=54,6975 Vx=-35,8342 Vy=83,5850
[27792,978] Ball=B007 X=155,0645 Y=325,4999 Vx=-64,8048 Vy=173,5993
[27797,451] Ball=B006 X=211,9509 Y=91,2208 Vx=-7,3115 Vy=-43,5986
[27801,020] Ball=B001 X=20,8897 Y=29,2911 Vx=78,8616 Vy=104,5700
[27797,738] Ball=B005 X=35,9721 Y=306,7267 Vx=-88,9469 Vy=54,9341
[27798,058] Ball=B003 X=247,0800 Y=135,1909 Vx=-62,2848 Vy=-116,4597
[27805,942] Ball=B008 X=310,4098 Y=55,9995 Vx=-35,8342 Vy=83,5850
[27808,549] Ball=B007 X=154,0554 Y=328,2028 Vx=-64,8048 Vy=173,5993
[27816,579] Ball=B001 X=22,1166 Y=30,9180 Vx=78,8616 Vy=104,5700
[27813,494] Ball=B003 X=246,1186 Y=133,3932 Vx=-62,2848 Vy=-116,4597
[27814,004] Ball=B002 X=71,0874 Y=129,8504 Vx=-217,7026 Vy=-75,4907
[27813,042] Ball=B006 X=211,8369 Y=90,5411 Vx=-7,3115 Vy=-43,5986
[27813,440] Ball=B004 X=118,8936 Y=6,0376 Vx=79,0912 Vy=-50,7228
[27813,260] Ball=B005 X=34,5914 Y=307,5794 Vx=-88,9469 Vy=54,9341
[27828,327] Ball=B004 X=120,0710 Y=5,2825 Vx=79,0912 Vy=-50,7228
[27828,224] Ball=B005 X=33,2605 Y=308,4014 Vx=-88,9469 Vy=54,9341
[27831,572] Ball=B001 X=23,2986 Y=32,4854 Vx=78,8616 Vy=104,5700
[27828,133] Ball=B006 X=211,7266 Y=89,8831 Vx=-7,3115 Vy=-43,5986
[27828,621] Ball=B003 X=245,1764 Y=131,6316 Vx=-62,2848 Vy=-116,4597
[27829,177] Ball=B002 X=67,7843 Y=128,7050 Vx=-217,7026 Vy=-75,4907
[27823,749] Ball=B007 X=153,0704 Y=330,8416 Vx=-64,8048 Vy=173,5993
[27821,156] Ball=B008 X=309,8646 Y=57,2712 Vx=-35,8342 Vy=83,5850
[27836,216] Ball=B008 X=309,3251 Y=58,5296 Vx=-35,8342 Vy=83,5850
[27838,842] Ball=B007 X=152,0923 Y=333,4617 Vx=-64,8048 Vy=173,5993
[27843,302] Ball=B006 X=211,6157 Y=89,2218 Vx=-7,3115 Vy=-43,5986
[27844,278] Ball=B002 X=64,4968 Y=127,5650 Vx=-217,7026 Vy=-75,4907
[27843,777] Ball=B003 X=244,2324 Y=129,8665 Vx=-62,2848 Vy=-116,4597
[27843,534] Ball=B005 X=31,8987 Y=309,2424 Vx=-88,9469 Vy=54,9341
[27847,017] Ball=B001 X=24,5170 Y=34,1009 Vx=78,8616 Vy=104,5700
[27843,782] Ball=B004 X=121,2935 Y=4,4985 Vx=79,0912 Vy=-50,7228
[27858,594] Ball=B004 X=122,4649 Y=3,7473 Vx=79,0912 Vy=-50,7228
[27858,742] Ball=B003 X=243,3003 Y=128,1236 Vx=-62,2848 Vy=-116,4597
[27858,498] Ball=B005 X=30,5677 Y=310,0645 Vx=-88,9469 Vy=54,9341
[27859,280] Ball=B002 X=61,2307 Y=126,4325 Vx=-217,7026 Vy=-75,4907
[27861,877] Ball=B001 X=25,6889 Y=35,6548 Vx=78,8616 Vy=104,5700
[27851,324] Ball=B008 X=308,7836 Y=59,7928 Vx=-35,8342 Vy=83,5850
[27858,386] Ball=B006 X=211,5054 Y=88,5641 Vx=-7,3115 Vy=-43,5986
[27853,930] Ball=B007 X=151,1145 Y=336,0811 Vx=-64,8048 Vy=173,5993
[27874,254] Ball=B002 X=57,9712 Y=125,3022 Vx=-217,7026 Vy=-75,4907
[27876,850] Ball=B001 X=26,8696 Y=37,2205 Vx=78,8616 Vy=104,5700
[27868,825] Ball=B007 X=150,1493 Y=338,6666 Vx=-64,8048 Vy=173,5993
[27866,227] Ball=B008 X=308,2495 Y=61,0385 Vx=-35,8342 Vy=83,5850
[27873,296] Ball=B006 X=211,3964 Y=87,9141 Vx=-7,3115 Vy=-43,5986
[27873,789] Ball=B003 X=242,3631 Y=126,3713 Vx=-62,2848 Vy=-116,4597
[27873,607] Ball=B005 X=29,2301 Y=310,8906 Vx=-88,9469 Vy=54,9341
[27873,885] Ball=B004 X=123,6743 Y=2,9717 Vx=79,0912 Vy=-50,7228
[27888,136] Ball=B006 X=211,2879 Y=87,2671 Vx=-7,3115 Vy=-43,5986
[27881,084] Ball=B008 X=307,7171 Y=62,2802 Vx=-35,8342 Vy=83,5850
[27888,487] Ball=B004 X=124,8292 Y=2,2310 Vx=79,0912 Vy=-50,7228
[27888,381] Ball=B005 X=27,9097 Y=311,7061 Vx=-88,9469 Vy=54,9341
[27889,240] Ball=B002 X=54,7084 Y=124,1708 Vx=-217,7026 Vy=-75,4907
[27891,951] Ball=B001 X=28,0606 Y=38,7997 Vx=78,8616 Vy=104,5700
[27888,853] Ball=B003 X=241,4248 Y=124,6169 Vx=-62,2848 Vy=-116,4597
[27883,934] Ball=B007 X=149,1701 Y=341,2898 Vx=-64,8048 Vy=173,5993
[27904,099] Ball=B006 X=211,1712 Y=86,5712 Vx=-7,3115 Vy=-43,5986
[27899,670] Ball=B007 X=148,1503 Y=344,0214 Vx=-64,8048 Vy=173,5993
[27905,333] Ball=B002 X=51,2049 Y=122,9560 Vx=-217,7026 Vy=-75,4907
[27904,666] Ball=B005 X=26,4612 Y=312,6007 Vx=-88,9469 Vy=54,9341
[27904,771] Ball=B004 X=126,1171 Y=1,4050 Vx=79,0912 Vy=-50,7228
[27897,441] Ball=B008 X=307,1327 Y=63,6436 Vx=-35,8342 Vy=83,5850
[27905,040] Ball=B003 X=240,4166 Y=122,7318 Vx=-62,2848 Vy=-116,4597
[27908,268] Ball=B001 X=29,3474 Y=40,5060 Vx=78,8616 Vy=104,5700
[27920,709] Ball=B003 X=239,4407 Y=120,9071 Vx=-62,2848 Vy=-116,4597
[27920,568] Ball=B004 X=127,3664 Y=0,6038 Vx=79,0912 Vy=-50,7228
[27920,467] Ball=B005 X=25,0558 Y=313,4687 Vx=-88,9469 Vy=54,9341
[27920,269] Ball=B006 X=211,0530 Y=85,8661 Vx=-7,3115 Vy=-43,5986
[27923,850] Ball=B001 X=30,5762 Y=42,1354 Vx=78,8616 Vy=104,5700
[27915,836] Ball=B007 X=147,1027 Y=346,8279 Vx=-64,8048 Vy=173,5993
[27921,459] Ball=B002 X=47,6942 Y=121,7386 Vx=-217,7026 Vy=-75,4907
[27913,347] Ball=B008 X=306,5610 Y=64,9770 Vx=-35,8342 Vy=83,5850
[27937,322] Ball=B002 X=44,2410 Y=120,5411 Vx=-217,7026 Vy=-75,4907
[27936,687] Ball=B004 X=128,6414 Y=-0,2138 Vx=79,0912 Vy=-50,7228
[27929,301] Ball=B008 X=305,9893 Y=66,3105 Vx=-35,8342 Vy=83,5850
[27936,734] Ball=B005 X=23,6088 Y=314,3623 Vx=-88,9469 Vy=54,9341
[27937,068] Ball=B003 X=238,4218 Y=119,0019 Vx=-62,2848 Vy=-116,4597
[27936,819] Ball=B006 X=210,9320 Y=85,1446 Vx=-7,3115 Vy=-43,5986
[27932,390] Ball=B007 X=146,0299 Y=349,7017 Vx=-64,8048 Vy=173,5993
[27940,613] Ball=B001 X=31,8981 Y=43,8883 Vx=78,8616 Vy=104,5700
[27955,945] Ball=B001 X=33,1072 Y=45,4914 Vx=78,8616 Vy=104,5700
[27945,329] Ball=B008 X=305,4150 Y=67,6501 Vx=-35,8342 Vy=83,5850
[27952,617] Ball=B005 X=22,1962 Y=315,2348 Vx=-88,9469 Vy=54,9341
[27953,503] Ball=B002 X=40,7181 Y=119,3195 Vx=-217,7026 Vy=-75,4907
[27952,529] Ball=B006 X=210,8171 Y=84,4596 Vx=-7,3115 Vy=-43,5986
[27948,077] Ball=B007 X=145,0133 Y=352,4250 Vx=-64,8048 Vy=173,5993
[27953,005] Ball=B003 X=237,4291 Y=117,1458 Vx=-62,2848 Vy=-116,4597
[27952,942] Ball=B004 X=129,9270 Y=0,8245 Vx=79,0912 Vy=50,7228
[27963,923] Ball=B007 X=143,9864 Y=355,1757 Vx=-64,8048 Vy=173,5993
[27968,724] Ball=B004 X=131,1752 Y=1,6250 Vx=79,0912 Vy=50,7228
[27968,869] Ball=B003 X=236,4411 Y=115,2983 Vx=-62,2848 Vy=-116,4597
[27969,372] Ball=B002 X=37,2636 Y=118,1216 Vx=-217,7026 Vy=-75,4907
[27968,480] Ball=B006 X=210,7005 Y=83,7642 Vx=-7,3115 Vy=-43,5986
[27961,419] Ball=B008 X=304,8384 Y=68,9951 Vx=-35,8342 Vy=83,5850
[27968,703] Ball=B005 X=20,7653 Y=316,1185 Vx=-88,9469 Vy=54,9341
[27972,117] Ball=B001 X=34,3826 Y=47,1826 Vx=78,8616 Vy=104,5700
[27976,464] Ball=B008 X=304,2993 Y=70,2526 Vx=-35,8342 Vy=83,5850
[27983,754] Ball=B005 X=19,4266 Y=316,9453 Vx=-88,9469 Vy=54,9341
[27983,557] Ball=B006 X=210,5902 Y=83,1068 Vx=-7,3115 Vy=-43,5986
[27984,028] Ball=B003 X=235,4969 Y=113,5329 Vx=-62,2848 Vy=-116,4597
[27984,538] Ball=B002 X=33,9618 Y=116,9767 Vx=-217,7026 Vy=-75,4907
[27987,114] Ball=B001 X=35,5652 Y=48,7508 Vx=78,8616 Vy=104,5700
[27983,978] Ball=B004 X=132,3817 Y=2,3987 Vx=79,0912 Vy=50,7228
[27979,328] Ball=B007 X=142,9881 Y=357,8500 Vx=-64,8048 Vy=173,5993
[28002,237] Ball=B001 X=36,7579 Y=50,3323 Vx=78,8616 Vy=104,5700
[27994,224] Ball=B007 X=142,0228 Y=360,4360 Vx=-64,8048 Vy=173,5993
[27999,152] Ball=B003 X=234,5549 Y=111,7716 Vx=-62,2848 Vy=-116,4597
[27999,025] Ball=B004 X=133,5718 Y=3,1620 Vx=79,0912 Vy=50,7228
[27998,767] Ball=B006 X=210,4790 Y=82,4437 Vx=-7,3115 Vy=-43,5986
[27999,749] Ball=B002 X=30,6502 Y=115,8284 Vx=-217,7026 Vy=-75,4907
[27991,711] Ball=B008 X=303,7529 Y=71,5271 Vx=-35,8342 Vy=83,5850
[27999,003] Ball=B005 X=18,0702 Y=317,7830 Vx=-88,9469 Vy=54,9341
[28017,166] Ball=B001 X=37,9351 Y=51,8933 Vx=78,8616 Vy=104,5700
[28006,533] Ball=B008 X=303,2218 Y=72,7659 Vx=-35,8342 Vy=83,5850
[28014,081] Ball=B003 X=233,6250 Y=110,0329 Vx=-62,2848 Vy=-116,4597
[28014,615] Ball=B002 X=27,4140 Y=114,7062 Vx=-217,7026 Vy=-75,4907
[28013,857] Ball=B005 X=16,7490 Y=318,5990 Vx=-88,9469 Vy=54,9341
[28013,719] Ball=B006 X=210,3697 Y=81,7918 Vx=-7,3115 Vy=-43,5986
[28014,178] Ball=B004 X=134,7703 Y=3,9306 Vx=79,0912 Vy=50,7228
[28009,847] Ball=B007 X=141,0103 Y=363,1482 Vx=-64,8048 Vy=173,5993
[28025,101] Ball=B007 X=140,0218 Y=365,7961 Vx=-64,8048 Vy=173,5993
[28030,027] Ball=B003 X=232,6319 Y=108,1759 Vx=-62,2848 Vy=-116,4597
[28022,503] Ball=B008 X=302,6495 Y=74,1008 Vx=-35,8342 Vy=83,5850
[28030,553] Ball=B002 X=23,9442 Y=113,5030 Vx=-217,7026 Vy=-75,4907
[28029,827] Ball=B005 X=15,3285 Y=319,4763 Vx=-88,9469 Vy=54,9341
[28033,180] Ball=B001 X=39,1982 Y=53,5680 Vx=78,8616 Vy=104,5700
[28029,943] Ball=B004 X=136,0171 Y=4,7302 Vx=79,0912 Vy=50,7228
[28029,630] Ball=B006 X=210,2534 Y=81,0981 Vx=-7,3115 Vy=-43,5986
[28046,161] Ball=B003 X=231,6269 Y=106,2969 Vx=-62,2848 Vy=-116,4597
[28045,690] Ball=B006 X=210,1360 Y=80,3980 Vx=-7,3115 Vy=-43,5986
[28045,921] Ball=B005 X=13,8970 Y=320,3604 Vx=-88,9469 Vy=54,9341
[28038,763] Ball=B008 X=302,0668 Y=75,4599 Vx=-35,8342 Vy=83,5850
[28046,155] Ball=B004 X=137,2994 Y=5,5525 Vx=79,0912 Vy=50,7228
[28049,416] Ball=B001 X=40,4785 Y=55,2658 Vx=78,8616 Vy=104,5700
[28041,394] Ball=B007 X=138,9659 Y=368,6248 Vx=-64,8048 Vy=173,5993
[28046,836] Ball=B002 X=20,3992 Y=112,2738 Vx=-217,7026 Vy=-75,4907
[28061,649] Ball=B002 X=17,1748 Y=111,1557 Vx=-217,7026 Vy=-75,4907
[28060,684] Ball=B006 X=210,0263 Y=79,7442 Vx=-7,3115 Vy=-43,5986
[28064,263] Ball=B001 X=41,6494 Y=56,8183 Vx=78,8616 Vy=104,5700
[28053,637] Ball=B008 X=301,5338 Y=76,7031 Vx=-35,8342 Vy=83,5850
[28061,255] Ball=B003 X=230,6868 Y=104,5390 Vx=-62,2848 Vy=-116,4597
[28056,378] Ball=B007 X=137,9948 Y=371,2260 Vx=-64,8048 Vy=173,5993
[28061,159] Ball=B004 X=138,4832 Y=6,3118 Vx=79,0912 Vy=50,7228
[28061,128] Ball=B005 X=12,5549 Y=321,1892 Vx=-88,9469 Vy=54,9341
[28076,998] Ball=B004 X=139,7387 Y=7,1170 Vx=79,0912 Vy=50,7228
[28077,148] Ball=B003 X=229,6969 Y=102,6882 Vx=-62,2848 Vy=-116,4597
[28069,623] Ball=B008 X=300,9610 Y=78,0393 Vx=-35,8342 Vy=83,5850
[28077,670] Ball=B002 X=13,6867 Y=109,9461 Vx=-217,7026 Vy=-75,4907
[28080,264] Ball=B001 X=42,9112 Y=58,4916 Vx=78,8616 Vy=104,5700
[28076,988] Ball=B005 X=11,1337 Y=322,0670 Vx=-88,9469 Vy=54,9341
[28072,319] Ball=B007 X=136,9618 Y=373,9932 Vx=-64,8048 Vy=173,5993
[28076,778] Ball=B006 X=209,9087 Y=79,0425 Vx=-7,3115 Vy=-43,5986
[28092,215] Ball=B005 X=9,7793 Y=322,9035 Vx=-88,9469 Vy=54,9341
[28087,544] Ball=B007 X=135,9752 Y=376,6362 Vx=-64,8048 Vy=173,5993
[28092,004] Ball=B006 X=209,7973 Y=78,3787 Vx=-7,3115 Vy=-43,5986
[28092,482] Ball=B003 X=228,7419 Y=100,9024 Vx=-62,2848 Vy=-116,4597
[28093,015] Ball=B002 X=10,3460 Y=108,7877 Vx=-217,7026 Vy=-75,4907
[28095,693] Ball=B001 X=44,1280 Y=60,1050 Vx=78,8616 Vy=104,5700
[28085,063] Ball=B008 X=300,4077 Y=79,3299 Vx=-35,8342 Vy=83,5850
[28092,466] Ball=B004 X=140,9621 Y=7,9015 Vx=79,0912 Vy=50,7228
[28107,394] Ball=B004 X=142,1427 Y=8,6587 Vx=79,0912 Vy=50,7228
[28110,636] Ball=B001 X=45,3064 Y=61,6676 Vx=78,8616 Vy=104,5700
[28108,038] Ball=B002 X=7,0756 Y=107,6536 Vx=-217,7026 Vy=-75,4907
[28100,019] Ball=B008 X=299,8718 Y=80,5799 Vx=-35,8342 Vy=83,5850
[28102,630] Ball=B007 X=134,9975 Y=379,2552 Vx=-64,8048 Vy=173,5993
[28107,108] Ball=B006 X=209,6869 Y=77,7202 Vx=-7,3115 Vy=-43,5986
[28107,652] Ball=B003 X=227,7970 Y=99,1357 Vx=-62,2848 Vy=-116,4597
[28107,403] Ball=B005 X=8,4284 Y=323,7378 Vx=-88,9469 Vy=54,9341
[28122,539] Ball=B003 X=226,8698 Y=97,4020 Vx=-62,2848 Vy=-116,4597
[28125,654] Ball=B001 X=46,4908 Y=63,2380 Vx=78,8616 Vy=104,5700
[28122,312] Ball=B005 X=7,1022 Y=324,5569 Vx=-88,9469 Vy=54,9341
[28122,074] Ball=B006 X=209,5775 Y=77,0677 Vx=-7,3115 Vy=-43,5986
[28123,219] Ball=B002 X=3,7816 Y=106,5114 Vx=-217,7026 Vy=-75,4907
[28117,793] Ball=B007 X=134,0149 Y=381,8876 Vx=-64,8048 Vy=173,5993
[28115,039] Ball=B008 X=299,3335 Y=81,8354 Vx=-35,8342 Vy=83,5850
[28122,635] Ball=B004 X=143,3482 Y=9,4318 Vx=79,0912 Vy=50,7228
[28140,695] Ball=B001 X=47,6769 Y=64,8108 Vx=78,8616 Vy=104,5700
[28137,344] Ball=B005 X=5,7652 Y=325,3826 Vx=-88,9469 Vy=54,9341
[28130,078] Ball=B008 X=298,7946 Y=83,0924 Vx=-35,8342 Vy=83,5850
[28137,630] Ball=B004 X=144,5343 Y=10,1924 Vx=79,0912 Vy=50,7228
[28137,362] Ball=B006 X=208,3977 Y=75,1453 Vx=-49,4748 Vy=-93,1790
[28132,911] Ball=B007 X=133,0352 Y=377,3756 Vx=-64,8048 Vy=-173,5993
[28138,348] Ball=B002 X=0,4770 Y=105,3655 Vx=-217,7026 Vy=-75,4907
[28137,856] Ball=B003 X=227,5016 Y=97,4830 Vx=13,6091 Vy=-27,2151
[28156,650] Ball=B001 X=48,9351 Y=66,4791 Vx=78,8616 Vy=104,5700
[28153,085] Ball=B006 X=207,6198 Y=73,6802 Vx=-49,4748 Vy=-93,1790
[28153,589] Ball=B003 X=227,7157 Y=97,0548 Vx=13,6091 Vy=-27,2151
[28153,421] Ball=B005 X=4,3352 Y=326,2658 Vx=-88,9469 Vy=54,9341
[28154,230] Ball=B002 X=-2,9806 Y=104,1666 Vx=-217,7026 Vy=-75,4907
[28148,866] Ball=B007 X=132,0012 Y=374,6059 Vx=-64,8048 Vy=-173,5993
[28146,269] Ball=B008 X=298,2144 Y=84,4458 Vx=-35,8342 Vy=83,5850
[28153,448] Ball=B004 X=145,7853 Y=10,9948 Vx=79,0912 Vy=50,7228
[28163,761] Ball=B007 X=131,0360 Y=372,0202 Vx=-64,8048 Vy=-173,5993
[28169,200] Ball=B002 X=3,2590 Y=103,0365 Vx=217,7026 Vy=-75,4907
[28168,229] Ball=B006 X=206,8705 Y=72,2691 Vx=-49,4748 Vy=-93,1790
[28168,692] Ball=B004 X=146,9909 Y=11,7680 Vx=79,0912 Vy=50,7228
[28168,584] Ball=B005 X=2,9865 Y=327,0988 Vx=-88,9469 Vy=54,9341
[28168,889] Ball=B003 X=227,9240 Y=96,6384 Vx=13,6091 Vy=-27,2151
[28161,301] Ball=B008 X=297,6757 Y=85,7023 Vx=-35,8342 Vy=83,5850
[28172,002] Ball=B001 X=50,1459 Y=68,0846 Vx=78,8616 Vy=104,5700
[28183,935] Ball=B003 X=228,1287 Y=96,2290 Vx=13,6091 Vy=-27,2151
[28187,041] Ball=B001 X=51,3319 Y=69,6573 Vx=78,8616 Vy=104,5700
[28176,416] Ball=B008 X=297,1341 Y=86,9657 Vx=-35,8342 Vy=83,5850
[28179,037] Ball=B007 X=130,0460 Y=369,3682 Vx=-64,8048 Vy=-173,5993
[28183,833] Ball=B004 X=148,1885 Y=12,5360 Vx=79,0912 Vy=50,7228
[28183,503] Ball=B006 X=206,1148 Y=70,8459 Vx=-49,4748 Vy=-93,1790
[28184,548] Ball=B002 X=6,6004 Y=101,8778 Vx=217,7026 Vy=-75,4907
[28183,720] Ball=B005 X=1,6402 Y=327,9302 Vx=-88,9469 Vy=54,9341
[28199,879] Ball=B004 X=149,4575 Y=13,3498 Vx=79,0912 Vy=50,7228
[28199,777] Ball=B005 X=0,2120 Y=328,8123 Vx=-88,9469 Vy=54,9341
[28203,138] Ball=B001 X=52,6013 Y=71,3405 Vx=78,8616 Vy=104,5700
[28199,577] Ball=B006 X=205,3196 Y=69,3482 Vx=-49,4748 Vy=-93,1790
[28195,135] Ball=B007 X=129,0027 Y=366,5735 Vx=-64,8048 Vy=-173,5993
[28200,567] Ball=B002 X=10,0878 Y=100,6685 Vx=217,7026 Vy=-75,4907
[28192,529] Ball=B008 X=296,5567 Y=88,3125 Vx=-35,8342 Vy=83,5850
[28200,716] Ball=B003 X=228,3571 Y=95,7723 Vx=13,6091 Vy=-27,2151
[28209,402] Ball=B008 X=295,9521 Y=89,7227 Vx=-35,8342 Vy=83,5850
[28216,945] Ball=B003 X=228,5780 Y=95,3306 Vx=13,6091 Vy=-27,2151
[28217,457] Ball=B002 X=13,7647 Y=99,3935 Vx=217,7026 Vy=-75,4907
[28212,039] Ball=B007 X=127,9073 Y=363,6391 Vx=-64,8048 Vy=-173,5993
[28216,501] Ball=B006 X=204,4823 Y=67,7712 Vx=-49,4748 Vy=-93,1790
[28216,726] Ball=B005 X=-1,2956 Y=329,7434 Vx=-88,9469 Vy=54,9341
[28220,078] Ball=B001 X=53,9372 Y=73,1119 Vx=78,8616 Vy=104,5700
[28216,911] Ball=B004 X=150,8046 Y=14,2138 Vx=79,0912 Vy=50,7228
[28232,815] Ball=B004 X=152,0624 Y=15,0204 Vx=79,0912 Vy=50,7228
[28232,711] Ball=B005 X=1,4218 Y=330,6215 Vx=88,9469 Vy=54,9341
[28236,068] Ball=B001 X=55,1982 Y=74,7840 Vx=78,8616 Vy=104,5700
[28228,144] Ball=B007 X=126,8636 Y=360,8432 Vx=-64,8048 Vy=-173,5993
[28232,599] Ball=B006 X=203,6858 Y=66,2712 Vx=-49,4748 Vy=-93,1790
[28233,130] Ball=B003 X=228,7982 Y=94,8901 Vx=13,6091 Vy=-27,2151
[28233,687] Ball=B002 X=17,2980 Y=98,1683 Vx=217,7026 Vy=-75,4907
[28225,667] Ball=B008 X=295,3692 Y=91,0823 Vx=-35,8342 Vy=83,5850
[28242,927] Ball=B007 X=125,9057 Y=358,2771 Vx=-64,8048 Vy=-173,5993
[28247,390] Ball=B006 X=202,9541 Y=64,8930 Vx=-49,4748 Vy=-93,1790
[28240,330] Ball=B008 X=294,8438 Y=92,3079 Vx=-35,8342 Vy=83,5850
[28250,974] Ball=B001 X=56,3737 Y=76,3427 Vx=78,8616 Vy=104,5700
[28247,755] Ball=B004 X=153,2441 Y=15,7783 Vx=79,0912 Vy=50,7228
[28248,398] Ball=B002 X=20,5007 Y=97,0577 Vx=217,7026 Vy=-75,4907
[28247,725] Ball=B005 X=2,7573 Y=331,4463 Vx=88,9469 Vy=54,9341
[28247,979] Ball=B003 X=229,0003 Y=94,4860 Vx=13,6091 Vy=-27,2151
[28263,806] Ball=B004 X=154,5136 Y=16,5924 Vx=79,0912 Vy=50,7228
[28256,423] Ball=B008 X=294,2671 Y=93,6530 Vx=-35,8342 Vy=83,5850
[28263,962] Ball=B003 X=229,2178 Y=94,0510 Vx=13,6091 Vy=-27,2151
[28267,072] Ball=B001 X=57,6433 Y=78,0261 Vx=78,8616 Vy=104,5700
[28264,480] Ball=B002 X=24,0017 Y=95,8437 Vx=217,7026 Vy=-75,4907
[28263,814] Ball=B005 X=4,1883 Y=332,3301 Vx=88,9469 Vy=54,9341
[28259,145] Ball=B007 X=124,8546 Y=355,4614 Vx=-64,8048 Vy=-173,5993
[28263,599] Ball=B006 X=202,1521 Y=63,3827 Vx=-49,4748 Vy=-93,1790
[28278,677] Ball=B005 X=5,5103 Y=333,1466 Vx=88,9469 Vy=54,9341
[28278,931] Ball=B003 X=229,4215 Y=93,6437 Vx=13,6091 Vy=-27,2151
[28274,017] Ball=B007 X=123,8908 Y=352,8797 Vx=-64,8048 Vy=-173,5993
[28279,530] Ball=B002 X=27,2781 Y=94,7076 Vx=217,7026 Vy=-75,4907
[28278,555] Ball=B006 X=201,4121 Y=61,9890 Vx=-49,4748 Vy=-93,1790
[28282,265] Ball=B001 X=58,8413 Y=79,6148 Vx=78,8616 Vy=104,5700
[28279,033] Ball=B004 X=155,7179 Y=17,3648 Vx=79,0912 Vy=50,7228
[28271,572] Ball=B008 X=293,7243 Y=94,9192 Vx=-35,8342 Vy=83,5850
[28289,599] Ball=B008 X=293,0786 Y=96,4254 Vx=-35,8342 Vy=83,5850
[28297,008] Ball=B004 X=157,1396 Y=18,2765 Vx=79,0912 Vy=50,7228
[28297,170] Ball=B003 X=229,6697 Y=93,1473 Vx=13,6091 Vy=-27,2151
[28297,691] Ball=B005 X=7,2016 Y=334,1911 Vx=88,9469 Vy=54,9341
[28300,537] Ball=B002 X=31,8513 Y=93,1218 Vx=217,7026 Vy=-75,4907
[28295,142] Ball=B007 X=122,5218 Y=349,2124 Vx=-64,8048 Vy=-173,5993
[28297,825] Ball=B006 X=200,4591 Y=60,1941 Vx=-49,4748 Vy=-93,1790
[28304,301] Ball=B001 X=64,0690 Y=80,1726 Vx=220,6133 Vy=33,6312
[28313,309] Ball=B003 X=229,8894 Y=92,7081 Vx=13,6091 Vy=-27,2151
[28313,202] Ball=B004 X=158,4204 Y=19,0979 Vx=79,0912 Vy=50,7228
[28305,815] Ball=B008 X=292,4972 Y=97,7815 Vx=-35,8342 Vy=83,5850
[28314,397] Ball=B006 X=199,6389 Y=58,6493 Vx=-49,4748 Vy=-93,1790
[28310,387] Ball=B007 X=121,5338 Y=346,5658 Vx=-64,8048 Vy=-173,5993
[28315,830] Ball=B002 X=31,3821 Y=93,8683 Vx=-6,7376 Vy=36,8291
[28315,079] Ball=B005 X=8,7099 Y=335,1227 Vx=88,9469 Vy=54,9341
[28319,890] Ball=B001 X=67,5081 Y=80,6969 Vx=220,6133 Vy=33,6312
[28327,342] Ball=B004 X=159,5387 Y=19,8151 Vx=79,0912 Vy=50,7228
[28319,947] Ball=B008 X=291,9908 Y=98,9625 Vx=-35,8342 Vy=83,5850
[28327,480] Ball=B003 X=230,0822 Y=92,3224 Vx=13,6091 Vy=-27,2151
[28330,965] Ball=B002 X=31,2802 Y=94,4257 Vx=-6,7376 Vy=36,8291
[28330,205] Ball=B005 X=10,0935 Y=335,9772 Vx=88,9469 Vy=54,9341
[28325,534] Ball=B007 X=120,5524 Y=343,9367 Vx=-64,8048 Vy=-173,5993
[28330,003] Ball=B006 X=198,8668 Y=57,1952 Vx=-49,4748 Vy=-93,1790
[28336,534] Ball=B001 X=71,1799 Y=81,2567 Vx=220,6133 Vy=33,6312
[28343,260] Ball=B004 X=160,7976 Y=20,6225 Vx=79,0912 Vy=50,7228
[28343,410] Ball=B003 X=230,2990 Y=91,8889 Vx=13,6091 Vy=-27,2151
[28335,878] Ball=B008 X=291,4199 Y=100,2942 Vx=-35,8342 Vy=83,5850
[28346,061] Ball=B005 X=11,5040 Y=336,8483 Vx=88,9469 Vy=54,9341
[28341,402] Ball=B007 X=119,5240 Y=341,1818 Vx=-64,8048 Vy=-173,5993
[28346,837] Ball=B002 X=31,1732 Y=95,0102 Vx=-6,7376 Vy=36,8291
[28345,870] Ball=B006 X=198,0817 Y=55,7166 Vx=-49,4748 Vy=-93,1790
[28351,434] Ball=B001 X=74,4671 Y=81,7578 Vx=220,6133 Vy=33,6312
